Iteration	Posterior	Likelihood	Prior	rate_log_sd	tree_length
0	-823.6221	-1169.67	346.0475	1.518142	2.041249
6	-843.4745	-1189.131	345.6561	1.834536	2.090743
12	-835.1872	-1181.407	346.2197	1.655443	1.832589
18	-826.568	-1172.576	346.0081	1.687843	1.954384
24	-835.9673	-1182.304	346.3368	1.851222	1.612043
30	-840.3325	-1187.228	346.895	1.750299	1.260336
36	-831.868	-1177.689	345.8214	1.772865	2.022306
42	-840.3279	-1185.013	344.6846	1.669724	2.806034
48	-856.549	-1201.652	345.1027	1.436246	2.693188
54	-828.1085	-1174.346	346.2376	1.797147	1.721569
60	-858.1449	-1202.7	344.5552	1.253573	3.134091
66	-844.2426	-1190.051	345.8082	1.375194	2.28984
72	-840.6401	-1186.898	346.2584	1.614422	1.834224
78	-852.8922	-1199.174	346.2823	1.590441	1.834224
84	-851.159	-1196.562	345.4026	1.305357	2.588974
90	-838.7826	-1184.061	345.2789	1.429027	2.588974
96	-839.0057	-1182.717	343.7112	1.024814	3.761724
102	-835.9131	-1180.001	344.0879	1.261139	3.405498
108	-846.1693	-1187.858	341.6889	0.9679948	4.937259
114	-874.3222	-1216.594	342.2722	0.9509958	4.620988
120	-851.4813	-1193.539	342.0576	1.058168	4.681214
126	-842.2563	-1185.572	343.316	1.108841	3.940546
132	-845.2204	-1188.307	343.0861	1.134327	4.057337
138	-832.8008	-1178.401	345.6002	1.400224	2.406073
144	-845.998	-1188.033	342.0348	1.027944	4.710888
150	-835.766	-1180.914	345.1477	1.3787	2.700902
156	-839.3278	-1184.1	344.772	1.414039	2.908041
162	-828.0804	-1172.867	344.7864	1.399575	2.908041
168	-839.5293	-1182.971	343.4419	1.031377	3.912769
174	-835.381	-1179.034	343.6525	1.06464	3.772595
180	-836.2734	-1182.793	346.5195	1.774421	1.534452
186	-836.4768	-1182.299	345.822	1.644671	2.106484
192	-839.3896	-1184.49	345.1007	1.678899	2.544486
198	-849.4887	-1196.03	346.5415	1.607907	1.63993
204	-836.3675	-1182.669	346.3012	1.661045	1.772328
210	-826.8331	-1171.631	344.7981	1.433132	2.880715
216	-821.0165	-1166.925	345.9089	1.592666	2.083575
222	-828.2463	-1174.762	346.5155	1.592666	1.669506
228	-818.9481	-1165.448	346.4995	1.712876	1.594364
234	-838.7671	-1184.201	345.4338	1.576496	2.399876
240	-820.2266	-1164.547	344.3205	1.150356	3.333958
246	-827.15	-1171.321	344.1708	1.133123	3.431895
252	-818.8569	-1162.302	343.4454	1.103042	3.869639
258	-832.8777	-1176.851	343.9737	0.9243726	3.668109
264	-832.664	-1174.31	341.646	0.731705	5.092335
270	-838.7323	-1180.797	342.065	0.8013443	4.820574
276	-840.9725	-1183.014	342.0412	0.8251047	4.820574
282	-834.1788	-1177.805	343.6257	0.9782801	3.837734
288	-844.0193	-1187.543	343.5238	1.07272	3.842041
294	-838.1338	-1183.575	345.4409	1.630678	2.361087
300	-824.1377	-1169.294	345.1562	1.649455	2.528219
306	-834.1628	-1180.032	345.8687	1.565225	2.127894
312	-855.1518	-1201.452	346.3005	1.75627	1.705969
318	-832.2184	-1178.761	346.5424	1.600829	1.644351
324	-832.0329	-1177.113	345.0799	1.463695	2.690319
330	-836.2082	-1181.018	344.8093	1.463943	2.855254
336	-834.0772	-1179.528	345.4505	1.544762	2.409325
342	-836.8184	-1181.338	344.52	1.416957	3.057648
348	-847.7828	-1192.903	345.1201	1.29878	2.766701
354	-852.3483	-1197.863	345.5148	1.420737	2.446942
360	-846.7062	-1192.934	346.2276	1.59673	1.867446
366	-835.9458	-1181.747	345.8011	1.422611	2.264026
372	-835.2236	-1181.174	345.9504	1.68115	1.997475
378	-839.3866	-1184.948	345.5615	1.431131	2.411001
384	-855.1529	-1200.005	344.8516	1.497944	2.808909
390	-863.8337	-1208.858	345.0244	1.077252	2.958912
396	-855.5447	-1198.157	342.6119	1.068941	4.363511
402	-872.1354	-1218.039	345.904	1.541019	2.120656
408	-848.6559	-1193.51	344.8543	1.208935	2.981979
414	-854.2109	-1199.746	345.5347	1.277004	2.524474
420	-868.026	-1213.677	345.6514	1.522716	2.295806
426	-842.657	-1188.345	345.6878	1.486303	2.295806
432	-854.9448	-1199.205	344.2606	1.279454	3.293186
438	-843.9318	-1190.07	346.1385	1.455324	2.022562
444	-836.5011	-1182.481	345.9799	1.613902	2.022562
450	-844.3601	-1191.136	346.7759	1.718004	1.382194
456	-846.0191	-1192.813	346.7936	1.673072	1.403423
462	-844.1799	-1190.497	346.3173	1.811346	1.654813
468	-833.7157	-1180.222	346.5064	1.773759	1.544625
474	-836.7559	-1183.642	346.8866	1.733426	1.281217
480	-833.673	-1179.828	346.1547	1.633318	1.892172
486	-844.6394	-1190.555	345.9154	1.488498	2.14751
492	-840.0103	-1185.622	345.6117	1.456542	2.363165
498	-842.8478	-1188.687	345.8394	1.366954	2.275138
504	-829.119	-1174.728	345.6093	1.274639	2.479321
510	-830.5229	-1176	345.4774	1.276381	2.560537
516	-828.2063	-1173.57	345.3638	1.389933	2.560537
522	-846.0763	-1191.167	345.0902	1.410646	2.716548
528	-837.7788	-1183.573	345.7938	1.582011	2.165782
534	-822.029	-1168.144	346.115	1.455204	2.038272
540	-824.4084	-1169.48	345.0716	1.376501	2.748858
546	-831.3851	-1174.864	343.4786	1.127012	3.836839
552	-836.0659	-1179.42	343.354	1.091707	3.928562
558	-836.4972	-1180.697	344.2	1.267226	3.336104
564	-845.0703	-1188.516	343.4458	1.064187	3.891749
570	-838.9765	-1183.047	344.0702	1.309172	3.387697
576	-839.2974	-1184.336	345.0383	1.535868	2.671577
582	-823.5075	-1168.564	345.057	1.419652	2.731387
588	-821.8916	-1167.522	345.6304	1.455811	2.351757
594	-840.2635	-1185.516	345.2523	1.272392	2.701959
600	-839.5507	-1185.575	346.0242	1.404541	2.131272
606	-819.539	-1165.205	345.6658	1.52988	2.282007
612	-834.1017	-1179.055	344.9536	1.373496	2.822562
618	-836.7189	-1180.87	344.1514	1.388234	3.293442
624	-838.455	-1184.094	345.639	1.458739	2.344467
630	-830.5588	-1176.448	345.8889	1.387952	2.229816
636	-832.0259	-1177.679	345.6528	1.573953	2.262091
642	-830.5149	-1175.431	344.916	1.518291	2.757256
648	-818.3618	-1162.486	344.1247	1.428423	3.28551
654	-823.4909	-1168.193	344.7017	1.302289	3.017509
660	-840.3095	-1185.371	345.0614	1.375534	2.755657
666	-831.9454	-1177.552	345.6063	1.269256	2.484554
672	-822.4338	-1168.93	346.4957	1.575577	1.695695
678	-829.1893	-1175.614	346.4244	1.671023	1.678537
684	-834.1721	-1180.672	346.5001	1.640616	1.646187
690	-834.5975	-1181.641	347.0438	1.739482	1.142089
696	-833.6604	-1179.992	346.3318	1.606746	1.788784
702	-837.641	-1183.599	345.9582	1.455708	2.140978
708	-836.6243	-1181.224	344.5997	1.334659	3.059195
714	-835.2912	-1181.843	346.5518	1.748659	1.529593
720	-836.6974	-1183.525	346.8279	1.812753	1.264163
726	-837.0371	-1183.529	346.4916	1.809596	1.529023
732	-850.5559	-1196.402	345.8461	1.745152	2.024259
738	-847.0877	-1189.219	342.1316	1.480271	4.40244
744	-823.1785	-1168.795	345.6168	1.489007	2.339341
750	-828.4879	-1173.533	345.045	1.437228	2.72798
756	-830.6741	-1175.918	345.2435	1.32183	2.677015
762	-840.2641	-1184.527	344.2627	1.37206	3.237307
768	-829.4004	-1174.97	345.5698	1.417276	2.414546
774	-844.0116	-1187.863	343.8519	1.218557	3.568102
780	-849.4032	-1194.609	345.2063	1.110448	2.828897
786	-844.6318	-1188.757	344.1248	1.275368	3.375465
792	-841.0442	-1187.668	346.6237	1.627406	1.566056
798	-841.3731	-1187.148	345.7745	1.449676	2.263745
804	-841.6312	-1187.287	345.6553	1.500049	2.307743
810	-844.61	-1189.335	344.7252	1.3092	2.999285
816	-838.6636	-1181.944	343.2805	1.226883	3.893244
822	-836.0805	-1179.386	343.3057	1.076687	3.964827
828	-847.6955	-1191.56	343.8643	1.311883	3.506532
834	-858.5921	-1203.944	345.3521	1.200289	2.684949
840	-846.1214	-1188.971	342.85	1.048875	4.240151
846	-834.1793	-1179.485	345.3055	1.543054	2.501491
852	-821.5183	-1167.511	345.9928	1.738442	1.930601
858	-835.1005	-1181.296	346.1952	1.561332	1.913503
864	-851.6956	-1197.695	345.999	1.587853	2.027174
870	-845.2253	-1191.302	346.077	1.719639	1.886305
876	-847.2883	-1193.299	346.0111	1.743668	1.914683
882	-827.5489	-1173.251	345.7018	1.42485	2.326055
888	-835.9195	-1180.406	344.4862	1.506363	3.024367
894	-824.4114	-1169.696	345.2845	1.585026	2.48838
900	-820.3328	-1166.791	346.4584	1.651267	1.668422
906	-831.0144	-1175.666	344.6513	1.379911	3.001207
912	-835.2959	-1180.698	345.4019	1.371695	2.548182
918	-838.3224	-1183.863	345.5404	1.474378	2.397021
924	-832.4673	-1177.086	344.6186	1.31307	3.06083
930	-836.434	-1180.758	344.3244	1.370429	3.201756
936	-852.9359	-1197.75	344.8142	1.348509	2.922072
942	-844.9859	-1189.709	344.7229	1.320606	2.993822
948	-827.9125	-1171.946	344.0332	1.431593	3.337527
954	-846.826	-1192.151	345.3254	1.551674	2.483657
960	-833.1328	-1178.977	345.8446	1.629301	2.101726
966	-835.6053	-1182.207	346.6017	1.720227	1.513556
972	-832.4181	-1178.847	346.4292	1.846413	1.547959
978	-816.2215	-1162.608	346.3869	1.572598	1.774269
984	-818.894	-1165.249	346.3553	1.564752	1.801631
990	-825.5359	-1171.208	345.672	1.353212	2.390439
996	-821.576	-1167.173	345.5969	1.378514	2.421874
1002	-831.2444	-1176.062	344.8178	1.496513	2.830344
1008	-841.2664	-1184.888	343.6211	1.079555	3.782098
1014	-830.8584	-1176.546	345.6877	1.183041	2.487619
1020	-831.7296	-1177.417	345.6877	1.183041	2.487619
1026	-831.2759	-1176.964	345.6877	1.183041	2.487619
1032	-841.8277	-1186.303	344.475	1.234294	3.193189
1038	-844.7502	-1190.036	345.2854	1.322823	2.650608
1044	-827.0384	-1172.481	345.4421	1.422459	2.491443
1050	-848.344	-1194.194	345.85	1.378168	2.261159
1056	-829.3391	-1175.623	346.2841	1.605256	1.822789
1062	-831.1103	-1176.404	345.2939	1.489237	2.542241
1068	-843.3006	-1188.149	344.8483	1.541595	2.784348
1074	-838.7297	-1184.522	345.7925	1.451217	2.251157
1080	-844.0186	-1190.31	346.2919	1.621205	1.806458
1086	-848.2187	-1194.362	346.1429	1.770201	1.806458
1092	-851.7286	-1197.547	345.8181	1.707891	2.067494
1098	-851.5888	-1198.328	346.7388	1.88916	1.274664
1104	-855.39	-1202.087	346.697	2.242528	0.99509
1110	-843.6208	-1190.132	346.5109	2.149548	1.247742
1116	-850.0667	-1196.449	346.3828	2.112112	1.381427
1122	-863.114	-1210.003	346.889	1.939542	1.101251
1128	-858.541	-1203.98	345.4391	1.378212	2.520951
1134	-844.7552	-1191.03	346.2745	1.647834	1.800057
1140	-849.8332	-1196.304	346.4711	1.90842	1.470261
1146	-855.5508	-1201.93	346.379	1.811384	1.610316
1152	-854.5874	-1200.335	345.7477	1.497799	2.250057
1158	-859.0194	-1202.69	343.6707	1.497799	3.510988
1164	-838.795	-1184.2	345.4051	1.487939	2.473608
1170	-841.8594	-1187.601	345.7419	1.531929	2.231772
1176	-841.436	-1186.387	344.9509	1.283273	2.878907
1182	-844.0287	-1189.73	345.7018	1.424669	2.326212
1188	-851.5782	-1197.802	346.2237	1.556265	1.897591
1194	-840.4101	-1186.622	346.2124	1.567652	1.897591
1200	-852.274	-1198.185	345.9106	1.511447	2.135688
1206	-843.627	-1189.326	345.699	1.511447	2.272497
1212	-838.0586	-1183.551	345.4927	1.603161	2.345665
1218	-851.556	-1197.766	346.2104	1.603161	1.87476
1224	-860.9711	-1207.743	346.7722	1.940333	1.203756
1230	-866.2233	-1211.741	345.5182	1.430848	2.438479
1236	-857.3648	-1201.537	344.1723	1.176957	3.405337
1242	-852.6084	-1198.174	345.5658	1.683603	2.247534
1248	-852.0168	-1198.407	346.3898	1.643922	1.72227
1254	-839.3386	-1184.634	345.2952	1.32306	2.64437
1260	-837.9992	-1182.586	344.5868	1.348876	3.058428
1266	-837.3921	-1182.977	345.585	1.595201	2.291918
1272	-850.4575	-1196.365	345.9074	1.455194	2.174363
1278	-839.8404	-1185.784	345.9431	1.471183	2.14071
1284	-853.6019	-1198.617	345.0153	1.334129	2.809016
1290	-852.0456	-1198.072	346.0267	1.612729	1.992184
1296	-839.4492	-1185.605	346.1561	1.638946	1.887359
1302	-832.7091	-1178.887	346.1776	1.573323	1.917286
1308	-821.7997	-1167.982	346.1828	1.62131	1.881221
1314	-833.7324	-1179.163	345.4301	1.509243	2.444535
1320	-851.3141	-1196.685	345.3705	1.69734	2.363436
1326	-836.7974	-1180.996	344.1984	1.30554	3.314461
1332	-856.1366	-1200.94	344.8039	1.70933	2.708958
1338	-856.3694	-1202.087	345.7171	1.419977	2.319406
1344	-855.8863	-1201.619	345.7322	1.66317	2.153052
1350	-840.2233	-1186.202	345.9783	1.555697	2.062194
1356	-844.1068	-1189.857	345.7503	1.401722	2.309903
1362	-845.323	-1191.112	345.7895	1.727273	2.073543
1368	-853.709	-1199.375	345.6664	1.666098	2.193925
1374	-846.7256	-1192.951	346.2252	1.732974	1.775136
1380	-862.3942	-1208.495	346.1006	1.576706	1.966869
1386	-856.577	-1202.211	345.6345	1.553547	2.28688
1392	-849.0938	-1193.49	344.3964	1.214919	3.251122
1398	-854.6484	-1199.879	345.2311	1.529049	2.556568
1404	-841.4872	-1187.474	345.9872	1.619324	2.014134
1410	-841.8733	-1187.861	345.9872	1.619324	2.014134
1416	-842.8867	-1188.874	345.9872	1.619324	2.014134
1422	-845.4225	-1191.525	346.1028	1.525195	1.999839
1428	-848.7539	-1194.706	345.9525	1.524687	2.099563
1434	-853.3272	-1198.352	345.0246	1.5027	2.700362
1440	-851.9066	-1196.931	345.0246	1.5027	2.700362
1446	-852.6149	-1198.043	345.428	1.448937	2.48373
1452	-841.2792	-1186.706	345.4268	1.450093	2.48373
1458	-843.8609	-1188.95	345.0892	1.4947	2.66555
1464	-843.1366	-1188.39	345.2537	1.570466	2.516671
1470	-832.9747	-1178.571	345.5961	1.608638	2.276158
1476	-836.5736	-1182.241	345.6673	1.537503	2.276158
1482	-834.2146	-1179.475	345.2602	1.518322	2.545143
1488	-836.2861	-1181.643	345.3568	1.486829	2.504518
1494	-836.2315	-1180.808	344.5769	1.486829	2.981657
1500	-829.0044	-1174.019	345.0148	1.486829	2.71606
1506	-822.903	-1168.124	345.2206	1.342984	2.678045
1512	-817.7838	-1162.216	344.4323	1.373488	3.135844
1518	-830.9404	-1175.293	344.3521	1.453668	3.135844
1524	-834.2017	-1178.93	344.728	1.440056	2.918895
1530	-833.643	-1178.842	345.1992	1.542736	2.567894
1536	-840.218	-1184.495	344.2767	1.348235	3.243117
1542	-845.5479	-1190.857	345.3092	1.440632	2.562986
1548	-848.3034	-1193.92	345.6162	1.67453	2.220905
1554	-846.4089	-1188.897	342.488	1.083148	4.425437
1560	-864.3449	-1211.294	346.949	1.928679	1.055448
1566	-864.7312	-1211.68	346.949	1.928679	1.055448
1572	-850.7879	-1196.167	345.3793	1.570223	2.438178
1578	-848.815	-1193.748	344.9333	1.392907	2.823095
1584	-850.5807	-1195.526	344.9451	1.306185	2.868582
1590	-862.9637	-1207.609	344.6456	0.9280924	3.273391
1596	-847.5542	-1190.59	343.0356	1.131905	4.087521
1602	-823.9741	-1170.328	346.3544	1.784421	1.647558
1608	-836.0899	-1181.664	345.5741	1.813561	2.158104
1614	-832.1365	-1177.338	345.2014	1.449276	2.624396
1620	-829.4314	-1175.61	346.1781	1.799696	1.76149
1626	-838.2417	-1184.444	346.2019	1.571451	1.902079
1632	-839.2449	-1186.009	346.7639	1.846124	1.28933
1638	-851.0932	-1197.208	346.1153	1.683537	1.884811
1644	-852.1378	-1198.293	346.1555	1.535555	1.957641
1650	-859.0079	-1205.468	346.4596	1.535555	1.749331
1656	-866.7015	-1213.406	346.7042	1.764342	1.401961
1662	-859.1154	-1202.593	343.4781	1.267367	3.756262
1668	-852.9831	-1196.188	343.2047	1.374377	3.852068
1674	-842.7562	-1189.178	346.4216	1.699547	1.660185
1680	-828.387	-1174.55	346.1632	1.791057	1.777901
1686	-837.1997	-1184.168	346.9682	1.801394	1.154226
1692	-829.3482	-1175.275	345.9265	1.714418	1.991242
1698	-830.0699	-1175.77	345.7003	1.301931	2.404955
1704	-830.9565	-1176.524	345.5678	1.437785	2.402842
1710	-846.628	-1191.282	344.6543	1.196219	3.10924
1716	-847.2538	-1192.198	344.9441	1.50988	2.745274
1722	-820.4285	-1165.226	344.7978	1.244122	2.994799
1728	-824.3875	-1168.737	344.3499	1.16344	3.308935
1734	-826.9534	-1172.567	345.6137	1.291729	2.46583
1740	-829.6576	-1175.091	345.4336	1.316052	2.563063
1746	-846.6726	-1191.913	345.2402	1.518785	2.557279
1752	-843.0416	-1187.864	344.8229	1.374197	2.901352
1758	-827.4501	-1172.868	345.4177	1.462596	2.481624
1764	-830.1792	-1175.864	345.6847	1.493691	2.293066
1770	-832.415	-1178.038	345.6233	1.555073	2.293066
1776	-833.9099	-1179.63	345.7198	1.498277	2.267658
1782	-831.1387	-1176.713	345.5746	1.520413	2.346202
1788	-838.169	-1183.721	345.5522	1.662808	2.269628
1794	-850.0642	-1196.377	346.3132	1.639901	1.778715
1800	-838.3635	-1184.389	346.0257	1.743723	1.904768
1806	-824.0082	-1169.976	345.9681	1.58987	2.04635
1812	-826.1427	-1171.947	345.8044	1.567295	2.168494
1818	-827.6951	-1174.19	346.4953	1.641791	1.648772
1824	-830.8349	-1176.659	345.824	1.350805	2.295314
1830	-835.3593	-1180.149	344.7896	1.254569	2.99341
1836	-838.4743	-1182.532	344.058	1.111425	3.510467
1842	-836.9657	-1181.192	344.226	1.193183	3.364333
1848	-849.0407	-1194.841	345.8001	1.387892	2.286878
1854	-853.3984	-1199.24	345.8411	1.346967	2.286878
1860	-855.8062	-1200.919	345.1131	1.634013	2.564639
1866	-850.4105	-1194.512	344.1016	1.342256	3.349846
1872	-855.2458	-1202.196	346.9504	1.509701	1.40849
1878	-852.9265	-1198.935	346.0088	1.45764	2.106633
1884	-839.2557	-1185.311	346.0553	1.599738	1.981812
1890	-837.4628	-1182.315	344.8524	1.160845	3.011956
1896	-838.7097	-1182.063	343.3536	1.005731	3.978053
1902	-832.7593	-1177.145	344.3857	1.084652	3.334244
1908	-832.3603	-1176.989	344.6283	1.402912	3.001179
1914	-834.7109	-1180.16	345.4494	1.396282	2.503251
1920	-837.2194	-1182.732	345.513	1.519669	2.385703
1926	-826.8304	-1173.239	346.4089	1.474035	1.827207
1932	-824.8506	-1171.019	346.1686	1.67373	1.855127
1938	-829.8215	-1176.396	346.5741	1.460497	1.721625
1944	-837.4161	-1183.748	346.3315	1.546805	1.830407
1950	-838.0146	-1183.042	345.0274	1.283132	2.832651
1956	-837.0193	-1181.539	344.5197	1.1677	3.206159
1962	-839.8943	-1184.871	344.9766	1.303292	2.851225
1968	-838.2097	-1183.787	345.5772	1.399049	2.421311
1974	-832.0569	-1175.839	343.7826	1.136625	3.655865
1980	-850.4654	-1193.759	343.2937	1.109304	3.95306
1986	-842.571	-1188.671	346.1002	1.726531	1.865787
1992	-836.3889	-1182.742	346.3529	1.622012	1.76348
1998	-851.1334	-1197.392	346.2584	1.669376	1.796307
2004	-860.7775	-1206.545	345.7678	1.446407	2.270115
2010	-845.5416	-1191.32	345.7784	1.435776	2.270115
2016	-834.7973	-1180.538	345.741	1.571648	2.206713
2022	-824.5073	-1170.382	345.8743	1.596932	2.103489
2028	-830.9267	-1177.031	346.1041	1.596932	1.950956
2034	-836.4866	-1183.341	346.854	1.869489	1.194396
2040	-834.0627	-1180.699	346.6368	1.68658	1.512499
2046	-827.5485	-1173.925	346.3763	1.778405	1.636097
2052	-846.8389	-1193.827	346.9876	1.892399	1.053215
2058	-832.4645	-1179.002	346.5373	1.841381	1.47091
2064	-829.9936	-1176.51	346.5167	1.314559	1.862685
2070	-826.2099	-1171.115	344.9054	1.283729	2.906137
2076	-835.1522	-1180.588	345.4353	1.254235	2.600341
2082	-836.2835	-1181.756	345.472	1.217578	2.600341
2088	-840.5508	-1185.527	344.9765	1.235594	2.89225
2094	-847.2204	-1192.144	344.9241	1.291638	2.890099
2100	-847.57	-1192.825	345.2549	1.209463	2.738905
2106	-854.4887	-1199.878	345.3897	1.292975	2.604636
2112	-841.3547	-1187.388	346.0334	1.490649	2.068743
2118	-840.3832	-1186.919	346.536	1.490649	1.727277
2124	-835.5024	-1182.221	346.7188	1.492416	1.595211
2130	-842.4451	-1189.018	346.5726	1.638603	1.595211
2136	-839.8781	-1186.3	346.4214	1.532299	1.778268
2142	-824.5457	-1169.814	345.2678	1.312815	2.667565
2148	-845.087	-1189.112	344.0254	1.416237	3.351124
2154	-840.9581	-1184.562	343.6034	1.04975	3.809467
2160	-829.6512	-1173.547	343.8956	1.265339	3.515439
2166	-830.6117	-1175.645	345.0335	1.465472	2.717706
2172	-839.5845	-1183.526	343.9419	1.409884	3.403882
2178	-829.9996	-1174.021	344.0214	1.330324	3.403882
2184	-830.3732	-1174.597	344.2241	1.217424	3.351188
2190	-831.0329	-1175.111	344.0778	1.218129	3.4366
2196	-823.0188	-1168.16	345.1411	1.385812	2.700577
2202	-824.4319	-1168.605	344.1734	1.417833	3.263022
2208	-845.0683	-1190.433	345.3648	1.370014	2.572283
2214	-819.557	-1163.581	344.0243	1.323398	3.406242
2220	-821.6211	-1166.08	344.4587	1.175018	3.237914
2226	-828.3924	-1171.169	342.7763	1.201458	4.195404
2232	-824.001	-1167.29	343.2892	1.152097	3.931093
2238	-827.1404	-1168.784	341.6437	0.9462712	4.974495
2244	-824.9382	-1167.773	342.8344	1.134235	4.200584
2250	-826.7164	-1170.294	343.578	1.085302	3.803626
2256	-811.7759	-1156.442	344.6658	1.219723	3.08839
2262	-814.6584	-1159.049	344.3908	1.451295	3.114273
2268	-834.4177	-1179.6	345.182	1.491143	2.610493
2274	-845.3778	-1190.287	344.9092	1.3842	2.843051
2280	-845.5333	-1191.019	345.4856	1.631519	2.332166
2286	-845.11	-1189.916	344.806	1.321723	2.943194
2292	-849.953	-1196.107	346.1541	1.389111	2.056115
2298	-839.1602	-1186.023	346.8632	1.976963	1.090602
2304	-850.6731	-1197.161	346.4877	2.002182	1.385329
2310	-862.1974	-1208.78	346.583	2.155929	1.181077
2316	-849.9937	-1196.507	346.5132	1.838162	1.49151
2322	-836.6224	-1182.59	345.9674	1.801723	1.904991
2328	-821.4572	-1168.315	346.8577	1.972821	1.09948
2334	-827.6975	-1174.582	346.8849	2.126372	0.9199428
2340	-829.5471	-1176.253	346.7064	2.153006	1.072707
2346	-821.4246	-1167.692	346.267	1.963521	1.581139
2352	-833.554	-1179.554	346.0002	1.608571	2.012628
2358	-835.1511	-1180.719	345.5679	1.674423	2.252051
2364	-840.3833	-1186.618	346.2344	1.779322	1.736334
2370	-830.5228	-1176.62	346.0975	1.592422	1.958388
2376	-831.0174	-1176.736	345.7187	1.331397	2.374678
2382	-825.5023	-1171.553	346.0508	1.523573	2.035464
2388	-838.1086	-1184.373	346.264	1.821232	1.685811
2394	-842.2243	-1187.114	344.8893	1.318657	2.8948
2400	-827.4519	-1173.585	346.1328	1.787458	1.801449
2406	-834.8906	-1180.325	345.4342	1.582259	2.395991
2412	-839.2015	-1185.19	345.9882	1.453531	2.12282
2418	-835.1295	-1180.963	345.8337	1.463797	2.216514
2424	-828.2629	-1173.187	344.9243	1.509767	2.757407
2430	-833.3704	-1177.722	344.3513	1.173666	3.302073
2436	-832.5311	-1177.708	345.1772	1.37634	2.68421
2442	-824.2085	-1170.137	345.9285	1.593621	2.070009
2448	-823.3198	-1168.245	344.9253	1.358446	2.848911
2454	-833.9993	-1180.283	346.2834	1.813384	1.677616
2460	-828.006	-1174.287	346.2815	1.815244	1.677616
2466	-829.4983	-1175.608	346.1095	1.71224	1.869184
2472	-833.306	-1179.865	346.5593	1.699684	1.560233
2478	-830.7025	-1177.078	346.3754	1.623023	1.747046
2484	-829.6435	-1176.416	346.7721	1.623023	1.458433
2490	-826.1861	-1172.999	346.8129	1.692712	1.373005
2496	-833.5427	-1180.327	346.7847	1.735744	1.361339
2502	-831.5973	-1178.569	346.9715	1.709647	1.230382
2508	-824.3057	-1170.893	346.5877	1.945422	1.351285
2514	-844.1768	-1187.273	343.0965	0.938002	4.163166
2520	-849.4228	-1191.739	342.3157	1.07989	4.524222
2526	-844.9559	-1187.376	342.4205	0.975099	4.524222
2532	-856.701	-1202.074	345.3735	1.490043	2.492122
2538	-839.3552	-1185.463	346.108	1.638946	1.91998
2544	-837.3208	-1182.96	345.6394	1.527065	2.300673
2550	-831.8734	-1177.674	345.801	1.648803	2.117556
2556	-823.6294	-1170.135	346.5052	1.735005	1.574009
2562	-830.494	-1175.909	345.4153	1.493884	2.463523
2568	-828.6745	-1174.457	345.7826	1.633412	2.13959
2574	-844.5292	-1189.582	345.053	1.385223	2.754898
2580	-842.2504	-1186.75	344.4992	1.417837	3.069522
2586	-834.3612	-1178.907	344.5456	1.30923	3.106692
2592	-826.7217	-1171.928	345.2063	1.144593	2.808128
2598	-822.7963	-1165.673	342.8765	1.085464	4.204376
2604	-823.4719	-1166.525	343.0529	1.110824	4.089674
2610	-832.0313	-1175.147	343.116	1.047736	4.089674
2616	-821.6388	-1164.713	343.0738	1.08996	4.089674
2622	-824.8622	-1167.986	343.1234	1.070711	4.072344
2628	-823.212	-1167.531	344.3191	1.220122	3.2937
2634	-849.9267	-1196.321	346.394	1.640838	1.721447
2640	-830.0859	-1176.303	346.2174	1.657034	1.833056
2646	-837.6852	-1183.551	345.8662	1.630474	2.086806
2652	-837.9647	-1182.762	344.7973	1.156378	3.047648
2658	-840.0575	-1184.774	344.7169	1.164821	3.090627
2664	-838.0211	-1181.791	343.7703	1.249077	3.597759
2670	-832.1163	-1176.907	344.7908	1.240109	3.001409
2676	-837.621	-1182.198	344.5771	1.197298	3.15452
2682	-833.8286	-1178.063	344.2345	1.321292	3.283954
2688	-836.8743	-1181.211	344.3363	1.219451	3.283954
2694	-836.6428	-1180.995	344.3521	1.172124	3.302528
2700	-833.5902	-1178.91	345.3197	1.295051	2.646546
2706	-841.9769	-1188.122	346.1452	1.477392	2.003452
2712	-843.6907	-1190.146	346.4553	1.465784	1.80089
2718	-828.2048	-1174.18	345.9748	1.549855	2.068371
2724	-833.523	-1179.498	345.9748	1.549855	2.068371
2730	-827.7275	-1173.702	345.9748	1.549855	2.068371
2736	-835.0442	-1181.019	345.9748	1.549855	2.068371
2742	-841.5871	-1187.562	345.9748	1.549855	2.068371
2748	-854.484	-1199.96	345.4758	1.373947	2.500693
2754	-846.4492	-1192.492	346.0426	1.56095	2.016108
2760	-849.022	-1193.503	344.4807	1.121359	3.256635
2766	-839.2884	-1182.585	343.2968	1.071583	3.972877
2772	-844.8535	-1187.035	342.1817	1.110193	4.582469
2778	-842.8571	-1186.537	343.6797	0.9702092	3.811351
2784	-848.4255	-1190.829	342.4033	0.9662393	4.538862
2790	-844.7714	-1188.28	343.5085	1.034273	3.872936
2796	-860.4522	-1204.33	343.878	1.17636	3.577469
2802	-845.1505	-1189.866	344.7156	1.291451	3.015698
2808	-842.5829	-1186.369	343.7865	1.257167	3.583664
2814	-820.1838	-1165.26	345.0765	1.364901	2.752929
2820	-820.6712	-1166.663	345.9918	1.364901	2.17822
2826	-825.4501	-1171.312	345.8623	1.512147	2.166681
2832	-829.0699	-1175.414	346.3437	1.486923	1.863139
2838	-819.9267	-1166.258	346.3312	1.608851	1.787733
2844	-821.9492	-1168.094	346.1449	1.674235	1.870993
2850	-822.7647	-1169.094	346.3292	1.674235	1.743513
2856	-815.8626	-1162.102	346.2398	1.797356	1.719873
2862	-818.3631	-1164.407	346.0436	1.654514	1.952898
2868	-831.2032	-1177.21	346.0065	1.691658	1.952898
2874	-839.8074	-1185.97	346.1623	1.674783	1.858705
2880	-874.7148	-1219.411	344.6962	1.454312	2.929456
2886	-865.3141	-1210.995	345.6813	1.470216	2.310207
2892	-845.6214	-1191.606	345.9844	1.68077	1.974972
2898	-864.7901	-1210.675	345.8845	1.619479	2.081974
2904	-854.609	-1199.59	344.9807	1.41368	2.781637
2910	-839.9445	-1185.035	345.0907	1.373204	2.739156
2916	-839.8623	-1186.374	346.5114	1.71353	1.585206
2922	-837.9034	-1182.795	344.8918	1.452368	2.81221
2928	-831.3758	-1177.697	346.3212	1.696485	1.733512
2934	-838.0108	-1184.416	346.4051	1.901784	1.524757
2940	-834.0472	-1180.596	346.5486	1.744902	1.534716
2946	-830.0214	-1176.275	346.2538	1.751277	1.742412
2952	-843.9227	-1189.909	345.986	1.778944	1.907777
2958	-845.9612	-1192.237	346.2759	1.528543	1.880955
2964	-859.5149	-1204.668	345.1534	1.504051	2.62022
2970	-842.0539	-1187.655	345.6013	1.293181	2.472714
2976	-839.5225	-1184.905	345.3826	1.372518	2.559687
2982	-843.807	-1189.005	345.1984	1.372518	2.673543
2988	-843.2682	-1188.398	345.13	1.44096	2.673543
2994	-837.4519	-1181.958	344.5065	1.378539	3.088636
3000	-838.6771	-1181.413	342.7363	1.086808	4.283091
3006	-833.7156	-1176.862	343.1464	1.067556	4.061037
3012	-840.6739	-1184.938	344.2639	1.07713	3.410197
3018	-836.9836	-1180.884	343.9008	1.216015	3.541116
3024	-841.1417	-1184.173	343.0313	0.9291453	4.205231
3030	-852.5379	-1197.452	344.9144	1.316301	2.881017
3036	-843.8352	-1189.098	345.2625	1.343548	2.651945
3042	-848.4319	-1193.503	345.071	1.358045	2.760454
3048	-848.3759	-1193.256	344.8797	1.484213	2.800218
3054	-831.8946	-1176.878	344.9829	1.314011	2.840911
3060	-825.2764	-1170.074	344.7979	1.499022	2.840911
3066	-842.381	-1186.585	344.2039	1.237399	3.351342
3072	-836.9853	-1181.891	344.9055	1.328929	2.878751
3078	-841.6417	-1186.831	345.1895	1.402313	2.660697
3084	-840.2186	-1185.494	345.2752	1.348497	2.641047
3090	-848.7807	-1194.792	346.0111	1.496564	2.079525
3096	-849.7966	-1195.981	346.184	1.704711	1.823242
3102	-844.6116	-1191.291	346.6798	1.72098	1.454097
3108	-843.7015	-1190.009	346.3073	1.698762	1.741727
3114	-837.8519	-1184.414	346.5625	1.713837	1.547421
3120	-832.0165	-1178.426	346.4098	1.600324	1.738847
3126	-849.9073	-1196.35	346.4425	1.697934	1.646373
3132	-843.3835	-1190.043	346.6599	1.396925	1.705974
3138	-835.5294	-1181.708	346.1787	1.551007	1.931662
3144	-842.4113	-1187.216	344.8043	1.255858	2.983834
3150	-845.3016	-1189.705	344.4032	1.190257	3.261674
3156	-856.3945	-1197.54	341.1452	1.223796	5.097146
3162	-852.5808	-1196.328	343.7469	1.040003	3.732361
3168	-853.1002	-1197.544	344.444	1.163876	3.253155
3174	-845.6497	-1191.562	345.9124	1.527637	2.123917
3180	-842.5312	-1187.37	344.8392	1.28914	2.942814
3186	-857.9854	-1203.621	345.6352	1.590681	2.262596
3192	-850.4823	-1196.045	345.5626	1.399823	2.43005
3198	-828.8442	-1174.341	345.4965	1.465874	2.43005
3204	-840.7458	-1186.467	345.7215	1.595346	2.204017
3210	-830.4867	-1176.383	345.8961	1.560414	2.113164
3216	-836.602	-1182.351	345.7489	1.487251	2.256017
3222	-833.9133	-1179.09	345.1764	1.185094	2.801649
3228	-839.2026	-1183.646	344.4432	1.257447	3.19826
3234	-838.8656	-1183.468	344.6028	1.097923	3.19826
3240	-829.9383	-1175.337	345.3985	1.189336	2.663165
3246	-825.3042	-1171.553	346.2485	1.601051	1.85016
3252	-826.6182	-1172.796	346.1775	1.672032	1.85016
3258	-847.5383	-1193.729	346.1902	1.659348	1.85016
3264	-854.0314	-1200.244	346.2128	1.628817	1.855571
3270	-843.7044	-1189.031	345.3262	1.383697	2.587766
3276	-831.8227	-1177.581	345.7585	1.521182	2.228049
3282	-833.9301	-1179.642	345.7122	1.583444	2.217747
3288	-837.3809	-1182.619	345.2383	1.55575	2.535479
3294	-856.7497	-1201.25	344.4999	1.436636	3.057912
3300	-842.5993	-1187.619	345.0196	1.36283	2.788936
3306	-837.3655	-1182.422	345.0566	1.361473	2.767177
3312	-871.9884	-1218.058	346.0699	1.425628	2.087563
3318	-861.4214	-1207.223	345.8016	1.420573	2.264997
3324	-864.4375	-1210.827	346.389	1.561967	1.780145
3330	-842.1573	-1185.352	343.1952	1.349982	3.871551
3336	-836.0536	-1181.811	345.757	1.503929	2.240119
3342	-836.7669	-1181.307	344.5396	1.39115	3.061337
3348	-837.2595	-1183.022	345.7629	1.345705	2.337525
3354	-842.7898	-1188.346	345.5563	1.584636	2.316956
3360	-847.4028	-1193.52	346.1177	1.599088	1.940359
3366	-845.8898	-1191.735	345.8452	1.746572	2.023951
3372	-838.0361	-1183.411	345.3748	1.575469	2.437711
3378	-825.2221	-1170.74	345.5183	1.65802	2.294376
3384	-819.8191	-1164.754	344.9347	1.54577	2.729066
3390	-837.531	-1181.805	344.2745	1.188604	3.338499
3396	-828.3815	-1173.431	345.049	1.188604	2.87683
3402	-828.7995	-1172.652	343.8527	1.341801	3.495824
3408	-833.4787	-1178.601	345.1222	1.344479	2.737472
3414	-837.64	-1181.952	344.3122	1.35314	3.219203
3420	-833.4799	-1178.54	345.06	1.227317	2.846751
3426	-832.0614	-1176.782	344.7211	1.201044	3.066515
3432	-840.322	-1184.455	344.1332	1.303031	3.354297
3438	-837.1853	-1182.763	345.5773	1.363936	2.443363
3444	-840.3665	-1186.287	345.9205	1.527732	2.118581
3450	-825.0883	-1170.902	345.8138	1.741357	2.048219
3456	-837.4174	-1183.526	346.109	1.67488	1.894945
3462	-830.2966	-1175.866	345.5695	1.542687	2.335297
3468	-832.7938	-1177.824	345.0302	1.439295	2.73576
3474	-820.7894	-1165.753	344.9632	1.283031	2.871635
3480	-816.4118	-1161.514	345.1023	1.33165	2.75751
3486	-824.2917	-1169.126	344.8348	1.319541	2.927124
3492	-820.4407	-1166.232	345.7912	1.442563	2.257584
3498	-826.9774	-1172.246	345.2682	1.419891	2.601281
3504	-832.0726	-1178.095	346.0223	1.68334	1.94785
3510	-836.699	-1182.176	345.4773	1.243315	2.581088
3516	-836.2565	-1181.596	345.3399	1.212841	2.684745
3522	-831.1697	-1175.026	343.8566	1.163402	3.597427
3528	-830.172	-1174.969	344.7967	1.198349	3.022893
3534	-840.1881	-1184.847	344.6587	1.204519	3.101666
3540	-838.7592	-1185.154	346.3945	1.462308	1.84522
3546	-834.8725	-1179.652	344.7796	1.294279	2.975578
3552	-830.0568	-1175.53	345.4735	1.3975	2.487433
3558	-829.3407	-1174.35	345.0098	1.364272	2.794027
3564	-838.2478	-1182.86	344.6119	1.344396	3.046072
3570	-830.3336	-1176.374	346.0399	1.440244	2.097606
3576	-844.7786	-1189.82	345.0413	1.280588	2.825723
3582	-846.6076	-1191.277	344.6698	1.180159	3.109557
3588	-836.5312	-1181.232	344.7005	1.328752	3.002373
3594	-828.8323	-1174.225	345.3931	1.232096	2.640109
3600	-830.1244	-1175.518	345.3931	1.232096	2.640109
3606	-846.8377	-1192.77	345.9326	1.345669	2.228908
3612	-834.2713	-1181.035	346.7642	1.778858	1.34338
3618	-828.6837	-1175.24	346.5561	1.803409	1.485376
3624	-836.3209	-1182.555	346.2346	1.578174	1.8753
3630	-832.6538	-1178.415	345.7609	1.435487	2.281525
3636	-828.7189	-1174.648	345.929	1.389484	2.202959
3642	-837.4348	-1183.226	345.791	1.566491	2.177699
3648	-830.2375	-1175.665	345.4277	1.422299	2.500588
3654	-826.2798	-1172.561	346.281	1.339915	2.004559
3660	-813.8769	-1158.328	344.4509	1.274639	3.183508
3666	-828.5217	-1173.925	345.4038	1.421283	2.51614
3672	-859.1526	-1204.254	345.1012	1.257887	2.803125
3678	-856.9729	-1201.903	344.9302	1.428938	2.803125
3684	-849.8843	-1195.746	345.8617	1.546606	2.144652
3690	-831.3866	-1177.338	345.9512	1.523831	2.100986
3696	-833.2243	-1179.553	346.329	1.539932	1.836872
3702	-828.1302	-1174.544	346.4136	1.527536	1.787039
3708	-838.1214	-1184.38	346.2589	1.527536	1.893203
3714	-839.7645	-1184.849	345.0847	1.415263	2.717089
3720	-839.0447	-1185.965	346.9204	1.764239	1.227423
3726	-831.8792	-1177.684	345.8046	1.478328	2.225903
3732	-833.2558	-1179.368	346.1118	1.33343	2.120545
3738	-833.537	-1179.729	346.1924	1.46595	1.979547
3744	-837.7416	-1184.119	346.3772	1.457318	1.860446
3750	-829.366	-1175.061	345.6947	1.360757	2.371323
3756	-822.3959	-1168.788	346.392	1.524167	1.804315
3762	-832.6884	-1177.18	344.492	1.150096	3.232955
3768	-823.5926	-1168.237	344.6441	1.226095	3.097524
3774	-831.6949	-1176.135	344.44	1.43015	3.097524
3780	-847.5188	-1193.454	345.9354	1.480593	2.139606
3786	-856.665	-1203.329	346.664	1.771715	1.427347
3792	-850.8835	-1197.549	346.6655	1.777459	1.421761
3798	-853.0806	-1200.055	346.9742	1.828425	1.124779
3804	-845.7165	-1192.609	346.8921	1.942258	1.095945
3810	-853.7994	-1198.92	345.1206	1.226566	2.810369
3816	-850.5093	-1195.63	345.1206	1.226566	2.810369
3822	-846.5671	-1191.688	345.1206	1.226566	2.810369
3828	-839.0792	-1184.2	345.1206	1.226566	2.810369
3834	-837.1339	-1182.254	345.1206	1.226566	2.810369
3840	-832.0457	-1177.166	345.1206	1.226566	2.810369
3846	-826.8316	-1171.952	345.1206	1.226566	2.810369
3852	-827.7274	-1172.848	345.1206	1.226566	2.810369
3858	-831.7495	-1176.87	345.1206	1.226566	2.810369
3864	-837.7809	-1182.902	345.1206	1.226566	2.810369
3870	-840.9124	-1186.033	345.1206	1.226566	2.810369
3876	-841.9381	-1187.059	345.1206	1.226566	2.810369
3882	-856.4603	-1202.718	346.2575	1.522349	1.89769
3888	-858.2651	-1204.356	346.0914	1.541469	1.996605
3894	-862.1127	-1208.697	346.5847	1.596006	1.617359
3900	-854.2596	-1200.486	346.2263	1.512927	1.925218
3906	-856.1544	-1202.132	345.9778	1.478384	2.113357
3912	-847.5579	-1192.679	345.1206	1.226566	2.810369
3918	-841.4008	-1186.521	345.1206	1.226566	2.810369
3924	-845.6975	-1190.818	345.1206	1.226566	2.810369
3930	-843.7834	-1188.904	345.1206	1.226566	2.810369
3936	-843.878	-1188.999	345.1206	1.226566	2.810369
3942	-834.3221	-1179.443	345.1206	1.226566	2.810369
3948	-833.2339	-1178.355	345.1206	1.226566	2.810369
3954	-830.5598	-1175.68	345.1206	1.226566	2.810369
3960	-837.4007	-1182.521	345.1206	1.226566	2.810369
3966	-836.6827	-1181.803	345.1206	1.226566	2.810369
3972	-855.7127	-1202.623	346.9105	1.8145	1.193101
3978	-851.9532	-1198.331	346.378	1.966644	1.496588
3984	-843.4534	-1190.388	346.9349	1.921654	1.075311
3990	-830.6673	-1177.354	346.6867	1.860599	1.340015
3996	-842.686	-1188.858	346.1719	1.770105	1.786421
4002	-837.5998	-1183.772	346.1719	1.770105	1.786421
4008	-847.2422	-1193.824	346.5814	1.854	1.427586
4014	-838.6633	-1183.784	345.1206	1.226566	2.810369
4020	-837.029	-1182.15	345.1206	1.226566	2.810369
4026	-837.4379	-1182.559	345.1206	1.226566	2.810369
4032	-848.4443	-1193.565	345.1206	1.226566	2.810369
4038	-836.1527	-1181.273	345.1206	1.226566	2.810369
4044	-838.8481	-1183.969	345.1206	1.226566	2.810369
4050	-847.3038	-1192.424	345.1206	1.226566	2.810369
4056	-841.2362	-1186.357	345.1206	1.226566	2.810369
4062	-831.526	-1176.647	345.1206	1.226566	2.810369
4068	-832.5926	-1177.713	345.1206	1.226566	2.810369
4074	-838.7482	-1183.869	345.1206	1.226566	2.810369
4080	-833.2222	-1178.343	345.1206	1.226566	2.810369
4086	-846.342	-1191.463	345.1206	1.226566	2.810369
4092	-842.7179	-1187.839	345.1206	1.226566	2.810369
4098	-840.1406	-1185.261	345.1206	1.226566	2.810369
4104	-836.0278	-1181.381	345.3537	1.421291	2.547358
4110	-833.5618	-1179.193	345.6312	1.823378	2.114371
4116	-832.5228	-1179.025	346.5019	1.662831	1.628878
4122	-845.1604	-1191.405	346.2446	1.942765	1.612496
4128	-833.6166	-1180.26	346.6433	1.851335	1.381585
4134	-826.827	-1172.576	345.7492	1.77856	2.066308
4140	-823.3503	-1170.349	346.9988	1.798966	1.129124
4146	-816.2539	-1162.023	345.7691	1.475297	2.250729
4152	-825.1914	-1170.317	345.1252	1.367758	2.721404
4158	-841.5069	-1187.123	345.6162	1.260774	2.48372
4164	-845.3475	-1188.059	342.7112	0.9813311	4.356894
4170	-830.8126	-1173.51	342.6971	1.033248	4.335577
4176	-839.799	-1183.223	343.4237	1.162427	3.848004
4182	-834.1665	-1177.585	343.4184	1.16777	3.848004
4188	-832.4206	-1176.006	343.5851	1.03657	3.827596
4194	-835.5479	-1180.916	345.3685	1.340394	2.588347
4200	-839.1508	-1184.573	345.422	1.448453	2.487769
4206	-845.4717	-1189.711	344.2392	1.399353	3.235037
4212	-867.9056	-1211.725	343.8193	1.299236	3.540108
4218	-852.7322	-1196.575	343.8432	1.275386	3.540108
4224	-865.0397	-1207.918	342.8785	1.11832	4.184576
4230	-841.5783	-1185.89	344.3121	1.21711	3.299626
4236	-847.1488	-1190.027	342.8782	0.9807095	4.262789
4242	-850.6191	-1195.893	345.2741	1.379617	2.622511
4248	-845.13	-1189.288	344.1579	1.220908	3.388023
4254	-834.0413	-1179.698	345.6563	1.535052	2.284744
4260	-832.6423	-1179.088	346.4456	1.702666	1.640717
4266	-816.4821	-1162.832	346.3496	1.79871	1.640717
4272	-820.6932	-1166.849	346.1562	1.587468	1.922207
4278	-827.9595	-1171.999	344.0392	1.379199	3.364783
4284	-829.2445	-1174.412	345.1674	1.507459	2.609439
4290	-841.4863	-1186.936	345.45	1.676725	2.326012
4296	-858.9139	-1204.123	345.2096	1.435519	2.627852
4302	-849.5677	-1194.779	345.211	1.3705	2.667043
4308	-860.9498	-1206.341	345.3911	1.508949	2.469222
4314	-860.0118	-1203.82	343.8079	1.391489	3.492961
4320	-852.8654	-1196.673	343.8079	1.391489	3.492961
4326	-847.8581	-1191.666	343.8079	1.391489	3.492961
4332	-844.4201	-1188.228	343.8079	1.391489	3.492961
4338	-839.1513	-1182.959	343.8079	1.391489	3.492961
4344	-847.9889	-1191.797	343.8079	1.391489	3.492961
4350	-853.2777	-1198.991	345.7136	1.314774	2.388424
4356	-844.0735	-1189.787	345.7136	1.314774	2.388424
4362	-845.4917	-1191.205	345.7136	1.314774	2.388424
4368	-846.9348	-1192.648	345.7136	1.314774	2.388424
4374	-846.4546	-1192.168	345.7136	1.314774	2.388424
4380	-848.5648	-1194.278	345.7136	1.314774	2.388424
4386	-839.7134	-1185.427	345.7136	1.314774	2.388424
4392	-831.1574	-1176.871	345.7136	1.314774	2.388424
4398	-841.4083	-1187.122	345.7136	1.314774	2.388424
4404	-840.6228	-1184.431	343.8079	1.391489	3.492961
4410	-837.0747	-1180.883	343.8079	1.391489	3.492961
4416	-842.8612	-1186.669	343.8079	1.391489	3.492961
4422	-845.0687	-1188.877	343.8079	1.391489	3.492961
4428	-846.7282	-1190.536	343.8079	1.391489	3.492961
4434	-854.9693	-1198.777	343.8079	1.391489	3.492961
4440	-859.7623	-1203.57	343.8079	1.391489	3.492961
4446	-849.8228	-1193.631	343.8079	1.391489	3.492961
4452	-877.7926	-1224.087	346.2947	1.870111	1.628807
4458	-854.5777	-1200.952	346.3742	1.974828	1.493263
4464	-840.7469	-1184.555	343.8079	1.391489	3.492961
4470	-839.0058	-1182.814	343.8079	1.391489	3.492961
4476	-845.8509	-1189.659	343.8079	1.391489	3.492961
4482	-845.2812	-1189.089	343.8079	1.391489	3.492961
4488	-846.4364	-1190.244	343.8079	1.391489	3.492961
4494	-850.2185	-1194.026	343.8079	1.391489	3.492961
4500	-850.2948	-1194.103	343.8079	1.391489	3.492961
4506	-855.1518	-1198.96	343.8079	1.391489	3.492961
4512	-852.0645	-1198.775	346.7102	1.705152	1.442995
4518	-856.0485	-1202.587	346.5381	1.758177	1.532692
4524	-851.147	-1197.842	346.6953	1.753058	1.417636
4530	-843.3542	-1190.276	346.9214	1.664696	1.308807
4536	-850.552	-1195.756	345.2042	1.757951	2.430213
4542	-841.7408	-1187.498	345.7573	1.489659	2.249092
4548	-841.0762	-1186.758	345.6813	1.559391	2.253094
4554	-850.3026	-1196.782	346.4789	1.718414	1.605286
4560	-852.0145	-1198.987	346.9729	1.63399	1.291939
4566	-851.3819	-1198.138	346.7564	1.730163	1.387896
4572	-847.7395	-1194.406	346.6661	1.564079	1.581371
4578	-827.5366	-1173.255	345.7187	1.593844	2.206803
4584	-843.2424	-1187.415	344.1722	1.245053	3.365438
4590	-827.4219	-1171.6	344.1785	1.304448	3.326845
4596	-824.7147	-1167.662	342.9477	1.216446	4.089435
4602	-828.5992	-1170.708	342.1083	1.187149	4.580479
4608	-825.8917	-1169.333	343.4408	1.180564	3.827761
4614	-828.7496	-1172.678	343.9283	1.1032	3.590715
4620	-824.7503	-1170.695	345.9444	1.359489	2.212424
4626	-825.2878	-1171.393	346.105	1.555381	1.978179
4632	-829.0199	-1175.233	346.2126	1.749721	1.772272
4638	-816.9387	-1163.712	346.7734	1.779851	1.335232
4644	-826.0254	-1172.219	346.1937	1.682083	1.832162
4650	-829.5345	-1175.326	345.7915	1.390522	2.290701
4656	-844.8952	-1189.135	344.2401	1.155852	3.377944
4662	-827.9292	-1169.713	341.7835	0.8941848	4.925681
4668	-835.198	-1179.188	343.9904	1.175375	3.512613
4674	-831.2024	-1176.147	344.9447	1.239063	2.909419
4680	-857.8415	-1201.649	343.8079	1.391489	3.492961
4686	-861.1898	-1204.998	343.8079	1.391489	3.492961
4692	-831.4141	-1176.946	345.5319	1.338524	2.487758
4698	-831.7307	-1177.298	345.5678	1.302664	2.487758
4704	-841.0411	-1186.05	345.0092	1.102952	2.952594
4710	-849.2294	-1194.233	345.0035	1.10865	2.952594
4716	-845.6212	-1190.576	344.9545	1.413339	2.797788
4722	-837.5933	-1183.382	345.7884	1.474227	2.238997
4728	-829.2457	-1175.379	346.1334	1.679374	1.875316
4734	-828.9567	-1174.556	345.5995	1.703868	2.212721
4740	-824.9242	-1171.448	346.5233	1.701595	1.585193
4746	-827.6246	-1174.082	346.4576	1.629595	1.684405
4752	-830.0457	-1174.532	344.4866	1.215198	3.197609
4758	-824.9625	-1169.99	345.0279	1.136317	2.921218
4764	-832.6182	-1177.699	345.0812	1.239996	2.826169
4770	-840.3521	-1184.569	344.2174	1.098074	3.425152
4776	-848.9505	-1192.201	343.2506	1.199443	3.926114
4782	-841.0501	-1185.119	344.0688	1.182578	3.462648
4788	-838.2522	-1183.124	344.8718	1.112939	3.029055
4794	-859.4279	-1203.236	343.8079	1.391489	3.492961
4800	-856.5504	-1200.358	343.8079	1.391489	3.492961
4806	-845.8385	-1189.646	343.8079	1.391489	3.492961
4812	-839.1338	-1182.942	343.8079	1.391489	3.492961
4818	-845.3464	-1189.154	343.8079	1.391489	3.492961
4824	-852.4957	-1196.304	343.8079	1.391489	3.492961
4830	-846.8452	-1190.512	343.6664	1.283208	3.638253
4836	-837.6016	-1182.499	344.8976	1.36042	2.864484
4842	-830.4212	-1175.174	344.7527	1.190906	3.053647
4848	-825.6589	-1170.152	344.4932	1.112896	3.254253
4854	-821.927	-1167.022	345.0949	1.318657	2.769911
4860	-830.2764	-1174.588	344.3116	1.099194	3.369229
4866	-827.0693	-1172.07	345.0004	1.248929	2.869736
4872	-835.2223	-1179.941	344.7186	1.257396	3.034284
4878	-836.4865	-1181.051	344.5646	1.411378	3.034284
4884	-837.3393	-1181.904	344.5646	1.411378	3.034284
4890	-835.8742	-1180.439	344.5646	1.411378	3.034284
4896	-857.3153	-1203.446	346.1306	1.442726	2.036195
4902	-845.4911	-1189.986	344.4951	1.185112	3.210406
4908	-850.5095	-1194.656	344.1463	1.007788	3.51941
4914	-842.1984	-1187.586	345.3872	1.255795	2.629132
4920	-841.7477	-1186.982	345.2341	1.402953	2.632806
4926	-839.492	-1184.011	344.5187	1.186783	3.195447
4932	-843.6923	-1188.109	344.4162	1.289203	3.195447
4938	-843.6672	-1188.877	345.2099	1.21653	2.76209
4944	-841.4326	-1184.459	343.0263	0.8991455	4.225081
4950	-855.4717	-1199.28	343.8079	1.391489	3.492961
4956	-859.2968	-1203.105	343.8079	1.391489	3.492961
4962	-859.7357	-1202.133	342.3977	1.107262	4.462708
4968	-843.4187	-1188.157	344.7384	1.181675	3.067708
4974	-846.7482	-1190.061	343.3125	1.00996	3.999136
4980	-847.0029	-1191.322	344.3196	1.02927	3.405562
4986	-846.949	-1191.514	344.5654	1.049423	3.249088
4992	-838.7454	-1183.182	344.4371	1.325491	3.161528
4998	-824.4011	-1168.373	343.9717	1.064782	3.587817
5004	-821.0531	-1165.38	344.3271	1.245497	3.274003
5010	-828.3143	-1172.952	344.6381	1.192348	3.121215
5016	-845.4918	-1190.487	344.9956	0.9582515	3.047518
5022	-838.1103	-1183.665	345.5542	1.403392	2.433069
5028	-852.2417	-1198.597	346.3557	1.561379	1.803683
5034	-858.9645	-1205.189	346.2243	1.517442	1.923528
5040	-845.7569	-1191.315	345.558	1.462739	2.393287
5046	-832.9576	-1179.312	346.3542	1.459024	1.874986
5052	-859.5312	-1205.229	345.6975	1.406008	2.340801
5058	-837.4382	-1183.055	345.6166	1.496608	2.334631
5064	-834.9155	-1181.066	346.1504	1.59998	1.91767
5070	-843.3493	-1188.548	345.1985	1.487526	2.60254
5076	-835.8793	-1181.469	345.5902	1.409237	2.406742
5082	-836.5736	-1182.095	345.521	1.478375	2.406742
5088	-856.4374	-1202.633	346.1961	1.706793	1.813483
5094	-851.5679	-1197.404	345.836	1.654422	2.090861
5100	-848.6847	-1194.406	345.7216	1.500391	2.265129
5106	-839.1825	-1184.794	345.6116	1.355166	2.427288
5112	-847.1628	-1193.562	346.3993	1.730258	1.654176
5118	-843.5804	-1190.355	346.7749	1.882143	1.250581
5124	-841.4714	-1188.115	346.6434	1.6959	1.500612
5130	-839.6124	-1185.815	346.2022	1.703198	1.811764
5136	-828.9358	-1175.25	346.3139	1.591493	1.811764
5142	-840.6743	-1186.61	345.9361	1.313023	2.247707
5148	-827.8278	-1172.843	345.0148	1.313023	2.822161
5154	-832.0525	-1177.034	344.9818	1.275127	2.865147
5160	-831.6248	-1176.004	344.3791	1.272776	3.227139
5166	-836.6953	-1180.717	344.0221	1.265874	3.441256
5172	-830.946	-1174.977	344.0307	1.257223	3.441256
5178	-828.4163	-1172.416	343.9999	1.287984	3.441256
5184	-816.5278	-1161.101	344.5728	1.351385	3.065269
5190	-832.7357	-1177.351	344.6156	1.308577	3.065269
5196	-836.9829	-1181.69	344.7066	1.217595	3.065269
5202	-851.8916	-1196.837	344.9453	1.368166	2.830843
5208	-835.3009	-1179.92	344.6189	1.337055	3.046259
5214	-818.624	-1164.239	345.6146	1.542068	2.306948
5220	-818.1068	-1163.982	345.8749	1.529225	2.147369
5226	-819.7242	-1165.466	345.742	1.475451	2.268009
5232	-811.808	-1156.79	344.982	1.390143	2.795185
5238	-839.8084	-1185.163	345.3548	1.399481	2.560215
5244	-830.1287	-1175.506	345.3772	1.37705	2.560215
5250	-820.6884	-1166.085	345.397	1.295555	2.598482
5256	-826.1322	-1171.672	345.5398	1.464845	2.40343
5262	-822.4233	-1166.603	344.1799	1.406101	3.266081
5268	-830.2007	-1175.16	344.9597	1.40888	2.79734
5274	-821.6771	-1166.782	345.1051	1.349638	2.744773
5280	-810.6904	-1156.212	345.5218	1.349638	2.487172
5286	-825.5831	-1169.412	343.8291	1.349638	3.505054
5292	-816.8221	-1161.827	345.0048	1.404947	2.772243
5298	-820.0346	-1165.007	344.9725	1.172306	2.93287
5304	-821.9694	-1167.568	345.5991	1.338737	2.445506
5310	-837.2357	-1182.13	344.8946	1.067442	3.042652
5316	-839.6921	-1183.561	343.8691	0.9818291	3.695384
5322	-845.5804	-1189.065	343.4844	1.003266	3.904547
5328	-843.3757	-1186.012	342.6364	1.012705	4.381447
5334	-837.0766	-1183.194	346.1176	1.514364	1.997194
5340	-845.6023	-1191.26	345.6577	1.43552	2.347341
5346	-843.5249	-1189.092	345.5669	1.387831	2.434879
5352	-853.0115	-1197.877	344.8651	1.380082	2.872259
5358	-844.6362	-1189.048	344.412	1.322292	3.178329
5364	-821.3762	-1166.156	344.7801	1.335401	2.950549
5370	-841.8501	-1187.554	345.7037	1.590643	2.218565
5376	-833.9501	-1179.441	345.491	1.495132	2.415132
5382	-825.5471	-1171.365	345.8176	1.600666	2.138139
5388	-824.6893	-1170.564	345.8752	1.550502	2.1333
5394	-819.7664	-1165.668	345.9019	1.523759	2.1333
5400	-830.1072	-1176.896	346.7892	1.887849	1.233873
5406	-830.689	-1177.318	346.6292	1.787594	1.441861
5412	-847.4097	-1192.644	345.2344	1.412691	2.626599
5418	-833.5059	-1179.389	345.8827	1.474108	2.178142
5424	-838.0138	-1183.226	345.212	1.248628	2.741186
5430	-854.8648	-1200.65	345.7856	1.56103	2.184743
5436	-847.5117	-1192.895	345.3838	1.333276	2.583318
5442	-841.3044	-1187.045	345.7408	1.465567	2.275141
5448	-825.2395	-1171.51	346.2703	1.359409	1.998679
5454	-832.3481	-1176.708	344.3601	1.194034	3.284889
5460	-836.4064	-1181.908	345.5012	1.439556	2.44367
5466	-832.1464	-1177.971	345.8244	1.425409	2.247247
5472	-829.6034	-1175.246	345.6424	1.477848	2.330119
5478	-834.8641	-1180.863	345.999	1.508311	2.079759
5484	-834.5235	-1180.162	345.6387	1.328535	2.427027
5490	-858.1543	-1201.941	343.7865	0.9765997	3.746097
5496	-847.9032	-1192.111	344.208	1.088757	3.436064
5502	-837.3328	-1181.833	344.5003	1.228852	3.181383
5508	-837.1902	-1181.18	343.9902	1.012628	3.607403
5514	-846.9674	-1191.572	344.6043	1.359208	3.041782
5520	-853.2208	-1197.305	344.0843	1.215302	3.434423
5526	-855.2787	-1200.568	345.289	1.470041	2.557239
5532	-835.0129	-1181.485	346.4725	1.755733	1.582765
5538	-850.9693	-1196.765	345.796	1.550783	2.184612
5544	-859.7864	-1205.659	345.8726	1.581575	2.114668
5550	-845.4728	-1190.571	345.0981	1.253873	2.807443
5556	-849.6661	-1195.079	345.4129	1.178809	2.660773
5562	-837.3986	-1181.309	343.9106	1.160485	3.567705
5568	-848.8237	-1193.439	344.6154	1.296136	3.072858
5574	-847.4017	-1192.66	345.2581	1.416214	2.609806
5580	-842.4127	-1187.737	345.3241	1.487321	2.524659
5586	-836.0588	-1180.865	344.8066	1.266569	2.976025
5592	-855.7797	-1199.162	343.3827	0.9887185	3.971113
5598	-849.7948	-1193.247	343.4517	0.9839432	3.934346
5604	-865.3284	-1209.136	343.8079	1.391489	3.492961
5610	-844.1813	-1190.511	346.3297	1.609864	1.788081
5616	-870.343	-1216.46	346.1173	1.756465	1.833566
5622	-842.17	-1185.011	342.8411	1.042059	4.249086
5628	-844.5934	-1188.195	343.6021	1.327037	3.650111
5634	-832.9679	-1177.544	344.5757	1.184745	3.162798
5640	-831.9275	-1175.844	343.916	1.118948	3.588712
5646	-836.0039	-1180.983	344.9792	1.353118	2.819393
5652	-837.9351	-1183.367	345.4321	1.336833	2.551129
5658	-828.5851	-1174.639	346.0539	1.627203	1.964324
5664	-829.9307	-1175.28	345.3495	1.331055	2.605908
5670	-855.5894	-1201.918	346.3289	1.441015	1.904431
5676	-837.7281	-1183.827	346.0986	1.567929	1.974083
5682	-838.6005	-1184.989	346.3882	1.468221	1.845436
5688	-842.8452	-1189.106	346.2608	1.287453	2.052795
5694	-829.5409	-1175.624	346.0826	1.465571	2.052795
5700	-843.937	-1188.168	344.2307	1.264903	3.319379
5706	-851.5261	-1195.452	343.926	1.113826	3.585911
5712	-859.5058	-1203.904	344.3985	1.178973	3.27113
5718	-854.2084	-1198.384	344.1761	1.244664	3.36339
5724	-839.568	-1185.552	345.9842	1.484699	2.104998
5730	-829.0949	-1173.257	344.1624	0.9781594	3.527311
5736	-832.1329	-1173.605	341.4718	0.8005476	5.150689
5742	-846.4619	-1191.777	345.3155	1.239495	2.683317
5748	-829.4363	-1175.106	345.6698	1.232445	2.46788
5754	-835.8963	-1182.383	346.487	1.363326	1.849637
5760	-848.53	-1194.11	345.5803	1.323505	2.466864
5766	-845.6938	-1191.759	346.0656	1.74276	1.87828
5772	-844.4658	-1190.306	345.8401	1.585478	2.133348
5778	-840.2367	-1186.09	345.8534	1.572167	2.133348
5784	-849.0325	-1193.92	344.8876	1.499573	2.78603
5790	-855.0359	-1201.212	346.1764	1.366191	2.056493
5796	-839.7473	-1185.001	345.2541	1.251255	2.713788
5802	-841.6374	-1185.801	344.1636	1.230554	3.379011
5808	-825.6953	-1170.799	345.1042	1.306877	2.771448
5814	-834.8454	-1180.262	345.4169	1.468512	2.478383
5820	-831.7731	-1178.148	346.3748	1.663941	1.71869
5826	-834.8146	-1181.084	346.2692	1.482121	1.917021
5832	-848.6204	-1194.905	346.2845	1.705134	1.753241
5838	-849.093	-1194.024	344.9306	1.517086	2.7491
5844	-843.2089	-1189.162	345.9534	1.390358	2.186604
5850	-842.7026	-1188.577	345.8746	1.406675	2.226965
5856	-836.1964	-1181.797	345.6003	1.549509	2.311306
5862	-835.9112	-1181.895	345.9836	1.590695	2.035533
5868	-839.987	-1185.995	346.0082	1.699048	1.94677
5874	-841.5714	-1187.775	346.2034	1.623786	1.8655
5880	-832.3643	-1178.941	346.5764	1.866084	1.422118
5886	-826.3127	-1172.729	346.4164	1.978203	1.458793
5892	-821.3014	-1167.718	346.4164	1.978203	1.458793
5898	-823.7178	-1170.14	346.4223	1.802342	1.585383
5904	-820.0943	-1166.607	346.5124	1.712299	1.585383
5910	-831.6705	-1178.517	346.8461	1.876215	1.195335
5916	-830.5746	-1176.993	346.4183	2.084735	1.375039
5922	-847.5632	-1193.967	346.4034	1.901737	1.526116
5928	-841.81	-1187.648	345.8377	1.776765	2.008865
5934	-839.7632	-1185.357	345.5938	1.635894	2.260155
5940	-846.5071	-1191.932	345.4251	1.78232	2.274446
5946	-840.002	-1186.39	346.3883	1.535026	1.799364
5952	-840.5946	-1186.94	346.3454	1.805184	1.639058
5958	-839.8024	-1186.232	346.43	1.884707	1.518959
5964	-858.7325	-1202.54	343.8079	1.391489	3.492961
5970	-858.4203	-1204.963	346.5431	1.624562	1.626806
5976	-836.828	-1182.655	345.8265	1.468079	2.218381
5982	-853.9613	-1200.089	346.1274	1.384453	2.076815
5988	-851.8405	-1197.72	345.8791	1.497611	2.165193
5994	-856.6714	-1202.595	345.9238	1.68461	2.012863
6000	-845.5852	-1189.608	344.0225	1.224541	3.465173
6006	-844.3532	-1186.917	342.5635	1.125267	4.35907
6012	-858.7398	-1203.174	344.434	1.301239	3.177766
6018	-840.4254	-1186.266	345.841	1.219895	2.367837
6024	-852.1759	-1198.227	346.051	1.507255	2.046132
6030	-835.0419	-1180.421	345.3787	1.458287	2.508715
6036	-839.0869	-1183.4	344.3134	1.382859	3.200906
6042	-836.3478	-1180.94	344.5923	1.477031	2.978315
6048	-820.1399	-1165.918	345.7784	1.634045	2.141926
6054	-837.6423	-1182.96	345.3177	1.705808	2.391544
6060	-844.1359	-1189.884	345.7476	1.353262	2.3425
6066	-835.8215	-1181.902	346.0802	1.406778	2.09317
6072	-824.2076	-1168.814	344.6059	1.253439	3.103952
6078	-821.7195	-1166.013	344.2937	1.336248	3.240165
6084	-825.3298	-1170.624	345.2947	1.52383	2.520231
6090	-835.9018	-1181.772	345.8701	1.615311	2.094181
6096	-844.1502	-1189.782	345.6319	1.674429	2.210803
6102	-850.5854	-1196.321	345.7355	1.530763	2.23667
6108	-850.4997	-1196.804	346.3043	1.81949	1.658286
6114	-854.3559	-1200.877	346.521	1.86653	1.464159
6120	-854.2864	-1200.928	346.6419	1.745669	1.464159
6126	-848.3618	-1195.169	346.8068	2.019655	1.103206
6132	-853.4063	-1197.214	343.8079	1.391489	3.492961
6138	-867.2827	-1211.091	343.8079	1.391489	3.492961
6144	-829.7957	-1176.474	346.6786	1.849383	1.35532
6150	-835.6763	-1181.665	345.9883	1.970419	1.774813
6156	-841.1324	-1187.109	345.9763	1.98238	1.774813
6162	-845.9872	-1192.358	346.3712	1.732596	1.672626
6168	-828.5328	-1173.915	345.3818	1.467447	2.501028
6174	-856.7477	-1201.456	344.7086	1.097057	3.135916
6180	-840.0727	-1184.695	344.6225	1.174525	3.141052
6186	-840.4419	-1184.991	344.5492	1.196168	3.171774
6192	-833.7359	-1179.606	345.8703	1.50137	2.168461
6198	-847.8714	-1193.124	345.2525	1.372327	2.640323
6204	-845.5794	-1190.482	344.9027	1.482237	2.787362
6210	-834.996	-1180.445	345.4486	1.432614	2.481033
6216	-828.8863	-1174.452	345.5661	1.464329	2.38715
6222	-821.2067	-1166.733	345.5267	1.503663	2.38715
6228	-829.1532	-1175.127	345.9739	1.631026	2.015226
6234	-827.9984	-1174.185	346.1871	1.291858	2.098386
6240	-848.2136	-1193.714	345.5005	1.538908	2.381439
6246	-837.829	-1183.899	346.0703	1.590113	1.978195
6252	-825.3446	-1171.416	346.0717	1.540772	2.010204
6258	-820.7131	-1167.075	346.3623	1.776853	1.64731
6264	-818.1819	-1164.702	346.5199	1.776853	1.532318
6270	-813.2178	-1159.167	345.9496	1.549981	2.08484
6276	-820.4091	-1165.216	344.8069	1.341158	2.930908
6282	-823.8609	-1169.374	345.5129	1.327945	2.506286
6288	-810.4332	-1155.913	345.4802	1.268755	2.563547
6294	-815.6127	-1161.172	345.5596	1.54857	2.337839
6300	-830.9612	-1175.095	344.1341	1.229649	3.396848
6306	-835.261	-1180.249	344.9881	1.20345	2.904673
6312	-847.7382	-1192.091	344.3531	1.405355	3.16397
6318	-833.9666	-1178.736	344.769	1.311589	2.971545
6324	-831.9356	-1175.149	343.2135	1.014125	4.053257
6330	-828.123	-1172.565	344.4423	1.19541	3.235563
6336	-824.0064	-1166.423	342.4164	1.075404	4.470103
6342	-835.1749	-1178.634	343.4595	1.054356	3.889534
6348	-847.0282	-1190.38	343.3517	1.162155	3.889534
6354	-831.0038	-1175.326	344.3221	1.174985	3.318542
6360	-832.0748	-1176.411	344.3366	1.156723	3.320756
6366	-825.1971	-1170.601	345.4039	1.261389	2.615353
6372	-835.6991	-1181.159	345.4602	1.164928	2.640185
6378	-844.3863	-1190.276	345.89	1.455641	2.185373
6384	-845.3186	-1191.285	345.9666	1.360197	2.197591
6390	-836.9812	-1182.872	345.8907	1.454082	2.185925
6396	-849.7892	-1195.418	345.6288	1.448614	2.357348
6402	-847.2777	-1193.859	346.5815	1.543621	1.657386
6408	-831.6679	-1177.605	345.9366	1.5553	2.089891
6414	-832.4458	-1178.812	346.3658	1.749953	1.664068
6420	-823.0889	-1169.294	346.2049	1.805803	1.738441
6426	-825.6469	-1171.383	345.736	1.517375	2.244973
6432	-821.9066	-1167.807	345.9008	1.459517	2.175848
6438	-829.7931	-1174.925	345.1322	1.459517	2.660757
6444	-834.4931	-1180.319	345.8259	1.575485	2.149156
6450	-812.8228	-1158.948	346.1257	1.679881	1.880222
6456	-823.4611	-1169.685	346.2241	1.581406	1.880222
6462	-824.5769	-1169.144	344.5668	1.548257	2.950821
6468	-809.1887	-1155.055	345.8661	1.407181	2.232121
6474	-815.0263	-1160.261	345.2344	1.51394	2.563926
6480	-831.6416	-1176.674	345.0329	1.185147	2.888709
6486	-819.6362	-1165.663	346.0264	1.616819	1.989667
6492	-823.4109	-1169.683	346.2719	1.816195	1.683744
6498	-826.0494	-1172.003	345.9537	1.782396	1.927347
6504	-815.1068	-1161.091	345.9837	1.752379	1.927347
6510	-806.8301	-1152.11	345.2802	1.405187	2.60295
6516	-832.3399	-1178.026	345.6858	1.773466	2.111301
6522	-826.1401	-1172.278	346.138	1.827061	1.770364
6528	-838.9204	-1185.49	346.5691	1.837351	1.449795
6534	-848.4055	-1194.065	345.6593	1.572584	2.258766
6540	-846.0488	-1192.101	346.0522	1.598236	1.984846
6546	-851.5123	-1197.917	346.4048	1.465309	1.83603
6552	-837.8134	-1184.106	346.2924	1.539297	1.862405
6558	-835.1958	-1182.159	346.9631	1.971322	1.000172
6564	-837.9383	-1184.224	346.2857	1.676323	1.772458
6570	-835.305	-1181.719	346.4144	1.86877	1.542411
6576	-832.2128	-1178.201	345.9885	1.718184	1.947112
6582	-829.8712	-1175.924	346.0528	1.653948	1.947112
6588	-844.5156	-1191.386	346.8708	1.891361	1.160758
6594	-849.6477	-1195.561	345.9129	1.511382	2.134183
6600	-838.8321	-1184.822	345.9895	1.788345	1.899035
6606	-842.8688	-1188.969	346.0999	1.757523	1.844756
6612	-834.1587	-1180.232	346.0728	1.79076	1.840564
6618	-830.6111	-1176.61	345.9993	1.795406	1.887629
6624	-828.6045	-1174.935	346.3302	1.757741	1.683862
6630	-824.376	-1170.57	346.1942	1.703564	1.817031
6636	-831.5509	-1178.1	346.5489	1.968648	1.36359
6642	-835.7174	-1182.027	346.31	1.796348	1.670785
6648	-823.8052	-1170.242	346.4372	1.767476	1.599946
6654	-839.9173	-1186.213	346.2959	1.944852	1.573629
6660	-836.5808	-1183	346.4196	1.821149	1.573629
6666	-857.1109	-1203.429	346.3184	2.086052	1.451279
6672	-849.8195	-1196.496	346.6764	1.810893	1.387325
6678	-855.3591	-1201.995	346.6359	1.933009	1.322644
6684	-853.4693	-1198.752	345.2828	1.311254	2.65931
6690	-860.4471	-1207.401	346.9543	1.933009	1.046227
6696	-849.6968	-1196.24	346.543	1.790207	1.50513
6702	-845.4941	-1192.103	346.6084	1.843658	1.414737
6708	-844.5068	-1191.265	346.7586	1.693486	1.414737
6714	-855.8761	-1202.249	346.3728	1.681699	1.707565
6720	-839.3048	-1185.411	346.1062	1.547033	1.983016
6726	-846.142	-1191.284	345.1425	1.461049	2.653467
6732	-837.8868	-1183.401	345.5145	1.383906	2.470245
6738	-828.5322	-1174.025	345.4925	1.369841	2.492867
6744	-835.1722	-1179.495	344.323	1.230882	3.28507
6750	-852.3439	-1195.094	342.7498	0.933709	4.362007
6756	-857.0146	-1199.73	342.7155	1.245847	4.20471
6762	-830.4768	-1174.101	343.6246	1.091056	3.773488
6768	-818.3832	-1162.733	344.3494	1.193323	3.291635
6774	-823.485	-1167.595	344.1097	1.097059	3.488695
6780	-822.3994	-1166.846	344.4469	1.222935	3.216559
6786	-814.064	-1158.719	344.6555	1.235857	3.084912
6792	-833.4078	-1178.525	345.1175	1.09995	2.889068
6798	-841.6139	-1185.404	343.7903	1.045561	3.704069
6804	-843.5452	-1187.324	343.779	1.023189	3.723576
6810	-834.2729	-1178.51	344.2367	1.068994	3.430876
6816	-839.8295	-1185.759	345.9294	1.413749	2.18701
6822	-843.8262	-1190.021	346.1947	1.477915	1.969997
6828	-838.8807	-1184.701	345.82	1.263575	2.35347
6834	-828.7615	-1174.12	345.3583	1.336568	2.597038
6840	-831.64	-1177.06	345.4203	1.504715	2.453581
6846	-833.2123	-1178.497	345.2845	1.330221	2.646547
6852	-825.1521	-1170.808	345.6562	1.554054	2.272672
6858	-842.8093	-1187.91	345.101	1.554054	2.621711
6864	-853.952	-1197.954	344.0022	1.129193	3.532625
6870	-848.5223	-1194.133	345.6105	1.325368	2.446759
6876	-851.5899	-1195.486	343.8961	1.167677	3.571976
6882	-842.9534	-1186.657	343.7038	1.362254	3.570664
6888	-845.3171	-1191.054	345.7373	1.629682	2.171517
6894	-831.8923	-1177.779	345.887	1.703043	2.025072
6900	-838.4544	-1184.182	345.728	1.607974	2.191647
6906	-838.804	-1183.74	344.9363	1.542233	2.730241
6912	-832.169	-1178.261	346.0917	1.351644	2.121752
6918	-823.4058	-1169.573	346.167	1.526467	1.956015
6924	-823.5917	-1168.877	345.2849	1.374896	2.618754
6930	-826.9557	-1171.903	344.9469	1.390307	2.816441
6936	-824.6182	-1169.467	344.8486	1.13068	3.032308
6942	-830.7664	-1173.353	342.5865	1.25372	4.273373
6948	-833.7509	-1178.009	344.2584	1.181346	3.35225
6954	-826.9245	-1171.504	344.5791	1.253781	3.119709
6960	-834.3172	-1178.963	344.6455	1.187387	3.119709
6966	-826.9408	-1171.747	344.8065	1.15688	3.041874
6972	-822.4616	-1167.186	344.7244	1.335754	2.983807
6978	-830.0622	-1173.625	343.5625	1.214089	3.738316
6984	-822.6073	-1167.146	344.5388	1.149701	3.205508
6990	-837.5536	-1181.936	344.3821	1.254579	3.236131
6996	-824.1379	-1168.909	344.7709	1.182401	3.047904
7002	-819.6146	-1165.404	345.7891	1.215329	2.403596
7008	-828.3079	-1173.774	345.4658	1.410872	2.48389
7014	-837.3048	-1181.431	344.1265	1.174192	3.433812
7020	-835.3882	-1179.137	343.7488	1.235814	3.617938
7026	-825.5609	-1171.176	345.6153	1.410505	2.390048
7032	-830.3984	-1176.133	345.7348	1.688504	2.134858
7038	-833.6673	-1179.731	346.064	1.587929	1.983853
7044	-832.7505	-1178.878	346.1273	1.762189	1.822727
7050	-827.8918	-1173.864	345.9721	1.492603	2.107783
7056	-845.7688	-1192.003	346.2343	1.334467	2.039198
7062	-836.8017	-1182.639	345.8376	1.584005	2.135988
7068	-835.0865	-1180.942	345.8559	1.565624	2.135988
7074	-824.5854	-1171.199	346.6135	1.548614	1.630778
7080	-826.6638	-1172.626	345.9618	1.344138	2.211078
7086	-822.2655	-1167.769	345.503	1.327052	2.512998
7092	-823.4185	-1168.618	345.1998	1.424126	2.64093
7098	-820.631	-1166.297	345.6659	1.394864	2.367918
7104	-845.9711	-1191.037	345.0656	1.933244	2.407098
7110	-843.8052	-1189.147	345.342	1.44407	2.540438
7116	-851.1804	-1196.449	345.2684	1.472299	2.568614
7122	-853.89	-1200.449	346.5592	1.665657	1.585266
7128	-843.9189	-1190.755	346.8363	1.789387	1.276502
7134	-841.6184	-1188.241	346.6224	1.718478	1.499408
7140	-846.3663	-1192.029	345.6632	1.318268	2.418054
7146	-836.3786	-1182.289	345.9101	1.418013	2.196711
7152	-849.9532	-1193.457	343.5036	1.296366	3.72483
7158	-832.4638	-1177.782	345.3179	1.530773	2.501388
7164	-826.5585	-1171.393	344.8348	1.346226	2.911029
7170	-825.3683	-1168.149	342.7805	0.9983618	4.308115
7176	-836.0389	-1179.555	343.5161	1.176365	3.786841
7182	-832.7633	-1176.363	343.5996	1.174368	3.73985
7188	-833.0005	-1178.48	345.4792	1.389897	2.488603
7194	-815.0827	-1160.469	345.3866	1.482479	2.488603
7200	-833.4496	-1179.01	345.5604	1.313081	2.485849
7206	-834.9465	-1181.292	346.3451	1.504837	1.849933
7212	-824.1631	-1170.962	346.7991	2.015937	1.113581
7218	-843.5562	-1190.386	346.8298	1.837839	1.241773
7224	-831.3757	-1177.469	346.0935	1.814228	1.81013
7230	-842.3019	-1188.273	345.9712	1.375566	2.184619
7236	-834.6255	-1179.744	345.1187	1.40854	2.700357
7242	-836.8545	-1183.271	346.4169	1.859897	1.547105
7248	-827.8822	-1173.938	346.0555	1.799838	1.846193
7254	-816.7797	-1162.053	345.2737	1.339118	2.647762
7260	-819.4157	-1165.139	345.723	1.265631	2.413565
7266	-816.9588	-1162.978	346.0195	1.415129	2.127475
7272	-826.0619	-1171.819	345.7573	1.607635	2.172841
7278	-836.1981	-1181.656	345.4581	1.405218	2.492214
7284	-823.6503	-1169.026	345.3762	1.18905	2.677054
7290	-823.1605	-1167.915	344.755	1.176437	3.060944
7296	-824.4731	-1170.482	346.0091	1.333392	2.1874
7302	-831.249	-1177.137	345.8878	1.551176	2.124598
7308	-826.6713	-1172.828	346.1568	1.490361	1.987029
7314	-831.2971	-1176.481	345.1839	1.09702	2.850629
7320	-831.1035	-1176.701	345.5977	1.347992	2.44056
7326	-828.3997	-1173.858	345.4584	1.493018	2.437003
7332	-832.4661	-1178.06	345.5941	1.357242	2.437003
7338	-831.4025	-1177.103	345.7006	1.465992	2.300589
7344	-845.7681	-1191.042	345.2734	1.311655	2.664853
7350	-843.708	-1189.139	345.4313	1.468034	2.469674
7356	-836.5347	-1181.791	345.2561	1.462036	2.582644
7362	-829.6273	-1175.487	345.8597	1.616079	2.100471
7368	-834.9778	-1179.957	344.9793	1.552529	2.697566
7374	-833.6808	-1178.379	344.6977	1.325546	3.005981
7380	-834.8825	-1179.187	344.305	1.211092	3.307337
7386	-843.6124	-1187.335	343.7223	1.109915	3.706174
7392	-846.701	-1190.589	343.8876	1.098661	3.617017
7398	-852.2786	-1196.484	344.2052	1.244132	3.346595
7404	-845.7922	-1189.758	343.9661	1.318702	3.44308
7410	-850.0593	-1195.312	345.253	1.417743	2.61199
7416	-842.5776	-1187.1	344.5221	1.202664	3.18398
7422	-851.122	-1195.356	344.234	1.465799	3.198778
7428	-837.2653	-1182.737	345.472	1.509607	2.417959
7434	-840.4393	-1185.759	345.3193	1.346544	2.615021
7440	-843.9985	-1190.212	346.2135	1.572185	1.893746
7446	-841.0417	-1187.267	346.2256	1.558651	1.89474
7452	-836.1788	-1182.186	346.007	1.418393	2.133465
7458	-845.2885	-1191.726	346.4372	1.425695	1.841031
7464	-850.2181	-1196.656	346.438	1.584192	1.730381
7470	-842.4105	-1188.117	345.7061	1.500061	2.275305
7476	-829.3453	-1175.69	346.3448	1.662581	1.740793
7482	-839.1926	-1185.199	346.0061	1.675397	1.96405
7488	-836.152	-1182.057	345.9054	1.569673	2.100948
7494	-841.9011	-1187.687	345.7858	1.323634	2.337006
7500	-851.7441	-1196.861	345.1165	1.501458	2.644556
7506	-841.402	-1185.67	344.2679	1.182704	3.345851
7512	-836.0343	-1179.03	342.9953	1.15199	4.099054
7518	-844.854	-1187.451	342.5969	1.21363	4.290212
7524	-830.1533	-1174.777	344.6234	1.299883	3.065821
7530	-838.5773	-1182.437	343.8598	1.045541	3.66388
7536	-842.5542	-1185.42	342.8661	1.149718	4.173794
7542	-844.0594	-1188.995	344.9357	1.408764	2.812007
7548	-831.7193	-1177.555	345.8353	1.50505	2.188821
7554	-820.1739	-1165.486	345.3119	1.352985	2.615631
7560	-833.413	-1178.924	345.511	1.364373	2.484667
7566	-837.915	-1181.974	344.0592	1.193578	3.461822
7572	-829.151	-1172.964	343.8126	1.115078	3.650974
7578	-830.5086	-1174.289	343.7801	1.147581	3.650974
7584	-833.4262	-1177.169	343.7432	1.184496	3.650974
7590	-835.8304	-1179.84	344.01	1.119608	3.533678
7596	-849.5773	-1194.09	344.5124	1.085751	3.258943
7602	-841.7352	-1185.699	343.9633	0.922866	3.674971
7608	-845.5404	-1190.337	344.7965	1.212375	3.014609
7614	-847.604	-1192.91	345.306	1.330353	2.633223
7620	-840.0656	-1185.952	345.8861	1.460983	2.184443
7626	-831.5733	-1177.473	345.8996	1.447501	2.184443
7632	-829.4771	-1175.455	345.9783	1.445319	2.134632
7638	-840.1958	-1185.177	344.9815	1.257165	2.876235
7644	-840.2154	-1186.222	346.0065	1.274827	2.226952
7650	-843.8706	-1188.891	345.0207	1.20189	2.885929
7656	-833.1618	-1178.878	345.7164	1.400776	2.332076
7662	-828.9827	-1174.81	345.8273	1.418763	2.249675
7668	-832.7652	-1177.839	345.0737	1.421716	2.719877
7674	-846.4266	-1190.786	344.359	1.292872	3.227149
7680	-836.6968	-1181.646	344.9495	1.359834	2.833351
7686	-836.1542	-1181.427	345.2729	1.218548	2.72235
7692	-832.9263	-1178.808	345.8817	1.637854	2.071721
7698	-834.1922	-1180.49	346.2978	1.479361	1.899523
7704	-839.1736	-1185.431	346.2574	1.60234	1.843175
7710	-835.7161	-1181.206	345.4902	1.417058	2.464693
7716	-838.6782	-1184.645	345.9673	1.500528	2.105749
7722	-846.2281	-1192.557	346.329	1.714104	1.715663
7728	-845.1915	-1192.024	346.8328	1.804506	1.266939
7734	-840.5752	-1184.749	344.1738	1.25597	3.358134
7740	-843.6478	-1188.32	344.6725	1.317125	3.02616
7746	-845.0213	-1190.004	344.983	1.371631	2.805825
7752	-840.3921	-1186.409	346.0171	1.686469	1.949266
7758	-837.0246	-1183.366	346.3418	1.783936	1.656944
7764	-827.2664	-1174.097	346.8304	1.67624	1.372202
7770	-842.6149	-1186.418	343.8034	1.245547	3.58061
7776	-841.7956	-1186.373	344.5776	1.398117	3.034484
7782	-840.986	-1187.503	346.5169	1.684587	1.602266
7788	-845.0909	-1191.151	346.0599	1.620922	1.964493
7794	-838.9226	-1184.587	345.6642	1.523516	2.287096
7800	-832.1421	-1177.336	345.1935	1.259143	2.746063
7806	-835.7148	-1180.835	345.1198	1.321368	2.753052
7812	-849.6021	-1194.629	345.0266	1.283506	2.832927
7818	-854.2352	-1198.468	344.233	1.183642	3.36581
7824	-848.5977	-1192.427	343.8291	1.056905	3.675101
7830	-850.9801	-1192.89	341.9099	1.25768	4.652164
7836	-850.3276	-1194.112	343.7844	1.061441	3.698347
7842	-842.8377	-1188.273	345.4349	1.4364	2.487228
7848	-841.0789	-1185.934	344.8548	1.304542	2.924131
7854	-848.9236	-1194.536	345.6125	1.386148	2.407243
7860	-858.2184	-1202.707	344.4889	1.269118	3.164281
7866	-847.4473	-1192.21	344.7631	1.273781	2.99778
7872	-850.6936	-1195.811	345.1175	1.206622	2.824392
7878	-847.7624	-1193.208	345.4454	1.309749	2.559639
7884	-851.1862	-1197.539	346.3531	1.418985	1.902991
7890	-855.6104	-1200.95	345.3391	1.114482	2.745513
7896	-833.4241	-1178.2	344.7755	1.218749	3.023394
7902	-847.7281	-1194.215	346.4869	1.856803	1.497264
7908	-834.0041	-1180.723	346.7188	1.658619	1.471887
7914	-832.1616	-1177.599	345.437	1.545865	2.417162
7920	-850.3821	-1193.522	343.1397	0.9597905	4.126266
7926	-862.8691	-1206.468	343.5991	1.006045	3.837108
7932	-836.3111	-1181.7	345.3886	1.53137	2.456753
7938	-847.4366	-1193.417	345.9799	1.692087	1.970463
7944	-851.5318	-1196.634	345.1019	1.242366	2.812168
7950	-852.6551	-1195.926	343.2711	1.054615	3.997254
7956	-864.3567	-1208.376	344.0191	1.269498	3.440891
7962	-847.6831	-1192.613	344.9302	1.408275	2.815636
7968	-843.8881	-1188.512	344.6241	1.479893	2.957484
7974	-843.647	-1188.295	344.6483	1.161248	3.133645
7980	-849.5886	-1195.451	345.8621	1.481814	2.186489
7986	-859.3991	-1203.267	343.868	1.18814	3.576412
7992	-866.6748	-1209.042	342.3671	1.011074	4.534036
7998	-860.9754	-1205.411	344.4356	1.232991	3.217266
8004	-850.6206	-1196.452	345.8318	1.620812	2.115714
8010	-845.896	-1191.446	345.5496	1.577552	2.32578
8016	-835.3137	-1180.746	345.4322	1.464835	2.471108
8022	-833.2989	-1178.828	345.5292	1.48028	2.400349
8028	-842.2284	-1186.77	344.5416	1.432329	3.035561
8034	-835.5389	-1180.209	344.6699	1.272733	3.054275
8040	-827.5487	-1172.205	344.6563	1.22288	3.092135
8046	-839.2486	-1184.142	344.8934	1.493963	2.785884
8052	-835.8466	-1180.791	344.9447	1.245665	2.905397
8058	-834.6263	-1180.259	345.6328	1.437085	2.36213
8064	-837.6883	-1183.272	345.5837	1.486233	2.36213
8070	-842.0686	-1187.31	345.2414	1.391516	2.635335
8076	-850.4541	-1196.509	346.0544	1.335735	2.156481
8082	-842.4044	-1187.778	345.3734	1.335917	2.588088
8088	-843.549	-1188.966	345.4174	1.291911	2.588088
8094	-845.1153	-1189.965	344.8497	1.478739	2.821741
8100	-841.147	-1186.767	345.6197	1.599244	2.267058
8106	-831.4081	-1177.212	345.8042	1.57155	2.165805
8112	-836.1903	-1181.162	344.9715	1.469446	2.753194
8118	-842.7363	-1188.975	346.2386	1.638776	1.831033
8124	-834.2994	-1178.353	344.0532	1.116459	3.510344
8130	-842.2568	-1187.874	345.6175	1.23735	2.497511
8136	-846.6643	-1191.189	344.5247	1.224077	3.169748
8142	-856.2973	-1202.771	346.4737	1.973779	1.418253
8148	-849.4103	-1195.969	346.5591	1.888437	1.418253
8154	-844.3729	-1190.883	346.5106	1.951658	1.40685
8160	-852.2058	-1198.81	346.6041	1.858157	1.40685
8166	-845.1431	-1192.021	346.8778	1.751349	1.273699
8172	-844.5516	-1190.745	346.1939	1.751349	1.784153
8178	-835.6036	-1181.903	346.2997	1.876734	1.620442
8184	-851.6328	-1198.13	346.4976	1.774692	1.550405
8190	-849.4194	-1195.948	346.5284	1.912247	1.423539
8196	-855.4736	-1201.494	346.0202	1.698538	1.939021
8202	-839.2148	-1182.188	342.9735	0.8685493	4.272384
8208	-837.2561	-1180.365	343.1093	1.020085	4.109204
8214	-845.7543	-1188.828	343.0739	1.055529	4.109204
8220	-841.1493	-1187.125	345.976	1.627397	2.016213
8226	-839.4557	-1184.865	345.4093	1.286295	2.59662
8232	-847.0119	-1191.929	344.917	1.223937	2.935199
8238	-837.3695	-1181.522	344.1524	1.249464	3.374499
8244	-860.765	-1204.418	343.6528	1.049271	3.781278
8250	-850.4549	-1195.441	344.9865	1.286855	2.855205
8256	-847.9159	-1192.949	345.0333	1.376267	2.772365
8262	-848.1744	-1193.826	345.6513	1.459729	2.336023
8268	-847.9029	-1193.246	345.3435	1.547268	2.475058
8274	-848.1684	-1193.867	345.6982	1.505637	2.276734
8280	-868.0687	-1213.817	345.7478	1.606122	2.179991
8286	-858.9835	-1204.845	345.861	1.684839	2.054345
8292	-850.8856	-1194.857	343.9714	1.164895	3.529784
8298	-850.4137	-1194.362	343.9483	1.188021	3.529784
8304	-841.7257	-1187.22	345.4942	1.424651	2.457417
8310	-862.3705	-1208.417	346.046	1.688817	1.928169
8316	-849.7339	-1195.761	346.0274	1.668767	1.954203
8322	-851.1743	-1196.968	345.7939	1.528617	2.200382
8328	-844.1164	-1189.855	345.7389	1.583617	2.200382
8334	-854.4205	-1200.376	345.9553	1.556248	2.076988
8340	-846.0239	-1191.931	345.9076	1.603985	2.076988
8346	-851.2298	-1197.342	346.1125	1.51846	1.997877
8352	-860.8077	-1206.1	345.2922	1.323721	2.645819
8358	-858.2284	-1201.967	343.7381	1.338503	3.564497
8364	-824.261	-1170.434	346.1726	1.605181	1.899112
8370	-833.4471	-1180.18	346.7333	1.636371	1.47769
8376	-832.2248	-1177.98	345.7548	1.445759	2.278858
8382	-842.4593	-1188.269	345.8101	1.393016	2.277216
8388	-833.0359	-1178.302	345.2663	1.437185	2.591692
8394	-837.9125	-1182.373	344.4603	1.367284	3.122904
8400	-827.845	-1172.96	345.115	1.306657	2.764966
8406	-828.5328	-1173.303	344.7698	1.311235	2.971255
8412	-840.6948	-1185.515	344.8197	1.371116	2.90514
8418	-830.4346	-1175.658	345.2229	1.382122	2.652573
8424	-831.4537	-1176.214	344.7605	1.299738	2.983805
8430	-833.178	-1178.014	344.836	1.224238	2.983805
8436	-833.6338	-1177.741	344.1074	1.248839	3.401236
8442	-823.5145	-1167.388	343.8737	1.261944	3.53017
8448	-828.7929	-1174.528	345.7353	1.261688	2.408232
8454	-830.176	-1174.274	344.0982	1.170134	3.452737
8460	-849.0659	-1193.228	344.1619	1.334476	3.318922
8466	-834.0079	-1179.134	345.1259	1.349913	2.731902
8472	-866.2258	-1207.256	341.03	1.011971	5.278108
8478	-846.8762	-1187.931	341.0545	0.9409777	5.30378
8484	-835.6287	-1179.774	344.1451	1.231226	3.389468
8490	-839.0536	-1183.566	344.5126	1.388631	3.078998
8496	-833.2746	-1179.488	346.2138	1.473209	1.960358
8502	-833.7729	-1177.241	343.4684	1.106503	3.854455
8508	-831.5868	-1175.179	343.592	0.9828822	3.854455
8514	-830.4652	-1176.433	345.968	1.488359	2.113248
8520	-835.488	-1181.554	346.066	1.640646	1.947159
8526	-844.7672	-1191.06	346.2925	1.836601	1.654508
8532	-866.8728	-1210.434	343.5608	1.314204	3.681435
8538	-855.0955	-1198.94	343.8441	1.145308	3.615192
8544	-844.7746	-1188.84	344.0657	1.061063	3.535336
8550	-852.6109	-1197.424	344.8128	1.409416	2.886132
8556	-844.2888	-1189.591	345.3018	1.264418	2.676469
8562	-853.9059	-1199.219	345.3134	1.353968	2.614051
8568	-857.9925	-1203.496	345.5037	1.364484	2.489202
8574	-862.8345	-1207.798	344.9638	1.344762	2.833827
8580	-847.9903	-1192.775	344.7846	1.356854	2.934903
8586	-833.8605	-1178.899	345.0382	1.349842	2.785497
8592	-850.6184	-1196.285	345.6666	1.484275	2.310641
8598	-832.4358	-1177.441	345.0057	1.392565	2.779292
8604	-845.8165	-1189.75	343.9331	1.573886	3.312714
8610	-833.5056	-1178.433	344.9273	1.362666	2.845153
8616	-831.0398	-1177.131	346.0916	1.42268	2.075159
8622	-836.1502	-1181.754	345.6042	1.452723	2.370384
8628	-823.3899	-1168.511	345.1211	1.43647	2.681784
8634	-828.0835	-1173.579	345.4957	1.617377	2.334709
8640	-828.9627	-1174.536	345.5731	1.539942	2.334709
8646	-826.5982	-1172.1	345.5013	1.469805	2.424567
8652	-835.8769	-1180.743	344.8665	1.448561	2.829863
8658	-835.3024	-1180.511	345.2089	1.41333	2.641931
8664	-829.3944	-1175.426	346.0311	1.466021	2.086468
8670	-831.5542	-1177.538	345.9835	1.463486	2.119398
8676	-844.8587	-1190.54	345.6808	1.524068	2.276074
8682	-849.132	-1194.041	344.9086	1.217449	2.944176
8688	-854.1064	-1198.997	344.8911	1.254626	2.932341
8694	-864.6383	-1209.341	344.7031	1.291354	3.023255
8700	-839.2435	-1184.533	345.2893	1.478224	2.551981
8706	-838.4982	-1183.787	345.2893	1.478224	2.551981
8712	-846.9968	-1192.627	345.6297	1.478224	2.337962
8718	-843.7572	-1190.225	346.4676	1.558958	1.727333
8724	-855.3996	-1200.41	345.0107	1.52248	2.69676
8730	-829.3277	-1173.448	344.1202	1.135836	3.459916
8736	-838.465	-1182.442	343.9769	1.279601	3.459608
8742	-826.6151	-1172.451	345.836	1.522992	2.17671
8748	-828.6969	-1174.429	345.7321	1.626872	2.17671
8754	-833.6831	-1179.723	346.0403	1.543319	2.029336
8760	-835.1662	-1181.737	346.5712	1.73518	1.525165
8766	-819.7958	-1165.791	345.9948	1.494632	2.091527
8772	-835.5653	-1181.842	346.2772	1.784995	1.702138
8778	-829.6311	-1175.432	345.8012	1.593372	2.153563
8784	-836.3171	-1180.84	344.523	1.593372	2.95005
8790	-840.2534	-1185.614	345.3607	1.624199	2.415913
8796	-825.3361	-1171.001	345.6646	1.601105	2.237036
8802	-829.335	-1174.053	344.7183	1.198113	3.069931
8808	-827.6917	-1171.917	344.2253	1.211718	3.353845
8814	-834.7521	-1178.935	344.1825	1.194962	3.388787
8820	-845.2709	-1188.916	343.645	1.191829	3.703534
8826	-842.1984	-1186.478	344.2798	1.18467	3.337693
8832	-849.3947	-1193.586	344.1916	1.27292	3.337693
8838	-842.0314	-1186.513	344.4816	1.304401	3.147638
8844	-843.4022	-1187.742	344.3398	1.321177	3.221776
8850	-837.9506	-1183.859	345.9088	1.62515	2.062203
8856	-844.082	-1189.149	345.0667	1.291749	2.803534
8862	-844.9476	-1190.741	345.7935	1.49106	2.224844
8868	-858.6167	-1205.159	346.5425	1.733009	1.548016
8874	-863.4868	-1205.733	342.2457	0.959092	4.631306
8880	-861.398	-1206.064	344.666	1.098543	3.160374
8886	-862.0844	-1206.439	344.3547	1.077499	3.35667
8892	-843.5774	-1190.427	346.8498	1.973974	1.105587
8898	-851.2689	-1198.21	346.9414	1.878142	1.109513
8904	-843.6705	-1190.554	346.8832	2.121378	0.9272648
8910	-844.0561	-1190.956	346.9003	1.946789	1.08417
8916	-836.4991	-1183.121	346.6217	1.838381	1.408577
8922	-842.9583	-1189.844	346.886	1.793889	1.231461
8928	-856.0931	-1202.711	346.6183	1.790873	1.447735
8934	-849.657	-1196.034	346.3775	1.660344	1.719335
8940	-845.3514	-1191.495	346.1433	1.484613	1.999917
8946	-856.5241	-1202.242	345.7175	1.319897	2.382697
8952	-855.6634	-1201.07	345.4065	1.473991	2.481501
8958	-850.2654	-1195.251	344.9856	1.272369	2.864526
8964	-857.8976	-1203.515	345.6173	1.405262	2.392141
8970	-867.3253	-1213.583	346.2576	1.44804	1.947852
8976	-852.7338	-1198.431	345.6971	1.539793	2.255578
8982	-842.5465	-1188.548	346.0019	1.742104	1.921989
8988	-848.2356	-1194.234	345.9985	1.575379	2.035815
8994	-844.4976	-1190.025	345.5269	1.66082	2.287056
9000	-851.6617	-1197.535	345.8731	1.314616	2.287056
9006	-830.178	-1174.653	344.475	1.368221	3.1136
9012	-819.2112	-1163.608	344.3968	1.178691	3.272308
9018	-823.1263	-1168.12	344.9941	1.136653	2.941369
9024	-828.7495	-1173.222	344.4729	1.254036	3.182697
9030	-833.0771	-1177.013	343.9359	1.240655	3.506313
9036	-833.4372	-1177.719	344.282	1.186121	3.335565
9042	-826.0079	-1169.104	343.0956	1.215312	4.005692
9048	-833.3767	-1179.297	345.9207	1.34752	2.235378
9054	-831.0065	-1176.413	345.4062	1.591039	2.408081
9060	-836.7482	-1181.056	344.308	1.15744	3.337114
9066	-828.5264	-1173.019	344.4928	1.372081	3.100676
9072	-829.5758	-1174.358	344.7822	1.399942	2.910391
9078	-843.9823	-1189.241	345.2589	1.488605	2.56444
9084	-848.8928	-1194.186	345.2931	1.488605	2.543128
9090	-851.8081	-1198.27	346.4619	1.833663	1.533186
9096	-847.562	-1194.281	346.7187	1.916895	1.26841
9102	-845.4876	-1191.833	346.3451	1.665162	1.738788
9108	-861.4983	-1208.431	346.9325	1.764476	1.216977
9114	-845.6319	-1192.046	346.4143	1.832363	1.569315
9120	-848.9932	-1195.864	346.8704	1.707703	1.31526
9126	-845.0351	-1191.131	346.0957	1.631836	1.933092
9132	-855.7068	-1201.676	345.969	1.594727	2.042534
9138	-849.4409	-1195.061	345.6204	1.440252	2.367992
9144	-838.3742	-1183.589	345.2147	1.413576	2.638213
9150	-849.4159	-1194.117	344.7013	1.362277	2.981751
9156	-840.5852	-1185.209	344.6235	1.408153	3.000958
9162	-830.909	-1176.358	345.4486	1.502057	2.437438
9168	-849.3	-1194.087	344.7873	1.419094	2.895725
9174	-851.7487	-1196.179	344.4303	1.488314	3.068616
9180	-844.7177	-1188.309	343.5916	1.227724	3.71363
9186	-845.5447	-1187.816	342.2715	0.9393198	4.627962
9192	-840.2438	-1184.496	344.2526	1.196908	3.346512
9198	-827.7992	-1171.277	343.4776	1.247824	3.767857
9204	-835.0592	-1179.774	344.7149	1.097753	3.131764
9210	-837.0599	-1182.106	345.046	1.240453	2.847265
9216	-837.4946	-1182.281	344.7868	1.077016	3.101295
9222	-828.1947	-1172.888	344.6928	1.221791	3.070992
9228	-833.9786	-1179.427	345.4489	1.541001	2.412721
9234	-836.1425	-1182.86	346.7172	1.639078	1.487788
9240	-835.4267	-1181.766	346.3396	1.608209	1.782405
9246	-839.4152	-1185.106	345.6907	1.584813	2.230712
9252	-823.453	-1169.257	345.8042	1.520776	2.198776
9258	-828.7072	-1175.039	346.3317	1.552156	1.826575
9264	-847.8764	-1194.373	346.4962	1.714029	1.595936
9270	-837.1359	-1183.742	346.6063	1.71891	1.511124
9276	-845.4096	-1191.751	346.3409	1.630448	1.765953
9282	-844.7661	-1190.494	345.7277	1.662804	2.156229
9288	-838.9501	-1185.35	346.4003	1.651025	1.709859
9294	-842.7984	-1188.59	345.7911	1.451225	2.252049
9300	-835.8122	-1181.733	345.9212	1.408613	2.195604
9306	-844.1435	-1191.084	346.941	1.691625	1.270846
9312	-840.3528	-1187.08	346.7269	1.819331	1.340812
9318	-839.4993	-1186.13	346.6305	1.616241	1.569218
9324	-829.2664	-1175.914	346.6475	1.621792	1.552618
9330	-834.4819	-1180.975	346.4935	1.77658	1.552036
9336	-833.7414	-1180.04	346.2989	1.647213	1.783541
9342	-821.2348	-1166.72	345.4856	1.476718	2.430137
9348	-831.6468	-1177.322	345.6756	1.40087	2.357946
9354	-824.7937	-1168.981	344.1875	1.147631	3.41362
9360	-825.9	-1170.048	344.1481	1.187034	3.41362
9366	-828.2741	-1173.734	345.4598	1.48013	2.44421
9372	-839.7761	-1185.762	345.9864	1.47006	2.113193
9378	-845.8033	-1191.457	345.6536	1.388523	2.379711
9384	-847.4936	-1191.737	344.2429	1.212377	3.343104
9390	-841.2874	-1186.131	344.8439	1.371577	2.890252
9396	-852.8712	-1198.396	345.5252	1.524368	2.375031
9402	-847.0212	-1191.247	344.2256	1.105261	3.416121
9408	-838.2845	-1183.659	345.3748	1.307609	2.604774
9414	-840.0027	-1185.521	345.5186	1.528091	2.376835
9420	-837.4464	-1183.107	345.6608	1.385942	2.376835
9426	-831.1952	-1176.811	345.6156	1.444813	2.368149
9432	-849.9678	-1195.759	345.791	1.471366	2.239162
9438	-848.6011	-1194.363	345.7623	1.500118	2.239162
9444	-846.4005	-1191.946	345.5451	1.5592	2.340284
9450	-833.4648	-1179.175	345.7102	1.394097	2.340284
9456	-837.0992	-1181.894	344.7945	1.443861	2.876386
9462	-835.963	-1180.75	344.7872	1.451145	2.876386
9468	-846.8584	-1190.958	344.0995	1.303188	3.374032
9474	-836.4669	-1179.749	343.2823	1.151719	3.935266
9480	-822.4114	-1166.089	343.678	1.175686	3.693784
9486	-826.5986	-1171.692	345.093	1.298563	2.783337
9492	-839.9578	-1185.689	345.7315	1.558167	2.221589
9498	-845.9594	-1191.462	345.5023	1.555726	2.369677
9504	-849.7591	-1196.086	346.3265	1.663082	1.753235
9510	-851.7117	-1198.097	346.3849	1.538952	1.798984
9516	-849.3275	-1195.75	346.4228	1.702085	1.657548
9522	-845.0857	-1191.537	346.4514	1.673456	1.657548
9528	-851.2768	-1197.657	346.3804	1.50007	1.828926
9534	-853.9042	-1199.046	345.1415	1.418004	2.680552
9540	-851.5537	-1197.125	345.5714	1.420285	2.411588
9546	-855.1677	-1200.74	345.5725	1.444408	2.395704
9552	-850.3539	-1196.44	346.0862	1.89497	1.759162
9558	-833.2841	-1179.318	346.0338	1.559371	2.023
9564	-851.1692	-1196.009	344.8393	1.374339	2.891333
9570	-849.1553	-1194.501	345.3462	1.423505	2.550643
9576	-834.2367	-1179.952	345.7157	1.524853	2.253221
9582	-844.1107	-1189.475	345.3639	1.471353	2.509746
9588	-837.4593	-1183.019	345.5599	1.612828	2.296664
9594	-839.8749	-1185.166	345.2914	1.478529	2.550459
9600	-833.0469	-1178.993	345.9458	1.478529	2.134158
9606	-846.5013	-1192.228	345.7264	1.483754	2.272711
9612	-840.1745	-1185.695	345.5207	1.447109	2.426642
9618	-843.7469	-1189.728	345.9814	1.277176	2.241582
9624	-853.1679	-1198.007	344.8393	1.374339	2.891333
9630	-837.6399	-1182.479	344.8393	1.374339	2.891333
9636	-835.3364	-1180.176	344.8393	1.374339	2.891333
9642	-837.6216	-1182.461	344.8393	1.374339	2.891333
9648	-836.6677	-1181.507	344.8393	1.374339	2.891333
9654	-835.4588	-1180.298	344.8393	1.374339	2.891333
9660	-835.7438	-1180.583	344.8393	1.374339	2.891333
9666	-843.1739	-1188.013	344.8393	1.374339	2.891333
9672	-845.8231	-1190.662	344.8393	1.374339	2.891333
9678	-840.3979	-1185.237	344.8393	1.374339	2.891333
9684	-838.4817	-1183.321	344.8393	1.374339	2.891333
9690	-839.9297	-1184.769	344.8393	1.374339	2.891333
9696	-840.7102	-1185.549	344.8393	1.374339	2.891333
9702	-838.1207	-1182.96	344.8393	1.374339	2.891333
9708	-843.7703	-1188.61	344.8393	1.374339	2.891333
9714	-843.8666	-1188.706	344.8393	1.374339	2.891333
9720	-840.0581	-1184.897	344.8393	1.374339	2.891333
9726	-837.1894	-1182.029	344.8393	1.374339	2.891333
9732	-833.7182	-1178.558	344.8393	1.374339	2.891333
9738	-836.1537	-1180.993	344.8393	1.374339	2.891333
9744	-840.0613	-1184.901	344.8393	1.374339	2.891333
9750	-848.5972	-1193.436	344.8393	1.374339	2.891333
9756	-847.2321	-1192.071	344.8393	1.374339	2.891333
9762	-847.8461	-1190.915	343.0693	1.111945	4.079711
9768	-846.818	-1190.215	343.3965	0.9211404	4.001837
9774	-844.3709	-1186.922	342.5507	0.9674461	4.455272
9780	-851.6385	-1196.478	344.8393	1.374339	2.891333
9786	-845.1543	-1189.994	344.8393	1.374339	2.891333
9792	-842.8071	-1187.646	344.8393	1.374339	2.891333
9798	-840.3804	-1185.22	344.8393	1.374339	2.891333
9804	-847.2826	-1192.122	344.8393	1.374339	2.891333
9810	-855.806	-1200.645	344.8393	1.374339	2.891333
9816	-860.0615	-1204.901	344.8393	1.374339	2.891333
9822	-856.9448	-1201.784	344.8393	1.374339	2.891333
9828	-856.452	-1201.291	344.8393	1.374339	2.891333
9834	-847.1259	-1191.965	344.8393	1.374339	2.891333
9840	-845.0631	-1189.902	344.8393	1.374339	2.891333
9846	-848.1283	-1192.968	344.8393	1.374339	2.891333
9852	-854.367	-1199.206	344.8393	1.374339	2.891333
9858	-850.0818	-1194.921	344.8393	1.374339	2.891333
9864	-849.7521	-1194.591	344.8393	1.374339	2.891333
9870	-844.6449	-1189.484	344.8393	1.374339	2.891333
9876	-846.7273	-1191.567	344.8393	1.374339	2.891333
9882	-849.6155	-1194.455	344.8393	1.374339	2.891333
9888	-850.6432	-1195.482	344.8393	1.374339	2.891333
9894	-851.3273	-1196.167	344.8393	1.374339	2.891333
9900	-849.2478	-1194.087	344.8393	1.374339	2.891333
9906	-856.1491	-1200.988	344.8393	1.374339	2.891333
9912	-852.3294	-1198.994	346.6647	1.762751	1.433718
9918	-845.9182	-1191.692	345.7736	1.576966	2.182206
9924	-844.2588	-1189.626	345.3677	1.526945	2.472621
9930	-847.4981	-1192.337	344.8393	1.374339	2.891333
9936	-844.6077	-1189.447	344.8393	1.374339	2.891333
9942	-846.4769	-1189.386	342.9089	1.055223	4.203158
9948	-848.976	-1192.908	343.9322	1.315068	3.465019
9954	-852.9208	-1197.76	344.8393	1.374339	2.891333
9960	-847.2161	-1192.055	344.8393	1.374339	2.891333
9966	-851.6229	-1196.462	344.8393	1.374339	2.891333
9972	-856.9397	-1201.927	344.9872	1.275388	2.861736
9978	-854.4489	-1199.085	344.636	1.433397	2.978269
9984	-839.5124	-1185.384	345.8719	1.639775	2.076875
9990	-837.4962	-1183.415	345.9184	1.636199	2.048545
9996	-842.3351	-1188.248	345.9127	1.641973	2.048545
10002	-845.2106	-1190.296	345.0856	1.432506	2.705994
10008	-841.2482	-1186.305	345.0566	1.245576	2.83771
10014	-825.3345	-1171.947	346.6124	1.782596	1.458494
10020	-844.9702	-1189.809	344.8393	1.374339	2.891333
10026	-853.8768	-1198.716	344.8393	1.374339	2.891333
10032	-841.1501	-1186.768	345.6183	1.62099	2.254027
10038	-845.8601	-1191.663	345.803	1.62099	2.134424
10044	-846.1965	-1191.036	344.8393	1.374339	2.891333
10050	-844.0394	-1188.879	344.8393	1.374339	2.891333
10056	-846.401	-1191.24	344.8393	1.374339	2.891333
10062	-845.2506	-1190.09	344.8393	1.374339	2.891333
10068	-850.929	-1195.768	344.8393	1.374339	2.891333
10074	-839.4884	-1185.867	346.3784	1.84039	1.589659
10080	-841.5144	-1187.818	346.3037	1.84039	1.643768
10086	-842.4777	-1188.795	346.3176	1.723003	1.717413
10092	-847.6237	-1193.826	346.2021	1.485005	1.960325
10098	-838.6471	-1183.004	344.357	1.406388	3.16104
10104	-838.9708	-1183.514	344.5434	1.220006	3.16104
10110	-862.8997	-1207.249	344.3495	1.416227	3.159673
10116	-864.5921	-1206.571	341.979	1.064878	4.721444
10122	-870.9808	-1213.899	342.9179	1.10883	4.167591
10128	-863.1434	-1206.224	343.0809	1.055249	4.105358
10134	-859.2776	-1202.717	343.4393	1.136965	3.853674
10140	-860.2451	-1206.047	345.8018	1.696074	2.085959
10146	-869.5697	-1215.614	346.0446	1.897486	1.78636
10152	-874.7782	-1219.416	344.6374	1.007731	3.231161
10158	-857.8511	-1201.596	343.745	0.9912312	3.761634
10164	-857.9231	-1202.762	344.8393	1.374339	2.891333
10170	-865.2444	-1209.86	344.616	1.24547	3.102723
10176	-855.0391	-1201.019	345.9803	1.471808	2.116015
10182	-860.4409	-1207.152	346.7116	1.74612	1.410364
10188	-855.0801	-1200.708	345.6281	1.443545	2.361027
10194	-867.3043	-1212.144	344.8393	1.374339	2.891333
10200	-855.1352	-1200.74	345.6044	1.508664	2.334719
10206	-852.8748	-1198.81	345.9347	1.618242	2.049664
10212	-863.4734	-1208.313	344.8393	1.374339	2.891333
10218	-860.2447	-1205.084	344.8393	1.374339	2.891333
10224	-855.603	-1201.172	345.569	1.515328	2.353009
10230	-849.7307	-1194.57	344.8393	1.374339	2.891333
10236	-851.9461	-1196.785	344.8393	1.374339	2.891333
10242	-844.1393	-1189.476	345.3368	1.574784	2.461976
10248	-837.2283	-1182.935	345.7067	1.335559	2.379647
10254	-825.9648	-1171.572	345.607	1.435283	2.379647
10260	-827.7728	-1171.541	343.7685	1.399862	3.511077
10266	-828.624	-1173.978	345.354	1.416961	2.549831
10272	-823.827	-1170.42	346.5933	1.657631	1.566139
10278	-850.6245	-1196.564	345.9397	1.822258	1.909856
10284	-837.2559	-1181.289	344.0335	1.268529	3.433008
10290	-833.6186	-1178.299	344.6804	1.071392	3.167975
10296	-831.6588	-1176.184	344.5251	1.226677	3.167975
10302	-836.0993	-1182.334	346.2345	1.432731	1.973597
10308	-834.847	-1181.394	346.5471	1.509777	1.70593
10314	-842.8533	-1187.693	344.8393	1.374339	2.891333
10320	-841.3932	-1186.427	345.0335	1.319958	2.806551
10326	-844.7856	-1189.799	345.013	1.361812	2.793573
10332	-848.9897	-1193.829	344.8393	1.374339	2.891333
10338	-846.4738	-1191.313	344.8393	1.374339	2.891333
10344	-836.1692	-1181.009	344.8393	1.374339	2.891333
10350	-843.7651	-1188.604	344.8393	1.374339	2.891333
10356	-850.2323	-1195.072	344.8393	1.374339	2.891333
10362	-843.2675	-1188.433	345.1653	1.509206	2.609675
10368	-848.4182	-1194.134	345.7158	1.522739	2.254478
10374	-848.1267	-1193.328	345.2012	1.241437	2.752172
10380	-837.3156	-1182.435	345.1198	1.518812	2.631813
10386	-820.9782	-1166.513	345.5352	1.31115	2.502821
10392	-824.5933	-1170.369	345.7758	1.343641	2.330628
10398	-837.2853	-1182.425	345.1392	1.374683	2.708544
10404	-835.5956	-1182.071	346.4757	1.618128	1.679676
10410	-845.2106	-1191.582	346.3715	1.652305	1.729247
10416	-828.7279	-1175.558	346.8306	1.852235	1.229013
10422	-831.1959	-1177.78	346.5839	1.731025	1.518821
10428	-846.722	-1193.66	346.9385	1.943308	1.05148
10434	-842.5047	-1189.378	346.8731	1.967531	1.090101
10440	-850.6071	-1195.446	344.8393	1.374339	2.891333
10446	-841.7716	-1186.611	344.8393	1.374339	2.891333
10452	-850.2279	-1195.067	344.8393	1.374339	2.891333
10458	-851.1855	-1196.025	344.8393	1.374339	2.891333
10464	-851.4097	-1196.249	344.8393	1.374339	2.891333
10470	-852.1271	-1196.966	344.8393	1.374339	2.891333
10476	-849.3967	-1194.236	344.8393	1.374339	2.891333
10482	-853.0002	-1197.84	344.8393	1.374339	2.891333
10488	-857.2243	-1202.064	344.8393	1.374339	2.891333
10494	-856.1116	-1200.721	344.6094	1.226764	3.117767
10500	-861.6259	-1206.465	344.8393	1.374339	2.891333
10506	-859.3834	-1204.223	344.8393	1.374339	2.891333
10512	-855.0262	-1199.866	344.8393	1.374339	2.891333
10518	-850.8073	-1195.647	344.8393	1.374339	2.891333
10524	-843.2322	-1188.072	344.8393	1.374339	2.891333
10530	-865.32	-1210.735	345.4147	1.57274	2.414258
10536	-856.4093	-1202.178	345.7684	1.592557	2.175455
10542	-850.7211	-1195.56	344.8393	1.374339	2.891333
10548	-857.5678	-1202.407	344.8393	1.374339	2.891333
10554	-858.2646	-1203.104	344.8393	1.374339	2.891333
10560	-865.5364	-1211.623	346.087	1.406527	2.088864
10566	-852.1385	-1196.868	344.7296	1.406527	2.938099
10572	-847.1435	-1191.778	344.6348	1.501399	2.938099
10578	-843.0356	-1187.926	344.8904	1.245768	2.938099
10584	-843.9989	-1188.722	344.7232	1.412929	2.938099
10590	-835.1055	-1180.201	345.0959	1.45307	2.687012
10596	-836.8153	-1182.109	345.2939	1.310478	2.652949
10602	-834.2191	-1178.403	344.184	1.304328	3.323666
10608	-824.0488	-1169.046	344.9977	1.138658	2.938001
10614	-818.0633	-1162.452	344.3882	1.303067	3.203844
10620	-821.8148	-1167.314	345.4992	1.419631	2.457434
10626	-820.3007	-1166.098	345.7975	1.482123	2.228067
10632	-830.9219	-1177.184	346.2617	1.570426	1.862089
10638	-840.9594	-1187.356	346.3963	1.852281	1.567899
10644	-849.6654	-1194.505	344.8393	1.374339	2.891333
10650	-845.6278	-1190.467	344.8393	1.374339	2.891333
10656	-840.0227	-1184.862	344.8393	1.374339	2.891333
10662	-842.8146	-1187.654	344.8393	1.374339	2.891333
10668	-839.2967	-1184.136	344.8393	1.374339	2.891333
10674	-846.395	-1191.234	344.8393	1.374339	2.891333
10680	-843.7932	-1188.633	344.8393	1.374339	2.891333
10686	-841.4001	-1186.239	344.8393	1.374339	2.891333
10692	-834.9601	-1179.799	344.8393	1.374339	2.891333
10698	-842.064	-1186.903	344.8393	1.374339	2.891333
10704	-838.8439	-1183.683	344.8393	1.374339	2.891333
10710	-838.3746	-1183.214	344.8393	1.374339	2.891333
10716	-837.1089	-1181.948	344.8393	1.374339	2.891333
10722	-842.5339	-1187.373	344.8393	1.374339	2.891333
10728	-840.1265	-1184.966	344.8393	1.374339	2.891333
10734	-846.1807	-1191.02	344.8393	1.374339	2.891333
10740	-840.9883	-1185.828	344.8393	1.374339	2.891333
10746	-843.1588	-1187.998	344.8393	1.374339	2.891333
10752	-840.1524	-1184.992	344.8393	1.374339	2.891333
10758	-833.3349	-1178.174	344.8393	1.374339	2.891333
10764	-855.4734	-1201.086	345.6127	1.355357	2.426481
10770	-845.5418	-1190.402	344.8599	1.337865	2.900931
10776	-834.5352	-1180.435	345.8999	1.696127	2.021115
10782	-840.6728	-1186.161	345.4881	1.622154	2.336517
10788	-844.884	-1189.71	344.8259	1.252478	2.972857
10794	-850.7844	-1195.624	344.8393	1.374339	2.891333
10800	-852.2416	-1197.081	344.8393	1.374339	2.891333
10806	-852.9353	-1197.775	344.8393	1.374339	2.891333
10812	-849.9046	-1194.744	344.8393	1.374339	2.891333
10818	-851.7085	-1196.548	344.8393	1.374339	2.891333
10824	-854.5498	-1199.389	344.8393	1.374339	2.891333
10830	-844.1714	-1189.356	345.1851	1.534051	2.58202
10836	-840.0754	-1184.732	344.6567	1.503235	2.923785
10842	-837.0837	-1178.751	341.6671	1.367818	4.726442
10848	-833.0885	-1177.05	343.9619	1.368604	3.416315
10854	-842.172	-1186.06	343.8879	1.114568	3.607563
10860	-838.2608	-1182.004	343.7436	1.381825	3.536131
10866	-844.9752	-1189.207	344.2314	1.274874	3.313083
10872	-846.2591	-1190.99	344.731	1.54058	2.856285
10878	-832.5623	-1178.288	345.7258	1.717599	2.121699
10884	-852.8971	-1198.902	346.0053	1.82223	1.865221
10890	-855.9491	-1200.788	344.8393	1.374339	2.891333
10896	-855.95	-1200.789	344.8393	1.374339	2.891333
10902	-851.8976	-1197.641	345.7429	1.615339	2.177183
10908	-853.0723	-1199.39	346.3179	1.865994	1.615052
10914	-858.4219	-1203.261	344.8393	1.374339	2.891333
10920	-858.4527	-1203.292	344.8393	1.374339	2.891333
10926	-858.9737	-1203.813	344.8393	1.374339	2.891333
10932	-841.4794	-1187.876	346.3962	1.653767	1.710771
10938	-837.3617	-1183.674	346.3127	1.707359	1.731874
10944	-853.5886	-1198.428	344.8393	1.374339	2.891333
10950	-841.3135	-1187.18	345.8662	1.381087	2.248845
10956	-838.0508	-1184.572	346.5216	1.538918	1.70331
10962	-828.8789	-1174.839	345.9598	1.345806	2.211313
10968	-842.2868	-1186.708	344.421	1.128596	3.287557
10974	-840.571	-1184.697	344.1263	1.037642	3.513663
10980	-850.5296	-1195.369	344.8393	1.374339	2.891333
10986	-851.0318	-1195.871	344.8393	1.374339	2.891333
10992	-844.4339	-1189.273	344.8393	1.374339	2.891333
10998	-847.7679	-1192.607	344.8393	1.374339	2.891333
11004	-859.0687	-1203.862	344.7933	1.252347	2.992564
11010	-862.1116	-1205.863	343.7512	1.334064	3.55946
11016	-847.6193	-1192.588	344.9683	1.348479	2.82887
11022	-844.751	-1189.2	344.4495	1.319731	3.15761
11028	-833.9929	-1179.788	345.7952	1.376724	2.297154
11034	-858.2459	-1203.085	344.8393	1.374339	2.891333
11040	-852.1602	-1196.876	344.7159	1.222352	3.056896
11046	-831.2853	-1175.859	344.5741	1.364129	3.056896
11052	-838.7741	-1181.073	342.2987	1.19724	4.467797
11058	-848.332	-1190.695	342.3635	1.252688	4.400031
11064	-831.5663	-1176.961	345.3947	1.531385	2.452908
11070	-825.8451	-1171.3	345.4545	1.471542	2.452908
11076	-844.0248	-1189.872	345.847	1.623762	2.10378
11082	-843.3787	-1189.189	345.8102	1.508632	2.202741
11088	-839.3485	-1184.953	345.6046	1.499747	2.340244
11094	-834.4739	-1179.981	345.507	1.597386	2.340244
11100	-826.689	-1172.325	345.6361	1.468322	2.340244
11106	-844.8846	-1190.451	345.566	1.499969	2.364616
11112	-852.0793	-1196.919	344.8393	1.374339	2.891333
11118	-845.2747	-1190.114	344.8393	1.374339	2.891333
11124	-845.9456	-1190.785	344.8393	1.374339	2.891333
11130	-847.523	-1192.362	344.8393	1.374339	2.891333
11136	-840.0873	-1184.927	344.8393	1.374339	2.891333
11142	-842.2541	-1187.093	344.8393	1.374339	2.891333
11148	-837.8537	-1182.693	344.8393	1.374339	2.891333
11154	-836.497	-1181.336	344.8393	1.374339	2.891333
11160	-826.8136	-1171.653	344.8393	1.374339	2.891333
11166	-832.493	-1177.332	344.8393	1.374339	2.891333
11172	-836.0971	-1180.936	344.8393	1.374339	2.891333
11178	-839.742	-1184.581	344.8393	1.374339	2.891333
11184	-844.3245	-1189.164	344.8393	1.374339	2.891333
11190	-841.4536	-1186.293	344.8393	1.374339	2.891333
11196	-858.5669	-1203.406	344.8393	1.374339	2.891333
11202	-835.5376	-1178.509	342.9715	1.219621	4.074041
11208	-825.7099	-1169.834	344.1237	1.208791	3.41519
11214	-840.4201	-1180.715	340.2946	1.088109	5.640963
11220	-853.4384	-1197.275	343.8368	1.202129	3.586422
11226	-851.5443	-1195.849	344.3047	1.093623	3.376579
11232	-841.1072	-1184.174	343.0666	1.196914	4.032798
11238	-839.2561	-1184.403	345.147	1.397659	2.689715
11244	-842.6109	-1186.004	343.3926	1.096489	3.903716
11250	-833.3098	-1176.662	343.3523	1.136783	3.903716
11256	-833.4626	-1177.726	344.2638	1.234344	3.317924
11262	-837.6574	-1183.17	345.5126	1.403613	2.459095
11268	-838.1188	-1183.518	345.3989	1.488649	2.477073
11274	-838.2604	-1184.931	346.6706	1.803042	1.397993
11280	-831.2366	-1178.109	346.8727	2.020815	1.040343
11286	-824.7744	-1171.538	346.7636	2.041073	1.122908
11292	-830.736	-1177.03	346.2942	1.656936	1.780028
11298	-825.1942	-1171.106	345.9119	1.490878	2.148233
11304	-843.565	-1189.769	346.2044	1.533881	1.925832
11310	-833.9869	-1179.77	345.7832	1.512928	2.217437
11316	-843.4171	-1188.852	345.4345	1.48439	2.457402
11322	-857.8224	-1202.662	344.8393	1.374339	2.891333
11328	-851.2808	-1196.12	344.8393	1.374339	2.891333
11334	-832.6788	-1176.767	344.0885	1.212689	3.433515
11340	-836.8443	-1179.509	342.6649	1.077388	4.328782
11346	-844.8076	-1187.717	342.9097	0.9202548	4.279203
11352	-849.818	-1193.535	343.7167	1.128175	3.698907
11358	-847.5896	-1193.155	345.5656	1.345055	2.462556
11364	-835.9256	-1181.399	345.4738	1.500134	2.422818
11370	-848.6336	-1194.732	346.0983	1.523203	2.004135
11376	-829.466	-1175.256	345.7896	1.407436	2.281099
11382	-840.2317	-1185.244	345.0118	1.224683	2.877519
11388	-839.1625	-1184.995	345.8322	1.463304	2.217799
11394	-840.6004	-1186.312	345.7119	1.476799	2.28647
11400	-846.7768	-1191.616	344.8393	1.374339	2.891333
11406	-843.1769	-1188.016	344.8393	1.374339	2.891333
11412	-848.4014	-1194.435	346.0337	1.479656	2.075776
11418	-860.1485	-1202.525	342.3765	1.062377	4.499882
11424	-844.4449	-1187.332	342.8874	1.002307	4.245342
11430	-834.9312	-1178.189	343.258	1.150254	3.950065
11436	-848.6891	-1191.792	343.1027	1.004937	4.121599
11442	-837.9759	-1182.815	344.8393	1.374339	2.891333
11448	-837.6866	-1182.526	344.8393	1.374339	2.891333
11454	-839.4816	-1184.321	344.8393	1.374339	2.891333
11460	-835.378	-1180.217	344.8393	1.374339	2.891333
11466	-836.9389	-1181.778	344.8393	1.374339	2.891333
11472	-843.1628	-1188.002	344.8393	1.374339	2.891333
11478	-845.9742	-1190.813	344.8393	1.374339	2.891333
11484	-839.9436	-1185.885	345.9415	1.814145	1.9141
11490	-845.6963	-1191.484	345.7877	1.604791	2.154952
11496	-845.3954	-1190.369	344.9736	1.423622	2.779885
11502	-844.3987	-1189.238	344.8393	1.374339	2.891333
11508	-846.5961	-1191.435	344.8393	1.374339	2.891333
11514	-841.5801	-1186.419	344.8393	1.374339	2.891333
11520	-844.8697	-1189.709	344.8393	1.374339	2.891333
11526	-840.9981	-1185.837	344.8393	1.374339	2.891333
11532	-851.7911	-1196.449	344.6581	1.434549	2.964314
11538	-848.7045	-1194.653	345.9484	1.465766	2.140806
11544	-836.8704	-1182.08	345.2095	1.506149	2.584167
11550	-838.8949	-1184.805	345.9102	1.429593	2.189189
11556	-836.5819	-1181.318	344.7358	1.432507	2.918722
11562	-847.8485	-1192.979	345.1308	1.420649	2.685521
11568	-842.1827	-1187.076	344.8934	1.370888	2.860702
11574	-827.3708	-1173.676	346.3057	1.727695	1.722505
11580	-817.7971	-1163.889	346.0922	1.496696	2.025826
11586	-818.5789	-1163.47	344.8913	1.246626	2.937054
11592	-845.7007	-1190.54	344.8393	1.374339	2.891333
11598	-844.6084	-1189.448	344.8393	1.374339	2.891333
11604	-831.8936	-1176.861	344.967	1.479645	2.749721
11610	-840.5707	-1185.41	344.8393	1.374339	2.891333
11616	-843.1847	-1188.024	344.8393	1.374339	2.891333
11622	-831.4789	-1175.112	343.6332	1.113541	3.755552
11628	-840.7723	-1183.793	343.0204	1.301867	3.999197
11634	-846.2686	-1188.897	342.6282	1.073296	4.351834
11640	-833.4013	-1176.506	343.1051	1.043973	4.098041
11646	-840.0705	-1184.841	344.7702	1.04798	3.128502
11652	-852.0183	-1194.893	342.8747	0.7546499	4.39259
11658	-850.8271	-1193.602	342.7746	1.095728	4.256335
11664	-843.9114	-1188.751	344.8393	1.374339	2.891333
11670	-843.523	-1186.609	343.086	1.132001	4.058746
11676	-836.0895	-1180.923	344.8334	1.419042	2.86786
11682	-825.043	-1171.021	345.9778	1.370576	2.183588
11688	-828.3393	-1174.469	346.13	1.645711	1.90054
11694	-820.7125	-1167.365	346.653	1.802742	1.411939
11700	-831.9876	-1178.531	346.5439	1.965856	1.369756
11706	-832.549	-1179.382	346.8332	1.966436	1.127452
11712	-830.1102	-1176.938	346.8279	2.1206	0.9860483
11718	-852.6438	-1199.642	346.9982	2.007524	0.9259887
11724	-828.3328	-1175.053	346.7198	2.007524	1.191029
11730	-843.5007	-1190.113	346.6121	1.968693	1.313112
11736	-839.2999	-1185.454	346.1538	1.58158	1.927797
11742	-837.282	-1183.278	345.9961	1.60263	2.019319
11748	-842.1996	-1188.325	346.1252	1.47355	2.019319
11754	-826.5781	-1171.781	345.203	1.558135	2.555968
11760	-828.2463	-1174.193	345.9468	1.643131	2.025172
11766	-829.3575	-1175.653	346.2952	1.566743	1.841691
11772	-847.964	-1193.992	346.0281	1.393113	2.136224
11778	-838.8471	-1184.24	345.3933	1.536708	2.450422
11784	-837.1811	-1182.219	345.0379	1.349586	2.785842
11790	-837.9265	-1183.348	345.4216	1.494504	2.459185
11796	-834.4522	-1179.251	344.7983	1.427751	2.883818
11802	-842.6542	-1187.63	344.9757	1.41795	2.782094
11808	-839.2767	-1184.738	345.4609	1.472827	2.448089
11814	-847.4265	-1193.09	345.6637	1.658568	2.20054
11820	-838.0732	-1181.316	343.2423	1.010471	4.038899
11826	-847.3378	-1190.817	343.4794	1.204106	3.792013
11832	-843.3967	-1187.616	344.219	1.369963	3.26435
11838	-840.8671	-1184.971	344.1044	1.246559	3.404364
11844	-837.9681	-1183.86	345.892	1.414109	2.210992
11850	-840.71	-1183.639	342.9286	1.204673	4.107034
11856	-824.2951	-1168.588	344.2932	1.209882	3.314976
11862	-827.7253	-1172.362	344.6366	1.253909	3.085397
11868	-841.0077	-1185.258	344.2506	1.225419	3.330933
11874	-842.2852	-1188.079	345.794	1.641261	2.127032
11880	-823.8193	-1168.112	344.2924	1.305316	3.259158
11886	-829.3181	-1173.798	344.4798	1.117964	3.259158
11892	-824.0608	-1169.358	345.2975	1.274711	2.672725
11898	-825.3177	-1170.607	345.2892	1.409149	2.594887
11904	-853.5372	-1198.411	344.8737	1.263174	2.937688
11910	-842.3525	-1187.269	344.9167	1.178309	2.962871
11916	-835.9802	-1180.689	344.709	1.366942	2.97433
11922	-828.6762	-1173.412	344.7356	1.244694	3.03173
11928	-834.1502	-1178.068	343.9176	1.28469	3.491323
11934	-831.0665	-1174.732	343.6654	1.055748	3.770316
11940	-827.8092	-1172.555	344.7461	1.14454	3.085321
11946	-846.6337	-1191.127	344.4934	1.0976	3.263133
11952	-843.9343	-1188.857	344.9225	1.153984	2.973989
11958	-835.1354	-1180.645	345.51	1.375138	2.478547
11964	-837.4209	-1182.93	345.5091	1.419568	2.451266
11970	-842.2088	-1187.839	345.6304	1.569928	2.27902
11976	-834.6562	-1179.586	344.9294	1.532533	2.740364
11982	-844.7698	-1190.261	345.4908	1.514218	2.403172
11988	-843.4967	-1189.258	345.7614	1.44179	2.277179
11994	-844.0826	-1188.836	344.7536	1.33383	2.967457
12000	-846.821	-1193.205	346.3839	1.511076	1.81893
12006	-845.5861	-1189.615	344.0288	1.566238	3.26077
12012	-843.5952	-1187.114	343.5187	1.138319	3.807256
12018	-837.8216	-1181.368	343.5466	1.339191	3.675213
12024	-837.5742	-1182.486	344.912	1.438288	2.808496
12030	-845.5742	-1190.317	344.743	1.38404	2.943598
12036	-846.2097	-1189.832	343.6222	1.250801	3.682609
12042	-855.2033	-1200.4	345.1967	1.507336	2.591384
12048	-832.7534	-1178.683	345.9297	1.697487	2.000403
12054	-844.3185	-1190.469	346.151	1.476187	2.000403
12060	-830.2111	-1174.362	344.1505	1.19273	3.408873
12066	-830.5944	-1174.222	343.6274	1.297007	3.652869
12072	-834.3586	-1177.763	343.4047	1.026241	3.937045
12078	-831.625	-1174.293	342.6677	1.069394	4.331759
12084	-835.1451	-1180.123	344.9777	1.366719	2.812074
12090	-842.2648	-1188.233	345.9686	1.50087	2.104614
12096	-829.0126	-1174.085	345.072	1.403354	2.732187
12102	-837.5886	-1183.342	345.7529	1.39101	2.315062
12108	-831.0625	-1176.723	345.6601	1.522993	2.290049
12114	-840.2084	-1186.022	345.8133	1.36974	2.290049
12120	-841.0288	-1186.8	345.7713	1.442081	2.270638
12126	-821.4232	-1168.095	346.6722	1.445276	1.662847
12132	-835.4839	-1182.193	346.7093	1.719679	1.432547
12138	-840.7006	-1186.998	346.2973	1.65343	1.780326
12144	-830.1111	-1176.326	346.2149	1.446708	1.9774
12150	-824.6582	-1170.066	345.408	1.342981	2.562236
12156	-833.7563	-1179.923	346.1666	1.632091	1.884905
12162	-829.5183	-1175.538	346.0197	1.526398	2.054204
12168	-837.7394	-1183.722	345.9826	1.571284	2.049019
12174	-844.0297	-1190.807	346.7772	1.820093	1.299744
12180	-843.1471	-1189.332	346.1851	1.76594	1.780121
12186	-838.1337	-1184.588	346.4543	1.550429	1.742635
12192	-840.1235	-1185.849	345.7258	1.574533	2.214666
12198	-843.5122	-1188.834	345.3219	1.418991	2.568554
12204	-834.4851	-1179.325	344.8403	1.360705	2.898954
12210	-844.3052	-1190.047	345.7419	1.589515	2.194611
12216	-825.7142	-1171.189	345.4751	1.569491	2.378157
12222	-818.4293	-1164.113	345.6833	1.475068	2.305827
12228	-829.8554	-1175.382	345.5268	1.36918	2.471793
12234	-819.4826	-1162.709	343.2264	1.067906	4.015201
12240	-827.6698	-1170.568	342.8977	1.001068	4.240217
12246	-851.8177	-1196.582	344.7639	1.160551	3.065123
12252	-830.9959	-1177.632	346.636	1.767097	1.452364
12258	-829.0031	-1175.551	346.5475	1.814095	1.483795
12264	-819.9402	-1166.707	346.7664	1.822479	1.306571
12270	-820.5106	-1167.38	346.8698	2.024538	1.039467
12276	-816.3834	-1163.238	346.8542	2.206101	0.8641324
12282	-819.5261	-1166.277	346.7504	1.974239	1.193373
12288	-816.5174	-1162.049	345.5315	1.56931	2.342539
12294	-832.8843	-1177.715	344.831	1.404657	2.878027
12300	-843.6708	-1188.456	344.7848	1.294977	2.972027
12306	-837.9227	-1183.994	346.0718	1.328038	2.150166
12312	-835.1884	-1179.879	344.6905	1.244354	3.058879
12318	-820.5802	-1165.706	345.1256	1.345761	2.734591
12324	-835.186	-1180.966	345.7799	1.397828	2.293473
12330	-835.8675	-1181.459	345.5916	1.403091	2.409714
12336	-828.4568	-1174.142	345.6853	1.44578	2.323272
12342	-824.9745	-1170.655	345.6807	1.45037	2.323272
12348	-840.4901	-1185.873	345.3828	1.332834	2.584172
12354	-840.0044	-1184.731	344.7271	1.332834	2.983978
12360	-825.1578	-1169.055	343.8975	1.304367	3.491516
12366	-830.9187	-1174.71	343.7915	0.9588052	3.753487
12372	-827.0709	-1171.558	344.4874	1.267449	3.16611
12378	-844.1118	-1188.624	344.512	1.242933	3.16611
12384	-849.7365	-1195.068	345.3316	1.483609	2.522298
12390	-866.3461	-1211.133	344.7872	1.270771	2.985146
12396	-861.7896	-1206.883	345.0931	1.323045	2.768374
12402	-837.0574	-1183.757	346.6997	1.914309	1.286082
12408	-845.9758	-1192.869	346.8933	1.936886	1.099751
12414	-828.7985	-1175.305	346.5061	1.903274	1.447581
12420	-835.7852	-1182.082	346.2964	1.930146	1.584006
12426	-830.0333	-1176.45	346.4168	1.726787	1.644117
12432	-831.2296	-1178.105	346.8751	1.632342	1.37158
12438	-826.6433	-1172.216	345.5723	1.834267	2.145799
12444	-838.7501	-1184.751	346.0007	1.621448	2.003714
12450	-843.3355	-1189.107	345.7712	1.597777	2.170233
12456	-831.1343	-1177.384	346.2498	1.970834	1.588294
12462	-839.4361	-1186.33	346.8935	2.123871	0.913292
12468	-849.5338	-1196.101	346.5667	2.123871	1.222418
12474	-841.8214	-1188.511	346.6899	1.918776	1.290463
12480	-840.9968	-1187.841	346.8439	1.7541	1.299177
12486	-846.3308	-1192.642	346.3109	1.466865	1.899104
12492	-842.3551	-1187.945	345.59	1.546957	2.319475
12498	-838.8327	-1185.504	346.6717	1.935218	1.291871
12504	-841.2193	-1187.235	346.0153	1.427735	2.121972
12510	-827.4506	-1173.409	345.9582	1.696118	1.982232
12516	-843.4975	-1190.044	346.5466	1.696118	1.572148
12522	-838.1733	-1183.044	344.8711	1.263229	2.939213
12528	-829.7419	-1175.61	345.8686	1.269827	2.318591
12534	-844.7298	-1189.174	344.4444	1.201605	3.230628
12540	-833.6275	-1179.379	345.7516	1.405965	2.306374
12546	-838.745	-1183.975	345.2304	1.235791	2.737757
12552	-832.9859	-1179.311	346.3249	1.603699	1.795715
12558	-841.0572	-1186.24	345.183	1.254636	2.755261
12564	-829.5246	-1175.082	345.5578	1.330256	2.476755
12570	-837.1559	-1183.241	346.085	1.654363	1.925116
12576	-832.7913	-1178.271	345.4796	1.464852	2.441352
12582	-844.7768	-1189.845	345.0678	1.342393	2.771967
12588	-846.9286	-1191.871	344.9426	1.467582	2.771967
12594	-846.0604	-1189.734	343.6736	1.132518	3.721256
12600	-843.1593	-1187.871	344.7114	1.399694	2.953177
12606	-840.2887	-1185.05	344.7613	1.089363	3.109127
12612	-836.0123	-1181.584	345.5714	1.333541	2.466147
12618	-840.2752	-1186.543	346.2677	1.66922	1.789922
12624	-835.8433	-1182.357	346.5142	1.755527	1.552326
12630	-830.4518	-1176.907	346.4556	1.46112	1.80395
12636	-831.142	-1176.234	345.092	1.428783	2.704347
12642	-822.3979	-1165.917	343.519	1.166667	3.790766
12648	-840.5705	-1184.899	344.3281	1.386322	3.19015
12654	-836.9599	-1183.147	346.187	1.539129	1.934071
12660	-826.8613	-1173.114	346.2524	1.466201	1.939135
12666	-825.3761	-1171.354	345.9781	1.419329	2.151717
12672	-836.4452	-1182.351	345.9054	1.492028	2.151717
12678	-823.2563	-1169.223	345.9665	1.43093	2.151717
12684	-835.9609	-1181.553	345.5923	1.331546	2.454301
12690	-825.3781	-1170.723	345.3448	1.38522	2.57528
12696	-839.4669	-1184.879	345.4124	1.317618	2.57528
12702	-848.0347	-1193.842	345.8076	1.487362	2.21815
12708	-834.8986	-1179.097	344.198	1.326339	3.302497
12714	-838.0221	-1183.947	345.9246	1.418124	2.187242
12720	-840.5279	-1185.74	345.212	1.404421	2.645517
12726	-826.1228	-1172.932	346.8089	1.707028	1.36486
12732	-824.1181	-1170.329	346.211	1.714028	1.798153
12738	-828.311	-1174.625	346.3137	1.735888	1.711046
12744	-825.6968	-1171.985	346.2885	1.664607	1.778666
12750	-830.7756	-1176.873	346.0976	1.567344	1.975175
12756	-825.0726	-1171.694	346.6212	1.567344	1.611682
12762	-829.8789	-1175.833	345.9537	1.373916	2.197071
12768	-841.9224	-1187.158	345.236	1.36697	2.653804
12774	-845.6334	-1189.702	344.0685	1.153423	3.479833
12780	-853.1414	-1197.981	344.8393	1.374339	2.891333
12786	-849.791	-1194.63	344.8393	1.374339	2.891333
12792	-845.2203	-1190.629	345.4083	1.444976	2.498529
12798	-853.4775	-1200.036	346.5587	1.585063	1.644008
12804	-852.9176	-1199.829	346.9115	1.66065	1.320065
12810	-842.4168	-1189.171	346.7542	1.548322	1.528035
12816	-845.3471	-1192.061	346.7135	1.588977	1.528035
12822	-837.2259	-1183.7	346.4743	1.503724	1.761356
12828	-818.0491	-1164.474	346.4244	1.60252	1.727053
12834	-820.6896	-1165.614	344.9248	1.50853	2.757893
12840	-844.9139	-1189.753	344.8393	1.374339	2.891333
12846	-850.9322	-1195.772	344.8393	1.374339	2.891333
12852	-849.7563	-1195.239	345.483	1.483067	2.427784
12858	-849.1211	-1195.106	345.9847	1.71379	1.952637
12864	-842.3189	-1187.158	344.8393	1.374339	2.891333
12870	-838.1379	-1182.977	344.8393	1.374339	2.891333
12876	-836.8096	-1181.649	344.8393	1.374339	2.891333
12882	-836.0839	-1180.923	344.8393	1.374339	2.891333
12888	-833.9378	-1178.777	344.8393	1.374339	2.891333
12894	-836.7345	-1181.574	344.8393	1.374339	2.891333
12900	-866.1548	-1213.176	347.0216	2.013811	0.8930777
12906	-835.1781	-1182.162	346.9839	1.916807	1.033389
12912	-846.594	-1193.179	346.5852	1.824139	1.44757
12918	-851.7643	-1198.733	346.9685	1.727108	1.218179
12924	-859.8672	-1206.219	346.3514	1.688443	1.71797
12930	-849.0158	-1194.832	345.816	1.362755	2.292805
12936	-844.6856	-1191.524	346.8383	1.715487	1.334776
12942	-845.8676	-1191.653	345.785	1.715487	2.084299
12948	-836.6011	-1182.751	346.1499	1.385122	2.061519
12954	-855.4161	-1200.255	344.8393	1.374339	2.891333
12960	-849.7347	-1195.864	346.1289	1.402999	2.063547
12966	-844.0706	-1187.082	343.0112	1.156162	4.087586
12972	-858.6582	-1204.278	345.6198	1.116332	2.571507
12978	-856.3257	-1200.103	343.7771	1.09398	3.68374
12984	-860.6538	-1205.493	344.8393	1.374339	2.891333
12990	-852.1944	-1197.137	344.9427	1.321063	2.861018
12996	-860.3419	-1204.426	344.0839	1.213605	3.435683
13002	-858.7012	-1203.541	344.8393	1.374339	2.891333
13008	-857.0573	-1201.897	344.8393	1.374339	2.891333
13014	-839.524	-1182.883	343.359	1.05354	3.947575
13020	-827.7262	-1172.38	344.6536	1.120408	3.154737
13026	-840.5255	-1185.506	344.9802	1.380805	2.801958
13032	-854.5151	-1199.941	345.4258	1.342807	2.551297
13038	-855.5109	-1199.16	343.6495	1.340478	3.614848
13044	-849.3934	-1193.46	344.0665	1.195893	3.45622
13050	-848.4467	-1194.409	345.9618	1.397499	2.176522
13056	-843.947	-1189.184	345.2374	1.274551	2.709766
13062	-852.9507	-1198.32	345.3696	1.108707	2.730397
13068	-847.2316	-1191.489	344.2572	1.209302	3.336494
13074	-855.0825	-1199.922	344.8393	1.374339	2.891333
13080	-858.2542	-1202.082	343.8275	1.079594	3.66288
13086	-834.0344	-1178.114	344.0793	1.109563	3.499127
13092	-849.7407	-1194.58	344.8393	1.374339	2.891333
13098	-849.9665	-1194.806	344.8393	1.374339	2.891333
13104	-845.7394	-1190.579	344.8393	1.374339	2.891333
13110	-844.9912	-1189.815	344.824	1.437705	2.862257
13116	-830.8917	-1175.507	344.6153	1.220722	3.117867
13122	-833.7348	-1178.737	345.0018	1.29545	2.840685
13128	-821.8977	-1166.167	344.269	1.079161	3.405983
13134	-833.0155	-1176.518	343.502	1.152366	3.808759
13140	-827.94	-1173.262	345.3221	1.302833	2.640262
13146	-833.5633	-1179.51	345.9464	1.478404	2.133894
13152	-839.3505	-1184.416	345.0653	1.340306	2.774783
13158	-846.1245	-1191.17	345.0454	1.510269	2.682946
13164	-846.583	-1191.422	344.8393	1.374339	2.891333
13170	-850.7483	-1195.588	344.8393	1.374339	2.891333
13176	-850.0227	-1194.862	344.8393	1.374339	2.891333
13182	-841.1402	-1184.498	343.3577	1.16989	3.881626
13188	-824.23	-1169.054	344.8241	1.221654	2.992458
13194	-826.3729	-1172.566	346.1935	1.375451	2.039104
13200	-836.8275	-1181.68	344.8525	1.159088	3.013001
13206	-833.6401	-1179.131	345.4909	1.080692	2.67315
13212	-832.818	-1177.872	345.0543	1.195236	2.86961
13218	-838.0421	-1183.081	345.0384	1.211179	2.86961
13224	-833.7522	-1179.237	345.4849	1.4213	2.465396
13230	-831.4342	-1177.035	345.6006	1.330664	2.449649
13236	-847.7674	-1192.247	344.4796	1.084331	3.27915
13242	-848.448	-1193.287	344.8393	1.374339	2.891333
13248	-850.7872	-1195.626	344.8393	1.374339	2.891333
13254	-860.6393	-1203.262	342.6222	0.6932332	4.569248
13260	-865.4565	-1206.849	341.392	0.787586	5.202013
13266	-856.898	-1198.84	341.9417	0.7515805	4.916993
13272	-841.7094	-1182.653	340.9437	0.7072949	5.493576
13278	-843.2556	-1186.498	343.2429	0.8598775	4.124377
13284	-834.2839	-1177.654	343.3697	1.03531	3.951906
13290	-834.5582	-1178.474	343.9158	1.005377	3.654741
13296	-843.1133	-1184.619	341.5059	1.252608	4.880703
13302	-837.1869	-1182.462	345.2753	1.320542	2.658238
13308	-843.9036	-1187.554	343.6508	1.246318	3.668686
13314	-834.1054	-1179.118	345.0124	1.392747	2.775059
13320	-845.0511	-1190.922	345.8711	1.403026	2.231569
13326	-841.7321	-1188.187	346.4553	1.697833	1.637256
13332	-840.9283	-1187.133	346.2044	1.712016	1.804156
13338	-845.7145	-1191.644	345.9291	1.509379	2.124919
13344	-841.7898	-1187.427	345.6369	1.456341	2.347335
13350	-827.7478	-1173.393	345.645	1.498441	2.315337
13356	-838.3065	-1184.181	345.8743	1.609732	2.095099
13362	-829.5896	-1174.187	344.5972	1.359624	3.045742
13368	-835.1654	-1180.197	345.0321	1.434955	2.737261
13374	-838.3061	-1183.267	344.9614	1.318826	2.85105
13380	-828.6387	-1174.065	345.4264	1.535805	2.430164
13386	-817.6919	-1163.697	346.0056	1.461861	2.105972
13392	-834.956	-1180.551	345.5953	1.216845	2.524196
13398	-838.6277	-1183.461	344.8336	1.142318	3.034365
13404	-839.824	-1185.038	345.2137	1.576418	2.537911
13410	-831.9859	-1177.385	345.3988	1.608602	2.401667
13416	-838.9367	-1184.52	345.5831	1.663342	2.249436
13422	-857.6096	-1202.246	344.6364	1.350486	3.027783
13428	-856.6236	-1201.822	345.1983	1.363213	2.679323
13434	-830.1523	-1174.869	344.7168	1.338818	2.986555
13440	-847.9797	-1191.355	343.3757	1.282217	3.806715
13446	-855.0081	-1200.029	345.0206	1.313887	2.818101
13452	-844.5006	-1188.878	344.3775	1.238923	3.248141
13458	-846.7552	-1191.835	345.0799	1.377079	2.743428
13464	-835.6463	-1180.949	345.303	1.187571	2.722848
13470	-829.2707	-1174.08	344.8092	1.228045	2.997561
13476	-842.6824	-1187.32	344.6377	1.377385	3.010865
13482	-843.9916	-1189.215	345.2232	1.229126	2.746285
13488	-854.6795	-1198.606	343.9265	1.123131	3.580198
13494	-848.6957	-1193.008	344.312	1.112429	3.36127
13500	-850.8184	-1196.633	345.8144	1.284151	2.343964
13506	-828.1438	-1174.097	345.9528	1.419719	2.167946
13512	-819.2901	-1165.005	345.7146	1.408796	2.328153
13518	-821.8445	-1167.576	345.732	1.624907	2.178061
13524	-836.3332	-1182.861	346.5277	1.802302	1.507511
13530	-830.1694	-1176.982	346.813	1.763424	1.316654
13536	-835.2511	-1180.95	345.6987	1.660123	2.176841
13542	-843.5841	-1188.86	345.2762	1.326774	2.653829
13548	-839.5489	-1184.858	345.309	1.426362	2.57197
13554	-831.9702	-1176.852	344.8815	1.362647	2.872875
13560	-849.7906	-1194.926	345.1352	1.221558	2.804569
13566	-863.8993	-1209	345.1008	1.503849	2.652775
13572	-849.7762	-1194.281	344.5048	1.208796	3.190597
13578	-833.1123	-1178.566	345.4536	1.459892	2.460814
13584	-827.0931	-1172.636	345.5433	1.383407	2.452483
13590	-853.4454	-1199.152	345.7065	1.798938	2.080984
13596	-854.2025	-1198.638	344.4357	1.230482	3.21871
13602	-843.0097	-1188.766	345.7568	1.404168	2.304179
13608	-847.6845	-1191.558	343.8731	1.15615	3.59203
13614	-836.5837	-1181.135	344.5517	1.091286	3.232433
13620	-834.4446	-1178.352	343.9069	1.290757	3.493992
13626	-823.3032	-1168.947	345.6435	1.595937	2.253897
13632	-821.9907	-1167.779	345.7881	1.451344	2.253897
13638	-820.0158	-1165.354	345.338	1.533012	2.487432
13644	-820.2535	-1166.149	345.8958	1.510697	2.145821
13650	-823.1177	-1169.4	346.2828	1.793134	1.692443
13656	-828.9705	-1175.6	346.6295	1.908992	1.347
13662	-823.8613	-1170.579	346.7173	1.829476	1.34038
13668	-824.2164	-1170.887	346.6702	1.876636	1.34038
13674	-826.8088	-1173.343	346.5343	1.60629	1.64627
13680	-830.4582	-1176.775	346.317	1.694597	1.737843
13686	-826.6073	-1172.693	346.0861	1.625418	1.943886
13692	-843.0553	-1189.243	346.1876	1.741361	1.795438
13698	-827.8909	-1174.737	346.846	1.726831	1.319553
13704	-819.8304	-1165.63	345.7993	1.579998	2.163531
13710	-828.8796	-1174.976	346.0965	1.646595	1.922563
13716	-840.1526	-1185.482	345.3296	1.462653	2.536595
13722	-835.3311	-1180.529	345.1979	1.35239	2.686235
13728	-826.5588	-1171.304	344.7448	1.21363	3.044834
13734	-827.2076	-1169.729	342.5218	1.018917	4.442537
13740	-850.4994	-1195.524	345.0241	1.350811	2.793501
13746	-850.3672	-1196.365	345.9974	1.426989	2.13416
13752	-844.7418	-1189.631	344.8892	1.03166	3.067286
13758	-847.3029	-1192.081	344.7784	1.142409	3.067286
13764	-844.8209	-1189.888	345.0671	1.213901	2.850567
13770	-836.1935	-1180.66	344.4664	1.053315	3.305192
13776	-823.202	-1168.267	345.0654	1.218662	2.848698
13782	-831.6358	-1175.711	344.0751	1.035055	3.544998
13788	-841.658	-1185.381	343.7226	1.036753	3.748266
13794	-843.2512	-1187.287	344.0353	1.016544	3.578896
13800	-839.6271	-1183.561	343.9338	1.232197	3.51245
13806	-839.7309	-1185.395	345.6639	1.426533	2.349118
13812	-852.2646	-1198.246	345.9818	1.51817	2.084615
13818	-853.4981	-1199.73	346.2317	1.674184	1.811419
13824	-865.2832	-1210.499	345.2159	1.184996	2.777655
13830	-849.5067	-1194.157	344.6505	1.161967	3.131908
13836	-841.0332	-1186.773	345.7397	1.286822	2.389609
13842	-834.7622	-1179.332	344.5699	1.286013	3.105992
13848	-834.2732	-1178.033	343.7599	1.284968	3.582966
13854	-835.1952	-1178.736	343.5404	1.245332	3.733076
13860	-846.1816	-1192.652	346.4701	1.622615	1.680494
13866	-842.5932	-1188.715	346.1216	1.515016	1.994078
13872	-838.4953	-1184.711	346.2159	1.652738	1.837091
13878	-842.3366	-1188.402	346.0657	1.652738	1.93926
13884	-837.5971	-1182.25	344.6527	1.506909	2.923984
13890	-842.1302	-1186.82	344.6895	1.372751	2.9826
13896	-847.3634	-1191.095	343.7318	1.123944	3.692573
13902	-839.9054	-1183.679	343.774	1.162024	3.646105
13908	-846.1576	-1190.903	344.7453	1.146653	3.084545
13914	-834.1119	-1179.585	345.4732	1.310174	2.542093
13920	-841.9558	-1187.699	345.7437	1.235657	2.419387
13926	-835.1297	-1180	344.8706	1.272844	2.933702
13932	-836.2106	-1180.886	344.6756	1.230416	3.076153
13938	-837.2375	-1181.972	344.7343	1.327265	2.982997
13944	-845.0363	-1189.819	344.7829	1.278605	2.982997
13950	-832.4249	-1176.876	344.4509	1.143663	3.261075
13956	-844.2348	-1189.224	344.9893	1.215287	2.89684
13962	-833.6903	-1179.252	345.5618	1.471498	2.385325
13968	-841.0042	-1185.933	344.9287	1.365996	2.842279
13974	-828.7132	-1172.374	343.661	1.1658	3.709336
13980	-835.2367	-1180.053	344.8167	1.377485	2.903077
13986	-840.8938	-1186.192	345.2979	1.625468	2.454584
13992	-847.8562	-1193.159	345.3025	1.482717	2.540945
13998	-861.0675	-1206.261	345.1931	1.592131	2.540945
14004	-857.1386	-1202.202	345.0635	1.264172	2.822215
14010	-846.3852	-1191.001	344.6155	1.223673	3.116018
14016	-828.3413	-1172.957	344.6155	1.223673	3.116018
14022	-830.8612	-1175.477	344.6155	1.223673	3.116018
14028	-837.2678	-1181.883	344.6155	1.223673	3.116018
14034	-840.2998	-1184.915	344.6155	1.223673	3.116018
14040	-832.8617	-1177.477	344.6155	1.223673	3.116018
14046	-842.0775	-1186.693	344.6155	1.223673	3.116018
14052	-827.9819	-1172.729	344.7474	1.091734	3.116018
14058	-848.9408	-1192.272	343.3311	1.090251	3.942553
14064	-841.0322	-1184.247	343.215	1.085431	4.011679
14070	-830.88	-1173.699	342.8194	1.163616	4.192428
14076	-827.9042	-1171.775	343.8712	1.129627	3.608543
14082	-829.0174	-1172.95	343.9323	1.102923	3.588585
14088	-831.4277	-1175.052	343.6245	1.179672	3.722404
14094	-835.7141	-1180	344.2855	1.200044	3.325295
14100	-835.9933	-1181.904	345.9112	1.498832	2.143504
14106	-836.0207	-1182.371	346.3507	1.67974	1.72455
14112	-843.7013	-1190.293	346.5915	1.924334	1.364939
14118	-829.5243	-1175.872	346.3474	1.651485	1.746746
14124	-833.1878	-1179.294	346.106	1.662942	1.905067
14130	-860.5356	-1204.448	343.9127	1.177581	3.556577
14136	-847.88	-1190.457	342.5771	1.077903	4.378086
14142	-852.3011	-1198.407	346.1063	1.696951	1.881763
14148	-847.7499	-1194.297	346.5472	1.732281	1.545148
14154	-834.4633	-1180.707	346.2441	1.540827	1.894278
14160	-841.3625	-1187.776	346.4139	2.031407	1.419984
14166	-846.9579	-1193.708	346.7497	1.787036	1.348387
14172	-828.6658	-1175.335	346.6696	1.949387	1.282024
14178	-829.5438	-1175.816	346.2718	1.659693	1.793723
14184	-831.7523	-1177.979	346.2271	1.611615	1.857579
14190	-825.5339	-1171.771	346.2371	1.553301	1.89052
14196	-823.3488	-1169.588	346.2391	1.551326	1.89052
14202	-831.2615	-1177.175	345.9138	1.714532	1.999604
14208	-813.6709	-1159.655	345.9842	1.467973	2.11598
14214	-825.1378	-1169.967	344.8291	1.336509	2.920361
14220	-847.8582	-1194.473	346.6146	1.85328	1.402476
14226	-846.3645	-1192.769	346.4047	1.972702	1.471867
14232	-829.3188	-1173.126	343.8071	1.081975	3.673301
14238	-823.1337	-1168.217	345.0834	1.535944	2.643724
14244	-823.9589	-1169.826	345.8667	1.709271	2.034436
14250	-822.2003	-1168.583	346.3831	1.709271	1.680707
14256	-823.9972	-1170.405	346.4075	1.685223	1.680514
14262	-828.6716	-1175.194	346.5225	1.667546	1.610574
14268	-839.9638	-1185.432	345.4687	1.604901	2.359817
14274	-834.5675	-1181.054	346.486	1.623239	1.668717
14280	-824.3733	-1170.91	346.5363	1.529522	1.699578
14286	-833.8253	-1180.025	346.2	1.361893	2.04372
14292	-845.8967	-1191.167	345.2704	1.522386	2.536238
14298	-823.1799	-1168.555	345.375	1.459986	2.509914
14304	-830.9301	-1176.747	345.8173	1.563695	2.162439
14310	-841.162	-1186.979	345.8173	1.563695	2.162439
14316	-839.6119	-1185.865	346.2527	1.635027	1.823915
14322	-836.8592	-1182.948	346.0884	1.760825	1.850393
14328	-839.1032	-1185.363	346.2599	1.65984	1.801843
14334	-850.4504	-1196.86	346.4091	1.715441	1.657797
14340	-854.3013	-1199.11	344.8089	1.526029	2.817818
14346	-853.6516	-1199.191	345.5395	1.575802	2.333306
14352	-834.0085	-1179.749	345.7404	1.830025	2.038078
14358	-830.8536	-1176.62	345.7663	1.556543	2.200123
14364	-837.6975	-1184.129	346.4316	1.63502	1.699033
14370	-838.7238	-1183.743	345.0195	1.372756	2.782919
14376	-831.5117	-1177.134	345.622	1.371542	2.410423
14382	-828.9807	-1174.455	345.4744	1.519115	2.410423
14388	-836.7562	-1182.883	346.1267	1.714652	1.85578
14394	-849.092	-1195.17	346.0775	1.76387	1.85578
14400	-838.864	-1184.779	345.915	1.605811	2.070888
14406	-830.9173	-1177.202	346.2849	1.594401	1.829713
14412	-830.7275	-1176.535	345.8074	1.615671	2.13503
14418	-826.9283	-1172.718	345.7898	1.359221	2.311793
14424	-832.2621	-1177.833	345.5712	1.38968	2.43101
14430	-828.5926	-1173.899	345.3062	1.542068	2.50162
14436	-825.156	-1170.677	345.5214	1.500314	2.392641
14442	-821.0932	-1167.054	345.9613	1.441937	2.147918
14448	-833.5743	-1178.08	344.5056	1.345462	3.108933
14454	-828.58	-1173.955	345.3747	1.250269	2.640283
14460	-831.171	-1176.641	345.47	1.380524	2.500244
14466	-839.8272	-1186.697	346.8703	1.688603	1.33071
14472	-825.399	-1171.924	346.5247	1.731366	1.562349
14478	-826.7505	-1173.25	346.5	1.756142	1.562349
14484	-829.1353	-1175.298	346.1627	1.745756	1.809617
14490	-841.7482	-1188.189	346.4408	1.68744	1.655101
14496	-837.7304	-1183.643	345.9125	1.733509	1.987823
14502	-827.3173	-1173.334	346.0164	1.732248	1.918813
14508	-831.961	-1178.526	346.5645	1.783557	1.493979
14514	-844.983	-1191.476	346.4926	1.886277	1.470738
14520	-830.8403	-1177.455	346.6144	1.86189	1.395906
14526	-827.0776	-1173.277	346.1994	1.708902	1.809758
14532	-854.8289	-1199.423	344.5937	1.318254	3.072596
14538	-848.933	-1193.871	344.9382	1.278087	2.88977
14544	-841.4764	-1186.763	345.2863	1.321557	2.650788
14550	-847.2081	-1192.63	345.422	1.286247	2.58879
14556	-842.0815	-1187.39	345.3086	1.399572	2.58879
14562	-839.9022	-1185.314	345.4114	1.480695	2.47421
14568	-831.734	-1176.913	345.1788	1.374197	2.684556
14574	-836.8029	-1182.272	345.4693	1.481896	2.437104
14580	-825.4493	-1171.696	346.247	1.821151	1.697951
14586	-833.6767	-1179.779	346.1021	1.642926	1.921261
14592	-838.0042	-1184.6	346.5958	1.642926	1.575087
14598	-840.5065	-1185.693	345.1861	1.587355	2.548265
14604	-842.4139	-1188.54	346.1266	1.741852	1.837195
14610	-846.3843	-1192.528	346.1439	1.809382	1.778536
14616	-860.0681	-1206.287	346.2193	1.7038	1.79954
14622	-844.0852	-1188.608	344.5228	1.551324	2.975442
14628	-846.3739	-1189.351	342.9773	1.133468	4.119813
14634	-836.2099	-1181.911	345.7008	1.64547	2.184944
14640	-819.5055	-1164.718	345.212	1.319481	2.697779
14646	-817.7934	-1162.967	345.1735	1.321106	2.72037
14652	-843.0834	-1187.181	344.0975	1.250595	3.406026
14658	-852.4066	-1196.402	343.9958	1.387948	3.385148
14664	-850.6153	-1194.517	343.9021	1.340922	3.467512
14670	-855.9797	-1201.595	345.615	1.352187	2.427056
14676	-854.8325	-1200.239	345.4062	1.369977	2.54658
14682	-844.6397	-1189.202	344.5619	1.239119	3.138669
14688	-845.4649	-1189.292	343.8269	1.194456	3.596644
14694	-847.0595	-1191.305	344.2458	1.0156	3.45679
14700	-844.8428	-1189.27	344.4272	1.304905	3.179641
14706	-853.6628	-1197.971	344.3081	1.304905	3.250162
14712	-845.8848	-1190.473	344.5884	1.165496	3.166726
14718	-846.1745	-1191.522	345.3476	1.316109	2.616342
14724	-852.8425	-1197.536	344.6931	1.333197	3.004149
14730	-861.2859	-1206.169	344.8829	1.729592	2.647958
14736	-866.7279	-1211.611	344.8829	1.729592	2.647958
14742	-848.5234	-1192.958	344.4345	1.11291	3.288899
14748	-848.4915	-1192.794	344.303	1.202475	3.313586
14754	-854.8894	-1199.772	344.8829	1.729592	2.647958
14760	-870.2047	-1214.187	343.9826	1.194603	3.505938
14766	-860.7639	-1206.012	345.2482	1.31287	2.679586
14772	-847.2469	-1193.164	345.9175	1.488172	2.146384
14778	-846.6093	-1191.643	345.0335	1.48971	2.702875
14784	-844.2838	-1189.757	345.4734	1.510684	2.416431
14790	-839.038	-1185.385	346.3467	1.499868	1.85224
14796	-846.442	-1191.344	344.9022	1.34223	2.872705
14802	-839.4271	-1184.957	345.5301	1.32837	2.495265
14808	-841.4738	-1186.725	345.2512	1.261207	2.709466
14814	-835.6754	-1178.179	342.5034	1.076417	4.420527
14820	-833.7266	-1177.661	343.9342	1.141499	3.565025
14826	-828.9804	-1172.958	343.9777	1.266091	3.467051
14832	-834.999	-1180.27	345.2707	1.483961	2.559977
14838	-827.6785	-1172.956	345.2778	1.282363	2.680145
14844	-832.0936	-1176.747	344.6534	1.599127	2.86783
14850	-829.2885	-1174.759	345.4709	1.370612	2.505854
14856	-824.6002	-1170.287	345.6872	1.358044	2.377791
14862	-841.2646	-1186.246	344.981	1.258833	2.875474
14868	-848.8871	-1194.771	345.8838	1.341073	2.263259
14874	-844.6858	-1190.322	345.6361	1.549465	2.288449
14880	-842.9307	-1189.066	346.1355	1.472097	2.013421
14886	-845.1446	-1191.202	346.0579	1.608852	1.973964
14892	-846.4409	-1192.104	345.6629	1.44379	2.33877
14898	-842.1746	-1186.064	343.8895	1.377551	3.453454
14904	-839.7523	-1185.815	346.063	1.8706	1.792229
14910	-843.8705	-1190.44	346.5694	1.77764	1.494803
14916	-851.869	-1198.324	346.4547	1.633341	1.683849
14922	-848.9593	-1195.861	346.9013	1.748641	1.256529
14928	-839.2527	-1185.86	346.607	1.93306	1.34577
14934	-842.0684	-1187.577	345.5085	1.536791	2.377716
14940	-851.5441	-1198.048	346.5037	1.942494	1.419268
14946	-852.1452	-1198.657	346.5119	2.35069	1.069678
14952	-848.3834	-1194.226	345.8422	1.671097	2.075861
14958	-845.7378	-1192.073	346.3353	1.671097	1.741446
14964	-837.9342	-1183.79	345.8558	1.562643	2.138036
14970	-842.8356	-1188.709	345.8731	1.59748	2.103885
14976	-850.3659	-1196.807	346.4416	1.600003	1.716724
14982	-833.4884	-1179.893	346.4042	1.615896	1.73183
14988	-843.9044	-1189.531	345.6265	1.495963	2.328706
14994	-841.746	-1187.074	345.3277	1.641333	2.425857
15000	-841.9215	-1187.757	345.8358	1.62298	2.111678
15006	-854.2204	-1199.789	345.5688	1.395404	2.428913
15012	-854.6942	-1199.592	344.8975	1.491509	2.784898
15018	-853.2053	-1198.521	345.3155	1.777266	2.347644
15024	-841.9348	-1188.199	346.2639	1.793618	1.705488
15030	-836.9497	-1181.976	345.0264	1.344022	2.796239
15036	-843.8882	-1188.744	344.8562	1.514168	2.796239
15042	-848.1444	-1193.449	345.3044	1.507449	2.524361
15048	-845.1833	-1191.135	345.9517	1.685069	1.99401
15054	-851.4472	-1196.301	344.8541	1.516394	2.796156
15060	-852.098	-1197.661	345.5632	1.56752	2.323457
15066	-848.9131	-1192.912	343.9985	1.265439	3.455313
15072	-847.6253	-1192.994	345.3684	1.332824	2.593128
15078	-845.8528	-1189.81	343.9577	1.380049	3.412117
15084	-841.2312	-1185.937	344.706	1.27463	3.031508
15090	-854.3139	-1200.178	345.8646	1.714613	2.032277
15096	-844.5383	-1190.655	346.1165	1.436259	2.049804
15102	-842.0292	-1186.369	344.3397	1.017103	3.400928
15108	-840.4027	-1183.043	342.6401	1.190326	4.278936
15114	-842.7983	-1187.306	344.5072	1.059373	3.277565
15120	-834.2459	-1178.833	344.5873	1.200623	3.146506
15126	-838.1398	-1181.37	343.2302	1.147088	3.967775
15132	-842.9241	-1186.955	344.0312	1.166444	3.493995
15138	-829.7398	-1171.566	341.8266	1.093032	4.790832
15144	-837.2118	-1180.972	343.76	1.117347	3.680072
15150	-836.9778	-1182.3	345.3222	1.142664	2.738576
15156	-830.235	-1173.461	343.2257	1.119092	3.986318
15162	-830.319	-1175.856	345.5367	1.255308	2.536747
15168	-829.1849	-1174.551	345.3666	1.431887	2.532716
15174	-829.6982	-1174.739	345.041	1.378062	2.766578
15180	-826.2658	-1171.916	345.6504	1.44327	2.347062
15186	-827.8576	-1172.337	344.479	1.248019	3.182638
15192	-840.0617	-1185.107	345.0448	1.438302	2.727405
15198	-841.2301	-1186.678	345.4474	1.587772	2.384161
15204	-835.7671	-1180.488	344.7207	1.21603	3.057758
15210	-832.7808	-1177.347	344.5666	1.358054	3.064997
15216	-824.1749	-1169.65	345.4749	1.456699	2.449443
15222	-842.4656	-1187.393	344.9275	1.361349	2.845823
15228	-848.4251	-1193.974	345.5487	1.54645	2.34608
15234	-834.6286	-1178.079	343.4505	1.03233	3.90734
15240	-852.137	-1198.486	346.3485	1.654753	1.743641
15246	-843.7736	-1189.959	346.1852	1.640369	1.866595
15252	-844.7477	-1188.404	343.6565	1.245776	3.665675
15258	-845.9476	-1190.303	344.3555	1.23462	3.263693
15264	-848.741	-1192.175	343.4344	1.201641	3.819299
15270	-839.8513	-1185.511	345.6601	1.317977	2.420197
15276	-842.0334	-1187.693	345.6601	1.317977	2.420197
15282	-857.4485	-1203.175	345.7263	1.562534	2.222147
15288	-844.5316	-1190.872	346.3407	1.474025	1.873975
15294	-830.7535	-1176.422	345.6681	1.386089	2.37212
15300	-839.7839	-1185.423	345.6395	1.386089	2.390178
15306	-834.6913	-1179.96	345.2683	1.490822	2.557194
15312	-818.7898	-1163.512	344.7219	1.331725	2.987756
15318	-837.0421	-1181.816	344.7742	1.332017	2.956116
15324	-829.5788	-1174.618	345.0392	1.381452	2.76562
15330	-833.6288	-1180.19	346.5614	1.874653	1.427129
15336	-835.7111	-1181.915	346.2039	1.719276	1.79945
15342	-842.1094	-1185.423	343.3139	1.285142	3.840601
15348	-839.8399	-1184.089	344.2489	1.263912	3.309285
15354	-828.5857	-1171.839	343.2533	1.009973	4.032934
15360	-840.2132	-1185.795	345.5816	1.483861	2.364944
15366	-847.8398	-1192.094	344.254	1.338309	3.262403
15372	-839.5676	-1184.011	344.4436	1.117171	3.280988
15378	-838.3849	-1183.539	345.1542	1.201988	2.804885
15384	-827.3098	-1172.004	344.6945	1.2963	3.025405
15390	-821.8616	-1166.807	344.9451	1.389891	2.817799
15396	-830.9568	-1174.126	343.1692	1.182736	3.982273
15402	-830.4154	-1173.867	343.4512	1.208676	3.805611
15408	-833.336	-1177.971	344.6345	1.382503	3.009697
15414	-841.0578	-1186.544	345.4861	1.544981	2.38675
15420	-842.4147	-1188.702	346.2878	1.533603	1.869436
15426	-830.7792	-1176.866	346.0864	1.538554	2.001868
15432	-833.5567	-1179.252	345.6956	1.431928	2.325534
15438	-835.8571	-1181.307	345.4496	1.345221	2.534994
15444	-842.6231	-1188.043	345.4198	1.340112	2.556722
15450	-837.5146	-1184.062	346.5475	1.772636	1.514895
15456	-834.7427	-1181.297	346.554	1.736364	1.537071
15462	-832.0808	-1178.29	346.2087	1.589938	1.884914
15468	-840.0873	-1187.018	346.9306	1.668313	1.298454
15474	-849.9447	-1195.011	345.0668	1.169572	2.877617
15480	-839.303	-1184.05	344.7466	1.489731	2.877617
15486	-846.1778	-1192.385	346.2074	1.626726	1.860718
15492	-837.4092	-1182.231	344.822	1.524459	2.81083
15498	-824.5208	-1169.096	344.5755	1.520397	2.962328
15504	-816.1727	-1160.067	343.8946	1.135725	3.591422
15510	-822.2176	-1166.735	344.5174	1.116766	3.237655
15516	-819.4143	-1163.662	344.248	1.283665	3.298133
15522	-849.5509	-1194.554	345.0029	1.294545	2.840596
15528	-842.5593	-1187.713	345.1538	1.184195	2.815934
15534	-828.2526	-1170.875	342.6226	0.9421811	4.428975
15540	-828.3565	-1171.341	342.9843	1.050018	4.163288
15546	-829.2344	-1173.992	344.7579	1.137364	3.082566
15552	-838.6499	-1183.551	344.9012	1.118683	3.007988
15558	-846.2648	-1190.662	344.3971	1.245764	3.232504
15564	-848.7646	-1193.908	345.1437	1.248145	2.783152
15570	-839.0524	-1184.009	344.9566	1.251888	2.894473
15576	-840.511	-1185.948	345.4372	1.21939	2.62075
15582	-833.9856	-1179.349	345.3635	1.329765	2.598055
15588	-833.1942	-1178.279	345.0847	1.253582	2.81581
15594	-829.7111	-1175.402	345.6909	1.441428	2.322458
15600	-823.0284	-1169.171	346.1427	1.462878	2.014781
15606	-835.5275	-1181.638	346.1103	1.527761	1.993113
15612	-836.2329	-1182.42	346.1871	1.761637	1.781754
15618	-836.2736	-1182.7	346.4267	1.76638	1.608343
15624	-845.6065	-1192.574	346.9679	1.743608	1.204649
15630	-847.7316	-1192.267	344.5356	1.421488	3.045587
15636	-840.8626	-1187.066	346.2033	1.497277	1.951275
15642	-833.6284	-1179.428	345.7993	1.488124	2.223035
15648	-842.0786	-1187.165	345.0864	1.238495	2.823918
15654	-859.6364	-1204.429	344.793	1.527037	2.826888
15660	-863.2859	-1209.051	345.765	1.425571	2.285259
15666	-850.3494	-1194.175	343.8255	1.142156	3.627763
15672	-852.8524	-1197.109	344.2566	1.134875	3.38061
15678	-850.3625	-1195.076	344.7134	1.265938	3.032297
15684	-841.219	-1186.103	344.8838	1.168955	2.988291
15690	-841.204	-1185.948	344.7443	1.210148	3.047198
15696	-846.7517	-1190.872	344.1198	1.232801	3.403361
15702	-853.3768	-1197.961	344.5838	1.204813	3.146059
15708	-847.8444	-1193.509	345.6644	1.375012	2.381459
15714	-841.319	-1187.242	345.9232	1.468524	2.155449
15720	-832.5613	-1178.319	345.7572	1.600335	2.177639
15726	-844.9886	-1191.855	346.8665	1.631919	1.378619
15732	-838.2526	-1184.505	346.2525	1.733716	1.755589
15738	-835.0785	-1181.34	346.2613	1.567791	1.864174
15744	-842.9677	-1188.469	345.5014	1.500319	2.405275
15750	-834.1476	-1179.714	345.5664	1.343922	2.462792
15756	-832.3136	-1176.864	344.5502	1.26782	3.128566
15762	-826.8182	-1171.623	344.8051	1.334619	2.935938
15768	-821.5305	-1166.149	344.6184	1.063057	3.209662
15774	-827.5157	-1173.044	345.5283	1.353615	2.480596
15780	-823.7721	-1170.133	346.3606	1.60119	1.77266
15786	-825.8938	-1172.254	346.3606	1.60119	1.77266
15792	-826.3967	-1172.324	345.9274	1.539416	2.106351
15798	-839.2944	-1184.525	345.2307	1.478209	2.588374
15804	-827.2276	-1172.609	345.3817	1.424251	2.528032
15810	-837.3521	-1181.596	344.2438	1.205278	3.346781
15816	-841.8334	-1186.715	344.8811	1.446217	2.822454
15822	-835.9232	-1181.816	345.893	1.86456	1.912797
15828	-843.4968	-1189.758	346.2609	1.738963	1.746082
15834	-845.036	-1191.128	346.0922	1.645778	1.92605
15840	-839.4238	-1185.351	345.9273	1.712418	1.992047
15846	-833.1417	-1179.77	346.6281	1.645071	1.549741
15852	-826.4917	-1172.742	346.2505	1.579503	1.86356
15858	-833.9219	-1180.47	346.5481	1.695012	1.571901
15864	-820.1121	-1165.814	345.7017	1.519862	2.265396
15870	-826.8541	-1172.464	345.6103	1.423165	2.385234
15876	-842.5411	-1185.815	343.2739	1.197061	3.914095
15882	-842.6116	-1187.517	344.9055	1.372893	2.852141
15888	-836.2176	-1181.537	345.3197	1.357149	2.60821
15894	-837.8787	-1181.509	343.63	1.127304	3.749459
15900	-829.3848	-1174.054	344.6696	1.079123	3.169774
15906	-825.1786	-1171.169	345.9899	1.564816	2.048491
15912	-829.3625	-1175.581	346.2186	1.543867	1.909471
15918	-835.6173	-1181.084	345.4666	1.433713	2.469051
15924	-838.7847	-1184.671	345.8863	1.530591	2.139013
15930	-837.846	-1183.465	345.6192	1.284824	2.466738
15936	-843.5734	-1187.753	344.1797	1.249987	3.358135
15942	-830.0548	-1173.302	343.247	1.167124	3.946678
15948	-832.6415	-1176.882	344.2401	1.388215	3.241082
15954	-843.4588	-1187.98	344.5209	1.107488	3.241082
15960	-846.8349	-1193.756	346.9209	1.970701	1.042171
15966	-849.1882	-1195.325	346.1367	1.694976	1.862369
15972	-834.1152	-1179.811	345.6955	1.275064	2.42491
15978	-825.2578	-1170.965	345.7074	1.263135	2.42491
15984	-832.3303	-1177.926	345.5959	1.454942	2.374241
15990	-834.6488	-1180.467	345.8182	1.450698	2.234988
15996	-839.9266	-1185.099	345.1727	1.305211	2.730614
16002	-835.7816	-1180.867	345.0852	1.392716	2.730614
16008	-852.973	-1198.83	345.8565	1.353308	2.272924
16014	-850.0193	-1195.66	345.6405	1.541438	2.290806
16020	-843.4062	-1189.01	345.6038	1.466573	2.361856
16026	-832.9763	-1178.716	345.7402	1.684816	2.133747
16032	-821.2985	-1167.843	346.5447	1.767869	1.520557
16038	-845.084	-1191.22	346.1361	1.910194	1.713393
16044	-837.9356	-1184.072	346.1361	1.910194	1.713393
16050	-847.7383	-1192.564	344.8258	1.243534	2.978339
16056	-848.2703	-1193.181	344.9111	1.516333	2.761491
16062	-820.547	-1166.41	345.8625	1.504024	2.171836
16068	-834.5119	-1180.67	346.1581	1.382325	2.057965
16074	-845.8748	-1190.04	344.1656	1.187429	3.40314
16080	-830.4247	-1174.994	344.5695	1.304551	3.095226
16086	-833.4082	-1178.034	344.6261	1.24791	3.095226
16092	-831.1294	-1175.282	344.1528	1.149396	3.432894
16098	-848.1856	-1191.397	343.2109	0.941867	4.095891
16104	-843.5449	-1187.651	344.106	1.078468	3.501692
16110	-843.6356	-1188.263	344.6278	1.361002	3.02664
16116	-843.6127	-1188.662	345.049	1.258315	2.834582
16122	-832.372	-1177.967	345.5948	1.284826	2.482046
16128	-831.1912	-1175.747	344.5558	1.219506	3.153993
16134	-845.7478	-1190.11	344.3619	1.347476	3.193131
16140	-826.7476	-1170.549	343.8012	1.261038	3.572854
16146	-826.885	-1171.433	344.5478	1.363031	3.073259
16152	-820.7712	-1166.407	345.6357	1.485428	2.329567
16158	-817.7437	-1164.041	346.2977	1.696042	1.750317
16164	-833.083	-1179.506	346.4234	1.790811	1.592998
16170	-828.0414	-1174.116	346.0742	1.725261	1.884351
16176	-829.6707	-1174.636	344.9654	1.425536	2.78373
16182	-843.4521	-1190.485	347.0329	1.71265	1.175257
16188	-830.4365	-1176.943	346.5061	1.926869	1.429472
16194	-830.6209	-1177.026	346.4048	1.81861	1.586267
16200	-839.0098	-1185.604	346.5941	1.772573	1.48002
16206	-832.5915	-1179.353	346.761	2.118027	1.054153
16212	-853.708	-1200.643	346.9352	2.062768	0.9344255
16218	-847.4136	-1193.571	346.1575	1.717505	1.832725
16224	-833.8937	-1180.192	346.2983	1.681998	1.759723
16230	-825.9487	-1172.326	346.3773	1.639516	1.734155
16236	-821.427	-1167.61	346.183	1.731188	1.805703
16242	-827.071	-1173.358	346.2869	1.501998	1.89158
16248	-830.4417	-1176.09	345.6487	1.602028	2.246662
16254	-837.934	-1184.421	346.4865	1.6312	1.662684
16260	-831.6568	-1177.723	346.0663	1.671408	1.926204
16266	-840.3319	-1186.549	346.2176	1.669576	1.824333
16272	-846.9708	-1193.358	346.3874	2.002521	1.462355
16278	-833.1503	-1179.223	346.0732	1.658194	1.930529
16284	-825.6912	-1172.282	346.5912	1.841741	1.429486
16290	-827.1026	-1173.613	346.5104	1.689143	1.603678
16296	-835.4348	-1181.793	346.3582	1.642335	1.745576
16302	-837.0482	-1182.792	345.7439	1.307473	2.373902
16308	-839.4919	-1185.386	345.8944	1.502456	2.152111
16314	-836.9044	-1183.307	346.4024	1.625793	1.726185
16320	-835.6896	-1181.462	345.7725	1.611422	2.160488
16326	-838.3746	-1184.185	345.8107	1.46229	2.232315
16332	-842.2278	-1188.885	346.6574	1.667322	1.511479
16338	-838.9601	-1185.257	346.2965	1.749216	1.71379
16344	-827.5129	-1172.649	345.136	1.590975	2.57715
16350	-828.7052	-1173.962	345.2567	1.404771	2.61773
16356	-832.1638	-1178.753	346.5892	1.495019	1.686501
16362	-828.8046	-1174.461	345.6566	1.497883	2.308343
16368	-837.0596	-1182.843	345.7838	1.429472	2.27071
16374	-860.5939	-1206.131	345.5366	1.572613	2.337155
16380	-834.5742	-1178.987	344.4133	1.169668	3.267877
16386	-835.5291	-1179.26	343.7308	0.9087789	3.817289
16392	-834.129	-1178.398	344.2693	0.9665978	3.471683
16398	-831.8502	-1176.541	344.691	1.006115	3.200399
16404	-831.3	-1173.93	342.6296	0.9794646	4.40405
16410	-838.8463	-1181.343	342.4965	0.9016911	4.522769
16416	-841.6942	-1184.992	343.2974	1.023669	3.999918
16422	-836.6187	-1179.729	343.1099	1.068552	4.081287
16428	-838.2135	-1181.543	343.3296	1.025871	3.980226
16434	-836.375	-1179.84	343.465	1.185768	3.810857
16440	-825.2301	-1169.28	344.0501	1.226503	3.447858
16446	-822.9777	-1167.661	344.683	1.240662	3.065583
16452	-828.787	-1173.434	344.6474	1.253923	3.078909
16458	-828.2315	-1173.503	345.2716	1.185855	2.743148
16464	-819.1432	-1164.772	345.6292	1.165899	2.534811
16470	-828.6725	-1173.675	345.002	1.42936	2.759095
16476	-826.6403	-1172.885	346.2446	1.430942	1.968069
16482	-837.7701	-1183.892	346.1223	1.564169	1.960728
16488	-835.6892	-1181.27	345.5809	1.287861	2.488838
16494	-837.1349	-1182.742	345.6069	1.26189	2.488838
16500	-837.2157	-1182.693	345.4775	1.324702	2.530404
16506	-827.6386	-1172.368	344.7298	1.322361	2.988655
16512	-840.2892	-1184.506	344.2165	1.318035	3.296489
16518	-838.2289	-1184.027	345.7982	1.479442	2.229352
16524	-840.0753	-1184.901	344.8258	1.448902	2.854388
16530	-840.0049	-1186.067	346.0617	1.620838	1.963386
16536	-835.7626	-1182.424	346.6616	1.896059	1.331715
16542	-828.2967	-1175.131	346.8338	1.723812	1.331715
16548	-827.4852	-1173.501	346.0163	1.723812	1.92464
16554	-818.6149	-1164.27	345.6552	1.509835	2.301608
16560	-825.5502	-1171.237	345.6871	1.451034	2.318744
16566	-828.3386	-1173.515	345.1765	1.221349	2.779522
16572	-839.5824	-1185.798	346.2158	1.899611	1.664325
16578	-839.6711	-1186.371	346.6999	2.013991	1.202587
16584	-841.5942	-1186.486	344.8915	1.454588	2.811044
16590	-842.3998	-1186.554	344.1537	1.194254	3.406094
16596	-843.0371	-1188.538	345.5005	1.503421	2.403916
16602	-833.954	-1179.037	345.0828	1.542703	2.639941
16608	-844.3463	-1188.094	343.7476	1.130415	3.679733
16614	-841.2348	-1185.322	344.0869	1.171214	3.458718
16620	-843.0994	-1188.014	344.9146	1.347841	2.86181
16626	-842.0717	-1186.963	344.8912	1.129532	3.007503
16632	-856.9688	-1203.653	346.6837	1.708946	1.460293
16638	-850.9861	-1197.754	346.7683	1.77427	1.343772
16644	-839.063	-1185.486	346.4232	1.768629	1.609259
16650	-838.9844	-1185.536	346.5514	1.640482	1.609259
16656	-847.1633	-1193.633	346.4698	1.757179	1.583723
16662	-838.511	-1183.399	344.8877	1.23604	2.945567
16668	-843.0415	-1185.752	342.7106	1.128145	4.274229
16674	-843.9248	-1188.555	344.6303	1.236275	3.099681
16680	-848.7862	-1194.649	345.8625	1.538941	2.149084
16686	-852.9569	-1199.23	346.2736	1.750252	1.729206
16692	-844.357	-1190.541	346.184	1.839834	1.729206
16698	-839.6475	-1185.832	346.184	1.839834	1.729206
16704	-850.6954	-1197.251	346.5554	1.886644	1.422486
16710	-854.2896	-1199.686	345.3968	1.435316	2.511757
16716	-852.4805	-1196.826	344.3459	1.248909	3.260914
16722	-852.2108	-1192.646	340.4353	1.192201	5.506511
16728	-853.2752	-1196.88	343.6044	1.066145	3.799475
16734	-822.5651	-1168.35	345.7853	1.606674	2.155256
16740	-821.9629	-1167.937	345.9738	1.636849	2.01137
16746	-833.4108	-1179.361	345.9503	1.660341	2.01137
16752	-843.8583	-1189.509	345.6509	1.926046	2.033806
16758	-831.43	-1177.985	346.555	1.830583	1.465631
16764	-838.8473	-1185.146	346.2989	1.892771	1.609365
16770	-841.5881	-1188.029	346.4405	1.883626	1.511936
16776	-845.0763	-1191.084	346.0075	1.877348	1.825937
16782	-828.6	-1173.947	345.3467	1.565036	2.461933
16788	-832.1963	-1177.492	345.2956	1.315398	2.648879
16794	-829.9354	-1175.134	345.1982	1.331614	2.698807
16800	-836.0693	-1181.295	345.2259	1.295225	2.704105
16806	-836.6618	-1182.576	345.9142	1.702483	2.007375
16812	-838.4385	-1184.48	346.0415	1.575209	2.007375
16818	-827.6678	-1173.595	345.9273	1.654283	2.030703
16824	-823.3955	-1169.57	346.1747	1.406847	2.030703
16830	-834.4807	-1180.246	345.7649	1.610753	2.165874
16836	-836.1156	-1181.976	345.8606	1.737463	2.019748
16842	-832.1929	-1178.13	345.9367	1.476698	2.141327
16848	-842.1535	-1187.508	345.3543	1.522946	2.483529
16854	-838.6828	-1181.772	343.089	1.235986	3.99768
16860	-839.819	-1184.989	345.1696	1.18055	2.808557
16866	-831.7685	-1178.271	346.5029	1.664493	1.626994
16872	-822.7678	-1168.758	345.9897	1.7006	1.958153
16878	-835.1544	-1180.485	345.3305	1.347108	2.607748
16884	-844.4281	-1189.985	345.5568	1.454361	2.399284
16890	-840.614	-1187.094	346.4796	1.459725	1.788265
16896	-830.0018	-1176.223	346.2212	1.459725	1.964419
16902	-831.5676	-1177.427	345.8597	1.434568	2.218641
16908	-832.7164	-1177.565	344.8488	1.220255	2.978456
16914	-827.101	-1171.977	344.8758	1.163571	2.996287
16920	-838.4374	-1184.223	345.786	1.440094	2.262477
16926	-835.2859	-1179.097	343.8109	1.234002	3.582974
16932	-833.404	-1178.817	345.4134	1.388794	2.530398
16938	-837.2716	-1183.399	346.1276	1.554426	1.963698
16944	-833.9891	-1179.446	345.4567	1.414585	2.487277
16950	-838.3285	-1184.026	345.6971	1.284449	2.418006
16956	-830.1491	-1176.325	346.1762	1.523197	1.952067
16962	-837.621	-1183.914	346.2934	1.515624	1.877886
16968	-839.2788	-1184.645	345.3666	1.370328	2.571012
16974	-843.3546	-1188.041	344.6863	1.348757	2.998876
16980	-844.5625	-1188.545	343.982	1.420744	3.373988
16986	-830.6137	-1174.898	344.2848	1.257129	3.292116
16992	-831.9462	-1175.05	343.1042	0.9133728	4.172828
16998	-836.7639	-1179.82	343.056	0.9615905	4.172828
17004	-837.7725	-1180.628	342.8555	1.162093	4.172828
17010	-827.8818	-1170.984	343.1019	1.137129	4.046741
17016	-827.985	-1173.005	345.0199	1.193334	2.891582
17022	-832.1758	-1177.05	344.8744	1.338841	2.891582
17028	-843.7488	-1188.745	344.9967	1.216533	2.891582
17034	-839.601	-1185.009	345.4076	1.404406	2.524273
17040	-849.387	-1194.95	345.5633	1.248729	2.524273
17046	-842.5033	-1187.453	344.9493	1.039619	3.026579
17052	-840.3946	-1185.064	344.6692	1.215475	3.08884
17058	-832.6478	-1176.618	343.97	1.148887	3.53992
17064	-845.0826	-1188.952	343.869	1.249913	3.53992
17070	-843.1343	-1188.63	345.4953	1.334594	2.513098
17076	-834.972	-1179.932	344.9598	1.495916	2.74421
17082	-845.5513	-1190.359	344.808	1.597712	2.774694
17088	-841.4236	-1187.133	345.7097	1.385611	2.345981
17094	-829.5052	-1175.776	346.2709	1.63604	1.810721
17100	-846.8622	-1188.996	342.1336	1.23929	4.536972
17106	-850.5915	-1195.554	344.963	1.159597	2.946303
17112	-838.4906	-1184.855	346.3649	1.48053	1.853007
17118	-850.6666	-1196.424	345.7569	1.632979	2.156639
17124	-854.8299	-1197.065	342.2352	1.015617	4.605545
17130	-849.7753	-1194.26	344.4842	1.252922	3.176657
17136	-852.9208	-1196.696	343.7751	0.9134728	3.789062
17142	-852.8054	-1198.536	345.7309	1.217205	2.439032
17148	-843.1905	-1188.394	345.203	1.269557	2.733892
17154	-843.5865	-1188.421	344.8343	1.369066	2.897574
17160	-864.4823	-1210.03	345.5477	1.632907	2.291634
17166	-858.2666	-1202.564	344.2975	1.5132	3.132916
17172	-847.6099	-1193.107	345.4969	1.5132	2.399988
17178	-839.4349	-1184.463	345.0285	1.440087	2.736319
17184	-851.3291	-1196.128	344.7988	1.419195	2.888723
17190	-840.281	-1185.52	345.2387	1.388697	2.638784
17196	-833.5057	-1178.618	345.1122	1.230275	2.813211
17202	-837.3538	-1182.063	344.7094	1.230275	3.056028
17208	-835.71	-1180.157	344.4471	1.349207	3.141511
17214	-844.4486	-1188.767	344.3181	1.405901	3.184467
17220	-835.7221	-1181.946	346.2235	1.425046	1.986148
17226	-827.2862	-1173.809	346.5226	1.803662	1.510307
17232	-843.4378	-1189.975	346.5367	1.803662	1.499772
17238	-843.3346	-1189.789	346.4547	1.885718	1.499772
17244	-836.9655	-1183.554	346.5889	1.64039	1.582008
17250	-857.7101	-1203.741	346.0313	1.428586	2.110917
17256	-848.7142	-1195.249	346.5345	1.446918	1.758969
17262	-842.5595	-1187.81	345.2504	1.505844	2.558993
17268	-848.4097	-1193.623	345.2131	1.33362	2.688397
17274	-842.2451	-1187.387	345.1417	1.336734	2.730308
17280	-859.5077	-1204.854	345.346	1.130669	2.731357
17286	-863.3578	-1208.578	345.2206	1.177665	2.779279
17292	-840.6216	-1187.347	346.725	1.957871	1.228967
17298	-860.2702	-1206.936	346.6657	1.912879	1.314852
17304	-852.6422	-1199.613	346.9712	1.821073	1.134076
17310	-854.5204	-1200.538	346.018	1.371054	2.157205
17316	-852.1696	-1197.976	345.8064	1.534413	2.188534
17322	-848.5155	-1194.125	345.6099	1.552869	2.30303
17328	-849.2383	-1194.941	345.7032	1.287046	2.412496
17334	-855.9588	-1200.289	344.33	1.198052	3.300285
17340	-833.2724	-1177.787	344.515	1.179819	3.201767
17346	-845.9897	-1191.682	345.692	1.394069	2.351877
17352	-847.8602	-1194.188	346.3278	1.562572	1.822113
17358	-845.7412	-1192.029	346.2874	1.54179	1.864078
17364	-850.7119	-1195.441	344.7295	1.302935	3.000453
17370	-858.6084	-1203.832	345.2236	1.301474	2.701721
17376	-854.7766	-1200.669	345.8926	1.319943	2.271196
17382	-835.3459	-1181.523	346.1767	1.581816	1.912136
17388	-847.5603	-1193.689	346.1292	1.628773	1.912536
17394	-835.5122	-1178.536	343.0237	1.036713	4.148468
17400	-860.3614	-1205.593	345.2317	1.55792	2.538206
17406	-846.3187	-1191.976	345.6575	1.400819	2.369458
17412	-854.0628	-1196.689	342.6257	1.230326	4.264439
17418	-854.199	-1197.572	343.3731	1.121003	3.900823
17424	-861.8501	-1206.764	344.914	1.161556	2.974606
17430	-846.3079	-1191.77	345.4622	1.382292	2.504031
17436	-862.1133	-1207.295	345.1814	1.487016	2.613439
17442	-846.8236	-1192.805	345.9818	1.547858	2.065049
17448	-842.2565	-1187.985	345.729	1.71277	2.122784
17454	-851.1308	-1196.482	345.3513	1.273526	2.640349
17460	-860.6364	-1205.64	345.0034	1.414775	2.767116
17466	-855.9053	-1200.371	344.4658	1.261403	3.182561
17472	-857.8481	-1202.308	344.4599	1.219118	3.211126
17478	-862.3268	-1205.844	343.517	1.069902	3.847553
17484	-847.0327	-1193.025	345.9924	1.375602	2.170872
17490	-845.4024	-1189.522	344.1192	1.071988	3.497747
17496	-839.9104	-1184.078	344.1679	1.023308	3.497747
17502	-839.5592	-1183.344	343.785	1.295637	3.562153
17508	-847.3286	-1193.22	345.8912	1.268247	2.305146
17514	-842.8069	-1187.193	344.3866	1.219874	3.25403
17520	-847.623	-1193.034	345.4114	1.451854	2.492288
17526	-838.188	-1183.67	345.4824	1.380046	2.492808
17532	-858.7748	-1203.883	345.1084	1.384171	2.721617
17538	-857.7398	-1202.848	345.1084	1.384171	2.721617
17544	-837.6706	-1182.175	344.504	1.35111	3.106478
17550	-826.3617	-1170.606	344.2445	1.245313	3.322778
17556	-843.6124	-1186.73	343.1175	1.19243	4.006274
17562	-846.4744	-1191.867	345.393	1.386334	2.544633
17568	-845.1339	-1190.553	345.4193	1.360042	2.544633
17574	-846.6429	-1190.366	343.7228	1.193093	3.657795
17580	-846.2391	-1190.448	344.2086	1.14709	3.401576
17586	-845.3682	-1189.445	344.0764	1.303657	3.387292
17592	-854.7349	-1199.843	345.1084	1.384171	2.721617
17598	-860.6296	-1205.738	345.1084	1.384171	2.721617
17604	-860.6847	-1205.793	345.1084	1.384171	2.721617
17610	-849.0833	-1195.217	346.1341	1.822956	1.775962
17616	-835.2857	-1180.823	345.5376	1.557842	2.34594
17622	-842.9875	-1187.195	344.2072	1.302888	3.310887
17628	-844.6586	-1190.702	346.0436	1.618634	1.976946
17634	-822.5297	-1167.809	345.2791	1.53771	2.521266
17640	-834.1994	-1180.324	346.1245	1.556581	1.964317
17646	-831.4969	-1177.776	346.2789	1.660855	1.788
17652	-826.4535	-1171.95	345.496	1.524037	2.393712
17658	-834.1909	-1179.307	345.1158	1.3854	2.716349
17664	-839.6615	-1185.007	345.3455	1.400683	2.565216
17670	-844.2846	-1189.292	345.0073	1.638448	2.627409
17676	-847.6258	-1193.374	345.7486	1.583123	2.19439
17682	-855.033	-1201.087	346.0545	1.506508	2.044368
17688	-844.1055	-1189.422	345.317	1.449351	2.552712
17694	-852.9414	-1198.05	345.1084	1.384171	2.721617
17700	-858.2907	-1203.399	345.1084	1.384171	2.721617
17706	-847.7749	-1192.883	345.1084	1.384171	2.721617
17712	-851.8094	-1196.918	345.1084	1.384171	2.721617
17718	-843.7193	-1188.828	345.1084	1.384171	2.721617
17724	-862.1497	-1205.26	343.1107	1.221886	3.993326
17730	-848.4586	-1193.567	345.1084	1.384171	2.721617
17736	-844.5947	-1189.703	345.1084	1.384171	2.721617
17742	-842.8931	-1188.001	345.1084	1.384171	2.721617
17748	-848.0557	-1193.164	345.1084	1.384171	2.721617
17754	-842.7391	-1186.811	344.0723	1.055908	3.534492
17760	-843.9442	-1189.053	345.1084	1.384171	2.721617
17766	-845.0758	-1190.184	345.1084	1.384171	2.721617
17772	-844.329	-1188.994	344.6648	1.2925	3.045497
17778	-836.576	-1180.895	344.3192	1.11473	3.355686
17784	-828.3353	-1173.584	345.249	1.40551	2.622001
17790	-841.3283	-1186.338	345.0097	1.382543	2.782962
17796	-840.5709	-1185.686	345.1149	1.277318	2.782962
17802	-847.0503	-1190.989	343.9383	1.317624	3.459953
17808	-832.0094	-1175.873	343.8631	1.196711	3.57426
17814	-840.4012	-1184.651	344.2497	1.08929	3.411394
17820	-863.4716	-1208.58	345.1084	1.384171	2.721617
17826	-857.2675	-1202.376	345.1084	1.384171	2.721617
17832	-849.5286	-1194.637	345.1084	1.384171	2.721617
17838	-844.5078	-1189.616	345.1084	1.384171	2.721617
17844	-844.1365	-1189.245	345.1084	1.384171	2.721617
17850	-863.4352	-1206.574	343.1393	1.054815	4.072336
17856	-845.6726	-1190.208	344.5349	1.07933	3.249403
17862	-843.7638	-1188.872	345.1084	1.384171	2.721617
17868	-844.7628	-1189.871	345.1084	1.384171	2.721617
17874	-840.5803	-1186.386	345.8059	1.465426	2.233397
17880	-840.7099	-1185.818	345.1084	1.384171	2.721617
17886	-844.3753	-1189.484	345.1084	1.384171	2.721617
17892	-852.8687	-1198.784	345.915	1.408353	2.199799
17898	-862.7223	-1208.689	345.9667	1.356695	2.199799
17904	-835.4155	-1180.524	345.1084	1.384171	2.721617
17910	-837.0179	-1182.126	345.1084	1.384171	2.721617
17916	-834.7428	-1179.851	345.1084	1.384171	2.721617
17922	-839.3946	-1184.503	345.1084	1.384171	2.721617
17928	-852.0628	-1197.171	345.1084	1.384171	2.721617
17934	-856.861	-1203.1	346.2393	1.621515	1.842449
17940	-845.5965	-1190.705	345.1084	1.384171	2.721617
17946	-858.6177	-1203.726	345.1084	1.384171	2.721617
17952	-856.8351	-1202.411	345.5762	1.3834	2.431854
17958	-852.1459	-1197.047	344.901	1.276538	2.913176
17964	-847.6731	-1193.608	345.9344	1.411594	2.185121
17970	-839.6477	-1184.564	344.9162	1.222165	2.936794
17976	-832.7978	-1177.473	344.6753	1.212144	3.08722
17982	-831.8195	-1176.411	344.5918	1.314836	3.07578
17988	-832.5413	-1178.247	345.706	1.350477	2.370623
17994	-839.6177	-1184.138	344.5202	1.214451	3.178132
18000	-853.351	-1198.459	345.1084	1.384171	2.721617
18006	-846.8267	-1191.935	345.1084	1.384171	2.721617
18012	-835.8409	-1181.443	345.6025	1.230854	2.510966
18018	-837.8177	-1182.365	344.5477	1.42704	3.035066
18024	-844.9855	-1190.094	345.1084	1.384171	2.721617
18030	-852.606	-1197.544	344.938	1.366604	2.836263
18036	-854.0321	-1199.235	345.2025	1.401897	2.652911
18042	-846.6278	-1192.54	345.9119	1.339276	2.246401
18048	-840.6599	-1185.622	344.9619	1.435794	2.779602
18054	-839.3602	-1184.469	345.1084	1.384171	2.721617
18060	-836.8663	-1181.975	345.1084	1.384171	2.721617
18066	-839.4325	-1184.541	345.1084	1.384171	2.721617
18072	-842.5202	-1187.629	345.1084	1.384171	2.721617
18078	-838.2412	-1183.35	345.1084	1.384171	2.721617
18084	-836.0625	-1181.171	345.1084	1.384171	2.721617
18090	-837.5862	-1182.695	345.1084	1.384171	2.721617
18096	-834.6078	-1179.716	345.1084	1.384171	2.721617
18102	-842.6659	-1187.774	345.1084	1.384171	2.721617
18108	-848.4664	-1193.575	345.1084	1.384171	2.721617
18114	-843.3086	-1188.417	345.1084	1.384171	2.721617
18120	-844.5035	-1189.612	345.1084	1.384171	2.721617
18126	-850.3626	-1195.471	345.1084	1.384171	2.721617
18132	-848.0856	-1193.367	345.2814	1.458155	2.569355
18138	-863.4376	-1208.427	344.9896	1.313063	2.837398
18144	-846.8786	-1191.987	345.1084	1.384171	2.721617
18150	-856.9511	-1202.325	345.3742	1.246609	2.642803
18156	-855.2652	-1200.662	345.3965	1.379944	2.546416
18162	-844.4002	-1189.509	345.1084	1.384171	2.721617
18168	-836.957	-1182.065	345.1084	1.384171	2.721617
18174	-833.4794	-1178.588	345.1084	1.384171	2.721617
18180	-825.5032	-1170.612	345.1084	1.384171	2.721617
18186	-828.5989	-1173.707	345.1084	1.384171	2.721617
18192	-826.9758	-1172.084	345.1084	1.384171	2.721617
18198	-831.4115	-1176.52	345.1084	1.384171	2.721617
18204	-833.9172	-1179.026	345.1084	1.384171	2.721617
18210	-836.1445	-1181.253	345.1084	1.384171	2.721617
18216	-847.22	-1192.328	345.1084	1.384171	2.721617
18222	-844.0684	-1189.177	345.1084	1.384171	2.721617
18228	-838.6694	-1183.778	345.1084	1.384171	2.721617
18234	-841.0155	-1186.124	345.1084	1.384171	2.721617
18240	-839.1796	-1184.288	345.1084	1.384171	2.721617
18246	-846.1163	-1191.225	345.1084	1.384171	2.721617
18252	-837.2515	-1182.36	345.1084	1.384171	2.721617
18258	-837.6509	-1182.759	345.1084	1.384171	2.721617
18264	-845.0634	-1189.857	344.7933	1.40165	2.902661
18270	-838.2533	-1183.362	345.1084	1.384171	2.721617
18276	-837.1672	-1182.276	345.1084	1.384171	2.721617
18282	-830.1656	-1174.823	344.6571	1.487513	2.933034
18288	-844.1391	-1189.717	345.578	1.428627	2.402164
18294	-836.4229	-1181.421	344.9985	1.372259	2.79604
18300	-840.8201	-1186.669	345.8489	1.388829	2.255007
18306	-857.4031	-1202.005	344.6017	1.254842	3.105646
18312	-848.1458	-1193.254	345.1084	1.384171	2.721617
18318	-837.4403	-1182.549	345.1084	1.384171	2.721617
18324	-840.8342	-1185.943	345.1084	1.384171	2.721617
18330	-845.3498	-1189.543	344.1936	1.241224	3.355114
18336	-841.3804	-1185.551	344.171	1.263879	3.355114
18342	-834.1837	-1179.292	345.1084	1.384171	2.721617
18348	-838.6963	-1183.805	345.1084	1.384171	2.721617
18354	-845.7208	-1190.829	345.1084	1.384171	2.721617
18360	-833.2069	-1179.09	345.8829	1.476788	2.176282
18366	-829.5791	-1176.138	346.5591	1.631972	1.609844
18372	-845.9422	-1191.051	345.1084	1.384171	2.721617
18378	-844.7254	-1189.834	345.1084	1.384171	2.721617
18384	-840.5623	-1185.671	345.1084	1.384171	2.721617
18390	-840.9177	-1187.25	346.3325	1.452997	1.893835
18396	-841.1402	-1187.242	346.1023	1.683289	1.893835
18402	-850.4798	-1196.261	345.7808	1.424005	2.276156
18408	-844.6383	-1189.634	344.9958	1.333406	2.821312
18414	-850.482	-1193.353	342.8714	1.176998	4.155283
18420	-837.9769	-1181.074	343.0969	1.038713	4.10568
18426	-828.0338	-1170.767	342.7327	1.051747	4.30494
18432	-843.212	-1187.594	344.382	1.400495	3.149698
18438	-840.6843	-1185.073	344.3885	1.393978	3.149698
18444	-843.1734	-1187.649	344.4757	1.639642	2.950667
18450	-856.4348	-1200.824	344.3893	1.821983	2.892779
18456	-860.7844	-1205.174	344.3893	1.821983	2.892779
18462	-852.5417	-1196.931	344.3893	1.821983	2.892779
18468	-849.3537	-1193.743	344.3893	1.821983	2.892779
18474	-850.1149	-1194.504	344.3893	1.821983	2.892779
18480	-849.503	-1193.892	344.3893	1.821983	2.892779
18486	-852.0054	-1196.395	344.3893	1.821983	2.892779
18492	-838.2977	-1181.351	343.0529	1.136592	4.074997
18498	-832.9932	-1177.379	344.3855	1.424947	3.133061
18504	-845.5797	-1190.793	345.2133	1.420848	2.634573
18510	-859.7677	-1203.082	343.3139	1.267138	3.850962
18516	-848.8407	-1191.803	342.9623	1.013589	4.196464
18522	-839.2732	-1182.494	343.2204	0.9903185	4.062871
18528	-844.7112	-1187.661	342.9498	1.244839	4.072038
18534	-839.6958	-1184.244	344.5486	1.309548	3.104668
18540	-846.2758	-1191.725	345.4493	1.385059	2.510321
18546	-847.8221	-1193.142	345.3195	1.463625	2.542248
18552	-841.1506	-1185.871	344.7208	1.203762	3.065064
18558	-844.6904	-1187.896	343.2056	1.163546	3.972419
18564	-849.4367	-1193.833	344.3962	1.191118	3.265336
18570	-866.9992	-1212.394	345.3949	1.354412	2.563267
18576	-847.828	-1193.165	345.3373	1.412089	2.563267
18582	-837.3249	-1181.813	344.488	1.198185	3.206852
18588	-836.1076	-1181.615	345.5077	1.264578	2.549031
18594	-832.9909	-1177.999	345.008	1.349123	2.804328
18600	-838.9632	-1185.402	346.4389	1.554485	1.750573
18606	-848.1528	-1194.497	346.3445	1.572522	1.803709
18612	-862.8753	-1206.371	343.4956	0.9661468	3.919377
18618	-877.9264	-1220.666	342.74	1.110645	4.267484
18624	-860.3263	-1202.254	341.928	0.95601	4.810701
18630	-851.4457	-1195.171	343.7249	1.141855	3.686254
18636	-860.9672	-1205.325	344.3576	1.242986	3.257499
18642	-853.6689	-1198.135	344.4659	1.134671	3.257499
18648	-857.4828	-1201.015	343.5321	1.120944	3.80951
18654	-854.3233	-1198.501	344.1778	1.128568	3.43047
18660	-844.0368	-1190.394	346.3573	1.85181	1.596735
18666	-846.5391	-1193.064	346.5246	1.733565	1.560849
18672	-858.8865	-1202.941	344.0545	1.383968	3.353008
18678	-855.6118	-1197.359	341.747	1.093112	4.835229
18684	-878.1375	-1224.373	346.236	1.781017	1.734016
18690	-869.8086	-1215.342	345.5336	1.973215	2.080102
18696	-850.0462	-1195.01	344.9634	1.61627	2.668161
18702	-845.4116	-1191.204	345.7924	1.734221	2.067059
18708	-853.6291	-1199.614	345.9852	1.541423	2.067059
18714	-841.6465	-1187.48	345.8338	1.510121	2.186518
18720	-849.2174	-1195.225	346.0077	1.438194	2.120113
18726	-855.8319	-1201.773	345.9414	1.550637	2.089836
18732	-846.7805	-1192.552	345.7716	1.720465	2.089836
18738	-850.7732	-1196.654	345.8809	1.506094	2.158504
18744	-854.5556	-1200.566	346.0103	1.27796	2.222495
18750	-842.606	-1188.177	345.571	1.534249	2.339698
18756	-837.4352	-1182.82	345.3847	1.384311	2.551055
18762	-840.3288	-1185.713	345.3847	1.384311	2.551055
18768	-843.6407	-1188.767	345.1261	1.531099	2.620336
18774	-855.9505	-1202.177	346.2263	1.454994	1.964218
18780	-830.6703	-1175.83	345.1593	1.367583	2.700597
18786	-841.9529	-1186.656	344.7027	1.375137	2.973216
18792	-837.6365	-1182.32	344.6839	1.393924	2.973216
18798	-843.3771	-1185.775	342.3981	1.228807	4.393953
18804	-836.6684	-1180.496	343.8272	1.271259	3.551793
18810	-842.9987	-1185.618	342.6194	1.029544	4.381546
18816	-850.3199	-1193.397	343.0769	1.220589	4.013372
18822	-841.4114	-1187.158	345.7463	1.516949	2.238628
18828	-823.7093	-1168.155	344.4454	1.279767	3.183766
18834	-836.6607	-1181.672	345.0108	1.618741	2.637411
18840	-848.3095	-1193.793	345.4833	1.5411	2.390921
18846	-828.8605	-1174.285	345.4241	1.600368	2.390921
18852	-837.7082	-1183.549	345.8405	1.771843	2.010251
18858	-832.7938	-1177.856	345.0626	1.50029	2.678455
18864	-855.3334	-1199.721	344.3875	1.337249	3.183988
18870	-841.936	-1186.076	344.14	1.348388	3.323623
18876	-847.4801	-1193.141	345.6606	1.274393	2.4473
18882	-848.3391	-1192.128	343.7893	1.263968	3.578075
18888	-836.0075	-1181.294	345.2866	1.407023	2.597854
18894	-839.1832	-1182.798	343.615	1.230225	3.698663
18900	-851.4059	-1194.906	343.4997	1.181944	3.793056
18906	-836.0174	-1179.317	343.2998	1.159776	3.920659
18912	-839.047	-1184.484	345.4371	1.363636	2.531305
18918	-839.6972	-1183.955	344.2574	1.290269	3.288719
18924	-838.4657	-1184.128	345.6627	1.463596	2.326265
18930	-843.5016	-1189.269	345.7673	1.461857	2.260513
18936	-839.7472	-1185.42	345.6726	1.556558	2.260513
18942	-848.962	-1194.725	345.7628	1.469432	2.258567
18948	-835.9982	-1181.744	345.746	1.441822	2.28702
18954	-833.9111	-1178.087	344.1762	1.14407	3.422306
18960	-854.538	-1200.619	346.081	1.67732	1.912288
18966	-854.9809	-1200.845	345.8639	1.598618	2.109176
18972	-835.614	-1178.636	343.0218	1.197514	4.057993
18978	-843.9904	-1187.02	343.0297	1.049115	4.137998
18984	-846.8416	-1191.722	344.8804	1.058919	3.056212
18990	-845.9755	-1188.911	342.9352	1.261951	4.070628
18996	-845.2909	-1188.15	342.8588	1.03303	4.244159
19002	-828.2386	-1170.432	342.1937	1.023403	4.624427
19008	-840.4997	-1183.003	342.503	0.9373708	4.499037
19014	-837.6245	-1180.42	342.7954	1.344622	4.103189
19020	-838.6098	-1183.452	344.8424	1.251846	2.963353
19026	-839.4513	-1184.21	344.7591	1.26354	3.006351
19032	-830.7189	-1176.03	345.3112	1.350434	2.617611
19038	-830.2419	-1175.339	345.0972	1.209346	2.835056
19044	-835.1132	-1178.577	343.4634	1.188496	3.810203
19050	-832.3119	-1175.655	343.3428	1.032553	3.968847
19056	-833.6395	-1177.799	344.1596	1.223548	3.385464
19062	-841.52	-1186.809	345.2889	1.304119	2.659936
19068	-833.2362	-1177.537	344.3013	1.445356	3.171022
19074	-855.0287	-1200.698	345.6694	1.596922	2.236624
19080	-842.7042	-1185.748	343.0434	1.128913	4.084763
19086	-841.124	-1185.383	344.2586	1.142224	3.375087
19092	-860.2188	-1205.155	344.9363	1.584845	2.704127
19098	-840.7427	-1186.636	345.8931	1.565803	2.111598
19104	-841.5597	-1186.318	344.7582	1.409306	2.919225
19110	-860.1532	-1205.525	345.3716	1.453234	2.516268
19116	-841.1338	-1184.6	343.4661	1.069292	3.877162
19122	-843.996	-1190.261	346.2653	1.446109	1.943963
19128	-856.5766	-1201.917	345.3401	1.486316	2.515299
19134	-858.6582	-1204.593	345.935	1.57804	2.076003
19140	-862.0554	-1207.385	345.3295	1.302774	2.635762
19146	-846.0156	-1191.522	345.5064	1.369007	2.484673
19152	-851.1823	-1196.541	345.359	1.430705	2.538203
19158	-846.3454	-1191.332	344.9871	1.36151	2.80953
19164	-841.8028	-1186.338	344.5356	1.264282	3.139379
19170	-846.0602	-1189.946	343.8863	1.222003	3.546089
19176	-842.4033	-1187.05	344.6464	1.167573	3.130982
19182	-836.9407	-1181.452	344.511	1.352589	3.101445
19188	-835.8076	-1179.738	343.9301	1.348167	3.446911
19194	-834.7196	-1177.875	343.1557	1.053273	4.063866
19200	-841.3461	-1186.287	344.9406	1.365587	2.835287
19206	-833.5037	-1178.171	344.6672	1.492764	2.923776
19212	-834.3752	-1179.182	344.8066	1.353292	2.923776
19218	-841.5124	-1185.994	344.482	1.255154	3.176623
19224	-843.1661	-1188.868	345.7019	1.49756	2.279549
19230	-859.6986	-1202.848	343.1493	1.286698	3.934135
19236	-862.6716	-1205.875	343.2035	1.23253	3.934135
19242	-847.7025	-1192.706	345.0038	1.33392	2.816135
19248	-828.1981	-1173.294	345.0956	1.242074	2.816135
19254	-829.897	-1175.022	345.125	1.212683	2.816135
19260	-824.1991	-1168.873	344.6742	1.164948	3.116017
19266	-838.0866	-1181.292	343.2057	1.28961	3.900182
19272	-838.3897	-1179.994	341.6046	0.9900502	4.971891
19278	-837.0552	-1178.561	341.5062	1.088419	4.971891
19284	-853.1648	-1194.757	341.5927	1.167702	4.879645
19290	-850.5241	-1196.4	345.8759	1.497692	2.167235
19296	-848.468	-1193.889	345.4213	1.49048	2.461879
19302	-842.8784	-1187.324	344.4459	1.272433	3.187816
19308	-839.1942	-1184.823	345.6285	1.52649	2.308018
19314	-844.5028	-1191.23	346.7275	1.837405	1.325894
19320	-845.4574	-1192.081	346.6241	1.69273	1.517377
19326	-841.6561	-1187.806	346.1502	1.651834	1.882593
19332	-853.3107	-1199.24	345.9289	1.551967	2.097137
19338	-854.9674	-1201.677	346.7099	1.769349	1.393602
19344	-851.3156	-1197.368	346.0524	1.647414	1.951762
19350	-842.8096	-1188.789	345.9799	1.726645	1.947247
19356	-847.2972	-1193.845	346.5483	1.665139	1.593607
19362	-852.8939	-1200.043	347.1495	1.636773	1.139427
19368	-847.341	-1194.145	346.8039	1.96962	1.150729
19374	-869.6545	-1215.669	346.0146	1.740281	1.914626
19380	-858.112	-1204.638	346.5259	1.648076	1.622215
19386	-868.1381	-1214.575	346.4367	2.02118	1.41024
19392	-854.0121	-1200.655	346.6427	1.797355	1.42399
19398	-840.0124	-1186.804	346.7913	1.648746	1.42399
19404	-841.5296	-1187.858	346.3287	1.754919	1.686945
19410	-835.3633	-1180.481	345.118	1.359531	2.730856
19416	-838.4737	-1183.366	344.8924	1.367159	2.863537
19422	-838.2311	-1184.432	346.2011	1.673548	1.832962
19428	-857.6291	-1204.456	346.8268	2.174202	0.9310791
19434	-846.7534	-1193.612	346.8582	1.991022	1.082184
19440	-850.5105	-1197.341	346.8304	2.172303	0.9292653
19446	-865.873	-1212.333	346.46	1.822234	1.543102
19452	-830.66	-1174.988	344.3275	1.206046	3.297015
19458	-826.4621	-1171.802	345.3399	1.21183	2.685345
19464	-835.4543	-1180.901	345.4469	1.436011	2.479965
19470	-830.4013	-1176.395	345.9933	1.676431	1.971936
19476	-830.6768	-1176.642	345.9648	1.527843	2.089418
19482	-833.1977	-1179.985	346.7869	1.753009	1.345858
19488	-838.2171	-1184.169	345.9516	1.355696	2.210211
19494	-819.6292	-1163.57	343.9406	1.204259	3.524804
19500	-826.2246	-1168.758	342.533	1.086314	4.398222
19506	-828.3787	-1173.579	345.2004	1.298269	2.717889
19512	-826.2842	-1170.982	344.6975	1.426356	2.945493
19518	-831.2421	-1176.817	345.5748	1.634881	2.272988
19524	-843.6106	-1189.355	345.7445	1.465228	2.272988
19530	-838.0846	-1183.57	345.4858	1.483956	2.42543
19536	-835.697	-1181.642	345.9448	1.430595	2.166049
19542	-831.5443	-1175.141	343.5962	1.222745	3.713872
19548	-830.1685	-1174.737	344.5687	1.346795	3.070467
19554	-838.3959	-1182.02	343.6238	1.311643	3.64647
19560	-844.6357	-1188.524	343.8879	1.0475	3.64647
19566	-853.8193	-1198.067	344.2472	1.243528	3.32227
19572	-832.0971	-1177.695	345.5983	1.400405	2.40717
19578	-828.4105	-1172.417	344.0067	1.172721	3.504636
19584	-825.0439	-1168.973	343.9289	1.189867	3.539993
19590	-824.135	-1168.064	343.9289	1.189867	3.539993
19596	-827.8613	-1171.79	343.9289	1.189867	3.539993
19602	-825.9276	-1169.857	343.9289	1.189867	3.539993
19608	-823.7953	-1167.724	343.9289	1.189867	3.539993
19614	-822.7267	-1166.656	343.9289	1.189867	3.539993
19620	-837.8773	-1183.756	345.8785	1.634321	2.076171
19626	-833.0005	-1177.468	344.4676	1.328349	3.141716
19632	-833.597	-1177.121	343.5238	1.243691	3.743593
19638	-838.4754	-1184.183	345.7072	1.322052	2.387871
19644	-843.8054	-1189.78	345.9748	1.754878	1.931665
19650	-835.7519	-1181.645	345.893	1.630201	2.069342
19656	-823.4928	-1169.681	346.1885	1.732517	1.800933
19662	-819.6422	-1165.947	346.3053	1.835003	1.646487
19668	-825.5065	-1171.71	346.2036	1.834959	1.718844
19674	-823.4475	-1169.68	346.2322	1.939999	1.623524
19680	-831.1459	-1177.713	346.5668	1.829315	1.457675
19686	-835.1991	-1181.792	346.5925	1.918536	1.368695
19692	-840.4043	-1187.186	346.7812	1.774372	1.333343
19698	-856.5848	-1202.647	346.0624	1.613098	1.968092
19704	-842.1125	-1188.05	345.9377	1.510383	2.118671
19710	-843.0004	-1187.511	344.511	1.364219	3.094533
19716	-852.9183	-1196.089	343.1702	1.165736	3.991393
19722	-844.1891	-1188.215	344.0261	1.239503	3.454331
19728	-838.8159	-1181.41	342.5944	1.065165	4.375511
19734	-837.814	-1180.904	343.0901	1.115915	4.065577
19740	-835.941	-1180.072	344.131	1.184724	3.424964
19746	-828.7096	-1173.318	344.6085	1.341733	3.049692
19752	-832.4208	-1177.071	344.6503	1.299941	3.049692
19758	-830.8617	-1175.052	344.1902	0.9681518	3.516895
19764	-837.6397	-1182.968	345.3284	1.326854	2.621589
19770	-840.2463	-1184.904	344.6581	1.229221	3.087277
19776	-837.5757	-1182.298	344.722	1.314248	2.998197
19782	-834.8921	-1179.056	344.1637	1.087309	3.462829
19788	-834.1389	-1178.26	344.1212	1.14879	3.451767
19794	-863.3068	-1208.758	345.4511	1.200649	2.623745
19800	-840.7991	-1185.458	344.6587	1.15343	3.13208
19806	-836.3093	-1182.424	346.1142	1.374169	2.092219
19812	-836.3836	-1182.265	345.8815	1.393993	2.230715
19818	-842.6802	-1188.525	345.8446	1.315347	2.304807
19824	-838.0275	-1182.794	344.7661	1.415773	2.910557
19830	-837.1161	-1182.949	345.8333	1.547348	2.162642
19836	-831.6734	-1175.949	344.2756	1.467788	3.172945
19842	-843.9779	-1188.305	344.3275	1.301968	3.24045
19848	-837.1409	-1182.327	345.1858	1.400999	2.663762
19854	-835.7148	-1177.656	341.9409	1.306543	4.607413
19860	-826.751	-1170.519	343.7679	1.241609	3.603476
19866	-843.4896	-1187.934	344.4446	1.421347	3.10003
19872	-841.3348	-1184.908	343.5733	1.08689	3.805401
19878	-835.3795	-1179.707	344.3275	1.148478	3.330936
19884	-831.0747	-1176.189	345.1145	1.503024	2.644851
19890	-828.7007	-1174.558	345.8574	1.47834	2.191809
19896	-846.524	-1192.881	346.3572	1.63044	1.754641
19902	-851.8894	-1197.456	345.5666	1.545473	2.335354
19908	-848.1387	-1193.886	345.7469	1.554965	2.213674
19914	-841.6913	-1186.921	345.2301	1.445922	2.608752
19920	-832.448	-1178.442	345.9938	1.559085	2.049727
19926	-833.5518	-1180.345	346.7928	1.735669	1.354952
19932	-848.2218	-1194.385	346.1633	1.526001	1.958806
19938	-856.7082	-1203.308	346.5994	1.941162	1.345387
19944	-840.5783	-1186.734	346.1559	1.65932	1.873622
19950	-830.9323	-1176.197	345.2645	1.748696	2.398008
19956	-837.6735	-1183.513	345.8396	1.76563	2.014976
19962	-841.0636	-1186.877	345.8139	1.543004	2.178063
19968	-842.5417	-1187.617	345.0749	1.538111	2.647617
19974	-842.4552	-1188.714	346.259	1.5343	1.888596
19980	-840.2618	-1186.448	346.1866	1.665317	1.848545
19986	-853.7111	-1199.356	345.6452	1.547815	2.28371
19992	-832.8244	-1176.919	344.0948	1.621184	3.189172
19998	-837.0568	-1182.667	345.6102	1.416199	2.389701
20004	-859.6326	-1204.829	345.1969	1.311158	2.712142
20010	-860.5684	-1205.938	345.3692	1.318724	2.601338
20016	-854.8075	-1200.013	345.2053	1.482637	2.601338
20022	-857.9657	-1201.07	343.1045	1.122197	4.053791
20028	-854.2389	-1198.021	343.7823	0.990904	3.740292
20034	-844.8991	-1186.869	341.9703	0.9883346	4.769043
20040	-848.7837	-1191.915	343.1312	1.067765	4.06961
20046	-854.8072	-1199.01	344.2033	1.308328	3.309945
20052	-825.1745	-1169.925	344.7503	1.19352	3.053575
20058	-840.3118	-1184.693	344.3811	1.136967	3.306153
20064	-832.7937	-1178.349	345.5554	1.424842	2.418835
20070	-854.5394	-1199.566	345.0265	1.215626	2.874099
20076	-850.7325	-1195.78	345.0472	1.268672	2.829398
20082	-855.6931	-1200.554	344.8613	1.371917	2.879477
20088	-852.3787	-1197.781	345.4019	1.288509	2.599832
20094	-845.8728	-1191.501	345.6281	1.419029	2.376564
20100	-850.945	-1196.167	345.2217	1.379705	2.654794
20106	-854.9114	-1200.267	345.3561	1.550234	2.465295
20112	-844.1229	-1188.427	344.3038	1.349069	3.226571
20118	-848.9133	-1195.116	346.2023	1.598032	1.883783
20124	-838.8179	-1184.796	345.978	1.621288	2.01893
20130	-829.1017	-1175.591	346.4889	1.751016	1.574258
20136	-827.3376	-1173.628	346.2905	1.81042	1.674669
20142	-838.16	-1184.805	346.6452	1.644029	1.537924
20148	-850.9532	-1197.568	346.6145	1.674652	1.537924
20154	-852.122	-1198.751	346.6292	1.780499	1.447306
20160	-841.162	-1187.917	346.7555	1.786912	1.343889
20166	-825.3891	-1171.937	346.5478	1.82594	1.474668
20172	-835.1383	-1181.704	346.566	1.689381	1.562896
20178	-835.8274	-1182.245	346.4181	1.837297	1.562896
20184	-834.4111	-1180.954	346.5433	1.880381	1.43662
20190	-835.0012	-1181.2	346.1988	1.622888	1.869241
20196	-828.2718	-1173.836	345.5644	1.488087	2.373183
20202	-831.9301	-1176.452	344.5218	1.226052	3.170301
20208	-832.4964	-1177.12	344.6235	1.19758	3.126766
20214	-836.5074	-1181.15	344.6429	1.147087	3.145281
20220	-834.8674	-1178.478	343.6103	0.9804067	3.845408
20226	-841.8148	-1184.026	342.2114	1.156097	4.540047
20232	-842.8735	-1188.394	345.5201	1.427097	2.439653
20238	-834.1561	-1179.395	345.2389	1.38073	2.643551
20244	-823.6955	-1168.4	344.7046	1.425915	2.941522
20250	-817.1384	-1161.429	344.2909	1.249671	3.292878
20256	-808.0507	-1153.237	345.1863	1.420176	2.65167
20262	-809.7966	-1154.959	345.1623	1.568205	2.574974
20268	-816.0647	-1161.451	345.3858	1.388039	2.548048
20274	-825.1394	-1169.924	344.7848	1.50986	2.842247
20280	-832.369	-1176.168	343.7992	1.398479	3.494005
20286	-831.6078	-1174.767	343.1589	1.126006	4.020538
20292	-843.0073	-1186.912	343.9045	1.260545	3.513002
20298	-832.9507	-1177.388	344.4373	1.248354	3.207153
20304	-839.7237	-1182.437	342.7131	0.9279539	4.386008
20310	-832.8493	-1177.602	344.753	1.182675	3.058397
20316	-845.4197	-1190.097	344.6771	1.232428	3.074037
20322	-827.6955	-1172.39	344.6945	1.282607	3.033632
20328	-839.642	-1184.345	344.7034	1.304071	3.015437
20334	-843.8304	-1188.379	344.5485	1.243813	3.143856
20340	-848.4153	-1192.978	344.5631	1.336788	3.079814
20346	-835.1531	-1180.381	345.2275	1.534394	2.555459
20352	-850.7777	-1195.948	345.17	1.466256	2.633264
20358	-848.6252	-1193.252	344.6266	1.398478	3.004912
20364	-849.5336	-1192.747	343.2131	1.26988	3.907242
20370	-837.5314	-1181.904	344.3729	1.190915	3.27921
20376	-845.1249	-1188.902	343.7772	1.028336	3.721611
20382	-840.9665	-1184.825	343.8581	1.027748	3.675157
20388	-836.2218	-1180.47	344.2484	1.142569	3.380895
20394	-823.5271	-1167.77	344.2427	1.148296	3.380895
20400	-824.283	-1168.577	344.294	1.146994	3.351496
20406	-829.8581	-1175.133	345.2748	1.244738	2.705126
20412	-828.1445	-1173.426	345.2815	1.237961	2.705126
20418	-828.8538	-1174.018	345.1641	1.264262	2.760919
20424	-830.6501	-1174.884	344.2339	1.093254	3.418322
20430	-880.4936	-1220.696	340.2022	1.097413	5.686558
20436	-885.0872	-1227.494	342.4066	0.8059344	4.626998
20442	-837.0765	-1182.748	345.6712	1.29638	2.426788
20448	-850.9603	-1195.546	344.5861	1.272836	3.104198
20454	-851.9714	-1194.484	342.5127	0.9232198	4.501544
20460	-852.5399	-1196.303	343.7636	1.149557	3.659395
20466	-859.7004	-1205.146	345.4459	1.297205	2.56718
20472	-862.6378	-1204.701	342.0633	0.9309246	4.749155
20478	-847.2749	-1190.064	342.7892	0.7724318	4.430801
20484	-845.5095	-1189.376	343.867	1.132416	3.609387
20490	-841.8911	-1186.482	344.5908	1.332021	3.0661
20496	-836.2151	-1182.196	345.9811	1.480752	2.109638
20502	-839.2061	-1184.352	345.1464	1.235718	2.789111
20508	-828.9403	-1174.514	345.5734	1.443399	2.395741
20514	-847.3511	-1192.591	345.2402	1.384774	2.640236
20520	-846.5446	-1191.91	345.3655	1.424999	2.537688
20526	-837.5296	-1181.858	344.3288	1.141816	3.334103
20532	-829.2472	-1174.035	344.7877	1.338505	2.94413
20538	-829.7625	-1174.633	344.8705	1.228805	2.96032
20544	-826.7408	-1169.775	343.0343	1.343451	3.967495
20550	-830.6889	-1175.217	344.5277	1.285265	3.131569
20556	-842.6623	-1186.129	343.4664	1.126925	3.843909
20562	-838.8187	-1181.808	342.9895	0.9794259	4.200412
20568	-832.0541	-1175.882	343.8282	1.025019	3.694055
20574	-849.2564	-1193.516	344.2599	1.394551	3.225617
20580	-848.166	-1193.049	344.8832	1.2262	2.95424
20586	-844.4365	-1188.938	344.5012	1.191978	3.202716
20592	-822.2182	-1166.586	344.3673	1.016142	3.385286
20598	-818.5522	-1162.024	343.4716	1.021997	3.901112
20604	-824.2644	-1168.443	344.1791	1.159092	3.411831
20610	-829.8233	-1174.428	344.6046	1.255441	3.103531
20616	-828.4745	-1172.959	344.4849	1.37521	3.103531
20622	-826.3706	-1170.145	343.7747	1.221875	3.611019
20628	-826.4337	-1171.208	344.7741	1.271044	2.992853
20634	-863.0629	-1207.849	344.7864	1.636121	2.764485
20640	-838.9676	-1185.698	346.7308	1.647618	1.471123
20646	-834.2083	-1180.538	346.3293	1.776026	1.671525
20652	-847.2328	-1193.562	346.3293	1.776026	1.671525
20658	-838.2141	-1184.652	346.438	1.667279	1.671525
20664	-835.4977	-1181.792	346.2946	1.592832	1.824116
20670	-819.8578	-1166.027	346.1687	1.44473	2.009556
20676	-834.0423	-1178.614	344.5712	1.32493	3.082057
20682	-821.7173	-1165.468	343.7507	1.173184	3.653185
20688	-828.297	-1172.795	344.4981	1.213022	3.192059
20694	-842.6551	-1187.186	344.5313	1.272418	3.137113
20700	-854.3169	-1197.599	343.2819	1.129957	3.947953
20706	-848.918	-1191.578	342.66	1.043715	4.350584
20712	-837.3033	-1182.092	344.7885	1.311633	2.95978
20718	-828.3316	-1173.038	344.7062	1.248372	3.047115
20724	-825.668	-1171.143	345.4755	1.255582	2.574641
20730	-835.0845	-1179.923	344.8381	1.42537	2.861188
20736	-840.7813	-1185.198	344.4168	1.502523	3.068157
20742	-836.9395	-1182.435	345.4954	1.254879	2.562683
20748	-831.2982	-1177.599	346.3003	1.465924	1.906912
20754	-856.5212	-1202.824	346.3026	1.562927	1.839222
20760	-837.9139	-1184.667	346.753	2.069178	1.107071
20766	-839.1438	-1185.683	346.5393	1.842551	1.468535
20772	-845.2853	-1191.535	346.2498	1.640729	1.821983
20778	-849.0965	-1194.247	345.1506	1.330801	2.728498
20784	-830.9134	-1176.513	345.5996	1.355423	2.434683
20790	-837.7198	-1183.724	346.0041	1.329008	2.193505
20796	-827.8822	-1173.903	346.0207	1.312378	2.193505
20802	-828.5193	-1173.411	344.8917	1.503805	2.780965
20808	-828.5663	-1174.09	345.5242	1.265394	2.538245
20814	-830.1854	-1174.345	344.1598	1.143709	3.432168
20820	-832.1177	-1176.813	344.6955	1.15637	3.108415
20826	-824.0949	-1168.322	344.2272	1.283222	3.310688
20832	-817.5957	-1162.987	345.3909	1.364751	2.559369
20838	-830.0404	-1173.983	343.9429	1.153908	3.552738
20844	-824.9458	-1170.18	345.2338	1.363964	2.657019
20850	-832.1529	-1177.906	345.7534	1.176656	2.450431
20856	-831.4958	-1177.646	346.15	1.490717	1.99134
20862	-835.7787	-1182.288	346.5091	1.563528	1.694739
20868	-825.135	-1171.545	346.4101	1.531211	1.786887
20874	-829.5292	-1175.99	346.4612	1.78175	1.571977
20880	-819.1418	-1165.928	346.7862	1.659255	1.419848
20886	-825.2895	-1171.52	346.2303	1.412733	1.989789
20892	-829.9858	-1175.915	345.9296	1.398549	2.196704
20898	-824.3043	-1170.645	346.3404	1.520634	1.842273
20904	-830.6956	-1176.862	346.1667	1.559955	1.933692
20910	-823.6807	-1169.46	345.7791	1.403229	2.290562
20916	-833.4976	-1179.109	345.6114	1.551508	2.302938
20922	-835.3173	-1180.96	345.6424	1.417182	2.368662
20928	-851.6372	-1197.362	345.725	1.472389	2.2809
20934	-842.1394	-1187.462	345.3229	1.457323	2.544078
20940	-840.0535	-1185.226	345.1724	1.298838	2.734682
20946	-832.1944	-1177.462	345.268	1.338277	2.6518
20952	-833.5271	-1178.472	344.9445	1.287907	2.880013
20958	-829.915	-1174.607	344.6924	1.423829	2.950106
20964	-838.7317	-1182.761	344.0292	1.090309	3.539576
20970	-842.8392	-1186.627	343.7878	1.212405	3.608894
20976	-839.1456	-1181.646	342.5003	1.01535	4.456672
20982	-844.6914	-1187.959	343.2672	1.052339	4.000797
20988	-841.0829	-1184.35	343.2672	1.052339	4.000797
20994	-848.12	-1191.387	343.2672	1.052339	4.000797
21000	-857.134	-1202.724	345.5898	1.575353	2.301504
21006	-859.7016	-1205.63	345.9283	1.425799	2.179867
21012	-844.7547	-1188.022	343.2672	1.052339	4.000797
21018	-843.7554	-1187.023	343.2672	1.052339	4.000797
21024	-844.1475	-1187.415	343.2672	1.052339	4.000797
21030	-839.335	-1182.602	343.2672	1.052339	4.000797
21036	-839.2383	-1182.505	343.2672	1.052339	4.000797
21042	-843.6368	-1186.904	343.2672	1.052339	4.000797
21048	-839.4496	-1182.717	343.2672	1.052339	4.000797
21054	-836.3486	-1179.616	343.2672	1.052339	4.000797
21060	-837.1066	-1180.374	343.2672	1.052339	4.000797
21066	-838.1215	-1181.389	343.2672	1.052339	4.000797
21072	-841.9886	-1185.256	343.2672	1.052339	4.000797
21078	-853.5814	-1196.849	343.2672	1.052339	4.000797
21084	-845.5031	-1188.77	343.2672	1.052339	4.000797
21090	-836.5988	-1179.866	343.2672	1.052339	4.000797
21096	-840.4425	-1183.71	343.2672	1.052339	4.000797
21102	-839.7692	-1183.036	343.2672	1.052339	4.000797
21108	-842.0684	-1185.336	343.2672	1.052339	4.000797
21114	-849.0541	-1192.321	343.2672	1.052339	4.000797
21120	-854.8783	-1198.145	343.2672	1.052339	4.000797
21126	-858.0427	-1201.31	343.2672	1.052339	4.000797
21132	-858.2377	-1201.505	343.2672	1.052339	4.000797
21138	-840.8186	-1184.086	343.2672	1.052339	4.000797
21144	-841.295	-1184.562	343.2672	1.052339	4.000797
21150	-833.3003	-1176.567	343.2672	1.052339	4.000797
21156	-833.7735	-1177.041	343.2672	1.052339	4.000797
21162	-846.9525	-1192.358	345.4057	1.623407	2.387984
21168	-851.4397	-1196.446	345.0065	1.564468	2.673507
21174	-829.2029	-1172.47	343.2672	1.052339	4.000797
21180	-832.1441	-1175.411	343.2672	1.052339	4.000797
21186	-835.6042	-1178.871	343.2672	1.052339	4.000797
21192	-832.8347	-1176.102	343.2672	1.052339	4.000797
21198	-833.0333	-1176.3	343.2672	1.052339	4.000797
21204	-843.8542	-1187.121	343.2672	1.052339	4.000797
21210	-835.0591	-1178.326	343.2672	1.052339	4.000797
21216	-841.3466	-1184.614	343.2672	1.052339	4.000797
21222	-833.3384	-1176.606	343.2672	1.052339	4.000797
21228	-828.5543	-1171.821	343.2672	1.052339	4.000797
21234	-840.1438	-1183.411	343.2672	1.052339	4.000797
21240	-839.3961	-1182.663	343.2672	1.052339	4.000797
21246	-838.1154	-1181.383	343.2672	1.052339	4.000797
21252	-843.5276	-1188.999	345.4719	1.58307	2.371626
21258	-840.1006	-1186.301	346.2005	1.763606	1.771058
21264	-845.4253	-1192.336	346.9103	2.205895	0.7936572
21270	-846.3824	-1191.467	345.0844	1.468578	2.684602
21276	-849.611	-1194.59	344.9786	1.256601	2.878277
21282	-841.9758	-1188.464	346.4878	1.773715	1.558359
21288	-844.6974	-1191.287	346.5895	1.686461	1.547717
21294	-829.538	-1176.351	346.8126	1.773029	1.309235
21300	-841.5386	-1188.394	346.8556	2.163872	0.9108619
21306	-842.8295	-1189.731	346.9017	2.009176	1.023422
21312	-844.2081	-1191.189	346.9813	2.009176	0.9424495
21318	-839.0381	-1185.913	346.8746	2.032263	1.027364
21324	-831.3536	-1178.299	346.9457	2.173212	0.7899687
21330	-832.9315	-1179.745	346.814	1.998685	1.115723
21336	-836.077	-1182.796	346.7192	1.948994	1.241314
21342	-851.3785	-1197.427	346.0487	1.500608	2.052066
21348	-846.8363	-1193.007	346.1706	1.571345	1.923359
21354	-841.096	-1187.83	346.7335	1.886774	1.280986
21360	-834.2196	-1181.138	346.9188	1.868058	1.138902
21366	-830.0329	-1176.846	346.8131	1.775574	1.306711
21372	-823.6256	-1170.518	346.8929	1.69584	1.306711
21378	-834.9278	-1181.399	346.4714	1.718414	1.610764
21384	-830.2212	-1176.752	346.5304	1.735837	1.554881
21390	-831.53	-1177.629	346.0992	1.523373	2.003465
21396	-833.6543	-1180.151	346.4969	1.64164	1.647758
21402	-827.9618	-1174.383	346.4215	1.630777	1.70917
21408	-841.7711	-1187.239	345.4678	1.361237	2.51368
21414	-820.3651	-1165.833	345.4678	1.361237	2.51368
21420	-834.3891	-1180.447	346.0578	1.484618	2.056654
21426	-829.1555	-1175.529	346.3738	1.655991	1.725001
21432	-840.0811	-1186.964	346.8832	1.665197	1.339132
21438	-843.0315	-1189.631	346.5994	2.003127	1.295462
21444	-823.0854	-1169.765	346.6798	1.811433	1.384295
21450	-836.2097	-1182.193	345.9834	1.552855	2.060695
21456	-836.3699	-1182.275	345.9053	1.55081	2.11343
21462	-845.158	-1191.674	346.5163	1.560215	1.691972
21468	-826.6009	-1173.26	346.6591	1.692584	1.491301
21474	-843.3676	-1190.292	346.924	1.914382	1.092176
21480	-833.4078	-1180.412	347.0045	1.831999	1.09393
21486	-845.5623	-1192.467	346.9047	1.931813	1.09393
21492	-838.3343	-1185.059	346.7249	1.783111	1.371143
21498	-829.166	-1175.771	346.6046	1.5975	1.601813
21504	-837.732	-1184.247	346.5152	1.581143	1.677899
21510	-828.8079	-1175.445	346.6367	1.545851	1.61599
21516	-824.6991	-1170.745	346.0462	1.452262	2.085587
21522	-832.1694	-1178.142	345.9722	1.435562	2.145003
21528	-827.486	-1173.45	345.9642	1.485329	2.117707
21534	-842.7437	-1187.292	344.5485	1.229936	3.152147
21540	-822.1639	-1166.823	344.6595	1.187472	3.111366
21546	-818.8696	-1163.155	344.285	1.303317	3.264748
21552	-818.2166	-1163.475	345.2586	1.456316	2.584621
21558	-819.9468	-1166.125	346.1778	1.480604	1.979522
21564	-829.4183	-1175.729	346.311	1.655017	1.769718
21570	-849.4624	-1196.112	346.6499	1.567183	1.590922
21576	-848.7191	-1194.511	345.7915	1.566031	2.177697
21582	-842.43	-1187.953	345.5235	1.550366	2.35963
21588	-837.893	-1183.894	346.0011	1.480554	2.096623
21594	-832.2537	-1178.439	346.1855	1.697704	1.827088
21600	-830.8326	-1176.45	345.6173	1.46151	2.356509
21606	-828.6835	-1174.636	345.9521	1.46151	2.141187
21612	-852.7425	-1198.397	345.6543	1.53806	2.284096
21618	-859.4821	-1203.938	344.4563	1.399116	3.106343
21624	-851.5232	-1196.897	345.3736	1.308478	2.60499
21630	-834.2395	-1179.451	345.2114	1.559454	2.549897
21636	-837.3365	-1182.897	345.5603	1.416243	2.421139
21642	-824.9251	-1169.569	344.6435	1.168943	3.131895
21648	-824.6195	-1170.859	346.2398	1.679459	1.802165
21654	-841.4363	-1187.557	346.1207	1.865469	1.755641
21660	-832.6445	-1179.255	346.6108	1.876512	1.387334
21666	-843.5238	-1190.226	346.7026	1.784727	1.387334
21672	-832.6134	-1179.397	346.7833	1.735775	1.362394
21678	-819.8234	-1166.684	346.8602	1.909322	1.154292
21684	-831.5564	-1177.426	345.8699	1.89931	1.904925
21690	-837.6698	-1183.831	346.1612	1.608021	1.904925
21696	-838.358	-1184.738	346.3803	1.469009	1.850315
21702	-840.1657	-1186.017	345.8516	1.43534	2.223332
21708	-825.2022	-1169.871	344.6686	1.261259	3.061871
21714	-830.1731	-1174.186	344.0132	1.164175	3.505824
21720	-838.1485	-1183.034	344.8852	1.17937	2.981186
21726	-844.9179	-1190.452	345.5346	1.215479	2.562825
21732	-838.7463	-1182.773	344.0266	1.19591	3.479502
21738	-837.5741	-1183.218	345.644	1.265769	2.463132
21744	-830.8567	-1176.498	345.6411	1.395378	2.383306
21750	-833.2618	-1179.428	346.1664	1.635083	1.883024
21756	-835.0756	-1181.328	346.2526	1.848809	1.674327
21762	-836.2237	-1182.782	346.5585	1.754551	1.520164
21768	-843.2621	-1189.676	346.4142	1.734381	1.640533
21774	-838.986	-1185.849	346.8631	1.572369	1.42757
21780	-844.9317	-1191.573	346.6413	1.607913	1.567429
21786	-849.003	-1194.557	345.5541	1.499626	2.3724
21792	-841.6415	-1187.873	346.2314	1.530057	1.910154
21798	-845.5568	-1191.595	346.0386	1.396929	2.126889
21804	-843.9264	-1189.599	345.6729	1.606586	2.228142
21810	-838.1311	-1183.081	344.9499	1.614079	2.677814
21816	-862.1976	-1205.472	343.2744	1.333961	3.835241
21822	-843.008	-1188.46	345.4525	1.711447	2.302286
21828	-835.6342	-1181.505	345.8703	1.431182	2.213982
21834	-834.9973	-1181.21	346.2129	1.584794	1.885596
21840	-839.8455	-1186.24	346.3946	1.805257	1.603421
21846	-831.3931	-1177.951	346.5575	1.642392	1.603421
21852	-834.5729	-1181.123	346.5497	1.650211	1.603421
21858	-845.0122	-1191.181	346.1693	1.708495	1.830757
21864	-853.6135	-1199.901	346.2872	1.822919	1.668088
21870	-855.1252	-1201.628	346.5028	1.963973	1.403314
21876	-846.0487	-1192.677	346.6279	2.192052	1.109065
21882	-856.4118	-1203.187	346.7756	1.859509	1.268767
21888	-848.8515	-1195.131	346.2792	1.71539	1.749721
21894	-852.7177	-1198.197	345.4792	1.441114	2.456528
21900	-843.7861	-1190.114	346.3283	1.492948	1.869542
21906	-828.4606	-1174.425	345.9647	1.433418	2.151249
21912	-843.8402	-1190.063	346.2225	1.321365	2.055664
21918	-837.3706	-1183.568	346.1971	1.349142	2.054099
21924	-830.4387	-1175.745	345.3062	1.258421	2.677392
21930	-846.143	-1190.417	344.274	1.389762	3.220143
21936	-848.1485	-1192.822	344.673	1.205159	3.092762
21942	-852.3546	-1197.177	344.8222	1.055938	3.092762
21948	-843.6748	-1188.202	344.5272	1.232219	3.163449
21954	-833.4309	-1177.099	343.6686	1.215131	3.676419
21960	-834.8395	-1178.621	343.7813	1.187039	3.62738
21966	-845.8301	-1191.067	345.2367	1.207005	2.751504
21972	-834.3349	-1178.934	344.5992	1.332369	3.060843
21978	-828.138	-1172.701	344.5626	1.292532	3.106457
21984	-850.2085	-1196.83	346.6214	1.498058	1.661418
21990	-838.7819	-1184.405	345.6232	1.567621	2.285069
21996	-838.6922	-1184.298	345.6053	1.585587	2.285069
22002	-842.7263	-1188.429	345.7023	1.291771	2.410089
22008	-852.9775	-1197.839	344.8614	1.213108	2.975199
22014	-840.8595	-1186.575	345.7155	1.493578	2.273421
22020	-841.0958	-1186.816	345.72	1.501911	2.265204
22026	-843.5277	-1188.739	345.2117	1.346945	2.681091
22032	-864.0143	-1205.972	341.9578	1.038903	4.747796
22038	-862.6329	-1204.961	342.3281	1.057227	4.52998
22044	-837.6486	-1181.351	343.7026	1.044673	3.755238
22050	-837.3323	-1180.936	343.6034	1.143876	3.755238
22056	-838.7857	-1182.765	343.9793	1.22082	3.492583
22062	-836.442	-1180.678	344.2364	1.259945	3.318928
22068	-842.0786	-1185.274	343.1956	1.166071	3.976701
22074	-849.3975	-1193.96	344.5622	1.19519	3.164604
22080	-850.5132	-1195.635	345.1219	1.229037	2.808096
22086	-833.9	-1179.43	345.5296	1.453671	2.41694
22092	-832.417	-1178.194	345.7765	1.466617	2.251524
22098	-831.9275	-1177.671	345.7435	1.49971	2.251524
22104	-835.8769	-1181.668	345.7911	1.457872	2.247785
22110	-846.4633	-1190.904	344.4406	1.529471	3.037834
22116	-842.503	-1187.535	345.032	1.573604	2.652171
22122	-841.9142	-1187.344	345.4293	1.695666	2.327132
22128	-830.153	-1175.954	345.8013	1.522353	2.199636
22134	-835.5257	-1180.639	345.1134	1.496412	2.649585
22140	-829.5369	-1175.476	345.9392	1.852248	1.889795
22146	-835.1468	-1181.085	345.9381	1.657957	2.021064
22152	-834.6502	-1180.273	345.6227	1.442271	2.365257
22158	-837.0956	-1182.964	345.8682	1.622708	2.090536
22164	-846.4004	-1192.995	346.595	1.583382	1.619034
22170	-857.552	-1204.36	346.8081	1.757076	1.325698
22176	-846.3714	-1192.477	346.106	1.635955	1.923366
22182	-858.5663	-1204.421	345.8551	1.581578	2.12613
22188	-848.5438	-1194.811	346.2672	1.687702	1.777411
22194	-841.4515	-1187.67	346.218	1.496329	1.942007
22200	-848.1456	-1193.626	345.4806	1.395517	2.48422
22206	-844.7071	-1189.918	345.2111	1.48135	2.598542
22212	-854.0494	-1198.448	344.3987	1.325028	3.184597
22218	-844.2772	-1189.186	344.9089	1.387047	2.841483
22224	-855.2535	-1200.898	345.6443	1.428406	2.360376
22230	-844.8389	-1190.421	345.5824	1.556042	2.318528
22236	-843.302	-1189.476	346.1742	1.40509	2.032215
22242	-852.596	-1198.339	345.7433	1.407784	2.310517
22248	-856.011	-1201.045	345.0341	1.486414	2.704525
22254	-855.2646	-1201.989	346.724	1.611664	1.503322
22260	-839.2899	-1185.707	346.417	1.751676	1.626062
22266	-842.3229	-1188.503	346.1805	1.590334	1.903848
22272	-847.7494	-1192.529	344.7798	1.377401	2.925408
22278	-838.7704	-1182.934	344.1633	1.242615	3.372097
22284	-820.4758	-1165.808	345.3319	1.450254	2.542892
22290	-829.7958	-1172.237	342.4416	1.331734	4.311247
22296	-829.3819	-1173.19	343.8077	1.114377	3.654231
22302	-840.5599	-1184.058	343.4983	1.094352	3.84427
22308	-845.2782	-1189.259	343.9805	1.009958	3.614545
22314	-851.1083	-1195.55	344.4417	1.211885	3.226157
22320	-833.7771	-1178.687	344.9096	1.108463	3.009102
22326	-845.7079	-1189.915	344.2074	1.213364	3.363404
22332	-844.0828	-1190.372	346.2895	1.533274	1.868459
22338	-827.1541	-1173.066	345.9124	1.559826	2.102839
22344	-834.5698	-1180.021	345.4511	1.623039	2.359467
22350	-841.1837	-1186.934	345.7499	1.324205	2.359467
22356	-838.6263	-1183.671	345.0447	1.37757	2.76462
22362	-833.1904	-1179.338	346.1472	1.514344	1.977415
22368	-843.5321	-1188.306	344.7738	1.270371	2.993431
22374	-846.0021	-1188.71	342.7082	1.080392	4.302614
22380	-849.2261	-1195.151	345.9253	1.413621	2.189765
22386	-845.005	-1190.876	345.8706	1.422965	2.219038
22392	-839.6231	-1183.038	343.4152	0.815788	4.05136
22398	-831.4017	-1175.605	344.2033	1.248797	3.345002
22404	-840.4348	-1184.511	344.0765	0.9915299	3.569516
22410	-831.587	-1175.785	344.1984	1.060184	3.458444
22416	-833.6491	-1177.975	344.3261	1.030842	3.400823
22422	-825.0792	-1170.6	345.5206	1.189616	2.587535
22428	-822.9594	-1168.176	345.2166	1.131151	2.809995
22434	-813.901	-1158.793	344.8918	1.238345	2.941734
22440	-821.8743	-1166.484	344.6097	1.200281	3.133361
22446	-832.5113	-1176.877	344.3662	1.077711	3.349783
22452	-840.5287	-1184.759	344.2307	1.055841	3.442099
22458	-843.8901	-1187.175	343.2852	0.9724449	4.036121
22464	-853.9721	-1197.636	343.664	0.9524484	3.830608
22470	-849.7126	-1195.863	346.1508	1.719133	1.836185
22476	-832.8215	-1179.354	346.5326	1.897585	1.431603
22482	-845.2542	-1192.019	346.7651	2.108889	1.058916
22488	-835.4266	-1182.139	346.7128	1.950078	1.245683
22494	-827.9495	-1173.962	346.0126	1.355615	2.1707
22500	-838.6867	-1185.352	346.6657	1.971027	1.267474
22506	-851.6423	-1198.443	346.8011	1.992797	1.132596
22512	-830.149	-1175.81	345.6613	1.498687	2.304807
22518	-829.9042	-1176.102	346.1978	1.702	1.815597
22524	-824.4789	-1170.565	346.0863	1.652359	1.925617
22530	-821.5293	-1167.562	346.0323	1.666032	1.952789
22536	-834.2474	-1179.431	345.1837	1.520207	2.591482
22542	-821.2187	-1167.059	345.8404	1.634877	2.100806
22548	-821.3991	-1167.455	346.0556	1.67153	1.933357
22554	-821.9036	-1168.199	346.2957	1.826084	1.659774
22560	-834.7613	-1176.564	341.8023	1.121244	4.788675
22566	-832.1953	-1174.045	341.85	1.073535	4.788675
22572	-835.2813	-1179.698	344.4169	1.170296	3.265417
22578	-838.6826	-1183.428	344.7455	1.2234	3.038536
22584	-850.6253	-1196.547	345.922	1.670101	2.023736
22590	-862.5638	-1207.17	344.6066	1.140942	3.170482
22596	-842.892	-1187.741	344.8491	1.200407	2.990198
22602	-844.003	-1189.147	345.1435	1.477208	2.642876
22608	-838.123	-1184.24	346.1171	1.715322	1.861855
22614	-843.5538	-1189.022	345.4686	1.570684	2.381555
22620	-842.8494	-1186.702	343.8525	1.116738	3.626858
22626	-843.7331	-1187.441	343.7076	1.261677	3.626858
22632	-832.9515	-1178.443	345.4911	1.531621	2.392013
22638	-824.0681	-1169.914	345.8457	1.529886	2.165916
22644	-827.8685	-1171.198	343.3294	1.135327	3.917718
22650	-838.9678	-1185.248	346.2801	1.40612	1.960916
22656	-836.7403	-1182.373	345.6328	1.501252	2.321332
22662	-832.1028	-1178.524	346.4212	1.745532	1.627462
22668	-840.8463	-1187.388	346.542	1.624698	1.627462
22674	-842.8109	-1188.86	346.0491	1.736744	1.893596
22680	-844.2695	-1190.36	346.0906	1.597764	1.959485
22686	-840.517	-1187.096	346.579	1.748769	1.509219
22692	-834.8147	-1181.409	346.5943	1.71808	1.520712
22698	-825.3877	-1171.227	345.8393	1.509041	2.183654
22704	-827.8836	-1174.458	346.574	1.557391	1.652864
22710	-833.3774	-1179.808	346.4304	1.711853	1.645075
22716	-825.0751	-1171.433	346.3583	1.711853	1.696537
22722	-826.1529	-1173.051	346.8984	1.848238	1.174327
22728	-834.4087	-1180.892	346.4836	1.692681	1.620561
22734	-841.0203	-1186.82	345.7995	1.490802	2.221188
22740	-836.8759	-1182.546	345.6701	1.448822	2.330989
22746	-841.7441	-1188.105	346.3608	1.539633	1.815178
22752	-836.8103	-1182.452	345.6413	1.640507	2.226631
22758	-841.1035	-1186.857	345.754	1.382856	2.319551
22764	-824.9466	-1170.737	345.7904	1.346467	2.319551
22770	-827.5878	-1172.308	344.7206	1.406885	2.943352
22776	-834.6901	-1178.124	343.4337	1.111842	3.871305
22782	-823.2749	-1166.472	343.1971	1.181141	3.967234
22788	-824.9955	-1169.726	344.7305	1.26225	3.024286
22794	-820.9851	-1166.329	345.3436	1.273656	2.644986
22800	-807.7478	-1151.694	343.9459	1.25785	3.490469
22806	-829.7369	-1175.591	345.8541	1.40535	2.24102
22812	-827.2811	-1172.737	345.456	1.480332	2.446437
22818	-827.6401	-1173.791	346.1514	1.625788	1.899523
22824	-823.0844	-1169.858	346.7741	1.806867	1.313002
22830	-822.7788	-1168.984	346.2055	1.560781	1.906891
22836	-838.2563	-1184.708	346.452	1.646298	1.676482
22842	-840.7218	-1187.048	346.3261	1.558427	1.82611
22848	-858.1308	-1204.751	346.6206	1.624825	1.570165
22854	-845.7885	-1192.138	346.3494	1.608561	1.775287
22860	-819.9021	-1165.988	346.0855	1.872465	1.775287
22866	-826.6855	-1173.069	346.384	1.57398	1.775287
22872	-822.6034	-1168.833	346.2292	1.579894	1.877795
22878	-831.0595	-1177.257	346.1975	1.565467	1.909167
22884	-830.0357	-1175.483	345.4471	1.613059	2.368338
22890	-836.3329	-1182.084	345.7511	1.563447	2.205517
22896	-844.4711	-1190.85	346.3791	1.589759	1.767754
22902	-829.099	-1174.754	345.6549	1.329077	2.416439
22908	-824.8043	-1169.831	345.027	1.460576	2.724694
22914	-826.0736	-1172.651	346.5779	1.400956	1.760744
22920	-828.4875	-1174.92	346.4324	1.652776	1.685816
22926	-823.7637	-1170.401	346.6372	1.706044	1.497586
22932	-831.6522	-1177.551	345.8984	1.523389	2.135811
22938	-829.7906	-1175.706	345.9157	1.349964	2.237038
22944	-831.1971	-1176.903	345.7063	1.559385	2.237038
22950	-836.7817	-1183.162	346.3807	1.580631	1.772966
22956	-837.463	-1183.02	345.5575	1.446667	2.403723
22962	-828.0244	-1173.477	345.4525	1.512845	2.42823
22968	-835.4132	-1180.858	345.4452	1.359734	2.528706
22974	-833.1851	-1177.844	344.659	1.164219	3.125483
22980	-828.2648	-1173.512	345.2472	1.268599	2.707378
22986	-822.6793	-1168.076	345.3967	1.493131	2.475667
22992	-834.6918	-1180.83	346.138	1.680845	1.871153
22998	-843.3486	-1189.211	345.8623	1.661503	2.068889
23004	-844.4732	-1188.551	344.078	1.088766	3.511997
23010	-844.8339	-1188.912	344.078	1.088766	3.511997
23016	-840.8895	-1185.441	344.5518	1.180678	3.179412
23022	-836.0715	-1180.468	344.396	1.335815	3.17983
23028	-829.2394	-1174.742	345.5021	1.336178	2.507855
23034	-839.6944	-1185.204	345.5094	1.381495	2.47498
23040	-842.1542	-1188.245	346.0908	1.488393	2.032303
23046	-842.0264	-1188.679	346.6531	1.481783	1.650348
23052	-833.1423	-1179.304	346.1613	1.417565	2.032504
23058	-846.4087	-1192.547	346.1386	1.440294	2.032504
23064	-854.2666	-1198.518	344.2514	1.476126	3.182379
23070	-843.5398	-1189.685	346.1452	1.565808	1.944245
23076	-849.5789	-1196.274	346.6953	1.780393	1.396446
23082	-835.6281	-1181.95	346.3214	1.586451	1.81005
23088	-839.381	-1185.802	346.4213	1.658137	1.689918
23094	-851.7785	-1197.307	345.5283	1.450503	2.419746
23100	-846.3838	-1192.39	346.0065	1.750028	1.913478
23106	-846.7571	-1193.284	346.5264	1.500678	1.726912
23112	-845.2626	-1190.178	344.9157	1.326556	2.874007
23118	-845.1239	-1188.092	342.9678	1.076506	4.157616
23124	-836.2007	-1180.51	344.3098	1.253345	3.279615
23130	-836.6445	-1179.857	343.2122	1.238978	3.925476
23136	-837.3569	-1181.6	344.2435	1.460146	3.196519
23142	-848.2891	-1194.053	345.7639	1.507277	2.233528
23148	-839.2825	-1185.02	345.7378	1.533365	2.233528
23154	-825.9026	-1171.996	346.0929	1.783378	1.831805
23160	-835.198	-1181.599	346.4012	1.659398	1.703262
23166	-827.2553	-1173.481	346.2253	1.767296	1.751171
23172	-832.2157	-1178.633	346.4173	1.575287	1.751171
23178	-822.0738	-1168.135	346.061	1.525522	2.027433
23184	-826.4546	-1172.431	345.9761	1.44056	2.139198
23190	-825.9765	-1171.927	345.9501	1.466583	2.139198
23196	-846.5593	-1192.303	345.7435	1.470575	2.270212
23202	-839.8097	-1185.575	345.7654	1.577415	2.18723
23208	-836.7237	-1181.866	345.1418	1.325435	2.737147
23214	-835.3942	-1180.472	345.0782	1.389008	2.737147
23220	-843.0686	-1187.023	343.9544	1.262962	3.482487
23226	-836.4233	-1180	343.5767	1.39949	3.622843
23232	-837.1408	-1181.452	344.3114	1.501846	3.13142
23238	-831.7858	-1174.498	342.7118	1.33485	4.15627
23244	-826.3865	-1170.622	344.2355	1.075362	3.427851
23250	-828.3496	-1173.771	345.4217	1.230553	2.623395
23256	-821.2603	-1165.251	343.9911	1.238674	3.475257
23262	-829.1455	-1174.054	344.9086	1.620745	2.699112
23268	-833.7417	-1179.296	345.5546	1.450392	2.40322
23274	-836.3476	-1179.401	343.0535	1.246535	4.011894
23280	-847.4633	-1190.675	343.2119	1.088151	4.011894
23286	-847.1817	-1192.174	344.9926	1.366219	2.803267
23292	-845.0708	-1190.342	345.2712	1.505007	2.546589
23298	-829.6857	-1174.288	344.6027	1.408464	3.013251
23304	-846.4036	-1191.359	344.9555	1.205848	2.922922
23310	-838.588	-1183.337	344.749	1.420573	2.917984
23316	-843.3799	-1185.089	341.7091	1.379638	4.696332
23322	-834.1523	-1178.708	344.5555	1.458157	3.011719
23328	-832.8721	-1178.933	346.0607	1.481847	2.056527
23334	-833.7179	-1179.954	346.2356	1.884956	1.660609
23340	-853.555	-1199.196	345.6414	1.367109	2.401019
23346	-851.2356	-1197.391	346.1555	1.696932	1.848163
23352	-848.1175	-1194.341	346.2231	1.629365	1.848163
23358	-839.2858	-1185.592	346.3065	1.736274	1.715857
23364	-835.8756	-1181.87	345.9944	1.514232	2.078901
23370	-839.5312	-1184.553	345.0214	1.318754	2.814644
23376	-856.217	-1201.391	345.1743	1.453419	2.63859
23382	-841.3161	-1186.116	344.7997	1.371354	2.917084
23388	-851.3843	-1196.224	344.8397	1.293846	2.939672
23394	-864.7688	-1211.715	346.9459	1.65716	1.295007
23400	-856.0717	-1199.896	343.8242	1.396103	3.480806
23406	-849.8355	-1193.623	343.7875	1.432807	3.480806
23412	-848.1009	-1193.976	345.8755	1.357727	2.257929
23418	-831.2185	-1176.1	344.8812	1.14069	3.006798
23424	-833.7713	-1177.18	343.4085	1.000602	3.949529
23430	-836.8756	-1180.107	343.231	1.178106	3.949529
23436	-831.3164	-1176.264	344.948	1.335944	2.848804
23442	-835.987	-1180.851	344.864	1.397385	2.862473
23448	-833.4944	-1177.814	344.3197	1.241189	3.280902
23454	-842.209	-1186.647	344.438	1.122877	3.280902
23460	-830.4983	-1174.857	344.359	1.209139	3.276625
23466	-837.1655	-1182.447	345.2811	1.231252	2.709538
23472	-856.605	-1201.712	345.1071	1.271705	2.791121
23478	-832.5141	-1176.21	343.6959	1.121926	3.714531
23484	-824.9969	-1169.081	344.0845	1.300434	3.384422
23490	-836.4273	-1180.129	343.7016	1.343125	3.583074
23496	-833.4555	-1179.344	345.8889	1.578789	2.105817
23502	-839.5623	-1186.367	346.8045	1.86655	1.238917
23508	-837.7163	-1184.491	346.7745	1.896534	1.238917
23514	-834.8629	-1181.389	346.526	1.972615	1.378506
23520	-831.1679	-1177.916	346.7481	1.962547	1.20538
23526	-843.1026	-1189.682	346.5798	2.017149	1.300052
23532	-843.8641	-1190.443	346.5788	2.083493	1.246187
23538	-841.6536	-1188.192	346.5384	2.095493	1.269796
23544	-848.2364	-1191.323	343.0867	1.213463	4.011844
23550	-850.1847	-1193.304	343.1193	1.15072	4.029056
23556	-850.4948	-1192.081	341.5861	1.045405	4.951368
23562	-865.1003	-1211.248	346.148	1.845606	1.750441
23568	-860.272	-1205.137	344.865	1.355865	2.886987
23574	-859.6577	-1204.93	345.2724	1.220904	2.72118
23580	-844.0684	-1190.418	346.3499	1.627359	1.761855
23586	-851.441	-1198.523	347.0822	1.692431	1.149801
23592	-840.9794	-1185.205	344.2254	1.32429	3.287533
23598	-843.6625	-1188.791	345.1281	1.369512	2.718558
23604	-856.0337	-1201.258	345.2242	1.273368	2.718558
23610	-851.2051	-1196.347	345.1416	1.404955	2.688506
23616	-852.3585	-1196.402	344.0437	1.149467	3.496619
23622	-835.2089	-1180.026	344.8167	1.353934	2.917295
23628	-856.5581	-1201.758	345.2001	1.272969	2.733544
23634	-856.9412	-1202.153	345.2121	1.171623	2.788106
23640	-853.7914	-1198.68	344.8886	1.352458	2.874785
23646	-838.7547	-1183.547	344.7926	1.448377	2.874785
23652	-820.7237	-1165.184	344.4601	1.445399	3.076434
23658	-833.6527	-1175.823	342.1701	1.065377	4.614114
23664	-835.702	-1178.912	343.21	1.077971	4.01879
23670	-839.7283	-1183.684	343.9555	1.19325	3.522491
23676	-850.2138	-1194.143	343.9288	1.32601	3.460601
23682	-843.722	-1187.37	343.6477	1.307241	3.635145
23688	-835.7805	-1179.556	343.7751	1.100451	3.68113
23694	-833.168	-1174.587	341.4191	0.9667703	5.087817
23700	-845.3875	-1190.615	345.227	1.235838	2.739841
23706	-832.0844	-1177.588	345.5038	1.321175	2.516218
23712	-836.8852	-1182.357	345.472	1.47073	2.442416
23718	-834.3498	-1179.982	345.6326	1.272945	2.465764
23724	-837.7889	-1183.728	345.9393	1.486789	2.133052
23730	-822.8927	-1168.305	345.412	1.371966	2.541763
23736	-821.572	-1167.178	345.6056	1.413856	2.394103
23742	-825.7951	-1172.178	346.3826	1.493611	1.831894
23748	-817.9416	-1164.315	346.3737	1.70115	1.69315
23754	-819.1275	-1166.177	347.0496	1.871932	1.013027
23760	-821.9232	-1168.851	346.9282	1.97947	1.026551
23766	-827.4021	-1174.175	346.7728	1.830674	1.294679
23772	-827.7628	-1174.583	346.8205	1.915909	1.183228
23778	-849.1335	-1196.016	346.8824	2.057126	0.9950628
23784	-825.1462	-1171.066	345.9195	1.524429	2.121367
23790	-819.4291	-1165.588	346.1593	1.55235	1.943828
23796	-823.707	-1168.9	345.1929	1.217293	2.771989
23802	-835.5032	-1181.416	345.9126	1.610525	2.069343
23808	-837.3761	-1183.18	345.8035	1.674626	2.098987
23814	-824.7505	-1170.933	346.1826	1.605355	1.892201
23820	-845.5514	-1190.038	344.4869	1.262358	3.169444
23826	-845.5961	-1189.9	344.3039	1.302422	3.254095
23832	-832.4295	-1178.077	345.6471	1.558863	2.275381
23838	-833.3698	-1179.407	346.0373	1.744256	1.896538
23844	-834.766	-1180.871	346.1047	1.74983	1.846724
23850	-829.488	-1174.052	344.5639	1.194691	3.163908
23856	-835.4684	-1180.34	344.8717	1.384623	2.865542
23862	-829.3358	-1173.985	344.6489	1.336081	3.028906
23868	-829.8452	-1174.339	344.4934	1.292787	3.147529
23874	-848.4322	-1194.438	346.0059	1.334386	2.188824
23880	-847.0587	-1193.463	346.4044	1.810671	1.592353
23886	-858.0191	-1204.224	346.2048	1.741114	1.783701
23892	-840.3411	-1186.94	346.5992	1.781484	1.46938
23898	-837.9911	-1184.301	346.3097	1.665885	1.763047
23904	-838.1904	-1183.869	345.6789	1.41473	2.347068
23910	-825.3532	-1170.412	345.0593	1.547717	2.651317
23916	-817.3349	-1162.874	345.5392	1.459308	2.407293
23922	-834.9449	-1179.994	345.0494	1.499712	2.686981
23928	-825.8223	-1171.64	345.8178	1.321726	2.317877
23934	-837.3588	-1182.877	345.5181	1.451194	2.425711
23940	-834.9699	-1178.395	343.4254	1.187923	3.832389
23946	-833.1679	-1178.396	345.2281	1.342382	2.673802
23952	-837.2419	-1183.168	345.9258	1.706365	1.997044
23958	-840.5048	-1185.962	345.457	1.403263	2.494124
23964	-838.0045	-1184.597	346.5929	1.522215	1.664506
23970	-846.8228	-1192.796	345.9728	1.534942	2.079464
23976	-843.7356	-1189.653	345.917	1.491503	2.1445
23982	-829.7741	-1175.251	345.4772	1.614821	2.348092
23988	-823.7255	-1169.161	345.4355	1.568008	2.404141
23994	-831.4375	-1176.815	345.3779	1.406896	2.541201
24000	-829.8288	-1174.887	345.0578	1.475787	2.696512
24006	-821.3716	-1167.822	346.4502	1.577034	1.726853
24012	-821.7093	-1167.943	346.2342	1.793018	1.726853
24018	-820.4187	-1166.499	346.0802	1.572832	1.9831
24024	-831.3774	-1176.734	345.3564	1.415287	2.54936
24030	-835.5199	-1181.077	345.5569	1.214808	2.54936
24036	-837.6389	-1181.089	343.4505	1.174067	3.825941
24042	-843.8157	-1189.85	346.0347	1.370501	2.146654
24048	-842.0928	-1186.465	344.3721	1.230591	3.256235
24054	-839.8187	-1184.495	344.6766	1.378819	2.986691
24060	-842.8984	-1187.638	344.7391	1.225557	3.04108
24066	-841.3197	-1186.596	345.2766	1.328075	2.652759
24072	-825.688	-1169.748	344.0604	1.220705	3.445249
24078	-832.5	-1176.472	343.9716	1.126134	3.552246
24084	-827.7805	-1172.861	345.0803	1.21315	2.843036
24090	-824.8128	-1168.583	343.7707	1.113428	3.67619
24096	-845.3492	-1191.769	346.4199	1.232588	1.983493
24102	-834.5133	-1180.232	345.7191	1.324405	2.378843
24108	-830.754	-1176.821	346.0668	1.487922	2.048466
24114	-827.5988	-1173.914	346.3156	1.79	1.671338
24120	-837.3194	-1183.792	346.4723	1.609208	1.688482
24126	-827.6976	-1174.182	346.4846	1.546228	1.724282
24132	-834.477	-1180.888	346.4111	1.791223	1.601676
24138	-831.0457	-1177.612	346.5667	1.791223	1.4866
24144	-833.6925	-1180.627	346.9343	1.961725	1.037854
24150	-856.0068	-1202.099	346.0923	1.732363	1.867184
24156	-851.651	-1198.252	346.6005	1.58	1.617465
24162	-841.0793	-1187.286	346.207	1.470217	1.966956
24168	-836.3065	-1182.507	346.2001	1.580461	1.897198
24174	-833.629	-1180.138	346.509	1.847209	1.48786
24180	-842.1565	-1188.316	346.1595	1.654382	1.874563
24186	-841.0604	-1188.011	346.9507	1.587408	1.347275
24192	-837.8987	-1182.886	344.9876	1.443312	2.759318
24198	-841.702	-1186.699	344.9972	1.367277	2.799847
24204	-846.6893	-1191.306	344.6168	1.354535	3.037067
24210	-826.2825	-1172.332	346.0492	1.486493	2.061062
24216	-821.5872	-1166.597	345.0096	1.373179	2.788675
24222	-845.9186	-1188.889	342.9701	1.000011	4.199761
24228	-852.7781	-1195.798	343.0203	0.9498389	4.199761
24234	-855.3263	-1198.231	342.9047	1.065372	4.199761
24240	-840.0441	-1183.213	343.169	1.175816	3.986339
24246	-840.1635	-1185.961	345.7973	1.361376	2.305671
24252	-840.8166	-1186.503	345.6864	1.427424	2.334247
24258	-841.1273	-1185.275	344.1476	1.238597	3.383708
24264	-830.7579	-1177.476	346.7181	1.656742	1.473816
24270	-856.1307	-1200.577	344.4465	1.276234	3.185193
24276	-852.7234	-1198.054	345.3309	1.383545	2.584954
24282	-847.5025	-1192.703	345.2001	1.218622	2.766806
24288	-850.4059	-1194.663	344.2571	1.119856	3.389106
24294	-839.8878	-1182.848	342.96	1.119625	4.137563
24300	-833.2257	-1177.981	344.7557	1.106531	3.102279
24306	-836.8897	-1179.92	343.0299	1.235923	4.031454
24312	-834.1391	-1177.691	343.5522	1.073494	3.825264
24318	-832.3286	-1175.484	343.1559	1.28789	3.929702
24324	-817.5274	-1160.936	343.4081	1.182287	3.845596
24330	-855.263	-1196.336	341.073	1.064831	5.225115
24336	-834.3402	-1178.511	344.1711	1.158321	3.416954
24342	-830.9303	-1176.12	345.1896	1.258337	2.748948
24348	-843.5277	-1189.055	345.5275	1.272471	2.531786
24354	-839.3501	-1184.126	344.7763	1.344329	2.947478
24360	-841.9848	-1186.654	344.6696	1.209024	3.092484
24366	-851.6502	-1196.148	344.4977	1.3809	3.092484
24372	-844.3089	-1188.443	344.1345	1.18357	3.423645
24378	-859.9154	-1203.041	343.1258	1.095093	4.057095
24384	-824.1482	-1169.181	345.0325	1.27564	2.834101
24390	-827.1811	-1173.528	346.3473	1.76959	1.663251
24396	-828.2202	-1174.086	345.8661	1.59439	2.110523
24402	-835.3063	-1181.201	345.8948	1.565681	2.110523
24408	-831.6482	-1177.569	345.9212	1.539281	2.110523
24414	-832.3638	-1178.102	345.7379	1.27322	2.399325
24420	-819.8196	-1165.271	345.4515	1.364499	2.521775
24426	-811.5161	-1156.039	344.5224	1.338578	3.102973
24432	-816.8642	-1161.873	345.0091	1.248094	2.864959
24438	-819.3705	-1164.192	344.8217	1.286678	2.954851
24444	-820.0153	-1165.959	345.9434	1.493193	2.126182
24450	-832.4363	-1177.592	345.1561	1.419662	2.670576
24456	-840.9928	-1186.487	345.4938	1.532714	2.389619
24462	-826.8757	-1173.102	346.226	1.422329	1.986295
24468	-829.6307	-1175.666	346.0355	1.440092	2.100615
24474	-818.2127	-1164.383	346.1702	1.507124	1.966878
24480	-829.3071	-1175.38	346.0724	1.447882	2.071209
24486	-824.367	-1170.375	346.008	1.509772	2.072913
24492	-829.3641	-1174.707	345.3424	1.328344	2.611993
24498	-826.1792	-1172.079	345.8994	1.476887	2.165501
24504	-830.0656	-1175.858	345.7925	1.67981	2.102783
24510	-837.4493	-1183.184	345.7344	1.485226	2.266666
24516	-829.4222	-1175.163	345.7408	1.593227	2.192926
24522	-825.2315	-1171.057	345.8255	1.630499	2.113481
24528	-842.5649	-1188.612	346.0471	1.9945	1.716715
24534	-822.9279	-1169.245	346.3172	1.876829	1.607679
24540	-823.7534	-1170.109	346.356	1.768038	1.658134
24546	-825.5169	-1171.697	346.1806	1.654651	1.859964
24552	-828.5907	-1172.455	343.8641	1.293482	3.517356
24558	-836.1543	-1180.239	344.0843	1.073255	3.517356
24564	-834.4486	-1175.861	341.4119	0.8290773	5.168041
24570	-831.3574	-1172.378	341.0205	0.9359247	5.32532
24576	-819.7899	-1164.067	344.277	0.9446106	3.480006
24582	-832.2716	-1174.19	341.9189	0.9977122	4.792542
24588	-829.8212	-1174.139	344.3175	1.082532	3.375565
24594	-831.0977	-1175.425	344.3276	1.072407	3.375565
24600	-827.6623	-1170.902	343.24	1.099574	3.989356
24606	-830.6282	-1174.043	343.4145	0.8701466	4.020707
24612	-828.0369	-1170.117	342.0798	0.7625417	4.833984
24618	-838.9811	-1180.896	341.9146	0.9276858	4.833984
24624	-839.4126	-1183.065	343.6522	1.131922	3.733958
24630	-832.0771	-1175.408	343.3306	0.9808638	4.005398
24636	-829.3069	-1173.034	343.7269	1.251838	3.621346
24642	-823.825	-1168.5	344.6745	1.096152	3.156759
24648	-828.6411	-1173.238	344.5966	1.174086	3.156759
24654	-811.761	-1156.205	344.444	1.326665	3.156759
24660	-814.1411	-1157.845	343.704	1.204925	3.661849
24666	-823.7549	-1168.699	344.9441	1.348941	2.843261
24672	-832.5376	-1178.36	345.8228	1.512307	2.192196
24678	-836.2046	-1182.918	346.7129	1.68276	1.457989
24684	-843.9939	-1189.602	345.6081	1.203561	2.524504
24690	-875.096	-1220.619	345.5232	1.352405	2.484569
24696	-862.0256	-1206.711	344.6852	1.277117	3.042486
24702	-864.3205	-1208.837	344.516	1.017667	3.296955
24708	-855.9789	-1199.813	343.8338	1.107983	3.642786
24714	-851.4794	-1196.492	345.013	1.242204	2.866187
24720	-840.3075	-1185.227	344.9196	1.439862	2.802925
24726	-835.8315	-1180.744	344.9125	1.529007	2.752881
24732	-835.3172	-1180.817	345.4995	1.318839	2.52032
24738	-826.4412	-1172.094	345.6531	1.501461	2.308281
24744	-826.6468	-1172.463	345.8166	1.337899	2.308281
24750	-835.558	-1181.595	346.0367	1.503601	2.057998
24756	-845.6122	-1192.252	346.6401	1.682966	1.512708
24762	-842.4131	-1188.841	346.4279	1.556681	1.756725
24768	-845.124	-1190.579	345.4549	1.41205	2.489932
24774	-847.385	-1193.202	345.8171	1.470215	2.223084
24780	-851.3068	-1196.368	345.0616	1.520754	2.666493
24786	-853.3895	-1198.585	345.195	1.387389	2.666493
24792	-836.683	-1182.697	346.0142	1.575809	2.025103
24798	-842.707	-1188.711	346.0045	1.476226	2.097272
24804	-844.9194	-1190.048	345.1287	1.178155	2.834874
24810	-845.4766	-1190.734	345.2571	1.444854	2.592645
24816	-844.7694	-1189.922	345.1529	1.549057	2.592645
24822	-859.0649	-1204.426	345.3612	1.145321	2.71307
24828	-844.297	-1189.169	344.8719	1.165616	2.997431
24834	-837.7612	-1182.215	344.454	1.281784	3.177437
24840	-850.5735	-1195.558	344.9847	1.253499	2.87647
24846	-839.8365	-1184.84	345.0038	1.196131	2.899649
24852	-850.8308	-1194.574	343.743	1.045715	3.731344
24858	-841.3496	-1184.691	343.3414	1.080514	3.942225
24864	-834.299	-1180.397	346.0978	1.443691	2.057272
24870	-834.0766	-1180.016	345.939	1.528999	2.105588
24876	-821.0924	-1166.362	345.2692	1.235559	2.71419
24882	-819.6614	-1164.602	344.9411	1.36991	2.832339
24888	-834.0525	-1179.367	345.3144	1.32611	2.630661
24894	-822.0779	-1168.513	346.4347	1.798386	1.579252
24900	-830.8727	-1176.928	346.055	1.494143	2.05221
24906	-837.1432	-1182.953	345.81	1.562788	2.167769
24912	-844.088	-1190.719	346.6313	1.803631	1.427953
24918	-865.192	-1212.097	346.9054	1.909999	1.113203
24924	-844.3372	-1189.974	345.6367	1.457609	2.346668
24930	-835.4058	-1179.975	344.5692	1.202832	3.155904
24936	-832.0707	-1176.22	344.1491	1.364504	3.308804
24942	-824.1854	-1168.377	344.192	1.364504	3.283481
24948	-842.2269	-1186.754	344.5275	1.166177	3.202392
24954	-849.6788	-1191.387	341.7085	1.073851	4.867403
24960	-842.8448	-1185.86	343.0149	1.108867	4.112444
24966	-838.3355	-1183.147	344.8117	1.112278	3.065424
24972	-856.2752	-1199.719	343.444	1.145817	3.845917
24978	-858.6848	-1204.715	346.03	1.417846	2.118776
24984	-846.8033	-1192.611	345.8079	1.58997	2.151465
24990	-858.1521	-1203.638	345.4856	1.273802	2.557
24996	-859.7113	-1204.264	344.5522	1.388141	3.055598
25002	-858.1304	-1203.936	345.8058	1.404521	2.272589
25008	-849.8556	-1195.59	345.7344	1.398726	2.321952
25014	-856.2574	-1201.375	345.1175	1.410252	2.700096
25020	-847.2746	-1192.637	345.362	1.400702	2.554977
25026	-842.3495	-1186.222	343.8722	1.193603	3.570819
25032	-844.8792	-1189.484	344.6048	1.45272	2.985442
25038	-848.9064	-1194.106	345.1997	1.392506	2.660426
25044	-849.7101	-1195.916	346.2056	1.51154	1.940105
25050	-848.1242	-1194.33	346.2056	1.51154	1.940105
25056	-845.1683	-1191.374	346.2056	1.51154	1.940105
25062	-852.8787	-1199.423	346.5439	1.507617	1.709716
25068	-844.0922	-1190.4	346.3074	1.648501	1.776739
25074	-851.1307	-1197.628	346.4968	1.69561	1.608884
25080	-850.3659	-1196.614	346.2481	1.62183	1.836153
25086	-839.9832	-1185.927	345.9443	1.7377	1.963754
25092	-841.5544	-1188.336	346.7819	1.98609	1.155634
25098	-832.1165	-1179.007	346.8907	2.038925	1.004934
25104	-835.1891	-1181.6	346.4109	2.101773	1.367443
25110	-829.1809	-1175.914	346.7335	1.682506	1.442504
25116	-833.3926	-1180.174	346.7815	2.111142	1.041179
25122	-834.1091	-1180.856	346.7474	2.226331	0.9600952
25128	-836.6365	-1183.132	346.4955	1.951236	1.41886
25134	-836.322	-1182.858	346.5362	1.883332	1.439808
25140	-822.5131	-1168.678	346.165	1.590998	1.913882
25146	-825.534	-1171.613	346.0786	1.82723	1.811442
25152	-827.3582	-1172.287	344.9292	1.352993	2.849817
25158	-835.2113	-1180.57	345.3587	1.300181	2.619309
25164	-861.6454	-1205.553	343.9074	1.141484	3.580613
25170	-848.8285	-1194.258	345.4298	1.443554	2.48597
25176	-845.8224	-1190.267	344.4445	1.270647	3.189674
25182	-852.32	-1194.394	342.0738	1.104991	4.645913
25188	-839.3153	-1183.082	343.7669	1.288794	3.576675
25194	-837.2614	-1182.18	344.9189	1.539706	2.742442
25200	-855.2197	-1200.308	345.0882	1.37036	2.742442
25206	-850.5183	-1195.815	345.2966	1.526741	2.517213
25212	-849.5557	-1196.066	346.51	1.607693	1.662699
25218	-833.9455	-1180.791	346.8457	1.986239	1.098159
25224	-841.7281	-1188.553	346.8253	1.871083	1.217547
25230	-843.9369	-1190.513	346.576	1.731975	1.524004
25236	-835.6459	-1181.088	345.4418	1.582766	2.390837
25242	-847.0072	-1190.761	343.7537	1.091906	3.698447
25248	-843.4862	-1188.065	344.5787	1.352906	3.060871
25254	-832.3879	-1177.797	345.4089	1.424136	2.511155
25260	-835.6704	-1180.634	344.9635	1.555297	2.705551
25266	-834.2105	-1180.781	346.5703	1.752293	1.513061
25272	-866.7266	-1212.513	345.786	1.485348	2.233385
25278	-864.8712	-1210.165	345.2933	1.6699	2.429558
25284	-875.5078	-1221.244	345.7364	1.476568	2.270904
25290	-852.6828	-1199.206	346.5232	1.719588	1.572117
25296	-858.5871	-1204.678	346.0911	1.954489	1.713882
25302	-841.8391	-1187.567	345.7274	1.529033	2.24298
25308	-839.9072	-1184.376	344.4683	1.594846	2.982004
25314	-835.7779	-1181.143	345.3646	1.437191	2.530621
25320	-840.947	-1186.238	345.291	1.510951	2.53054
25326	-849.2937	-1195.57	346.2758	1.688822	1.770674
25332	-837.829	-1183.267	345.4379	1.542018	2.419016
25338	-837.5211	-1183.919	346.3983	1.486803	1.825739
25344	-839.0893	-1185.324	346.2347	1.627182	1.841724
25350	-827.5877	-1173.246	345.6587	1.47667	2.320484
25356	-830.4591	-1176.273	345.814	1.456838	2.23372
25362	-831.72	-1178.443	346.723	1.653736	1.472376
25368	-828.5167	-1174.56	346.0433	1.639024	1.963491
25374	-828.695	-1175.119	346.4241	1.511306	1.790954
25380	-833.4573	-1179.441	345.9832	1.506597	2.09129
25386	-854.8916	-1200.164	345.2726	1.543695	2.521604
25392	-839.3292	-1183.939	344.6099	1.098914	3.193436
25398	-845.085	-1189.606	344.5212	1.410992	3.060513
25404	-841.3199	-1184.669	343.3487	1.159613	3.892723
25410	-839.9083	-1184.318	344.4094	1.190455	3.257921
25416	-847.9213	-1191.974	344.0529	1.413327	3.336701
25422	-849.7576	-1195.969	346.2114	1.58776	1.88456
25428	-837.6213	-1183.412	345.7906	1.300254	2.34881
25434	-830.3679	-1176.009	345.6409	1.449993	2.34881
25440	-829.5716	-1175.933	346.3616	1.56454	1.797424
25446	-836.5192	-1183.048	346.5284	1.536575	1.700214
25452	-843.8979	-1188.789	344.8908	1.408353	2.839541
25458	-847.1017	-1193.021	345.9194	1.39526	2.205456
25464	-844.8164	-1191.331	346.5147	1.754689	1.552591
25470	-848.7277	-1194.257	345.5291	1.261807	2.537418
25476	-851.2337	-1196.257	345.0233	1.261807	2.848079
25482	-845.554	-1191.736	346.1818	1.450711	1.996831
25488	-845.0806	-1190.516	345.4355	1.527893	2.429445
25494	-839.0828	-1183.216	344.133	1.125561	3.458423
25500	-849.9331	-1194.113	344.1798	1.110263	3.439991
25506	-845.9865	-1190.18	344.1936	1.096496	3.439991
25512	-836.1992	-1180.771	344.572	1.161786	3.178636
25518	-840.9274	-1186.283	345.3554	1.415885	2.549659
25524	-830.7177	-1176.19	345.4726	1.466507	2.444744
25530	-834.7354	-1180.421	345.6857	1.5594	2.250283
25536	-838.405	-1184.743	346.3376	1.541438	1.829928
25542	-828.2742	-1173.846	345.5716	1.648915	2.266075
25548	-836.3075	-1182.451	346.1432	1.586406	1.931715
25554	-830.4276	-1176.998	346.5707	1.717906	1.538376
25560	-834.9086	-1180.936	346.0275	1.710044	1.926318
25566	-835.2967	-1181.621	346.3247	1.736756	1.702679
25572	-828.6191	-1174.274	345.6552	1.499143	2.308431
25578	-824.6347	-1170.199	345.5638	1.504844	2.36292
25584	-841.85	-1187.333	345.4831	1.585612	2.36292
25590	-823.9681	-1169.753	345.7851	1.505551	2.220951
25596	-823.5719	-1169.74	346.1679	1.571185	1.925292
25602	-818.2693	-1164.414	346.1449	1.584828	1.93162
25608	-828.2132	-1173.814	345.6009	1.650232	2.246384
25614	-833.4727	-1178.171	344.6984	1.381931	2.971695
25620	-831.4897	-1175.208	343.7182	1.18269	3.666458
25626	-846.5816	-1189.527	342.9452	1.189425	4.106231
25632	-848.9689	-1192.206	343.237	1.320266	3.864598
25638	-845.5457	-1189.456	343.9104	1.229925	3.527428
25644	-844.8764	-1188.695	343.8191	1.203436	3.595926
25650	-844.2436	-1189.208	344.9645	1.487399	2.746493
25656	-844.6311	-1190.989	346.3582	1.537853	1.818234
25662	-841.6919	-1188.38	346.6881	2.160071	1.083158
25668	-831.145	-1177.902	346.757	2.160071	1.017414
25674	-844.8528	-1191.377	346.5237	2.097905	1.279857
25680	-832.6537	-1178.776	346.1227	1.908759	1.723875
25686	-831.613	-1178.393	346.7802	1.804074	1.310255
25692	-825.1131	-1171.725	346.6118	1.580239	1.609133
25698	-828.5137	-1174.497	345.9833	1.691193	1.968736
25704	-826.1458	-1171.771	345.6256	1.660436	2.223898
25710	-831.6747	-1178.32	346.6452	1.906788	1.336258
25716	-840.8954	-1187.541	346.6452	1.906788	1.336258
25722	-836.3815	-1183.027	346.6452	1.906788	1.336258
25728	-828.3837	-1175.029	346.6452	1.906788	1.336258
25734	-833.8538	-1180.499	346.6452	1.906788	1.336258
25740	-838.774	-1184.704	345.9303	1.399296	2.195752
25746	-830.4632	-1176.682	346.2191	1.586111	1.88048
25752	-834.2048	-1180.85	346.6452	1.906788	1.336258
25758	-833.8438	-1180.489	346.6452	1.906788	1.336258
25764	-829.3794	-1176.025	346.6452	1.906788	1.336258
25770	-826.1078	-1172.753	346.6452	1.906788	1.336258
25776	-832.8845	-1179.53	346.6452	1.906788	1.336258
25782	-829.0897	-1175.735	346.6452	1.906788	1.336258
25788	-831.1044	-1177.75	346.6452	1.906788	1.336258
25794	-827.892	-1174.537	346.6452	1.906788	1.336258
25800	-832.4303	-1179.076	346.6452	1.906788	1.336258
25806	-825.7925	-1172.438	346.6452	1.906788	1.336258
25812	-842.0429	-1187.461	345.4177	1.587098	2.403363
25818	-857.8848	-1203.015	345.1305	1.707563	2.508041
25824	-832.963	-1179.608	346.6452	1.906788	1.336258
25830	-831.7445	-1178.39	346.6452	1.906788	1.336258
25836	-826.2964	-1172.942	346.6452	1.906788	1.336258
25842	-828.2315	-1174.877	346.6452	1.906788	1.336258
25848	-823.0467	-1169.692	346.6452	1.906788	1.336258
25854	-819.6146	-1166.26	346.6452	1.906788	1.336258
25860	-824.0588	-1170.704	346.6452	1.906788	1.336258
25866	-822.6941	-1169.339	346.6452	1.906788	1.336258
25872	-818.2356	-1164.881	346.6452	1.906788	1.336258
25878	-813.4169	-1160.062	346.6452	1.906788	1.336258
25884	-822.4273	-1169.072	346.6452	1.906788	1.336258
25890	-814.8206	-1161.466	346.6452	1.906788	1.336258
25896	-813.8027	-1160.448	346.6452	1.906788	1.336258
25902	-816.0019	-1162.647	346.6452	1.906788	1.336258
25908	-822.1521	-1168.797	346.6452	1.906788	1.336258
25914	-824.2191	-1170.864	346.6452	1.906788	1.336258
25920	-827.7283	-1174.374	346.6452	1.906788	1.336258
25926	-831.5538	-1178.199	346.6452	1.906788	1.336258
25932	-836.0821	-1182.727	346.6452	1.906788	1.336258
25938	-829.5678	-1176.213	346.6452	1.906788	1.336258
25944	-842.819	-1189.464	346.6452	1.906788	1.336258
25950	-839.7107	-1186.356	346.6452	1.906788	1.336258
25956	-835.143	-1181.788	346.6452	1.906788	1.336258
25962	-833.1197	-1179.765	346.6452	1.906788	1.336258
25968	-831.5815	-1178.227	346.6452	1.906788	1.336258
25974	-838.6022	-1185.491	346.8885	1.938337	1.102794
25980	-831.9044	-1178.724	346.8198	1.754911	1.318037
25986	-817.8077	-1164.65	346.8427	1.731982	1.318037
25992	-819.7266	-1166.385	346.658	1.731982	1.462342
25998	-816.3585	-1163.219	346.8609	1.935728	1.130218
26004	-818.2519	-1165.036	346.7846	1.583156	1.479196
26010	-834.8108	-1181.303	346.492	1.875741	1.479196
26016	-819.8812	-1166.468	346.5869	1.780827	1.479196
26022	-829.4801	-1176.226	346.7456	1.994645	1.179919
26028	-822.0993	-1168.986	346.8866	1.893718	1.144732
26034	-812.4248	-1158.905	346.48	1.599584	1.689844
26040	-812.3944	-1158.343	345.949	1.392787	2.187856
26046	-807.4989	-1152.398	344.8992	1.213259	2.952363
26052	-814.5337	-1160.897	346.3632	1.549146	1.806938
26058	-818.3941	-1164.114	345.7201	1.456753	2.294058
26064	-825.5616	-1171.07	345.5081	1.359863	2.489312
26070	-831.1055	-1177.127	346.0216	1.190797	2.271257
26076	-835.6512	-1181.965	346.3133	1.328245	1.9908
26082	-827.2344	-1173.289	346.0551	1.346833	2.148811
26088	-809.0262	-1154.939	345.9124	1.489454	2.148811
26094	-813.7776	-1159.267	345.4895	1.448532	2.445361
26100	-811.949	-1158.263	346.3137	1.519517	1.861333
26106	-821.0076	-1167.907	346.8994	1.507811	1.449235
26112	-825.1513	-1171.545	346.394	1.653753	1.712399
26118	-820.3298	-1166.566	346.2366	1.683217	1.80179
26124	-814.3119	-1160.572	346.2597	1.660147	1.80179
26130	-819.8004	-1166.393	346.5928	1.660147	1.564667
26136	-814.4186	-1161.049	346.6308	1.622146	1.564667
26142	-820.6125	-1166.784	346.1712	1.757191	1.795854
26148	-826.9216	-1173.238	346.3165	1.61192	1.795854
26154	-822.6518	-1168.129	345.4775	1.477636	2.434655
26160	-825.5626	-1169.747	344.1842	1.226625	3.36925
26166	-836.5194	-1181.538	345.0183	1.226625	2.872423
26172	-822.8526	-1168.171	345.3184	1.22819	2.688495
26178	-836.6656	-1183.359	346.693	1.755824	1.417222
26184	-834.5173	-1180.904	346.3863	1.724117	1.667895
26190	-855.3399	-1201.166	345.8261	1.458584	2.224772
26196	-834.217	-1179.696	345.4786	1.346958	2.515852
26202	-844.0733	-1189.509	345.436	1.083907	2.704874
26208	-835.9116	-1181.89	345.9784	1.317911	2.217317
26214	-835.2565	-1180.646	345.3893	1.301159	2.599763
26220	-842.3402	-1187.165	344.8251	1.442991	2.858386
26226	-845.6206	-1190.957	345.3366	1.493394	2.513082
26232	-833.1568	-1177.492	344.335	1.13263	3.335837
26238	-840.3545	-1184.805	344.4501	1.104392	3.2847
26244	-846.8248	-1192.391	345.5661	1.444755	2.399535
26250	-848.8539	-1193.552	344.6982	1.176639	3.094749
26256	-834.7596	-1181.086	346.3262	1.557927	1.826436
26262	-833.9105	-1180.045	346.1344	1.591141	1.934449
26268	-836.1968	-1182.405	346.2079	1.687625	1.818543
26274	-841.4616	-1185.031	343.5695	1.009515	3.852105
26280	-847.1354	-1192.107	344.9717	1.372422	2.812262
26286	-848.3582	-1193.25	344.8919	1.202255	2.963375
26292	-855.7399	-1199.477	343.7374	1.349722	3.558419
26298	-838.4481	-1182.487	344.0392	1.2378	3.447646
26304	-841.1195	-1185.985	344.8653	1.295586	2.923192
26310	-839.8299	-1184.634	344.8038	1.357055	2.923192
26316	-827.1007	-1171.794	344.693	1.467893	2.923192
26322	-829.3772	-1175.197	345.8201	1.420845	2.252934
26328	-840.1995	-1185.73	345.5305	1.406543	2.445995
26334	-842.4505	-1187.668	345.2172	1.38249	2.655823
26340	-830.0165	-1174.816	344.7998	1.395485	2.902451
26346	-827.9334	-1173.619	345.6851	1.467617	2.30943
26352	-834.8498	-1180.575	345.725	1.308626	2.385129
26358	-850.2154	-1193.772	343.5568	0.9893849	3.870961
26364	-832.9076	-1176.745	343.8378	1.156163	3.612553
26370	-825.4081	-1169.214	343.8059	1.235049	3.585255
26376	-824.1987	-1167.87	343.6717	1.144299	3.71559
26382	-831.9043	-1177.164	345.2599	1.287954	2.687749
26388	-825.9998	-1169.35	343.3503	1.178969	3.880682
26394	-826.2179	-1170.214	343.9964	1.235112	3.474209
26400	-833.7014	-1177.897	344.1951	1.059621	3.460675
26406	-834.4332	-1177.144	342.7105	1.020776	4.335031
26412	-833.0394	-1176.998	343.9587	0.8985385	3.691758
26418	-817.1316	-1162.543	345.4115	1.252594	2.616092
26424	-840.1079	-1184.171	344.063	1.136987	3.492655
26430	-830.8147	-1175.124	344.3089	1.133326	3.350816
26436	-842.775	-1187.997	345.2223	1.378313	2.655293
26442	-830.1217	-1175.306	345.184	1.531581	2.584213
26448	-831.8033	-1176.846	345.0432	1.42033	2.739424
26454	-822.9207	-1168.009	345.0879	1.258781	2.810702
26460	-824.3612	-1169.075	344.7135	1.392885	2.956046
26466	-832.1012	-1177.665	345.564	1.369929	2.447978
26472	-825.3985	-1169.32	343.9216	1.304206	3.477574
26478	-833.3469	-1178.01	344.6629	1.098761	3.162097
26484	-821.2045	-1165.89	344.6853	1.383067	2.978911
26490	-821.1757	-1166.012	344.8366	1.422469	2.863878
26496	-825.6958	-1171.112	345.4161	1.44574	2.493144
26502	-839.6859	-1185.023	345.3374	1.521336	2.495077
26508	-836.0993	-1181.427	345.3278	1.398481	2.5776
26514	-831.4707	-1177.757	346.2863	1.479503	1.907202
26520	-823.4556	-1169.537	346.081	1.427111	2.079231
26526	-816.2928	-1162.234	345.9409	1.567202	2.079231
26532	-822.3843	-1167.64	345.2562	1.416117	2.611014
26538	-836.4448	-1180.813	344.3678	1.344067	3.191611
26544	-814.9024	-1161.343	346.441	1.538288	1.760415
26550	-845.0971	-1190.555	345.4584	1.433616	2.474287
26556	-846.587	-1191.226	344.639	1.568556	2.895002
26562	-846.009	-1189.599	343.5902	1.144597	3.762455
26568	-848.7823	-1192.497	343.715	1.019817	3.762455
26574	-854.676	-1198.475	343.7985	0.936236	3.762455
26580	-862.8908	-1206.751	343.8603	0.9728752	3.70567
26586	-854.7754	-1198.225	343.45	1.09968	3.868973
26592	-862.814	-1206.331	343.5173	1.049878	3.858894
26598	-848.5297	-1191.522	342.9927	0.9359632	4.223303
26604	-842.1451	-1185.513	343.3675	0.8806768	4.041536
26610	-846.8481	-1191.574	344.7258	1.105591	3.12063
26616	-853.6652	-1197.934	344.2693	1.26772	3.294974
26622	-869.7377	-1214.421	344.6833	1.067445	3.168564
26628	-859.7803	-1204.97	345.1897	1.376482	2.676491
26634	-825.6719	-1169.423	343.7508	1.014632	3.744784
26640	-826.3352	-1169.357	343.0217	1.02112	4.158487
26646	-828.5754	-1172.984	344.4085	1.275106	3.208389
26652	-835.3964	-1180.826	345.4293	1.458295	2.477058
26658	-849.6377	-1195.128	345.4904	1.483225	2.422968
26664	-846.2453	-1191.59	345.3447	1.452867	2.533281
26670	-840.1321	-1184.821	344.6893	1.285133	3.035249
26676	-844.2412	-1189.787	345.5456	1.27232	2.520595
26682	-852.0112	-1195.707	343.6958	1.091227	3.732318
26688	-852.2624	-1195.816	343.5541	1.232923	3.732318
26694	-850.7428	-1195.988	345.2454	1.576826	2.517922
26700	-846.5649	-1192.114	345.5494	1.369851	2.457184
26706	-828.103	-1173.727	345.6236	1.711267	2.192338
26712	-833.8772	-1178.786	344.9083	1.380839	2.8456
26718	-830.0774	-1175.754	345.6769	1.521612	2.280144
26724	-830.4378	-1177.144	346.7066	1.866408	1.31935
26730	-854.5658	-1201.159	346.5933	1.945819	1.34653
26736	-831.1386	-1177.697	346.5582	1.799016	1.487133
26742	-833.3545	-1179.791	346.4365	1.799016	1.577475
26748	-843.0842	-1189.619	346.5344	1.785049	1.515432
26754	-835.5535	-1182.439	346.8851	1.84759	1.186449
26760	-832.6069	-1177.787	345.1801	1.301488	2.728333
26766	-841.0129	-1186.367	345.3537	1.351208	2.590826
26772	-840.6928	-1187.234	346.5414	1.80993	1.491561
26778	-832.5636	-1178.284	345.7208	1.69539	2.139499
26784	-849.4046	-1194.396	344.9917	1.120827	2.952317
26790	-839.3963	-1184.518	345.1214	1.412709	2.696155
26796	-839.984	-1182.705	342.7206	1.107123	4.280449
26802	-845.0069	-1190.596	345.5893	1.642657	2.258722
26808	-844.8504	-1190.164	345.3132	1.500152	2.523458
26814	-837.6346	-1183.126	345.4916	1.479019	2.424868
26820	-844.7193	-1190.067	345.3478	1.370742	2.582366
26826	-841.641	-1186.085	344.4438	1.131943	3.272149
26832	-834.2981	-1179.991	345.693	1.53001	2.264486
26838	-835.863	-1178.898	343.0354	0.9573532	4.186914
26844	-841.0694	-1184.152	343.0828	0.9099318	4.186914
26850	-828.4387	-1173.316	344.8776	1.03801	3.070401
26856	-829.9313	-1173.79	343.8586	1.058016	3.657383
26862	-828.1958	-1170.856	342.6604	1.00399	4.37279
26868	-850.9208	-1194.892	343.9711	1.148524	3.539496
26874	-855.9078	-1200.644	344.7361	1.232963	3.038449
26880	-852.0672	-1197.746	345.6785	1.285503	2.429026
26886	-835.6006	-1181.59	345.9893	1.464375	2.114982
26892	-851.0893	-1195.216	344.1265	1.296957	3.361803
26898	-838.0036	-1183.915	345.9117	1.407457	2.202512
26904	-839.7289	-1185.63	345.9016	1.577818	2.098108
26910	-844.278	-1188.614	344.3364	1.275451	3.250812
26916	-843.3762	-1188.76	345.3834	1.361066	2.566318
26922	-839.0408	-1184.314	345.2737	1.304951	2.668783
26928	-846.723	-1193.044	346.3209	1.512929	1.860929
26934	-842.9857	-1188.858	345.8723	1.38587	2.241848
26940	-851.377	-1196.937	345.5598	1.475888	2.383784
26946	-841.8453	-1188.64	346.7949	1.638812	1.428868
26952	-838.6951	-1183.756	345.0606	1.388264	2.748352
26958	-842.1654	-1184.975	342.8098	1.157358	4.201462
26964	-823.3042	-1166.99	343.6856	1.073776	3.748263
26970	-836.9938	-1181.133	344.139	1.073776	3.485162
26976	-841.8796	-1185.405	343.5249	1.114075	3.817609
26982	-836.9105	-1182.344	345.4333	1.389214	2.517721
26988	-827.0102	-1171.661	344.6508	1.32981	3.031524
26994	-833.9206	-1177.021	343.1006	1.14069	4.045435
27000	-828.6639	-1172.181	343.5176	1.383444	3.666397
27006	-839.1599	-1183.889	344.7295	1.352487	2.970691
27012	-828.4002	-1172.325	343.9249	1.203067	3.534615
27018	-839.2812	-1183.333	344.0516	1.176854	3.476003
27024	-838.8637	-1182.193	343.329	1.298421	3.824263
27030	-838.2764	-1183.667	345.3902	1.307952	2.59501
27036	-829.7482	-1175.359	345.6104	1.330228	2.44375
27042	-817.3866	-1162.897	345.51	1.437213	2.439607
27048	-828.3253	-1173.436	345.1103	1.356801	2.737221
27054	-846.8843	-1191.873	344.9887	1.365159	2.806313
27060	-826.2792	-1171.533	345.2535	1.256198	2.711122
27066	-836.3507	-1180.884	344.5335	1.236148	3.157374
27072	-843.6901	-1187.309	343.6186	1.067397	3.790534
27078	-838.0725	-1182.193	344.1203	1.098498	3.48165
27084	-846.9475	-1191.591	344.6437	1.433262	2.973719
27090	-843.9319	-1188.458	344.5264	1.427912	3.047296
27096	-854.7021	-1200.393	345.6909	1.546806	2.255009
27102	-865.728	-1210.308	344.5796	1.369248	3.05056
27108	-852.7926	-1198.423	345.6304	1.59069	2.265712
27114	-838.1437	-1184.03	345.8862	1.494363	2.162704
27120	-819.8351	-1165.684	345.8487	1.531874	2.162704
27126	-828.2817	-1174.537	346.2548	1.496389	1.917132
27132	-834.1149	-1180.373	346.2585	1.492689	1.917132
27138	-840.7848	-1185.156	344.3715	1.19964	3.274878
27144	-825.1037	-1170.395	345.2912	1.402817	2.597607
27150	-828.797	-1174.921	346.1244	1.443831	2.039555
27156	-820.798	-1165.534	344.7365	1.252705	3.026404
27162	-829.2601	-1173.413	344.1528	1.144513	3.435771
27168	-833.3652	-1178.855	345.4896	1.290234	2.544311
27174	-843.1118	-1188.47	345.3579	1.30601	2.61623
27180	-852.3819	-1198.412	346.0301	1.524126	2.048845
27186	-853.6143	-1198.369	344.7549	1.316819	2.976863
27192	-848.9307	-1194.062	345.1318	1.461731	2.65965
27198	-835.0357	-1181.142	346.1058	1.496624	2.016854
27204	-838.2641	-1184.049	345.785	1.323647	2.337509
27210	-837.5255	-1182.004	344.4784	1.080803	3.281911
27216	-835.2009	-1178.241	343.0404	0.9639909	4.180273
27222	-831.0238	-1175.133	344.1091	1.207514	3.424454
27228	-838.6062	-1182.741	344.1349	1.208672	3.408673
27234	-845.6915	-1191.656	345.9648	1.456328	2.136265
27240	-843.11	-1189.116	346.0056	1.415506	2.136265
27246	-841.1408	-1187.146	346.0056	1.415506	2.136265
27252	-835.6879	-1181.214	345.5264	1.289485	2.521838
27258	-832.7395	-1178.435	345.6958	1.291104	2.414599
27264	-842.3722	-1186.509	344.1367	1.463992	3.25743
27270	-850.8535	-1196.207	345.3535	1.355205	2.588513
27276	-839.1581	-1184.888	345.7296	1.355205	2.352665
27282	-836.1697	-1178.825	342.6556	0.9764867	4.391028
27288	-841.5147	-1185.017	343.5024	1.061175	3.860992
27294	-843.339	-1187.433	344.0936	1.061175	3.519004
27300	-839.9008	-1184.175	344.2741	1.205969	3.328548
27306	-829.9377	-1174.717	344.7793	1.304569	2.969568
27312	-831.0419	-1175.404	344.362	1.186805	3.288028
27318	-811.6072	-1155.962	344.3544	1.102991	3.341847
27324	-821.9222	-1167.185	345.2631	1.262816	2.701173
27330	-829.3237	-1175.54	346.2163	1.714243	1.794366
27336	-838.9001	-1185.165	346.2653	1.463456	1.932306
27342	-826.5918	-1172.382	345.7899	1.378684	2.299308
27348	-823.4333	-1168.728	345.2945	1.460418	2.559802
27354	-823.6711	-1168.857	345.1854	1.266682	2.74641
27360	-822.3649	-1167.508	345.143	1.309055	2.74641
27366	-830.6236	-1175.274	344.6502	1.101187	3.168162
27372	-838.8067	-1183.824	345.0172	1.11238	2.942097
27378	-844.6204	-1190.156	345.5351	1.404128	2.444607
27384	-836.4995	-1181.723	345.223	1.316761	2.692701
27390	-840.9546	-1186.663	345.7079	1.577385	2.224398
27396	-826.8736	-1172.746	345.8722	1.568618	2.123385
27402	-839.6687	-1184.847	345.1787	1.552923	2.574268
27408	-828.5521	-1174.015	345.4626	1.392108	2.497603
27414	-841.91	-1186.159	344.2495	1.317579	3.277271
27420	-848.2877	-1193.794	345.5065	1.564849	2.361241
27426	-835.7478	-1180.644	344.8964	1.484028	2.790141
27432	-839.5585	-1186.042	346.4838	1.637727	1.659911
27438	-847.1446	-1191.832	344.6876	1.385579	2.976
27444	-836.9255	-1179.773	342.8472	1.112796	4.205516
27450	-838.0843	-1180.863	342.7786	1.181323	4.205516
27456	-837.3469	-1181.764	344.4171	1.033397	3.345908
27462	-839.6168	-1183.249	343.6326	1.188875	3.712421
27468	-836.6312	-1181.391	344.7595	1.301025	2.983623
27474	-818.5944	-1163.002	344.4078	1.135822	3.291101
27480	-827.619	-1172.265	344.646	1.224192	3.0975
27486	-835.9438	-1180.582	344.638	1.28367	3.066804
27492	-831.4999	-1176.514	345.0139	1.371896	2.786856
27498	-829.2555	-1173.498	344.243	1.094499	3.41225
27504	-836.6515	-1181.506	344.8541	1.134726	3.0266
27510	-836.0397	-1182.091	346.0517	1.695405	1.919897
27516	-840.659	-1186.596	345.9365	1.65355	2.025109
27522	-837.4441	-1183.328	345.884	1.571179	2.114006
27528	-837.2133	-1182.951	345.7375	1.544472	2.22654
27534	-840.3599	-1186.372	346.0119	1.64303	1.981871
27540	-843.6012	-1190.051	346.4501	1.775756	1.584488
27546	-845.3985	-1192.127	346.7287	1.849072	1.315523
27552	-834.7833	-1181.613	346.8299	1.864455	1.219264
27558	-827.4621	-1173.524	346.0623	1.748304	1.876814
27564	-833.1673	-1179.403	346.2361	1.744102	1.759779
27570	-855.9663	-1201.23	345.2637	1.525881	2.538263
27576	-849.4345	-1194.063	344.6285	1.590324	2.888181
27582	-836.7749	-1181.688	344.9128	1.524006	2.755715
27588	-828.5955	-1173.773	345.1771	1.334207	2.710128
27594	-838.8435	-1182.264	343.4201	1.058772	3.909576
27600	-830.8543	-1176.712	345.8576	1.446096	2.212519
27606	-831.69	-1177.186	345.496	1.491422	2.414277
27612	-826.3324	-1171.88	345.548	1.498495	2.376983
27618	-842.4789	-1189.366	346.8869	1.846726	1.18559
27624	-846.0552	-1191.411	345.3555	1.674123	2.387639
27630	-846.1834	-1192.523	346.34	1.591545	1.793641
27636	-857.6559	-1203.277	345.6209	1.487346	2.337802
27642	-830.4875	-1175.902	345.414	1.480912	2.472437
27648	-814.4742	-1159.818	345.3437	1.385385	2.575847
27654	-838.4502	-1184.118	345.6675	1.543646	2.2721
27660	-839.9523	-1185.934	345.9822	1.511002	2.089072
27666	-833.8405	-1178.844	345.004	1.1695	2.915606
27672	-843.8028	-1186.642	342.8396	1.122522	4.204302
27678	-861.2636	-1203.783	342.5193	0.9686609	4.472251
27684	-860.4161	-1205.735	345.3191	1.23184	2.685845
27690	-853.1973	-1194.408	341.2103	1.125185	5.115737
27696	-838.1717	-1180.514	342.3423	0.9629288	4.575013
27702	-853.1571	-1195.547	342.3901	0.9573957	4.551238
27708	-840.5824	-1185.878	345.2952	1.304966	2.655565
27714	-828.9111	-1174.068	345.157	1.304966	2.740357
27720	-828.0698	-1173.227	345.157	1.304966	2.740357
27726	-825.1342	-1170.291	345.157	1.304966	2.740357
27732	-822.4465	-1167.603	345.157	1.304966	2.740357
27738	-827.6304	-1172.787	345.157	1.304966	2.740357
27744	-823.9047	-1169.062	345.157	1.304966	2.740357
27750	-821.1167	-1166.274	345.157	1.304966	2.740357
27756	-821.2007	-1166.358	345.157	1.304966	2.740357
27762	-822.3692	-1167.526	345.157	1.304966	2.740357
27768	-832.4757	-1177.633	345.157	1.304966	2.740357
27774	-821.468	-1166.625	345.157	1.304966	2.740357
27780	-821.7879	-1166.945	345.157	1.304966	2.740357
27786	-820.7606	-1165.918	345.157	1.304966	2.740357
27792	-822.3358	-1167.493	345.157	1.304966	2.740357
27798	-829.9746	-1175.132	345.157	1.304966	2.740357
27804	-832.1228	-1177.28	345.157	1.304966	2.740357
27810	-830.4283	-1175.585	345.157	1.304966	2.740357
27816	-840.8015	-1185.959	345.157	1.304966	2.740357
27822	-833.3901	-1178.547	345.157	1.304966	2.740357
27828	-838.9571	-1184.114	345.157	1.304966	2.740357
27834	-835.3725	-1180.53	345.157	1.304966	2.740357
27840	-831.1736	-1176.331	345.157	1.304966	2.740357
27846	-834.5052	-1179.662	345.157	1.304966	2.740357
27852	-839.0195	-1184.177	345.157	1.304966	2.740357
27858	-840.005	-1185.162	345.157	1.304966	2.740357
27864	-858.5779	-1204.49	345.9118	1.374696	2.223602
27870	-838.2044	-1182.717	344.5124	1.062351	3.272757
27876	-840.7063	-1185.109	344.4029	1.171778	3.272757
27882	-828.5769	-1173.734	345.157	1.304966	2.740357
27888	-832.0174	-1177.174	345.157	1.304966	2.740357
27894	-844.9887	-1190.146	345.157	1.304966	2.740357
27900	-839.6216	-1184.779	345.157	1.304966	2.740357
27906	-831.8533	-1177.01	345.157	1.304966	2.740357
27912	-830.652	-1175.809	345.157	1.304966	2.740357
27918	-827.3409	-1172.498	345.157	1.304966	2.740357
27924	-836.012	-1181.169	345.157	1.304966	2.740357
27930	-831.2166	-1176.374	345.157	1.304966	2.740357
27936	-827.8323	-1172.989	345.157	1.304966	2.740357
27942	-829.8391	-1174.996	345.157	1.304966	2.740357
27948	-832.4835	-1177.641	345.157	1.304966	2.740357
27954	-833.2363	-1178.393	345.157	1.304966	2.740357
27960	-832.969	-1178.126	345.157	1.304966	2.740357
27966	-842.8635	-1188.02	345.157	1.304966	2.740357
27972	-854.1489	-1199.739	345.5896	1.445811	2.383981
27978	-852.4784	-1198.074	345.5952	1.563722	2.305474
27984	-843.3256	-1189.596	346.2708	1.572274	1.854595
27990	-840.3169	-1185.474	345.157	1.304966	2.740357
27996	-854.7042	-1199.861	345.157	1.304966	2.740357
28002	-853.0827	-1198.24	345.157	1.304966	2.740357
28008	-845.1741	-1190.331	345.157	1.304966	2.740357
28014	-838.5201	-1183.677	345.157	1.304966	2.740357
28020	-835.7702	-1180.927	345.157	1.304966	2.740357
28026	-840.5201	-1185.677	345.157	1.304966	2.740357
28032	-838.9129	-1184.07	345.157	1.304966	2.740357
28038	-831.6851	-1176.842	345.157	1.304966	2.740357
28044	-836.105	-1181.262	345.157	1.304966	2.740357
28050	-829.1756	-1174.333	345.157	1.304966	2.740357
28056	-827.2421	-1172.399	345.157	1.304966	2.740357
28062	-828.8015	-1173.959	345.157	1.304966	2.740357
28068	-834.5055	-1179.662	345.157	1.304966	2.740357
28074	-835.5889	-1180.746	345.157	1.304966	2.740357
28080	-832.9291	-1178.086	345.157	1.304966	2.740357
28086	-840.6876	-1185.845	345.157	1.304966	2.740357
28092	-838.2217	-1183.379	345.157	1.304966	2.740357
28098	-835.4355	-1180.593	345.157	1.304966	2.740357
28104	-830.3372	-1175.494	345.157	1.304966	2.740357
28110	-831.6302	-1176.787	345.157	1.304966	2.740357
28116	-837.9259	-1183.083	345.157	1.304966	2.740357
28122	-827.8869	-1173.044	345.157	1.304966	2.740357
28128	-831.7	-1176.857	345.157	1.304966	2.740357
28134	-824.6394	-1169.796	345.157	1.304966	2.740357
28140	-830.2456	-1175.403	345.157	1.304966	2.740357
28146	-825.4842	-1170.641	345.157	1.304966	2.740357
28152	-829.638	-1174.795	345.157	1.304966	2.740357
28158	-833.6313	-1178.788	345.157	1.304966	2.740357
28164	-832.8502	-1178.007	345.157	1.304966	2.740357
28170	-820.9503	-1166.107	345.157	1.304966	2.740357
28176	-821.4218	-1166.579	345.157	1.304966	2.740357
28182	-821.5701	-1166.727	345.157	1.304966	2.740357
28188	-818.3918	-1163.549	345.157	1.304966	2.740357
28194	-814.7805	-1159.938	345.157	1.304966	2.740357
28200	-817.2515	-1162.409	345.157	1.304966	2.740357
28206	-831.673	-1176.83	345.157	1.304966	2.740357
28212	-818.2227	-1163.38	345.157	1.304966	2.740357
28218	-821.8243	-1166.981	345.157	1.304966	2.740357
28224	-829.1089	-1174.266	345.157	1.304966	2.740357
28230	-829.1572	-1174.314	345.157	1.304966	2.740357
28236	-827.1571	-1172.314	345.157	1.304966	2.740357
28242	-826.2467	-1171.404	345.157	1.304966	2.740357
28248	-827.4425	-1172.6	345.157	1.304966	2.740357
28254	-822.7903	-1167.947	345.157	1.304966	2.740357
28260	-815.5833	-1160.74	345.157	1.304966	2.740357
28266	-813.0484	-1158.205	345.157	1.304966	2.740357
28272	-817.2838	-1162.441	345.157	1.304966	2.740357
28278	-823.6301	-1168.787	345.157	1.304966	2.740357
28284	-819.7836	-1164.941	345.157	1.304966	2.740357
28290	-817.6531	-1162.81	345.157	1.304966	2.740357
28296	-822.1026	-1167.26	345.157	1.304966	2.740357
28302	-817.4845	-1162.642	345.157	1.304966	2.740357
28308	-825.5612	-1170.718	345.157	1.304966	2.740357
28314	-824.0884	-1169.245	345.157	1.304966	2.740357
28320	-826.5611	-1171.718	345.157	1.304966	2.740357
28326	-827.6875	-1172.844	345.157	1.304966	2.740357
28332	-815.9329	-1161.09	345.157	1.304966	2.740357
28338	-817.0427	-1162.2	345.157	1.304966	2.740357
28344	-820.0078	-1165.165	345.157	1.304966	2.740357
28350	-818.751	-1163.908	345.157	1.304966	2.740357
28356	-816.5899	-1161.747	345.157	1.304966	2.740357
28362	-812.8311	-1157.988	345.157	1.304966	2.740357
28368	-817.4197	-1162.577	345.157	1.304966	2.740357
28374	-827.437	-1172.594	345.157	1.304966	2.740357
28380	-835.6267	-1180.87	345.2431	1.316037	2.680799
28386	-848.9735	-1195.053	346.0798	1.439577	2.071801
28392	-828.4365	-1173.593	345.157	1.304966	2.740357
28398	-827.5222	-1172.679	345.157	1.304966	2.740357
28404	-819.4704	-1164.627	345.157	1.304966	2.740357
28410	-822.7904	-1167.947	345.157	1.304966	2.740357
28416	-822.2569	-1167.414	345.157	1.304966	2.740357
28422	-817.9468	-1163.104	345.157	1.304966	2.740357
28428	-822.5153	-1167.672	345.157	1.304966	2.740357
28434	-824.4618	-1169.619	345.157	1.304966	2.740357
28440	-834.0661	-1179.223	345.157	1.304966	2.740357
28446	-828.7369	-1173.894	345.157	1.304966	2.740357
28452	-831.115	-1176.272	345.157	1.304966	2.740357
28458	-834.4934	-1179.65	345.157	1.304966	2.740357
28464	-824.7522	-1169.909	345.157	1.304966	2.740357
28470	-838.7786	-1183.936	345.157	1.304966	2.740357
28476	-834.4424	-1179.599	345.157	1.304966	2.740357
28482	-842.3654	-1187.522	345.157	1.304966	2.740357
28488	-826.173	-1171.33	345.157	1.304966	2.740357
28494	-830.18	-1175.337	345.157	1.304966	2.740357
28500	-825.9943	-1171.151	345.157	1.304966	2.740357
28506	-820.6421	-1165.799	345.157	1.304966	2.740357
28512	-823.133	-1168.29	345.157	1.304966	2.740357
28518	-825.5074	-1170.664	345.157	1.304966	2.740357
28524	-823.3691	-1168.526	345.157	1.304966	2.740357
28530	-826.0729	-1171.23	345.157	1.304966	2.740357
28536	-826.5699	-1171.727	345.157	1.304966	2.740357
28542	-827.6477	-1172.805	345.157	1.304966	2.740357
28548	-831.7189	-1176.876	345.157	1.304966	2.740357
28554	-826.5744	-1171.731	345.157	1.304966	2.740357
28560	-831.0761	-1176.233	345.157	1.304966	2.740357
28566	-826.6517	-1171.809	345.157	1.304966	2.740357
28572	-823.9635	-1169.12	345.157	1.304966	2.740357
28578	-822.2702	-1167.427	345.157	1.304966	2.740357
28584	-821.9535	-1167.11	345.157	1.304966	2.740357
28590	-832.3319	-1177.489	345.157	1.304966	2.740357
28596	-835.3793	-1180.536	345.157	1.304966	2.740357
28602	-829.9001	-1175.057	345.157	1.304966	2.740357
28608	-826.4774	-1171.634	345.157	1.304966	2.740357
28614	-829.2262	-1174.383	345.157	1.304966	2.740357
28620	-825.2399	-1170.397	345.157	1.304966	2.740357
28626	-833.2441	-1178.401	345.157	1.304966	2.740357
28632	-827.2967	-1172.454	345.157	1.304966	2.740357
28638	-835.4069	-1180.564	345.157	1.304966	2.740357
28644	-827.6609	-1172.818	345.157	1.304966	2.740357
28650	-835.6763	-1180.833	345.157	1.304966	2.740357
28656	-836.8783	-1182.035	345.157	1.304966	2.740357
28662	-828.8823	-1173.022	344.1401	1.298336	3.35302
28668	-836.1389	-1181.334	345.1954	1.549793	2.565868
28674	-820.8141	-1165.971	345.157	1.304966	2.740357
28680	-826.6095	-1171.767	345.157	1.304966	2.740357
28686	-831.3903	-1176.547	345.157	1.304966	2.740357
28692	-831.4321	-1176.092	344.6597	1.405219	2.980952
28698	-837.0213	-1181.317	344.2955	1.373085	3.217294
28704	-840.0632	-1185.22	345.157	1.304966	2.740357
28710	-832.1575	-1177.315	345.157	1.304966	2.740357
28716	-826.5283	-1171.685	345.157	1.304966	2.740357
28722	-829.1361	-1174.293	345.157	1.304966	2.740357
28728	-835.043	-1180.2	345.157	1.304966	2.740357
28734	-831.8309	-1176.988	345.157	1.304966	2.740357
28740	-826.917	-1172.074	345.157	1.304966	2.740357
28746	-828.5175	-1173.674	345.157	1.304966	2.740357
28752	-823.6547	-1168.812	345.157	1.304966	2.740357
28758	-833.1914	-1178.348	345.157	1.304966	2.740357
28764	-851.2788	-1195.537	344.2583	1.209104	3.336014
28770	-846.7528	-1191.91	345.157	1.304966	2.740357
28776	-846.7039	-1191.861	345.157	1.304966	2.740357
28782	-844.4804	-1190.247	345.7671	1.57889	2.185154
28788	-838.3632	-1183.817	345.4541	1.535793	2.41275
28794	-833.2814	-1179.771	346.4894	1.614409	1.672552
28800	-824.2759	-1171.066	346.7901	1.934079	1.193741
28806	-847.672	-1193.961	346.2895	1.740101	1.725175
28812	-844.7444	-1189.901	345.157	1.304966	2.740357
28818	-836.2657	-1181.423	345.157	1.304966	2.740357
28824	-841.5927	-1187.48	345.8875	1.779046	1.974112
28830	-827.3032	-1173.115	345.8122	1.448228	2.240434
28836	-834.0003	-1180.466	346.4654	1.701437	1.627371
28842	-831.4446	-1178.185	346.74	1.859806	1.2977
28848	-831.077	-1177.413	346.3361	1.68283	1.732673
28854	-836.7813	-1183.158	346.3763	1.479988	1.845572
28860	-830.4121	-1176.832	346.4201	1.709188	1.654372
28866	-845.5326	-1190.775	345.2423	1.640305	2.480193
28872	-851.1464	-1197.125	345.9781	1.61847	2.02073
28878	-844.8073	-1190.873	346.0654	1.601502	1.973837
28884	-835.2096	-1180.367	345.157	1.304966	2.740357
28890	-831.0064	-1176.163	345.157	1.304966	2.740357
28896	-826.5491	-1171.706	345.157	1.304966	2.740357
28902	-828.0322	-1173.189	345.157	1.304966	2.740357
28908	-827.3523	-1172.509	345.157	1.304966	2.740357
28914	-826.9805	-1172.137	345.157	1.304966	2.740357
28920	-819.4822	-1164.639	345.157	1.304966	2.740357
28926	-830.8208	-1175.978	345.157	1.304966	2.740357
28932	-826.4379	-1171.595	345.157	1.304966	2.740357
28938	-836.3775	-1181.534	345.157	1.304966	2.740357
28944	-842.1925	-1187.349	345.157	1.304966	2.740357
28950	-839.9918	-1185.149	345.157	1.304966	2.740357
28956	-832.3338	-1177.491	345.157	1.304966	2.740357
28962	-828.1343	-1173.291	345.157	1.304966	2.740357
28968	-831.888	-1177.045	345.157	1.304966	2.740357
28974	-831.3668	-1176.524	345.157	1.304966	2.740357
28980	-832.4317	-1177.589	345.157	1.304966	2.740357
28986	-831.4254	-1176.582	345.157	1.304966	2.740357
28992	-843.748	-1190.441	346.6928	1.950784	1.261754
28998	-830.3645	-1176.768	346.4037	1.881604	1.540816
29004	-822.7698	-1166.938	344.1679	1.130622	3.435063
29010	-826.1145	-1169.97	343.8553	1.1084	3.630056
29016	-817.8372	-1160.731	342.8937	0.9380896	4.278165
29022	-828.5737	-1170.312	341.7382	0.9111944	4.941443
29028	-819.992	-1164.398	344.4063	1.055675	3.339171
29034	-831.8974	-1176.285	344.3874	1.056592	3.34974
29040	-839.5407	-1184.698	345.157	1.304966	2.740357
29046	-830.112	-1175.269	345.157	1.304966	2.740357
29052	-820.0032	-1165.16	345.157	1.304966	2.740357
29058	-825.612	-1170.769	345.157	1.304966	2.740357
29064	-833.493	-1178.65	345.157	1.304966	2.740357
29070	-836.4071	-1181.564	345.157	1.304966	2.740357
29076	-828.1636	-1173.321	345.157	1.304966	2.740357
29082	-835.1612	-1180.318	345.157	1.304966	2.740357
29088	-836.1943	-1181.351	345.157	1.304966	2.740357
29094	-828.8684	-1174.025	345.157	1.304966	2.740357
29100	-824.3633	-1169.52	345.157	1.304966	2.740357
29106	-826.5972	-1171.754	345.157	1.304966	2.740357
29112	-837.5409	-1182.157	344.6164	1.133914	3.168823
29118	-828.8783	-1173.799	344.921	1.354658	2.853827
29124	-824.529	-1169.686	345.157	1.304966	2.740357
29130	-818.831	-1163.988	345.157	1.304966	2.740357
29136	-822.3027	-1167.46	345.157	1.304966	2.740357
29142	-826.0137	-1171.171	345.157	1.304966	2.740357
29148	-824.3047	-1169.462	345.157	1.304966	2.740357
29154	-822.5792	-1167.736	345.157	1.304966	2.740357
29160	-827.6004	-1172.757	345.157	1.304966	2.740357
29166	-820.5153	-1165.672	345.157	1.304966	2.740357
29172	-815.7539	-1160.911	345.157	1.304966	2.740357
29178	-817.0167	-1162.174	345.157	1.304966	2.740357
29184	-819.4922	-1164.649	345.157	1.304966	2.740357
29190	-812.2884	-1157.445	345.157	1.304966	2.740357
29196	-816.6183	-1161.775	345.157	1.304966	2.740357
29202	-821.132	-1165.652	344.5201	1.111548	3.239141
29208	-819.0207	-1163.519	344.4987	1.132927	3.239141
29214	-828.7848	-1172.158	343.3736	0.9984196	3.970775
29220	-831.292	-1176.449	345.157	1.304966	2.740357
29226	-828.0671	-1173.224	345.157	1.304966	2.740357
29232	-826.4217	-1171.678	345.2562	1.453714	2.587761
29238	-831.8203	-1176.261	344.4409	1.40149	3.114058
29244	-832.2143	-1177.371	345.157	1.304966	2.740357
29250	-832.9447	-1178.102	345.157	1.304966	2.740357
29256	-841.8654	-1187.022	345.157	1.304966	2.740357
29262	-830.2911	-1175.448	345.157	1.304966	2.740357
29268	-842.4483	-1187.605	345.157	1.304966	2.740357
29274	-866.4856	-1210.938	344.4519	1.214647	3.218461
29280	-830.8958	-1176.053	345.157	1.304966	2.740357
29286	-824.1836	-1169.341	345.157	1.304966	2.740357
29292	-822.5814	-1167.738	345.157	1.304966	2.740357
29298	-834.0704	-1179.227	345.157	1.304966	2.740357
29304	-828.0517	-1172.306	344.2545	1.223273	3.329874
29310	-830.0767	-1171.064	340.9873	0.755107	5.443318
29316	-818.8984	-1161.461	342.5628	0.7846059	4.551287
29322	-830.5622	-1174.706	344.1439	1.189408	3.414681
29328	-843.117	-1186.922	343.8055	1.41407	3.481234
29334	-842.0069	-1187.164	345.157	1.304966	2.740357
29340	-821.0839	-1165.215	344.1315	1.301158	3.356429
29346	-818.098	-1161.993	343.8953	1.156037	3.579204
29352	-839.1275	-1183.136	344.0084	1.123864	3.532123
29358	-828.5419	-1172.146	343.6045	1.09134	3.784916
29364	-825.2738	-1168.845	343.5708	1.191275	3.746705
29370	-852.3952	-1198.138	345.7427	1.637569	2.162865
29376	-843.2884	-1189.593	346.3047	1.653429	1.775229
29382	-841.9418	-1188.129	346.1874	1.483392	1.971209
29388	-845.2438	-1191.067	345.8228	1.451398	2.231549
29394	-846.4628	-1191.62	345.157	1.304966	2.740357
29400	-851.4564	-1196.475	345.0186	1.478231	2.719006
29406	-838.1899	-1182.861	344.6714	1.291709	3.042003
29412	-831.5122	-1176.669	345.157	1.304966	2.740357
29418	-832.7348	-1177.892	345.157	1.304966	2.740357
29424	-841.2487	-1185.842	344.5934	0.9883776	3.268607
29430	-858.7481	-1204.333	345.585	1.411304	2.408723
29436	-852.6193	-1198.066	345.447	1.435082	2.480469
29442	-834.3251	-1179.482	345.157	1.304966	2.740357
29448	-839.0056	-1184.163	345.157	1.304966	2.740357
29454	-850.7057	-1195.307	344.6018	1.296155	3.080959
29460	-846.3278	-1191.485	345.157	1.304966	2.740357
29466	-827.2122	-1172.369	345.157	1.304966	2.740357
29472	-841.1176	-1186.275	345.157	1.304966	2.740357
29478	-840.2743	-1185.431	345.157	1.304966	2.740357
29484	-840.1464	-1185.303	345.157	1.304966	2.740357
29490	-834.5098	-1179.667	345.157	1.304966	2.740357
29496	-828.6181	-1173.775	345.157	1.304966	2.740357
29502	-831.844	-1177.001	345.157	1.304966	2.740357
29508	-836.3304	-1181.487	345.157	1.304966	2.740357
29514	-839.6102	-1184.767	345.157	1.304966	2.740357
29520	-851.7914	-1196.948	345.157	1.304966	2.740357
29526	-844.2213	-1189.378	345.157	1.304966	2.740357
29532	-838.0065	-1183.164	345.157	1.304966	2.740357
29538	-837.3696	-1182.527	345.157	1.304966	2.740357
29544	-821.2127	-1165.764	344.5512	1.174164	3.183621
29550	-833.3338	-1178.969	345.6349	1.204752	2.507047
29556	-844.8423	-1189.849	345.0067	1.281901	2.845974
29562	-851.7541	-1195.169	343.4145	1.256353	3.799293
29568	-850.4847	-1193.314	342.8289	1.090765	4.228392
29574	-830.5548	-1175.712	345.157	1.304966	2.740357
29580	-834.0172	-1179.174	345.157	1.304966	2.740357
29586	-835.7968	-1180.954	345.157	1.304966	2.740357
29592	-829.2182	-1174.375	345.157	1.304966	2.740357
29598	-837.9617	-1183.119	345.157	1.304966	2.740357
29604	-837.1033	-1182.26	345.157	1.304966	2.740357
29610	-844.7445	-1189.177	344.4323	1.137544	3.275632
29616	-847.74	-1191.109	343.3689	1.003459	3.970606
29622	-842.7906	-1187.948	345.157	1.304966	2.740357
29628	-849.2501	-1194.407	345.157	1.304966	2.740357
29634	-857.5677	-1202.263	344.6954	1.201074	3.08181
29640	-851.3544	-1196.511	345.157	1.304966	2.740357
29646	-838.8868	-1184.044	345.157	1.304966	2.740357
29652	-828.703	-1173.86	345.157	1.304966	2.740357
29658	-835.9742	-1181.131	345.157	1.304966	2.740357
29664	-841.1478	-1185.379	344.2313	1.116675	3.406077
29670	-845.6394	-1190.796	345.157	1.304966	2.740357
29676	-851.8728	-1197.03	345.157	1.304966	2.740357
29682	-846.6455	-1191.803	345.157	1.304966	2.740357
29688	-835.1236	-1180.281	345.157	1.304966	2.740357
29694	-829.1037	-1174.261	345.157	1.304966	2.740357
29700	-841.2141	-1186.371	345.157	1.304966	2.740357
29706	-831.8895	-1177.047	345.157	1.304966	2.740357
29712	-828.3836	-1173.541	345.157	1.304966	2.740357
29718	-828.2455	-1173.403	345.157	1.304966	2.740357
29724	-819.256	-1164.413	345.157	1.304966	2.740357
29730	-824.2755	-1169.432	345.157	1.304966	2.740357
29736	-832.1454	-1177.302	345.157	1.304966	2.740357
29742	-832.7534	-1177.91	345.157	1.304966	2.740357
29748	-832.9811	-1178.138	345.157	1.304966	2.740357
29754	-833.1003	-1178.257	345.157	1.304966	2.740357
29760	-830.7532	-1175.91	345.157	1.304966	2.740357
29766	-833.5825	-1178.74	345.157	1.304966	2.740357
29772	-831.9889	-1177.146	345.157	1.304966	2.740357
29778	-829.6932	-1174.85	345.157	1.304966	2.740357
29784	-844.667	-1191.013	346.3461	1.58521	1.793799
29790	-835.5988	-1180.756	345.157	1.304966	2.740357
29796	-836.973	-1182.13	345.157	1.304966	2.740357
29802	-846.866	-1192.023	345.157	1.304966	2.740357
29808	-838.6088	-1183.766	345.157	1.304966	2.740357
29814	-827.6672	-1172.824	345.157	1.304966	2.740357
29820	-829.621	-1174.778	345.157	1.304966	2.740357
29826	-835.5863	-1180.743	345.157	1.304966	2.740357
29832	-825.4375	-1170.595	345.157	1.304966	2.740357
29838	-823.8733	-1169.03	345.157	1.304966	2.740357
29844	-823.6578	-1168.815	345.157	1.304966	2.740357
29850	-824.0846	-1169.242	345.157	1.304966	2.740357
29856	-827.5869	-1172.744	345.157	1.304966	2.740357
29862	-829.732	-1174.889	345.157	1.304966	2.740357
29868	-828.5789	-1173.736	345.157	1.304966	2.740357
29874	-826.7574	-1171.914	345.157	1.304966	2.740357
29880	-827.899	-1173.056	345.157	1.304966	2.740357
29886	-829.7846	-1174.942	345.157	1.304966	2.740357
29892	-832.1114	-1177.268	345.157	1.304966	2.740357
29898	-835.6655	-1180.822	345.157	1.304966	2.740357
29904	-844.6521	-1189.809	345.157	1.304966	2.740357
29910	-826.1131	-1171.27	345.157	1.304966	2.740357
29916	-834.5029	-1179.66	345.157	1.304966	2.740357
29922	-841.3388	-1186.496	345.157	1.304966	2.740357
29928	-830.4377	-1175.595	345.157	1.304966	2.740357
29934	-834.5381	-1179.695	345.157	1.304966	2.740357
29940	-824.0269	-1169.184	345.157	1.304966	2.740357
29946	-828.4393	-1173.596	345.157	1.304966	2.740357
29952	-822.4009	-1167.558	345.157	1.304966	2.740357
29958	-821.6256	-1166.783	345.157	1.304966	2.740357
29964	-824.6022	-1169.759	345.157	1.304966	2.740357
29970	-853.2889	-1199.897	346.608	1.633697	1.572941
29976	-863.2878	-1210.066	346.7782	1.77808	1.332792
29982	-822.8927	-1168.05	345.157	1.304966	2.740357
29988	-828.6562	-1173.813	345.157	1.304966	2.740357
29994	-832.8139	-1177.971	345.157	1.304966	2.740357
30000	-824.1711	-1169.328	345.157	1.304966	2.740357
30006	-832.4546	-1177.612	345.157	1.304966	2.740357
30012	-833.7299	-1178.887	345.157	1.304966	2.740357
30018	-837.039	-1182.196	345.157	1.304966	2.740357
30024	-826.5347	-1171.692	345.157	1.304966	2.740357
30030	-824.6413	-1169.798	345.157	1.304966	2.740357
30036	-828.6658	-1173.823	345.157	1.304966	2.740357
30042	-824.5268	-1169.684	345.157	1.304966	2.740357
30048	-822.0777	-1167.235	345.157	1.304966	2.740357
30054	-823.9672	-1169.124	345.157	1.304966	2.740357
30060	-828.6816	-1173.839	345.157	1.304966	2.740357
30066	-822.388	-1167.545	345.157	1.304966	2.740357
30072	-821.3171	-1166.474	345.157	1.304966	2.740357
30078	-827.3488	-1172.506	345.157	1.304966	2.740357
30084	-822.3038	-1167.461	345.157	1.304966	2.740357
30090	-821.2819	-1166.439	345.157	1.304966	2.740357
30096	-827.9571	-1173.114	345.157	1.304966	2.740357
30102	-826.8388	-1171.996	345.157	1.304966	2.740357
30108	-831.4019	-1176.559	345.157	1.304966	2.740357
30114	-842.1881	-1187.924	345.7363	1.511608	2.248498
30120	-829.7894	-1174.946	345.157	1.304966	2.740357
30126	-830.4883	-1175.645	345.157	1.304966	2.740357
30132	-828.8599	-1174.017	345.157	1.304966	2.740357
30138	-833.2972	-1178.454	345.157	1.304966	2.740357
30144	-829.021	-1174.178	345.157	1.304966	2.740357
30150	-827.9481	-1173.105	345.157	1.304966	2.740357
30156	-832.3013	-1177.458	345.157	1.304966	2.740357
30162	-838.3267	-1183.484	345.157	1.304966	2.740357
30168	-839.5324	-1184.689	345.157	1.304966	2.740357
30174	-835.747	-1180.904	345.157	1.304966	2.740357
30180	-839.3987	-1184.556	345.157	1.304966	2.740357
30186	-842.5965	-1187.754	345.157	1.304966	2.740357
30192	-841.4334	-1187.923	346.4896	1.628502	1.662405
30198	-847.185	-1192.957	345.7718	1.383657	2.307696
30204	-827.2361	-1172.393	345.157	1.304966	2.740357
30210	-830.5554	-1175.712	345.157	1.304966	2.740357
30216	-831.4167	-1176.574	345.157	1.304966	2.740357
30222	-828.1548	-1173.312	345.157	1.304966	2.740357
30228	-831.8067	-1176.964	345.157	1.304966	2.740357
30234	-830.5787	-1175.736	345.157	1.304966	2.740357
30240	-831.5283	-1176.685	345.157	1.304966	2.740357
30246	-833.9343	-1179.091	345.157	1.304966	2.740357
30252	-840.812	-1185.969	345.157	1.304966	2.740357
30258	-838.3194	-1183.476	345.157	1.304966	2.740357
30264	-836.8833	-1182.04	345.157	1.304966	2.740357
30270	-833.2136	-1178.371	345.157	1.304966	2.740357
30276	-829.5919	-1174.749	345.157	1.304966	2.740357
30282	-826.3438	-1171.501	345.157	1.304966	2.740357
30288	-826.6627	-1171.82	345.157	1.304966	2.740357
30294	-825.0296	-1170.187	345.157	1.304966	2.740357
30300	-816.7214	-1161.878	345.157	1.304966	2.740357
30306	-818.7265	-1163.883	345.157	1.304966	2.740357
30312	-817.6208	-1162.778	345.157	1.304966	2.740357
30318	-820.9375	-1166.095	345.157	1.304966	2.740357
30324	-819.3956	-1164.553	345.157	1.304966	2.740357
30330	-823.3257	-1168.483	345.157	1.304966	2.740357
30336	-816.1291	-1161.286	345.157	1.304966	2.740357
30342	-820.9563	-1166.113	345.157	1.304966	2.740357
30348	-822.1729	-1167.33	345.157	1.304966	2.740357
30354	-821.7522	-1166.909	345.157	1.304966	2.740357
30360	-826.3457	-1171.503	345.157	1.304966	2.740357
30366	-821.4144	-1166.571	345.157	1.304966	2.740357
30372	-830.4955	-1175.652	345.157	1.304966	2.740357
30378	-821.6458	-1166.803	345.157	1.304966	2.740357
30384	-813.5436	-1158.701	345.157	1.304966	2.740357
30390	-818.7376	-1163.895	345.157	1.304966	2.740357
30396	-823.4977	-1168.655	345.157	1.304966	2.740357
30402	-820.5897	-1165.747	345.157	1.304966	2.740357
30408	-837.3098	-1182.467	345.157	1.304966	2.740357
30414	-832.8227	-1177.98	345.157	1.304966	2.740357
30420	-834.2282	-1179.385	345.157	1.304966	2.740357
30426	-830.448	-1175.605	345.157	1.304966	2.740357
30432	-838.0859	-1183.243	345.157	1.304966	2.740357
30438	-829.1089	-1174.266	345.157	1.304966	2.740357
30444	-826.7735	-1171.93	345.157	1.304966	2.740357
30450	-820.0333	-1165.19	345.157	1.304966	2.740357
30456	-825.8581	-1171.015	345.157	1.304966	2.740357
30462	-822.3966	-1167.554	345.157	1.304966	2.740357
30468	-820.7557	-1165.913	345.157	1.304966	2.740357
30474	-825.2644	-1170.421	345.157	1.304966	2.740357
30480	-816.7457	-1161.903	345.157	1.304966	2.740357
30486	-814.7146	-1159.872	345.157	1.304966	2.740357
30492	-815.0284	-1160.185	345.157	1.304966	2.740357
30498	-816.6965	-1161.854	345.157	1.304966	2.740357
30504	-821.3629	-1166.52	345.157	1.304966	2.740357
30510	-831.7433	-1176.9	345.157	1.304966	2.740357
30516	-821.0047	-1166.162	345.157	1.304966	2.740357
30522	-817.3337	-1162.491	345.157	1.304966	2.740357
30528	-822.5381	-1167.695	345.157	1.304966	2.740357
30534	-815.3627	-1160.52	345.157	1.304966	2.740357
30540	-821.6213	-1166.778	345.157	1.304966	2.740357
30546	-822.0504	-1167.207	345.157	1.304966	2.740357
30552	-830.7407	-1175.898	345.157	1.304966	2.740357
30558	-832.6051	-1177.762	345.157	1.304966	2.740357
30564	-841.6161	-1186.683	345.0669	1.251366	2.827963
30570	-838.9244	-1184.081	345.157	1.304966	2.740357
30576	-832.134	-1177.291	345.157	1.304966	2.740357
30582	-833.9897	-1179.147	345.157	1.304966	2.740357
30588	-829.2758	-1174.433	345.157	1.304966	2.740357
30594	-848.1292	-1192.613	344.4835	1.207854	3.20382
30600	-831.5917	-1176.751	345.1596	1.2054	2.799549
30606	-838.5516	-1183.079	344.5274	1.2054	3.179208
30612	-827.6914	-1172.848	345.157	1.304966	2.740357
30618	-820.8428	-1166	345.157	1.304966	2.740357
30624	-819.0259	-1164.183	345.157	1.304966	2.740357
30630	-821.1301	-1166.287	345.157	1.304966	2.740357
30636	-826.5718	-1171.729	345.157	1.304966	2.740357
30642	-810.5713	-1155.728	345.157	1.304966	2.740357
30648	-811.3654	-1156.522	345.157	1.304966	2.740357
30654	-815.0158	-1160.173	345.157	1.304966	2.740357
30660	-818.0426	-1163.2	345.157	1.304966	2.740357
30666	-819.4451	-1164.602	345.157	1.304966	2.740357
30672	-820.7035	-1165.86	345.157	1.304966	2.740357
30678	-826.8452	-1172.002	345.157	1.304966	2.740357
30684	-840.9325	-1186.474	345.5411	1.736248	2.229532
30690	-853.0389	-1199.105	346.0665	1.554317	2.004639
30696	-844.3338	-1190.495	346.1614	1.803623	1.770381
30702	-857.6061	-1203.326	345.7195	1.699718	2.137495
30708	-852.2867	-1197.262	344.9748	1.340512	2.829732
30714	-817.244	-1162.401	345.157	1.304966	2.740357
30720	-851.1278	-1193.806	342.6785	1.365438	4.157841
30726	-848.6622	-1191.973	343.3104	1.149538	3.920421
30732	-826.6946	-1171.852	345.157	1.304966	2.740357
30738	-822.6395	-1167.797	345.157	1.304966	2.740357
30744	-820.5361	-1165.693	345.157	1.304966	2.740357
30750	-828.6905	-1173.847	345.157	1.304966	2.740357
30756	-827.7121	-1172.869	345.157	1.304966	2.740357
30762	-827.9705	-1173.127	345.157	1.304966	2.740357
30768	-834.2809	-1179.438	345.157	1.304966	2.740357
30774	-832.697	-1177.854	345.157	1.304966	2.740357
30780	-830.8678	-1176.025	345.157	1.304966	2.740357
30786	-832.813	-1177.97	345.157	1.304966	2.740357
30792	-825.802	-1170.959	345.157	1.304966	2.740357
30798	-821.2614	-1166.418	345.157	1.304966	2.740357
30804	-824.4306	-1169.588	345.157	1.304966	2.740357
30810	-823.1276	-1168.285	345.157	1.304966	2.740357
30816	-821.5065	-1166.664	345.157	1.304966	2.740357
30822	-823.8255	-1168.983	345.157	1.304966	2.740357
30828	-822.337	-1167.494	345.157	1.304966	2.740357
30834	-826.0789	-1171.236	345.157	1.304966	2.740357
30840	-829.8019	-1174.959	345.157	1.304966	2.740357
30846	-829.1937	-1174.351	345.157	1.304966	2.740357
30852	-833.0014	-1178.158	345.157	1.304966	2.740357
30858	-827.0727	-1172.23	345.157	1.304966	2.740357
30864	-833.9329	-1179.09	345.157	1.304966	2.740357
30870	-838.0053	-1183.162	345.157	1.304966	2.740357
30876	-834.1908	-1179.348	345.157	1.304966	2.740357
30882	-836.2245	-1181.382	345.157	1.304966	2.740357
30888	-834.3303	-1179.487	345.157	1.304966	2.740357
30894	-832.7526	-1177.91	345.157	1.304966	2.740357
30900	-831.1628	-1176.32	345.157	1.304966	2.740357
30906	-833.1325	-1178.29	345.157	1.304966	2.740357
30912	-827.9614	-1173.118	345.157	1.304966	2.740357
30918	-826.9119	-1172.069	345.157	1.304966	2.740357
30924	-828.5876	-1173.745	345.157	1.304966	2.740357
30930	-830.423	-1175.58	345.157	1.304966	2.740357
30936	-839.1467	-1184.304	345.157	1.304966	2.740357
30942	-840.0585	-1185.529	345.4706	1.275522	2.565258
30948	-842.5998	-1188.298	345.6981	1.598775	2.216946
30954	-830.8249	-1175.982	345.157	1.304966	2.740357
30960	-831.4291	-1176.586	345.157	1.304966	2.740357
30966	-827.2146	-1172.372	345.157	1.304966	2.740357
30972	-823.7354	-1168.892	345.157	1.304966	2.740357
30978	-823.0961	-1168.253	345.157	1.304966	2.740357
30984	-815.6803	-1160.837	345.157	1.304966	2.740357
30990	-822.7789	-1167.936	345.157	1.304966	2.740357
30996	-816.3527	-1161.51	345.157	1.304966	2.740357
31002	-820.012	-1165.169	345.157	1.304966	2.740357
31008	-822.4912	-1167.648	345.157	1.304966	2.740357
31014	-817.9689	-1163.126	345.157	1.304966	2.740357
31020	-822.8832	-1168.04	345.157	1.304966	2.740357
31026	-818.5879	-1163.745	345.157	1.304966	2.740357
31032	-816.3051	-1161.462	345.157	1.304966	2.740357
31038	-813.744	-1158.901	345.157	1.304966	2.740357
31044	-815.8038	-1160.961	345.157	1.304966	2.740357
31050	-816.4535	-1161.61	345.157	1.304966	2.740357
31056	-820.4433	-1165.6	345.157	1.304966	2.740357
31062	-826.2554	-1171.412	345.157	1.304966	2.740357
31068	-834.1883	-1179.345	345.157	1.304966	2.740357
31074	-822.226	-1167.383	345.157	1.304966	2.740357
31080	-817.3563	-1162.513	345.157	1.304966	2.740357
31086	-821.6342	-1166.791	345.157	1.304966	2.740357
31092	-821.3937	-1166.551	345.157	1.304966	2.740357
31098	-825.881	-1171.038	345.157	1.304966	2.740357
31104	-828.9008	-1174.058	345.157	1.304966	2.740357
31110	-823.021	-1168.178	345.157	1.304966	2.740357
31116	-833.2687	-1178.426	345.157	1.304966	2.740357
31122	-839.769	-1184.241	344.4717	1.370024	3.114474
31128	-830.4181	-1175.648	345.2295	1.420488	2.62483
31134	-830.2539	-1175.384	345.1301	1.446847	2.66983
31140	-838.3819	-1184.342	345.9606	1.566951	2.066474
31146	-845.9433	-1192.176	346.2328	1.294701	2.066474
31152	-836.6299	-1181.7	345.07	1.516532	2.663966
31158	-824.6228	-1170.413	345.79	1.457061	2.249025
31164	-832.6636	-1179.153	346.4889	1.640575	1.654208
31170	-835.3342	-1180.491	345.157	1.304966	2.740357
31176	-833.3249	-1178.482	345.157	1.304966	2.740357
31182	-830.802	-1175.959	345.157	1.304966	2.740357
31188	-832.0122	-1177.169	345.157	1.304966	2.740357
31194	-820.9293	-1166.086	345.157	1.304966	2.740357
31200	-818.0499	-1163.207	345.157	1.304966	2.740357
31206	-825.6673	-1170.824	345.157	1.304966	2.740357
31212	-841.2865	-1187.378	346.0911	1.699209	1.890569
31218	-847.0402	-1193.172	346.1322	1.574713	1.947012
31224	-833.7814	-1178.938	345.157	1.304966	2.740357
31230	-839.1912	-1184.348	345.157	1.304966	2.740357
31236	-834.5099	-1179.667	345.157	1.304966	2.740357
31242	-828.8096	-1173.967	345.157	1.304966	2.740357
31248	-824.3156	-1169.473	345.157	1.304966	2.740357
31254	-826.5059	-1171.663	345.157	1.304966	2.740357
31260	-831.3736	-1176.531	345.157	1.304966	2.740357
31266	-828.6784	-1173.835	345.157	1.304966	2.740357
31272	-825.5121	-1170.669	345.157	1.304966	2.740357
31278	-830.7867	-1175.944	345.157	1.304966	2.740357
31284	-822.0709	-1167.228	345.157	1.304966	2.740357
31290	-823.6818	-1168.839	345.157	1.304966	2.740357
31296	-827.0071	-1172.164	345.157	1.304966	2.740357
31302	-827.1947	-1172.352	345.157	1.304966	2.740357
31308	-825.3397	-1170.497	345.157	1.304966	2.740357
31314	-818.3993	-1163.556	345.157	1.304966	2.740357
31320	-824.5312	-1169.688	345.157	1.304966	2.740357
31326	-829.2624	-1174.419	345.157	1.304966	2.740357
31332	-822.0424	-1167.199	345.157	1.304966	2.740357
31338	-826.396	-1171.553	345.157	1.304966	2.740357
31344	-829.1284	-1174.285	345.157	1.304966	2.740357
31350	-825.3918	-1170.549	345.157	1.304966	2.740357
31356	-830.9647	-1176.122	345.157	1.304966	2.740357
31362	-828.8042	-1173.961	345.157	1.304966	2.740357
31368	-822.7315	-1167.888	345.157	1.304966	2.740357
31374	-823.3433	-1168.5	345.157	1.304966	2.740357
31380	-823.5332	-1168.69	345.157	1.304966	2.740357
31386	-819.9778	-1165.135	345.157	1.304966	2.740357
31392	-819.8678	-1165.025	345.157	1.304966	2.740357
31398	-818.7854	-1163.942	345.157	1.304966	2.740357
31404	-820.7298	-1165.887	345.157	1.304966	2.740357
31410	-811.2983	-1156.455	345.157	1.304966	2.740357
31416	-821.7306	-1166.888	345.157	1.304966	2.740357
31422	-821.269	-1166.426	345.157	1.304966	2.740357
31428	-825.8196	-1170.977	345.157	1.304966	2.740357
31434	-846.3635	-1189.133	342.77	0.9957809	4.315524
31440	-834.6742	-1179.831	345.157	1.304966	2.740357
31446	-836.4866	-1181.644	345.157	1.304966	2.740357
31452	-836.336	-1181.493	345.157	1.304966	2.740357
31458	-832.5656	-1177.723	345.157	1.304966	2.740357
31464	-820.5272	-1165.684	345.157	1.304966	2.740357
31470	-828.5908	-1173.748	345.157	1.304966	2.740357
31476	-832.5643	-1177.721	345.157	1.304966	2.740357
31482	-829.0641	-1174.221	345.157	1.304966	2.740357
31488	-835.3371	-1180.494	345.157	1.304966	2.740357
31494	-833.6438	-1178.801	345.157	1.304966	2.740357
31500	-839.4515	-1184.356	344.9043	1.663413	2.6755
31506	-825.0029	-1170.849	345.8464	1.712623	2.045621
31512	-835.2997	-1181.448	346.1479	1.635392	1.895392
31518	-843.1564	-1188.766	345.6101	1.346758	2.433528
31524	-820.4863	-1165.643	345.157	1.304966	2.740357
31530	-817.8015	-1162.958	345.157	1.304966	2.740357
31536	-817.3498	-1162.507	345.157	1.304966	2.740357
31542	-815.229	-1160.386	345.157	1.304966	2.740357
31548	-823.1545	-1168.312	345.157	1.304966	2.740357
31554	-848.6685	-1191.446	342.7777	1.206839	4.191559
31560	-854.413	-1199.01	344.5967	1.255485	3.108255
31566	-841.5132	-1186.608	345.0944	1.428407	2.70313
31572	-829.7788	-1174.936	345.157	1.304966	2.740357
31578	-827.8038	-1172.961	345.157	1.304966	2.740357
31584	-827.838	-1172.995	345.157	1.304966	2.740357
31590	-850.0713	-1192.672	342.6002	1.303452	4.237432
31596	-852.7953	-1197.557	344.7622	1.300563	2.982256
31602	-835.8633	-1181.042	345.1786	1.2316	2.771958
31608	-847.2202	-1191.584	344.3637	1.34752	3.192019
31614	-818.1054	-1163.262	345.157	1.304966	2.740357
31620	-820.8469	-1166.004	345.157	1.304966	2.740357
31626	-826.8228	-1171.98	345.157	1.304966	2.740357
31632	-816.6956	-1161.853	345.157	1.304966	2.740357
31638	-819.2951	-1164.452	345.157	1.304966	2.740357
31644	-820.3762	-1165.533	345.157	1.304966	2.740357
31650	-819.5511	-1164.708	345.157	1.304966	2.740357
31656	-812.725	-1157.882	345.157	1.304966	2.740357
31662	-824.9028	-1168.619	343.7167	1.106184	3.711587
31668	-835.4924	-1179.431	343.9389	0.8840084	3.711587
31674	-832.9197	-1176.783	343.8636	1.017136	3.678119
31680	-829.6036	-1174.761	345.157	1.304966	2.740357
31686	-826.9949	-1172.152	345.157	1.304966	2.740357
31692	-829.2382	-1174.395	345.157	1.304966	2.740357
31698	-845.4182	-1190.575	345.157	1.304966	2.740357
31704	-847.1065	-1192.455	345.3483	1.392125	2.568831
31710	-862.857	-1208.014	345.157	1.304966	2.740357
31716	-859.2119	-1204.369	345.157	1.304966	2.740357
31722	-849.5006	-1194.658	345.157	1.304966	2.740357
31728	-852.3156	-1197.473	345.157	1.304966	2.740357
31734	-842.2621	-1187.419	345.157	1.304966	2.740357
31740	-860.8737	-1206.088	345.214	1.369141	2.666033
31746	-846.9493	-1192.844	345.8943	1.571251	2.107206
31752	-834.3375	-1180.423	346.0855	1.874055	1.774214
31758	-841.2086	-1187.155	345.9459	1.818407	1.908212
31764	-842.4978	-1187.655	345.157	1.304966	2.740357
31770	-843.3071	-1188.464	345.157	1.304966	2.740357
31776	-836.3968	-1181.554	345.157	1.304966	2.740357
31782	-834.211	-1181.107	346.896	1.98216	1.05496
31788	-828.177	-1174.894	346.7172	1.756459	1.398012
31794	-832.8798	-1179.488	346.6078	1.756696	1.481607
31800	-844.863	-1190.02	345.157	1.304966	2.740357
31806	-853.5536	-1198.711	345.157	1.304966	2.740357
31812	-844.7603	-1189.917	345.157	1.304966	2.740357
31818	-844.9795	-1190.136	345.157	1.304966	2.740357
31824	-835.4929	-1180.65	345.157	1.304966	2.740357
31830	-833.6722	-1178.829	345.157	1.304966	2.740357
31836	-832.6942	-1177.851	345.157	1.304966	2.740357
31842	-834.8961	-1180.053	345.157	1.304966	2.740357
31848	-838.857	-1184.014	345.157	1.304966	2.740357
31854	-842.1522	-1187.309	345.157	1.304966	2.740357
31860	-844.7673	-1188.986	344.2189	1.031592	3.463156
31866	-850.7927	-1195.108	344.3155	1.164277	3.328698
31872	-847.1175	-1191.486	344.3689	1.2184	3.265306
31878	-842.5008	-1185.568	343.0675	1.260191	3.99613
31884	-832.6071	-1177.764	345.157	1.304966	2.740357
31890	-833.4079	-1178.565	345.157	1.304966	2.740357
31896	-839.4296	-1184.587	345.157	1.304966	2.740357
31902	-833.8491	-1179.287	345.4377	1.502772	2.443887
31908	-833.0764	-1178.235	345.1585	1.445817	2.653011
31914	-820.8071	-1166.893	346.0856	1.474044	2.045255
31920	-831.8587	-1177.423	345.5646	1.399908	2.428725
31926	-838.8778	-1184.638	345.76	1.46807	2.26125
31932	-834.0002	-1179.157	345.157	1.304966	2.740357
31938	-831.5611	-1176.718	345.157	1.304966	2.740357
31944	-824.042	-1169.199	345.157	1.304966	2.740357
31950	-826.0961	-1171.253	345.157	1.304966	2.740357
31956	-825.4382	-1170.595	345.157	1.304966	2.740357
31962	-828.2017	-1173.359	345.157	1.304966	2.740357
31968	-821.4618	-1166.619	345.157	1.304966	2.740357
31974	-815.3893	-1160.546	345.157	1.304966	2.740357
31980	-848.5181	-1193.51	344.992	1.348455	2.81445
31986	-846.1311	-1191.123	344.992	1.348455	2.81445
31992	-844.8585	-1189.851	344.992	1.348455	2.81445
31998	-844.028	-1189.02	344.992	1.348455	2.81445
32004	-824.1203	-1169.277	345.157	1.304966	2.740357
32010	-827.0686	-1172.226	345.157	1.304966	2.740357
32016	-829.2554	-1174.412	345.157	1.304966	2.740357
32022	-828.9572	-1174.114	345.157	1.304966	2.740357
32028	-824.4453	-1169.602	345.157	1.304966	2.740357
32034	-825.1772	-1170.334	345.157	1.304966	2.740357
32040	-823.4386	-1168.596	345.157	1.304966	2.740357
32046	-817.0405	-1162.198	345.157	1.304966	2.740357
32052	-821.2002	-1166.357	345.157	1.304966	2.740357
32058	-827.5515	-1172.709	345.157	1.304966	2.740357
32064	-821.5545	-1166.711	345.157	1.304966	2.740357
32070	-817.9213	-1163.078	345.157	1.304966	2.740357
32076	-825.9506	-1171.108	345.157	1.304966	2.740357
32082	-843.0586	-1188.051	344.992	1.348455	2.81445
32088	-838.4743	-1183.466	344.992	1.348455	2.81445
32094	-832.5344	-1177.691	345.157	1.304966	2.740357
32100	-830.6797	-1175.837	345.157	1.304966	2.740357
32106	-828.4643	-1173.621	345.157	1.304966	2.740357
32112	-828.9736	-1174.131	345.157	1.304966	2.740357
32118	-822.9254	-1168.082	345.157	1.304966	2.740357
32124	-829.3562	-1174.513	345.157	1.304966	2.740357
32130	-822.0731	-1167.23	345.157	1.304966	2.740357
32136	-814.9734	-1160.13	345.157	1.304966	2.740357
32142	-818.0273	-1163.184	345.157	1.304966	2.740357
32148	-828.0971	-1173.254	345.157	1.304966	2.740357
32154	-815.9338	-1161.091	345.157	1.304966	2.740357
32160	-819.1927	-1164.35	345.157	1.304966	2.740357
32166	-830.1132	-1175.27	345.157	1.304966	2.740357
32172	-822.7036	-1167.861	345.157	1.304966	2.740357
32178	-821.9651	-1167.122	345.157	1.304966	2.740357
32184	-850.1249	-1195.117	344.992	1.348455	2.81445
32190	-834.6311	-1179.788	345.157	1.304966	2.740357
32196	-819.2132	-1164.37	345.157	1.304966	2.740357
32202	-828.3687	-1173.526	345.157	1.304966	2.740357
32208	-821.8636	-1167.021	345.157	1.304966	2.740357
32214	-821.3192	-1166.476	345.157	1.304966	2.740357
32220	-818.7102	-1163.867	345.157	1.304966	2.740357
32226	-825.5009	-1170.658	345.157	1.304966	2.740357
32232	-824.5887	-1169.746	345.157	1.304966	2.740357
32238	-825.9886	-1171.146	345.157	1.304966	2.740357
32244	-830.1967	-1175.354	345.157	1.304966	2.740357
32250	-826.7939	-1171.951	345.157	1.304966	2.740357
32256	-826.072	-1171.229	345.157	1.304966	2.740357
32262	-831.1172	-1176.274	345.157	1.304966	2.740357
32268	-821.0221	-1166.179	345.157	1.304966	2.740357
32274	-835.178	-1180.335	345.157	1.304966	2.740357
32280	-835.877	-1181.034	345.157	1.304966	2.740357
32286	-829.2506	-1174.408	345.157	1.304966	2.740357
32292	-820.2988	-1165.456	345.157	1.304966	2.740357
32298	-818.6941	-1163.851	345.157	1.304966	2.740357
32304	-818.2033	-1163.36	345.157	1.304966	2.740357
32310	-818.1769	-1163.334	345.157	1.304966	2.740357
32316	-815.7687	-1160.926	345.157	1.304966	2.740357
32322	-823.3151	-1168.472	345.157	1.304966	2.740357
32328	-816.7923	-1161.949	345.157	1.304966	2.740357
32334	-832.6504	-1177.642	344.992	1.348455	2.81445
32340	-825.6742	-1170.831	345.157	1.304966	2.740357
32346	-822.6674	-1167.824	345.157	1.304966	2.740357
32352	-825.8228	-1170.98	345.157	1.304966	2.740357
32358	-823.5914	-1168.748	345.157	1.304966	2.740357
32364	-828.0196	-1173.012	344.992	1.348455	2.81445
32370	-824.3931	-1169.55	345.157	1.304966	2.740357
32376	-829.4122	-1174.569	345.157	1.304966	2.740357
32382	-825.9885	-1171.146	345.157	1.304966	2.740357
32388	-824.6259	-1169.783	345.157	1.304966	2.740357
32394	-840.0634	-1185.055	344.992	1.348455	2.81445
32400	-817.2603	-1162.417	345.157	1.304966	2.740357
32406	-814.9824	-1160.139	345.157	1.304966	2.740357
32412	-817.5291	-1162.686	345.157	1.304966	2.740357
32418	-815.7061	-1160.863	345.157	1.304966	2.740357
32424	-824.997	-1170.154	345.157	1.304966	2.740357
32430	-828.179	-1173.336	345.157	1.304966	2.740357
32436	-836.4788	-1181.636	345.157	1.304966	2.740357
32442	-832.9177	-1178.075	345.157	1.304966	2.740357
32448	-837.2969	-1182.454	345.157	1.304966	2.740357
32454	-842.3851	-1187.542	345.157	1.304966	2.740357
32460	-844.5525	-1189.71	345.157	1.304966	2.740357
32466	-833.3709	-1178.528	345.157	1.304966	2.740357
32472	-832.1683	-1177.325	345.157	1.304966	2.740357
32478	-842.377	-1187.534	345.157	1.304966	2.740357
32484	-847.6177	-1192.61	344.992	1.348455	2.81445
32490	-846.0703	-1191.062	344.992	1.348455	2.81445
32496	-852.5766	-1197.569	344.992	1.348455	2.81445
32502	-826.6684	-1171.825	345.157	1.304966	2.740357
32508	-833.7242	-1178.881	345.157	1.304966	2.740357
32514	-833.6628	-1178.82	345.157	1.304966	2.740357
32520	-833.8045	-1178.962	345.157	1.304966	2.740357
32526	-831.2189	-1176.376	345.157	1.304966	2.740357
32532	-839.0527	-1184.21	345.157	1.304966	2.740357
32538	-834.2742	-1179.431	345.157	1.304966	2.740357
32544	-834.5973	-1179.754	345.157	1.304966	2.740357
32550	-828.0438	-1173.201	345.157	1.304966	2.740357
32556	-829.9884	-1175.145	345.157	1.304966	2.740357
32562	-829.8531	-1175.01	345.157	1.304966	2.740357
32568	-824.3294	-1169.486	345.157	1.304966	2.740357
32574	-822.4406	-1167.598	345.157	1.304966	2.740357
32580	-824.241	-1169.398	345.157	1.304966	2.740357
32586	-830.563	-1175.72	345.157	1.304966	2.740357
32592	-853.4297	-1198.422	344.992	1.348455	2.81445
32598	-852.8531	-1197.845	344.992	1.348455	2.81445
32604	-831.4369	-1176.594	345.157	1.304966	2.740357
32610	-839.3768	-1184.534	345.157	1.304966	2.740357
32616	-834.8405	-1179.997	345.157	1.304966	2.740357
32622	-831.7883	-1176.945	345.157	1.304966	2.740357
32628	-825.0034	-1170.16	345.157	1.304966	2.740357
32634	-829.2319	-1174.389	345.157	1.304966	2.740357
32640	-822.1059	-1167.263	345.157	1.304966	2.740357
32646	-820.9441	-1166.101	345.157	1.304966	2.740357
32652	-816.237	-1161.394	345.157	1.304966	2.740357
32658	-821.5861	-1166.743	345.157	1.304966	2.740357
32664	-820.0713	-1165.228	345.157	1.304966	2.740357
32670	-816.3896	-1161.547	345.157	1.304966	2.740357
32676	-815.7286	-1160.886	345.157	1.304966	2.740357
32682	-811.8748	-1157.032	345.157	1.304966	2.740357
32688	-810.7971	-1155.954	345.157	1.304966	2.740357
32694	-816.6789	-1161.836	345.157	1.304966	2.740357
32700	-828.9132	-1174.07	345.157	1.304966	2.740357
32706	-824.9531	-1170.11	345.157	1.304966	2.740357
32712	-821.3327	-1166.49	345.157	1.304966	2.740357
32718	-823.1287	-1168.286	345.157	1.304966	2.740357
32724	-822.8529	-1168.01	345.157	1.304966	2.740357
32730	-821.4522	-1166.609	345.157	1.304966	2.740357
32736	-829.5001	-1174.657	345.157	1.304966	2.740357
32742	-830.9112	-1176.068	345.157	1.304966	2.740357
32748	-829.6579	-1174.815	345.157	1.304966	2.740357
32754	-829.0777	-1174.235	345.157	1.304966	2.740357
32760	-832.0017	-1177.159	345.157	1.304966	2.740357
32766	-822.1611	-1167.318	345.157	1.304966	2.740357
32772	-825.5593	-1170.716	345.157	1.304966	2.740357
32778	-829.0285	-1174.185	345.157	1.304966	2.740357
32784	-837.36	-1182.517	345.157	1.304966	2.740357
32790	-822.3999	-1167.557	345.157	1.304966	2.740357
32796	-833.792	-1178.949	345.157	1.304966	2.740357
32802	-836.1057	-1181.263	345.157	1.304966	2.740357
32808	-831.2	-1176.357	345.157	1.304966	2.740357
32814	-834.5247	-1179.682	345.157	1.304966	2.740357
32820	-826.8997	-1172.057	345.157	1.304966	2.740357
32826	-829.0975	-1174.254	345.157	1.304966	2.740357
32832	-834.8745	-1180.032	345.157	1.304966	2.740357
32838	-832.0291	-1177.186	345.157	1.304966	2.740357
32844	-835.7095	-1180.867	345.157	1.304966	2.740357
32850	-836.8178	-1181.975	345.157	1.304966	2.740357
32856	-828.6535	-1173.81	345.157	1.304966	2.740357
32862	-828.8185	-1173.975	345.157	1.304966	2.740357
32868	-826.4007	-1171.558	345.157	1.304966	2.740357
32874	-820.8634	-1166.02	345.157	1.304966	2.740357
32880	-824.8298	-1169.987	345.157	1.304966	2.740357
32886	-825.6071	-1170.764	345.157	1.304966	2.740357
32892	-828.4259	-1173.583	345.157	1.304966	2.740357
32898	-828.1925	-1173.35	345.157	1.304966	2.740357
32904	-835.5242	-1180.681	345.157	1.304966	2.740357
32910	-834.6045	-1179.762	345.157	1.304966	2.740357
32916	-838.7186	-1183.876	345.157	1.304966	2.740357
32922	-833.3892	-1178.546	345.157	1.304966	2.740357
32928	-830.5591	-1175.716	345.157	1.304966	2.740357
32934	-832.8549	-1178.012	345.157	1.304966	2.740357
32940	-839.2566	-1184.414	345.157	1.304966	2.740357
32946	-834.6811	-1179.838	345.157	1.304966	2.740357
32952	-856.8722	-1201.864	344.992	1.348455	2.81445
32958	-860.8365	-1205.828	344.992	1.348455	2.81445
32964	-858.1581	-1203.15	344.992	1.348455	2.81445
32970	-858.2211	-1203.213	344.992	1.348455	2.81445
32976	-854.4172	-1199.409	344.992	1.348455	2.81445
32982	-842.4704	-1187.627	345.157	1.304966	2.740357
32988	-841.127	-1186.284	345.157	1.304966	2.740357
32994	-842.7039	-1187.861	345.157	1.304966	2.740357
33000	-837.1859	-1182.343	345.157	1.304966	2.740357
33006	-841.1357	-1186.293	345.157	1.304966	2.740357
33012	-840.3577	-1185.515	345.157	1.304966	2.740357
33018	-839.0405	-1184.198	345.157	1.304966	2.740357
33024	-837.0637	-1182.221	345.157	1.304966	2.740357
33030	-843.6498	-1188.807	345.157	1.304966	2.740357
33036	-847.0853	-1192.242	345.157	1.304966	2.740357
33042	-846.2738	-1191.431	345.157	1.304966	2.740357
33048	-849.7198	-1194.877	345.157	1.304966	2.740357
33054	-857.2803	-1202.437	345.157	1.304966	2.740357
33060	-840.4137	-1185.571	345.157	1.304966	2.740357
33066	-841.9712	-1187.128	345.157	1.304966	2.740357
33072	-838.3438	-1183.501	345.157	1.304966	2.740357
33078	-835.6852	-1180.842	345.157	1.304966	2.740357
33084	-830.7179	-1175.875	345.157	1.304966	2.740357
33090	-830.4058	-1175.563	345.157	1.304966	2.740357
33096	-827.2119	-1172.369	345.157	1.304966	2.740357
33102	-823.2322	-1168.389	345.157	1.304966	2.740357
33108	-826.8797	-1172.037	345.157	1.304966	2.740357
33114	-821.1501	-1166.307	345.157	1.304966	2.740357
33120	-826.119	-1171.276	345.157	1.304966	2.740357
33126	-823.5339	-1168.691	345.157	1.304966	2.740357
33132	-821.0959	-1166.253	345.157	1.304966	2.740357
33138	-820.5564	-1165.713	345.157	1.304966	2.740357
33144	-823.791	-1168.948	345.157	1.304966	2.740357
33150	-830.8589	-1176.016	345.157	1.304966	2.740357
33156	-830.0942	-1175.251	345.157	1.304966	2.740357
33162	-824.7747	-1169.932	345.157	1.304966	2.740357
33168	-833.254	-1178.411	345.157	1.304966	2.740357
33174	-837.4947	-1182.652	345.157	1.304966	2.740357
33180	-829.2256	-1174.383	345.157	1.304966	2.740357
33186	-832.9198	-1178.077	345.157	1.304966	2.740357
33192	-837.5383	-1182.695	345.157	1.304966	2.740357
33198	-837.0201	-1182.177	345.157	1.304966	2.740357
33204	-829.6675	-1174.825	345.157	1.304966	2.740357
33210	-838.2196	-1183.377	345.157	1.304966	2.740357
33216	-830.1637	-1175.321	345.157	1.304966	2.740357
33222	-826.3719	-1171.529	345.157	1.304966	2.740357
33228	-827.8135	-1172.97	345.157	1.304966	2.740357
33234	-822.5417	-1167.699	345.157	1.304966	2.740357
33240	-823.1413	-1168.298	345.157	1.304966	2.740357
33246	-825.1388	-1170.296	345.157	1.304966	2.740357
33252	-825.2368	-1170.394	345.157	1.304966	2.740357
33258	-821.551	-1166.708	345.157	1.304966	2.740357
33264	-828.6011	-1173.758	345.157	1.304966	2.740357
33270	-831.4503	-1176.607	345.157	1.304966	2.740357
33276	-827.9427	-1173.1	345.157	1.304966	2.740357
33282	-839.2232	-1184.38	345.157	1.304966	2.740357
33288	-842.12	-1187.277	345.157	1.304966	2.740357
33294	-840.5271	-1185.684	345.157	1.304966	2.740357
33300	-842.6314	-1187.788	345.157	1.304966	2.740357
33306	-840.4048	-1185.562	345.157	1.304966	2.740357
33312	-838.459	-1183.616	345.157	1.304966	2.740357
33318	-834.0648	-1179.222	345.157	1.304966	2.740357
33324	-829.4041	-1174.561	345.157	1.304966	2.740357
33330	-834.582	-1179.739	345.157	1.304966	2.740357
33336	-836.9761	-1182.133	345.157	1.304966	2.740357
33342	-850.1207	-1195.113	344.992	1.348455	2.81445
33348	-842.2089	-1187.201	344.992	1.348455	2.81445
33354	-848.9985	-1193.99	344.992	1.348455	2.81445
33360	-828.8681	-1174.025	345.157	1.304966	2.740357
33366	-837.0595	-1182.217	345.157	1.304966	2.740357
33372	-839.5626	-1184.72	345.157	1.304966	2.740357
33378	-833.5259	-1178.683	345.157	1.304966	2.740357
33384	-827.4945	-1172.651	345.157	1.304966	2.740357
33390	-837.4395	-1182.597	345.157	1.304966	2.740357
33396	-844.4088	-1189.566	345.157	1.304966	2.740357
33402	-848.9131	-1194.07	345.157	1.304966	2.740357
33408	-848.4924	-1193.649	345.157	1.304966	2.740357
33414	-847.8549	-1193.012	345.157	1.304966	2.740357
33420	-849.6403	-1194.797	345.157	1.304966	2.740357
33426	-855.9684	-1201.125	345.157	1.304966	2.740357
33432	-849.3368	-1194.329	344.992	1.348455	2.81445
33438	-847.1369	-1192.129	344.992	1.348455	2.81445
33444	-857.5482	-1202.705	345.157	1.304966	2.740357
33450	-845.3456	-1190.338	344.992	1.348455	2.81445
33456	-844.7278	-1189.72	344.992	1.348455	2.81445
33462	-843.8266	-1188.819	344.992	1.348455	2.81445
33468	-841.2626	-1186.255	344.992	1.348455	2.81445
33474	-847.6184	-1192.61	344.992	1.348455	2.81445
33480	-845.5116	-1190.504	344.992	1.348455	2.81445
33486	-846.5963	-1191.588	344.992	1.348455	2.81445
33492	-842.3434	-1187.335	344.992	1.348455	2.81445
33498	-842.8331	-1187.825	344.992	1.348455	2.81445
33504	-834.5959	-1179.588	344.992	1.348455	2.81445
33510	-843.5554	-1188.547	344.992	1.348455	2.81445
33516	-841.0989	-1186.091	344.992	1.348455	2.81445
33522	-843.1027	-1188.26	345.157	1.304966	2.740357
33528	-837.1557	-1182.313	345.157	1.304966	2.740357
33534	-835.4728	-1180.63	345.157	1.304966	2.740357
33540	-832.347	-1177.339	344.992	1.348455	2.81445
33546	-828.7127	-1173.705	344.992	1.348455	2.81445
33552	-827.0144	-1172.171	345.157	1.304966	2.740357
33558	-831.9269	-1177.084	345.157	1.304966	2.740357
33564	-837.1713	-1182.328	345.157	1.304966	2.740357
33570	-841.5893	-1186.581	344.992	1.348455	2.81445
33576	-842.862	-1187.854	344.992	1.348455	2.81445
33582	-830.4126	-1175.57	345.157	1.304966	2.740357
33588	-830.2079	-1175.365	345.157	1.304966	2.740357
33594	-834.0107	-1179.168	345.157	1.304966	2.740357
33600	-833.8069	-1178.964	345.157	1.304966	2.740357
33606	-830.3438	-1175.501	345.157	1.304966	2.740357
33612	-830.0445	-1175.201	345.157	1.304966	2.740357
33618	-827.9637	-1173.121	345.157	1.304966	2.740357
33624	-834.5956	-1179.753	345.157	1.304966	2.740357
33630	-832.2645	-1177.422	345.157	1.304966	2.740357
33636	-833.9436	-1179.101	345.157	1.304966	2.740357
33642	-826.3157	-1171.308	344.992	1.348455	2.81445
33648	-827.2289	-1172.221	344.992	1.348455	2.81445
33654	-822.8967	-1167.889	344.992	1.348455	2.81445
33660	-829.1104	-1174.102	344.992	1.348455	2.81445
33666	-826.7725	-1171.765	344.992	1.348455	2.81445
33672	-821.4233	-1166.415	344.992	1.348455	2.81445
33678	-826.2233	-1171.215	344.992	1.348455	2.81445
33684	-823.4196	-1168.412	344.992	1.348455	2.81445
33690	-834.3029	-1179.295	344.992	1.348455	2.81445
33696	-834.1125	-1179.105	344.992	1.348455	2.81445
33702	-826.2512	-1171.243	344.992	1.348455	2.81445
33708	-831.9994	-1176.991	344.992	1.348455	2.81445
33714	-830.5453	-1175.537	344.992	1.348455	2.81445
33720	-839.3914	-1184.383	344.992	1.348455	2.81445
33726	-846.7072	-1191.699	344.992	1.348455	2.81445
33732	-837.6247	-1182.617	344.992	1.348455	2.81445
33738	-830.4283	-1175.42	344.992	1.348455	2.81445
33744	-837.0344	-1182.026	344.992	1.348455	2.81445
33750	-828.4201	-1173.412	344.992	1.348455	2.81445
33756	-837.5126	-1182.505	344.992	1.348455	2.81445
33762	-838.5499	-1183.707	345.157	1.304966	2.740357
33768	-830.2611	-1175.418	345.157	1.304966	2.740357
33774	-830.0904	-1175.247	345.157	1.304966	2.740357
33780	-831.221	-1176.378	345.157	1.304966	2.740357
33786	-826.1758	-1171.333	345.157	1.304966	2.740357
33792	-824.7351	-1169.892	345.157	1.304966	2.740357
33798	-826.8219	-1171.979	345.157	1.304966	2.740357
33804	-825.1557	-1170.313	345.157	1.304966	2.740357
33810	-817.4147	-1162.572	345.157	1.304966	2.740357
33816	-815.2974	-1160.454	345.157	1.304966	2.740357
33822	-826.7197	-1171.877	345.157	1.304966	2.740357
33828	-829.6621	-1174.819	345.157	1.304966	2.740357
33834	-828.4339	-1173.426	344.992	1.348455	2.81445
33840	-828.7087	-1173.701	344.992	1.348455	2.81445
33846	-833.8992	-1178.891	344.992	1.348455	2.81445
33852	-828.7483	-1173.905	345.157	1.304966	2.740357
33858	-821.8102	-1166.967	345.157	1.304966	2.740357
33864	-831.3638	-1176.521	345.157	1.304966	2.740357
33870	-826.2053	-1171.362	345.157	1.304966	2.740357
33876	-833.4257	-1178.583	345.157	1.304966	2.740357
33882	-838.3112	-1183.468	345.157	1.304966	2.740357
33888	-836.5156	-1181.673	345.157	1.304966	2.740357
33894	-839.4054	-1184.562	345.157	1.304966	2.740357
33900	-832.543	-1177.7	345.157	1.304966	2.740357
33906	-835.25	-1180.407	345.157	1.304966	2.740357
33912	-828.3295	-1173.487	345.157	1.304966	2.740357
33918	-819.0991	-1164.256	345.157	1.304966	2.740357
33924	-839.4727	-1184.465	344.992	1.348455	2.81445
33930	-840.5948	-1185.587	344.992	1.348455	2.81445
33936	-837.9233	-1182.915	344.992	1.348455	2.81445
33942	-840.3187	-1185.311	344.992	1.348455	2.81445
33948	-843.3016	-1188.294	344.992	1.348455	2.81445
33954	-834.1351	-1179.292	345.157	1.304966	2.740357
33960	-828.534	-1173.691	345.157	1.304966	2.740357
33966	-827.1855	-1172.343	345.157	1.304966	2.740357
33972	-829.7705	-1174.928	345.157	1.304966	2.740357
33978	-829.2047	-1174.362	345.157	1.304966	2.740357
33984	-828.2025	-1173.359	345.157	1.304966	2.740357
33990	-829.2346	-1174.392	345.157	1.304966	2.740357
33996	-825.3837	-1170.541	345.157	1.304966	2.740357
34002	-821.9548	-1167.112	345.157	1.304966	2.740357
34008	-813.2888	-1158.446	345.157	1.304966	2.740357
34014	-818.9964	-1164.153	345.157	1.304966	2.740357
34020	-815.257	-1160.414	345.157	1.304966	2.740357
34026	-824.0229	-1169.18	345.157	1.304966	2.740357
34032	-833.334	-1178.491	345.157	1.304966	2.740357
34038	-834.4217	-1179.579	345.157	1.304966	2.740357
34044	-830.1091	-1175.266	345.157	1.304966	2.740357
34050	-828.3778	-1173.535	345.157	1.304966	2.740357
34056	-836.3505	-1181.507	345.157	1.304966	2.740357
34062	-831.1404	-1176.297	345.157	1.304966	2.740357
34068	-836.5609	-1181.718	345.157	1.304966	2.740357
34074	-832.9829	-1178.14	345.157	1.304966	2.740357
34080	-839.2984	-1184.455	345.157	1.304966	2.740357
34086	-832.6123	-1177.769	345.157	1.304966	2.740357
34092	-842.8657	-1188.023	345.157	1.304966	2.740357
34098	-834.298	-1179.455	345.157	1.304966	2.740357
34104	-827.808	-1172.965	345.157	1.304966	2.740357
34110	-826.2097	-1171.367	345.157	1.304966	2.740357
34116	-825.8261	-1170.983	345.157	1.304966	2.740357
34122	-821.3423	-1166.499	345.157	1.304966	2.740357
34128	-832.7915	-1177.949	345.157	1.304966	2.740357
34134	-840.2556	-1185.413	345.157	1.304966	2.740357
34140	-841.7261	-1186.883	345.157	1.304966	2.740357
34146	-830.1942	-1175.351	345.157	1.304966	2.740357
34152	-849.9436	-1196.536	346.592	1.932771	1.357858
34158	-853.1437	-1199.64	346.4962	1.790811	1.539517
34164	-823.3493	-1168.506	345.157	1.304966	2.740357
34170	-833.6014	-1179.971	346.3693	1.761235	1.65344
34176	-852.0585	-1198.828	346.7697	1.501678	1.551117
34182	-820.0135	-1165.17	345.157	1.304966	2.740357
34188	-816.3401	-1161.497	345.157	1.304966	2.740357
34194	-817.8336	-1162.991	345.157	1.304966	2.740357
34200	-822.877	-1168.034	345.157	1.304966	2.740357
34206	-819.8234	-1164.98	345.157	1.304966	2.740357
34212	-829.5999	-1174.757	345.157	1.304966	2.740357
34218	-825.1093	-1170.266	345.157	1.304966	2.740357
34224	-827.4943	-1172.651	345.157	1.304966	2.740357
34230	-818.9329	-1164.09	345.157	1.304966	2.740357
34236	-821.0084	-1166.165	345.157	1.304966	2.740357
34242	-815.4317	-1160.589	345.157	1.304966	2.740357
34248	-816.0074	-1161.164	345.157	1.304966	2.740357
34254	-809.3121	-1154.469	345.157	1.304966	2.740357
34260	-823.7235	-1168.88	345.157	1.304966	2.740357
34266	-815.3805	-1160.537	345.157	1.304966	2.740357
34272	-817.1707	-1162.328	345.157	1.304966	2.740357
34278	-819.3152	-1164.472	345.157	1.304966	2.740357
34284	-816.13	-1161.287	345.157	1.304966	2.740357
34290	-810.9418	-1156.099	345.157	1.304966	2.740357
34296	-820.4954	-1165.652	345.157	1.304966	2.740357
34302	-823.9739	-1169.131	345.157	1.304966	2.740357
34308	-825.4462	-1170.603	345.157	1.304966	2.740357
34314	-830.6938	-1175.851	345.157	1.304966	2.740357
34320	-830.4714	-1175.628	345.157	1.304966	2.740357
34326	-832.1064	-1177.263	345.157	1.304966	2.740357
34332	-833.4964	-1178.653	345.157	1.304966	2.740357
34338	-831.441	-1176.598	345.157	1.304966	2.740357
34344	-825.0592	-1170.216	345.157	1.304966	2.740357
34350	-826.1204	-1171.277	345.157	1.304966	2.740357
34356	-823.4275	-1168.585	345.157	1.304966	2.740357
34362	-821.3225	-1166.479	345.157	1.304966	2.740357
34368	-824.5668	-1169.724	345.157	1.304966	2.740357
34374	-824.3204	-1169.477	345.157	1.304966	2.740357
34380	-819.6105	-1164.767	345.157	1.304966	2.740357
34386	-825.7356	-1170.893	345.157	1.304966	2.740357
34392	-819.3828	-1164.54	345.157	1.304966	2.740357
34398	-827.8327	-1172.99	345.157	1.304966	2.740357
34404	-828.1573	-1173.314	345.157	1.304966	2.740357
34410	-831.3505	-1176.508	345.157	1.304966	2.740357
34416	-835.2477	-1180.405	345.157	1.304966	2.740357
34422	-832.2737	-1177.431	345.157	1.304966	2.740357
34428	-834.3119	-1179.469	345.157	1.304966	2.740357
34434	-835.0329	-1180.19	345.157	1.304966	2.740357
34440	-830.5612	-1176.151	345.5898	1.40308	2.410877
34446	-826.5013	-1170.565	344.0638	1.184179	3.464628
34452	-831.096	-1176.253	345.157	1.304966	2.740357
34458	-833.7984	-1178.955	345.157	1.304966	2.740357
34464	-843.1527	-1188.31	345.157	1.304966	2.740357
34470	-843.8003	-1189.792	345.9916	1.584219	2.034557
34476	-841.0241	-1187.27	346.246	1.543968	1.890861
34482	-836.5914	-1183.287	346.6957	1.701279	1.456998
34488	-833.9596	-1180.601	346.6417	1.745868	1.464178
34494	-834.0492	-1180.878	346.8284	1.559096	1.464178
34500	-834.4416	-1179.599	345.157	1.304966	2.740357
34506	-833.285	-1178.442	345.157	1.304966	2.740357
34512	-837.3864	-1182.543	345.157	1.304966	2.740357
34518	-831.4442	-1176.601	345.157	1.304966	2.740357
34524	-840.5872	-1185.744	345.157	1.304966	2.740357
34530	-834.3725	-1179.53	345.157	1.304966	2.740357
34536	-842.8937	-1188.051	345.157	1.304966	2.740357
34542	-841.1214	-1186.278	345.157	1.304966	2.740357
34548	-837.4889	-1182.646	345.157	1.304966	2.740357
34554	-849.1231	-1195.425	346.3022	1.510422	1.875437
34560	-837.323	-1182.48	345.157	1.304966	2.740357
34566	-834.2512	-1179.408	345.157	1.304966	2.740357
34572	-826.6584	-1171.815	345.157	1.304966	2.740357
34578	-830.7859	-1175.943	345.157	1.304966	2.740357
34584	-834.7754	-1179.932	345.157	1.304966	2.740357
34590	-837.7764	-1183.295	345.5183	1.469689	2.413918
34596	-844.1423	-1188.497	344.3548	0.9091309	3.455269
34602	-842.2948	-1186.182	343.8876	1.086343	3.624122
34608	-843.2833	-1189.388	346.1045	1.340032	2.120998
34614	-841.0637	-1187.168	346.1045	1.340032	2.120998
34620	-839.6398	-1185.658	346.0182	1.426258	2.120998
34626	-846.0343	-1191.957	345.9222	1.439932	2.174691
34632	-837.1599	-1183.046	345.8857	1.480491	2.172061
34638	-826.2391	-1170.932	344.6933	1.448262	2.934831
34644	-825.0581	-1170.215	345.157	1.304966	2.740357
34650	-826.2623	-1171.419	345.157	1.304966	2.740357
34656	-830.9145	-1176.072	345.157	1.304966	2.740357
34662	-827.8858	-1173.043	345.157	1.304966	2.740357
34668	-833.4982	-1178.655	345.157	1.304966	2.740357
34674	-830.1835	-1175.341	345.157	1.304966	2.740357
34680	-836.757	-1181.914	345.157	1.304966	2.740357
34686	-839.541	-1184.698	345.157	1.304966	2.740357
34692	-841.076	-1186.233	345.157	1.304966	2.740357
34698	-831.13	-1176.287	345.157	1.304966	2.740357
34704	-830.8974	-1176.054	345.157	1.304966	2.740357
34710	-828.3835	-1173.541	345.157	1.304966	2.740357
34716	-832.013	-1177.17	345.157	1.304966	2.740357
34722	-829.5608	-1174.718	345.157	1.304966	2.740357
34728	-824.6382	-1169.795	345.157	1.304966	2.740357
34734	-852.3844	-1198.572	346.1879	1.576725	1.907997
34740	-836.0087	-1181.166	345.157	1.304966	2.740357
34746	-830.8911	-1176.048	345.157	1.304966	2.740357
34752	-823.4626	-1168.62	345.157	1.304966	2.740357
34758	-829.0389	-1174.196	345.157	1.304966	2.740357
34764	-843.3572	-1188.514	345.157	1.304966	2.740357
34770	-837.3923	-1182.549	345.157	1.304966	2.740357
34776	-829.5391	-1174.696	345.157	1.304966	2.740357
34782	-827.0154	-1172.172	345.157	1.304966	2.740357
34788	-830.4663	-1175.623	345.157	1.304966	2.740357
34794	-838.6081	-1183.765	345.157	1.304966	2.740357
34800	-829.8205	-1174.977	345.157	1.304966	2.740357
34806	-826.3381	-1171.495	345.157	1.304966	2.740357
34812	-827.2763	-1172.433	345.157	1.304966	2.740357
34818	-828.4396	-1173.597	345.157	1.304966	2.740357
34824	-832.681	-1177.838	345.157	1.304966	2.740357
34830	-835.6774	-1180.834	345.157	1.304966	2.740357
34836	-826.6729	-1171.83	345.157	1.304966	2.740357
34842	-835.2141	-1180.371	345.157	1.304966	2.740357
34848	-829.7781	-1174.935	345.157	1.304966	2.740357
34854	-826.9138	-1172.071	345.157	1.304966	2.740357
34860	-829.9913	-1175.148	345.157	1.304966	2.740357
34866	-830.0591	-1175.216	345.157	1.304966	2.740357
34872	-831.8687	-1177.026	345.157	1.304966	2.740357
34878	-830.3055	-1175.463	345.157	1.304966	2.740357
34884	-826.3948	-1171.552	345.157	1.304966	2.740357
34890	-826.5567	-1171.714	345.157	1.304966	2.740357
34896	-836.1256	-1181.283	345.157	1.304966	2.740357
34902	-853.1176	-1196.041	342.9236	0.8842544	4.291708
34908	-848.7551	-1191.458	342.7031	1.104821	4.291708
34914	-828.8472	-1174.004	345.157	1.304966	2.740357
34920	-824.9896	-1170.147	345.157	1.304966	2.740357
34926	-832.358	-1177.515	345.157	1.304966	2.740357
34932	-829.5988	-1174.756	345.157	1.304966	2.740357
34938	-823.1369	-1168.294	345.157	1.304966	2.740357
34944	-827.6455	-1172.803	345.157	1.304966	2.740357
34950	-830.1113	-1175.268	345.157	1.304966	2.740357
34956	-829.8581	-1175.015	345.157	1.304966	2.740357
34962	-830.3964	-1175.553	345.157	1.304966	2.740357
34968	-845.4758	-1190.633	345.157	1.304966	2.740357
34974	-834.964	-1180.121	345.157	1.304966	2.740357
34980	-826.288	-1171.445	345.157	1.304966	2.740357
34986	-826.588	-1171.745	345.157	1.304966	2.740357
34992	-825.0015	-1170.158	345.157	1.304966	2.740357
34998	-821.648	-1166.805	345.157	1.304966	2.740357
35004	-830.1859	-1175.343	345.157	1.304966	2.740357
35010	-842.2472	-1187.404	345.157	1.304966	2.740357
35016	-837.7765	-1182.933	345.157	1.304966	2.740357
35022	-846.4496	-1190.461	344.0118	1.202459	3.484329
35028	-846.1627	-1191.24	345.0774	1.440131	2.706323
35034	-844.7485	-1189.905	345.157	1.304966	2.740357
35040	-831.5302	-1176.618	345.0876	1.227161	2.830085
35046	-834.6809	-1178.815	344.134	1.412085	3.28968
35052	-825.5968	-1170.163	344.5657	1.258015	3.125172
35058	-822.1233	-1164.443	342.3195	1.165068	4.474194
35064	-824.9483	-1168.539	343.5904	0.9314816	3.884904
35070	-849	-1194.657	345.6565	1.713983	2.169224
35076	-841.9439	-1187.744	345.8001	1.570451	2.169224
35082	-836.8032	-1181.03	344.2269	1.191754	3.364613
35088	-835.0967	-1179.37	344.273	1.172432	3.34891
35094	-848.9402	-1192.768	343.8281	1.008872	3.703454
35100	-840.099	-1186.256	346.1572	1.556883	1.942186
35106	-826.568	-1172.624	346.0562	1.657889	1.942186
35112	-839.0837	-1183.213	344.1294	1.569651	3.199229
35118	-839.4224	-1183.635	344.2127	1.569651	3.149774
35124	-834.906	-1180.403	345.4974	1.409219	2.465131
35130	-841.8952	-1187.052	345.157	1.304966	2.740357
35136	-837.6775	-1182.834	345.157	1.304966	2.740357
35142	-843.9387	-1189.096	345.157	1.304966	2.740357
35148	-845.4723	-1190.629	345.157	1.304966	2.740357
35154	-842.2518	-1187.409	345.157	1.304966	2.740357
35160	-846.0722	-1191.229	345.157	1.304966	2.740357
35166	-845.4886	-1190.646	345.157	1.304966	2.740357
35172	-849.3098	-1194.467	345.157	1.304966	2.740357
35178	-836.8188	-1181.976	345.157	1.304966	2.740357
35184	-863.4746	-1206.501	343.0266	1.15168	4.081377
35190	-843.756	-1188.913	345.157	1.304966	2.740357
35196	-838.4646	-1183.622	345.157	1.304966	2.740357
35202	-830.1911	-1175.348	345.157	1.304966	2.740357
35208	-831.7805	-1176.938	345.157	1.304966	2.740357
35214	-836.3351	-1181.492	345.157	1.304966	2.740357
35220	-829.1835	-1174.341	345.157	1.304966	2.740357
35226	-830.2519	-1175.409	345.157	1.304966	2.740357
35232	-826.0327	-1171.19	345.157	1.304966	2.740357
35238	-826.7083	-1171.865	345.157	1.304966	2.740357
35244	-830.9309	-1176.088	345.157	1.304966	2.740357
35250	-825.5534	-1170.71	345.157	1.304966	2.740357
35256	-822.1497	-1167.307	345.157	1.304966	2.740357
35262	-822.819	-1167.976	345.157	1.304966	2.740357
35268	-823.7921	-1168.949	345.157	1.304966	2.740357
35274	-827.4051	-1172.562	345.157	1.304966	2.740357
35280	-827.8374	-1172.994	345.157	1.304966	2.740357
35286	-834.0176	-1179.175	345.157	1.304966	2.740357
35292	-837.8645	-1183.022	345.157	1.304966	2.740357
35298	-835.993	-1181.15	345.157	1.304966	2.740357
35304	-843.2316	-1189.486	346.2543	1.616127	1.835818
35310	-834.1822	-1179.339	345.157	1.304966	2.740357
35316	-829.5448	-1174.702	345.157	1.304966	2.740357
35322	-823.346	-1168.503	345.157	1.304966	2.740357
35328	-824.9708	-1170.128	345.157	1.304966	2.740357
35334	-832.8038	-1177.961	345.157	1.304966	2.740357
35340	-832.9134	-1178.07	345.157	1.304966	2.740357
35346	-827.9566	-1173.114	345.157	1.304966	2.740357
35352	-833.0044	-1178.161	345.157	1.304966	2.740357
35358	-836.2223	-1181.379	345.157	1.304966	2.740357
35364	-836.8905	-1182.048	345.157	1.304966	2.740357
35370	-843.7187	-1188.876	345.157	1.304966	2.740357
35376	-845.0187	-1190.176	345.157	1.304966	2.740357
35382	-847.0099	-1192.167	345.157	1.304966	2.740357
35388	-846.8252	-1191.982	345.157	1.304966	2.740357
35394	-839.0377	-1184.195	345.157	1.304966	2.740357
35400	-853.0379	-1198.466	345.4286	1.172509	2.654971
35406	-843.1034	-1187.532	344.429	1.05685	3.325157
35412	-830.2871	-1175.182	344.8948	1.11651	3.013167
35418	-825.2264	-1169.05	343.8235	1.189292	3.601597
35424	-822.8969	-1168.208	345.3107	1.206158	2.706779
35430	-847.2441	-1192.836	345.5924	1.419221	2.399033
35436	-855.3931	-1201.022	345.6289	1.493776	2.328598
35442	-847.2203	-1192.377	345.157	1.304966	2.740357
35448	-850.9688	-1196.126	345.157	1.304966	2.740357
35454	-841.8078	-1185.235	343.4277	1.187284	3.831424
35460	-839.1643	-1183.651	344.4864	1.272168	3.16391
35466	-840.5705	-1185.069	344.4981	1.227354	3.183583
35472	-830.3304	-1174.147	343.817	1.258561	3.565134
35478	-834.6595	-1179.25	344.5901	1.449248	2.996296
35484	-841.4317	-1186.589	345.157	1.304966	2.740357
35490	-838.3081	-1183.465	345.157	1.304966	2.740357
35496	-836.443	-1181.6	345.157	1.304966	2.740357
35502	-834.2031	-1179.36	345.157	1.304966	2.740357
35508	-835.3018	-1180.459	345.157	1.304966	2.740357
35514	-846.682	-1189.605	342.923	1.149467	4.141604
35520	-835.8621	-1180.632	344.7695	1.364573	2.939364
35526	-827.5781	-1172.473	344.8948	1.329886	2.884685
35532	-842.4436	-1188.019	345.5758	1.561667	2.319162
35538	-834.9485	-1180.001	345.053	1.441927	2.7202
35544	-827.595	-1174.034	346.4393	1.636302	1.692662
35550	-832.0021	-1178.718	346.7159	1.420114	1.649514
35556	-827.0365	-1173.235	346.1986	1.542708	1.923831
35562	-842.43	-1187.587	345.157	1.304966	2.740357
35568	-844.8789	-1190.036	345.157	1.304966	2.740357
35574	-830.9989	-1176.741	345.7419	1.235428	2.420666
35580	-834.6394	-1180.623	345.9834	1.352195	2.191889
35586	-836.7684	-1181.926	345.1571	1.230188	2.785961
35592	-840.2992	-1185.456	345.157	1.304966	2.740357
35598	-848.2824	-1193.439	345.157	1.304966	2.740357
35604	-829.5428	-1175.336	345.7932	1.317177	2.336437
35610	-834.0208	-1179.32	345.2991	1.470411	2.55072
35616	-815.6308	-1160.545	344.9145	1.302644	2.889246
35622	-832.4111	-1177.674	345.2626	1.288246	2.685866
35628	-825.119	-1169.456	344.337	1.146748	3.326363
35634	-834.3653	-1179.522	345.157	1.304966	2.740357
35640	-839.5297	-1184.687	345.157	1.304966	2.740357
35646	-842.1814	-1187.338	345.157	1.304966	2.740357
35652	-838.219	-1183.376	345.157	1.304966	2.740357
35658	-834.0325	-1179.19	345.157	1.304966	2.740357
35664	-844.4848	-1189.642	345.157	1.304966	2.740357
35670	-838.7508	-1183.908	345.157	1.304966	2.740357
35676	-843.5361	-1188.693	345.157	1.304966	2.740357
35682	-848.2723	-1190.951	342.6786	0.9868654	4.372212
35688	-848.2383	-1192.761	344.5227	1.10592	3.240907
35694	-825.1871	-1170.344	345.157	1.304966	2.740357
35700	-827.734	-1172.891	345.157	1.304966	2.740357
35706	-828.1398	-1173.297	345.157	1.304966	2.740357
35712	-823.4237	-1168.581	345.157	1.304966	2.740357
35718	-823.0752	-1168.232	345.157	1.304966	2.740357
35724	-830.113	-1175.27	345.157	1.304966	2.740357
35730	-822.5178	-1167.675	345.157	1.304966	2.740357
35736	-819.8944	-1165.051	345.157	1.304966	2.740357
35742	-821.3713	-1166.528	345.157	1.304966	2.740357
35748	-825.3146	-1170.472	345.157	1.304966	2.740357
35754	-829.1939	-1174.351	345.157	1.304966	2.740357
35760	-837.5022	-1182.659	345.157	1.304966	2.740357
35766	-832.7361	-1177.893	345.157	1.304966	2.740357
35772	-830.3457	-1175.503	345.157	1.304966	2.740357
35778	-824.3985	-1169.556	345.157	1.304966	2.740357
35784	-826.7133	-1171.87	345.157	1.304966	2.740357
35790	-825.1064	-1170.263	345.157	1.304966	2.740357
35796	-822.8432	-1168	345.157	1.304966	2.740357
35802	-818.7008	-1163.858	345.157	1.304966	2.740357
35808	-829.0488	-1174.206	345.157	1.304966	2.740357
35814	-831.7761	-1176.933	345.157	1.304966	2.740357
35820	-835.5627	-1180.72	345.157	1.304966	2.740357
35826	-833.4977	-1178.655	345.157	1.304966	2.740357
35832	-838.1955	-1183.353	345.157	1.304966	2.740357
35838	-823.502	-1168.659	345.157	1.304966	2.740357
35844	-855.5023	-1199.811	344.309	1.256378	3.278303
35850	-820.7577	-1165.915	345.157	1.304966	2.740357
35856	-824.5894	-1169.746	345.157	1.304966	2.740357
35862	-840.8999	-1185.659	344.7586	1.291514	2.989835
35868	-827.8768	-1173.864	345.9876	1.548101	2.061097
35874	-827.1693	-1173.615	346.4457	1.375875	1.869316
35880	-831.8225	-1175.857	344.0348	1.293143	3.417826
35886	-834.5455	-1178.957	344.4114	1.332885	3.172419
35892	-826.5249	-1171.891	345.3662	1.357517	2.579177
35898	-825.9874	-1169.89	343.9028	1.038309	3.643175
35904	-840.7462	-1185.464	344.7177	1.206462	3.065278
35910	-824.9149	-1170.072	345.157	1.304966	2.740357
35916	-818.7278	-1163.885	345.157	1.304966	2.740357
35922	-814.4881	-1159.645	345.157	1.304966	2.740357
35928	-818.8206	-1163.978	345.157	1.304966	2.740357
35934	-818.1782	-1163.335	345.157	1.304966	2.740357
35940	-811.4602	-1156.617	345.157	1.304966	2.740357
35946	-813.2782	-1158.435	345.157	1.304966	2.740357
35952	-818.8072	-1163.964	345.157	1.304966	2.740357
35958	-822.8563	-1168.013	345.157	1.304966	2.740357
35964	-857.4725	-1203.358	345.8858	1.346455	2.258521
35970	-819.2568	-1164.414	345.157	1.304966	2.740357
35976	-823.5093	-1168.666	345.157	1.304966	2.740357
35982	-824.4333	-1169.59	345.157	1.304966	2.740357
35988	-840.5868	-1185.744	345.157	1.304966	2.740357
35994	-835.0066	-1180.164	345.157	1.304966	2.740357
36000	-835.3822	-1180.539	345.157	1.304966	2.740357
36006	-840.914	-1186.071	345.157	1.304966	2.740357
36012	-839.5331	-1184.69	345.157	1.304966	2.740357
36018	-841.197	-1186.354	345.157	1.304966	2.740357
36024	-835.2909	-1180.448	345.157	1.304966	2.740357
36030	-837.7764	-1182.933	345.157	1.304966	2.740357
36036	-838.1157	-1183.273	345.157	1.304966	2.740357
36042	-836.3997	-1181.557	345.157	1.304966	2.740357
36048	-840.3423	-1185.499	345.157	1.304966	2.740357
36054	-830.4155	-1174.887	344.4717	1.341738	3.131306
36060	-830.8415	-1175.53	344.6886	1.32054	3.014463
36066	-842.1948	-1185.644	343.4497	1.009819	3.920684
36072	-846.241	-1191.11	344.8688	1.036059	3.076794
36078	-843.1697	-1187.068	343.8979	1.252718	3.521441
36084	-837.5708	-1182.132	344.561	1.271102	3.120216
36090	-825.8233	-1169.755	343.9313	1.079685	3.602643
36096	-825.6252	-1171.019	345.3941	1.418476	2.523901
36102	-827.145	-1172.4	345.2554	1.246013	2.716227
36108	-840.3841	-1184.95	344.5662	1.039968	3.254166
36114	-836.4772	-1181.634	345.157	1.304966	2.740357
36120	-840.586	-1185.743	345.157	1.304966	2.740357
36126	-826.6644	-1171.821	345.157	1.304966	2.740357
36132	-829.9384	-1175.095	345.157	1.304966	2.740357
36138	-835.2758	-1180.433	345.157	1.304966	2.740357
36144	-824.6056	-1169.763	345.157	1.304966	2.740357
36150	-824.7336	-1169.891	345.157	1.304966	2.740357
36156	-828.7735	-1173.93	345.157	1.304966	2.740357
36162	-836.9588	-1182.116	345.157	1.304966	2.740357
36168	-834.6847	-1179.842	345.157	1.304966	2.740357
36174	-829.8868	-1175.044	345.157	1.304966	2.740357
36180	-830.9809	-1176.138	345.157	1.304966	2.740357
36186	-829.1357	-1174.293	345.157	1.304966	2.740357
36192	-822.286	-1167.443	345.157	1.304966	2.740357
36198	-816.8641	-1162.021	345.157	1.304966	2.740357
36204	-818.3794	-1163.536	345.157	1.304966	2.740357
36210	-827.3326	-1172.49	345.157	1.304966	2.740357
36216	-838.378	-1183.535	345.157	1.304966	2.740357
36222	-832.61	-1177.767	345.157	1.304966	2.740357
36228	-833.5327	-1178.69	345.157	1.304966	2.740357
36234	-845.564	-1190.721	345.157	1.304966	2.740357
36240	-829.07	-1172.784	343.7142	1.245787	3.632225
36246	-836.2114	-1180.352	344.1405	1.006738	3.523385
36252	-844.6849	-1189.842	345.157	1.304966	2.740357
36258	-845.5825	-1190.739	345.157	1.304966	2.740357
36264	-830.1099	-1175.424	345.3142	1.298623	2.647722
36270	-834.6215	-1180.092	345.4701	1.341793	2.524355
36276	-844.532	-1189.325	344.7933	1.225215	3.008823
36282	-854.468	-1199.308	344.8404	1.211305	2.988911
36288	-845.9184	-1190.651	344.7324	1.010659	3.173137
36294	-846.7109	-1191.868	345.157	1.304966	2.740357
36300	-847.3086	-1192.319	345.0108	1.350084	2.80204
36306	-845.6337	-1190.667	345.0336	1.327281	2.80204
36312	-846.5497	-1191.21	344.6606	1.420862	2.971025
36318	-851.9882	-1197.813	345.8247	1.398027	2.264663
36324	-850.4557	-1195.613	345.157	1.304966	2.740357
36330	-834.208	-1179.365	345.157	1.304966	2.740357
36336	-829.657	-1174.814	345.157	1.304966	2.740357
36342	-837.6825	-1182.84	345.157	1.304966	2.740357
36348	-834.4123	-1179.569	345.157	1.304966	2.740357
36354	-827.1541	-1172.311	345.157	1.304966	2.740357
36360	-826.2021	-1171.359	345.157	1.304966	2.740357
36366	-823.3893	-1168.546	345.157	1.304966	2.740357
36372	-833.2892	-1178.446	345.157	1.304966	2.740357
36378	-835.2458	-1180.403	345.157	1.304966	2.740357
36384	-825.6724	-1170.829	345.157	1.304966	2.740357
36390	-822.6167	-1167.774	345.157	1.304966	2.740357
36396	-828.0662	-1173.223	345.157	1.304966	2.740357
36402	-839.4913	-1183.703	344.2116	1.076552	3.441117
36408	-842.7818	-1186.939	344.1567	1.131447	3.441117
36414	-847.5575	-1190.637	343.0793	0.9827574	4.147548
36420	-837.9967	-1181.716	343.7195	1.049472	3.742709
36426	-829.5953	-1174.613	345.0178	1.202736	2.887204
36432	-824.5489	-1169.706	345.157	1.304966	2.740357
36438	-821.1987	-1166.356	345.157	1.304966	2.740357
36444	-839.9966	-1185.154	345.157	1.304966	2.740357
36450	-825.4031	-1170.56	345.157	1.304966	2.740357
36456	-830.0989	-1175.256	345.157	1.304966	2.740357
36462	-832.7141	-1177.871	345.157	1.304966	2.740357
36468	-832.4211	-1177.578	345.157	1.304966	2.740357
36474	-824.4051	-1169.562	345.157	1.304966	2.740357
36480	-831.6377	-1176.795	345.157	1.304966	2.740357
36486	-821.8073	-1166.964	345.157	1.304966	2.740357
36492	-824.8796	-1170.037	345.157	1.304966	2.740357
36498	-827.1867	-1172.344	345.157	1.304966	2.740357
36504	-833.6727	-1178.83	345.157	1.304966	2.740357
36510	-829.7828	-1174.94	345.157	1.304966	2.740357
36516	-838.0458	-1183.203	345.157	1.304966	2.740357
36522	-850.0522	-1193.399	343.3468	1.134482	3.908181
36528	-848.887	-1189.799	340.9121	0.9330545	5.38667
36534	-831.8483	-1177.005	345.157	1.304966	2.740357
36540	-839.2675	-1184.424	345.157	1.304966	2.740357
36546	-834.1461	-1179.303	345.157	1.304966	2.740357
36552	-821.5328	-1166.69	345.157	1.304966	2.740357
36558	-819.5291	-1164.686	345.157	1.304966	2.740357
36564	-821.2115	-1166.369	345.157	1.304966	2.740357
36570	-817.975	-1163.132	345.157	1.304966	2.740357
36576	-810.2015	-1155.359	345.157	1.304966	2.740357
36582	-819.2614	-1164.418	345.157	1.304966	2.740357
36588	-824.7607	-1169.918	345.157	1.304966	2.740357
36594	-821.5625	-1166.72	345.157	1.304966	2.740357
36600	-821.1197	-1166.277	345.157	1.304966	2.740357
36606	-813.9683	-1159.125	345.157	1.304966	2.740357
36612	-813.5981	-1158.755	345.157	1.304966	2.740357
36618	-814.2186	-1159.376	345.157	1.304966	2.740357
36624	-815.1531	-1160.31	345.157	1.304966	2.740357
36630	-844.9741	-1189.686	344.7117	1.366816	2.972827
36636	-842.716	-1187.334	344.6178	1.46069	2.972827
36642	-832.1517	-1177.309	345.157	1.304966	2.740357
36648	-828.5563	-1173.713	345.157	1.304966	2.740357
36654	-832.9565	-1176.772	343.8153	1.228355	3.583653
36660	-837.3743	-1181.374	343.9997	1.187924	3.499832
36666	-843.7414	-1188.41	344.6689	1.328978	3.021177
36672	-848.8864	-1194.58	345.6935	1.63616	2.195701
36678	-847.3711	-1193.163	345.7915	1.638511	2.130499
36684	-835.5148	-1180.672	345.157	1.304966	2.740357
36690	-827.681	-1172.838	345.157	1.304966	2.740357
36696	-816.9461	-1162.103	345.157	1.304966	2.740357
36702	-824.0978	-1169.255	345.157	1.304966	2.740357
36708	-828.6536	-1173.811	345.157	1.304966	2.740357
36714	-836.9032	-1182.06	345.157	1.304966	2.740357
36720	-837.3356	-1182.493	345.157	1.304966	2.740357
36726	-829.8675	-1175.024	345.157	1.304966	2.740357
36732	-829.7906	-1174.948	345.157	1.304966	2.740357
36738	-824.0895	-1169.247	345.157	1.304966	2.740357
36744	-825.7797	-1170.937	345.157	1.304966	2.740357
36750	-828.6045	-1173.762	345.157	1.304966	2.740357
36756	-819.8082	-1164.965	345.157	1.304966	2.740357
36762	-817.0386	-1162.196	345.157	1.304966	2.740357
36768	-812.7127	-1157.87	345.157	1.304966	2.740357
36774	-805.7374	-1150.894	345.157	1.304966	2.740357
36780	-802.8092	-1147.966	345.157	1.304966	2.740357
36786	-815.8989	-1161.056	345.157	1.304966	2.740357
36792	-815.9729	-1161.13	345.157	1.304966	2.740357
36798	-817.9502	-1163.107	345.157	1.304966	2.740357
36804	-813.699	-1158.856	345.157	1.304966	2.740357
36810	-810.5082	-1155.665	345.157	1.304966	2.740357
36816	-812.3441	-1157.501	345.157	1.304966	2.740357
36822	-812.884	-1158.041	345.157	1.304966	2.740357
36828	-823.5969	-1168.754	345.157	1.304966	2.740357
36834	-824.3969	-1169.554	345.157	1.304966	2.740357
36840	-818.8692	-1164.026	345.157	1.304966	2.740357
36846	-814.0795	-1159.237	345.157	1.304966	2.740357
36852	-816.0058	-1161.163	345.157	1.304966	2.740357
36858	-821.6646	-1166.822	345.157	1.304966	2.740357
36864	-818.7824	-1163.939	345.157	1.304966	2.740357
36870	-822.5231	-1167.68	345.157	1.304966	2.740357
36876	-825.1951	-1170.352	345.157	1.304966	2.740357
36882	-818.9368	-1164.094	345.157	1.304966	2.740357
36888	-812.1805	-1157.338	345.157	1.304966	2.740357
36894	-813.6668	-1158.824	345.157	1.304966	2.740357
36900	-816.4034	-1161.56	345.157	1.304966	2.740357
36906	-819.4643	-1164.621	345.157	1.304966	2.740357
36912	-818.9962	-1164.153	345.157	1.304966	2.740357
36918	-822.9161	-1168.073	345.157	1.304966	2.740357
36924	-820.0455	-1165.203	345.157	1.304966	2.740357
36930	-837.1511	-1182.308	345.157	1.304966	2.740357
36936	-826.0722	-1171.229	345.157	1.304966	2.740357
36942	-833.3769	-1178.534	345.157	1.304966	2.740357
36948	-828.9738	-1174.131	345.157	1.304966	2.740357
36954	-820.5469	-1165.704	345.157	1.304966	2.740357
36960	-812.1537	-1157.311	345.157	1.304966	2.740357
36966	-807.1096	-1152.267	345.157	1.304966	2.740357
36972	-817.1409	-1162.298	345.157	1.304966	2.740357
36978	-817.3272	-1162.484	345.157	1.304966	2.740357
36984	-873.9964	-1220.549	346.5524	1.687089	1.574572
36990	-813.5688	-1158.726	345.157	1.304966	2.740357
36996	-824.8836	-1170.041	345.157	1.304966	2.740357
37002	-816.8744	-1162.031	345.157	1.304966	2.740357
37008	-809.1881	-1154.345	345.157	1.304966	2.740357
37014	-822.1755	-1167.332	345.157	1.304966	2.740357
37020	-819.6057	-1164.763	345.157	1.304966	2.740357
37026	-832.856	-1178.013	345.157	1.304966	2.740357
37032	-821.2929	-1166.45	345.157	1.304966	2.740357
37038	-820.8648	-1166.022	345.157	1.304966	2.740357
37044	-817.2067	-1162.364	345.157	1.304966	2.740357
37050	-826.6077	-1171.765	345.157	1.304966	2.740357
37056	-827.916	-1173.073	345.157	1.304966	2.740357
37062	-830.9347	-1176.092	345.157	1.304966	2.740357
37068	-838.625	-1183.782	345.157	1.304966	2.740357
37074	-838.8048	-1183.962	345.157	1.304966	2.740357
37080	-835.7905	-1180.948	345.157	1.304966	2.740357
37086	-833.5445	-1178.702	345.157	1.304966	2.740357
37092	-826.4883	-1171.645	345.157	1.304966	2.740357
37098	-820.1385	-1165.296	345.157	1.304966	2.740357
37104	-850.6999	-1197.147	346.447	1.596157	1.715616
37110	-844.5776	-1190.993	346.4155	1.627655	1.715616
37116	-848.583	-1194.872	346.2886	1.674453	1.771785
37122	-832.2207	-1177.378	345.157	1.304966	2.740357
37128	-828.6057	-1173.763	345.157	1.304966	2.740357
37134	-824.9792	-1170.136	345.157	1.304966	2.740357
37140	-822.9136	-1168.071	345.157	1.304966	2.740357
37146	-815.8483	-1161.005	345.157	1.304966	2.740357
37152	-812.8185	-1157.976	345.157	1.304966	2.740357
37158	-818.9646	-1164.122	345.157	1.304966	2.740357
37164	-829.2969	-1174.454	345.157	1.304966	2.740357
37170	-834.2748	-1179.432	345.157	1.304966	2.740357
37176	-827.4707	-1172.628	345.157	1.304966	2.740357
37182	-824.5203	-1169.677	345.157	1.304966	2.740357
37188	-820.5702	-1165.727	345.157	1.304966	2.740357
37194	-826.424	-1171.581	345.157	1.304966	2.740357
37200	-821.0917	-1166.249	345.157	1.304966	2.740357
37206	-823.3585	-1168.516	345.157	1.304966	2.740357
37212	-823.9684	-1169.125	345.157	1.304966	2.740357
37218	-823.1712	-1168.328	345.157	1.304966	2.740357
37224	-820.7713	-1165.928	345.157	1.304966	2.740357
37230	-815.0108	-1160.168	345.157	1.304966	2.740357
37236	-822.7592	-1167.916	345.157	1.304966	2.740357
37242	-834.7481	-1179.905	345.157	1.304966	2.740357
37248	-831.7729	-1176.93	345.157	1.304966	2.740357
37254	-828.3666	-1173.524	345.157	1.304966	2.740357
37260	-826.1275	-1171.285	345.157	1.304966	2.740357
37266	-818.3282	-1163.485	345.157	1.304966	2.740357
37272	-821.1428	-1166.3	345.157	1.304966	2.740357
37278	-822.8126	-1167.97	345.157	1.304966	2.740357
37284	-821.1971	-1166.354	345.157	1.304966	2.740357
37290	-824.6909	-1169.848	345.157	1.304966	2.740357
37296	-821.9868	-1167.144	345.157	1.304966	2.740357
37302	-817.1489	-1162.306	345.157	1.304966	2.740357
37308	-817.929	-1163.086	345.157	1.304966	2.740357
37314	-819.589	-1164.746	345.157	1.304966	2.740357
37320	-823.74	-1168.897	345.157	1.304966	2.740357
37326	-817.8597	-1163.017	345.157	1.304966	2.740357
37332	-824.2323	-1169.389	345.157	1.304966	2.740357
37338	-822.6453	-1167.802	345.157	1.304966	2.740357
37344	-815.6784	-1160.835	345.157	1.304966	2.740357
37350	-815.4957	-1160.653	345.157	1.304966	2.740357
37356	-812.1363	-1157.293	345.157	1.304966	2.740357
37362	-810.045	-1155.202	345.157	1.304966	2.740357
37368	-808.5072	-1153.664	345.157	1.304966	2.740357
37374	-808.4037	-1153.561	345.157	1.304966	2.740357
37380	-811.9706	-1157.128	345.157	1.304966	2.740357
37386	-807.3472	-1152.504	345.157	1.304966	2.740357
37392	-815.3763	-1160.533	345.157	1.304966	2.740357
37398	-805.8225	-1150.98	345.157	1.304966	2.740357
37404	-802.2724	-1147.429	345.157	1.304966	2.740357
37410	-812.3997	-1157.557	345.157	1.304966	2.740357
37416	-818.3219	-1163.479	345.157	1.304966	2.740357
37422	-848.3585	-1192.423	344.0647	1.136576	3.491881
37428	-839.7074	-1183.9	344.1928	1.141247	3.414252
37434	-821.9106	-1167.068	345.157	1.304966	2.740357
37440	-825.687	-1170.844	345.157	1.304966	2.740357
37446	-833.093	-1178.25	345.157	1.304966	2.740357
37452	-831.3115	-1176.469	345.157	1.304966	2.740357
37458	-828.8612	-1174.018	345.157	1.304966	2.740357
37464	-824.4246	-1169.582	345.157	1.304966	2.740357
37470	-828.7143	-1173.871	345.157	1.304966	2.740357
37476	-836.4574	-1181.614	345.157	1.304966	2.740357
37482	-845.0325	-1190.22	345.1872	1.292662	2.729438
37488	-852.7212	-1197.491	344.7703	1.159199	3.062107
37494	-836.435	-1181.592	345.157	1.304966	2.740357
37500	-837.587	-1180.384	342.7965	1.226959	4.169461
37506	-824.1002	-1168.755	344.6546	1.601169	2.86585
37512	-823.7004	-1168.857	345.157	1.304966	2.740357
37518	-823.6301	-1168.787	345.157	1.304966	2.740357
37524	-832.4417	-1177.599	345.157	1.304966	2.740357
37530	-824.1473	-1169.304	345.157	1.304966	2.740357
37536	-822.7667	-1167.924	345.157	1.304966	2.740357
37542	-818.0674	-1163.224	345.157	1.304966	2.740357
37548	-818.299	-1163.456	345.157	1.304966	2.740357
37554	-817.1245	-1162.282	345.157	1.304966	2.740357
37560	-823.868	-1169.025	345.157	1.304966	2.740357
37566	-823.3959	-1168.553	345.157	1.304966	2.740357
37572	-819.5103	-1164.667	345.157	1.304966	2.740357
37578	-833.4873	-1178.644	345.157	1.304966	2.740357
37584	-863.0029	-1207.083	344.0797	1.392325	3.333255
37590	-855.945	-1201.565	345.6196	1.246341	2.490612
37596	-848.5749	-1193.292	344.7176	1.180221	3.081033
37602	-827.9595	-1173.117	345.157	1.304966	2.740357
37608	-825.9696	-1171.127	345.157	1.304966	2.740357
37614	-818.3838	-1163.541	345.157	1.304966	2.740357
37620	-822.2787	-1167.436	345.157	1.304966	2.740357
37626	-818.0089	-1163.166	345.157	1.304966	2.740357
37632	-811.5727	-1156.73	345.157	1.304966	2.740357
37638	-818.0683	-1163.225	345.157	1.304966	2.740357
37644	-814.0611	-1159.218	345.157	1.304966	2.740357
37650	-818.4118	-1163.569	345.157	1.304966	2.740357
37656	-809.1198	-1154.277	345.157	1.304966	2.740357
37662	-819.9509	-1165.108	345.157	1.304966	2.740357
37668	-822.8091	-1167.966	345.157	1.304966	2.740357
37674	-839.2145	-1183.498	344.2838	1.285767	3.275782
37680	-826.3251	-1171.482	345.157	1.304966	2.740357
37686	-830.1026	-1175.26	345.157	1.304966	2.740357
37692	-827.0352	-1172.192	345.157	1.304966	2.740357
37698	-824.054	-1169.211	345.157	1.304966	2.740357
37704	-820.971	-1166.128	345.157	1.304966	2.740357
37710	-825.5195	-1170.677	345.157	1.304966	2.740357
37716	-827.644	-1172.801	345.157	1.304966	2.740357
37722	-813.3094	-1158.466	345.157	1.304966	2.740357
37728	-815.1106	-1160.268	345.157	1.304966	2.740357
37734	-825.8925	-1171.05	345.157	1.304966	2.740357
37740	-826.7942	-1171.951	345.157	1.304966	2.740357
37746	-821.6106	-1166.768	345.157	1.304966	2.740357
37752	-826.0208	-1171.178	345.157	1.304966	2.740357
37758	-817.6521	-1162.809	345.157	1.304966	2.740357
37764	-821.2133	-1166.37	345.157	1.304966	2.740357
37770	-817.4087	-1162.566	345.157	1.304966	2.740357
37776	-812.6335	-1157.79	345.157	1.304966	2.740357
37782	-808.6349	-1153.792	345.157	1.304966	2.740357
37788	-814.046	-1159.147	345.1013	1.360711	2.740357
37794	-817.7955	-1162.897	345.1013	1.360711	2.740357
37800	-820.0736	-1165.175	345.1013	1.360711	2.740357
37806	-820.9507	-1166.052	345.1013	1.360711	2.740357
37812	-812.7865	-1157.888	345.1013	1.360711	2.740357
37818	-810.7509	-1155.852	345.1013	1.360711	2.740357
37824	-809.2658	-1154.367	345.1013	1.360711	2.740357
37830	-810.4739	-1155.575	345.1013	1.360711	2.740357
37836	-811.0146	-1156.116	345.1013	1.360711	2.740357
37842	-810.0413	-1155.143	345.1013	1.360711	2.740357
37848	-822.8432	-1167.944	345.1013	1.360711	2.740357
37854	-818.6262	-1163.727	345.1013	1.360711	2.740357
37860	-817.5131	-1162.614	345.1013	1.360711	2.740357
37866	-821.3415	-1166.443	345.1013	1.360711	2.740357
37872	-819.7693	-1164.871	345.1013	1.360711	2.740357
37878	-820.4289	-1165.53	345.1013	1.360711	2.740357
37884	-826.7478	-1171.849	345.1013	1.360711	2.740357
37890	-828.6624	-1173.764	345.1013	1.360711	2.740357
37896	-826.0964	-1171.198	345.1013	1.360711	2.740357
37902	-823.9145	-1169.016	345.1013	1.360711	2.740357
37908	-821.5239	-1166.625	345.1013	1.360711	2.740357
37914	-821.4355	-1166.537	345.1013	1.360711	2.740357
37920	-820.4208	-1165.522	345.1013	1.360711	2.740357
37926	-819.1787	-1164.28	345.1013	1.360711	2.740357
37932	-823.2202	-1168.322	345.1013	1.360711	2.740357
37938	-825.6199	-1170.721	345.1013	1.360711	2.740357
37944	-824.4199	-1169.521	345.1013	1.360711	2.740357
37950	-823.3216	-1168.423	345.1013	1.360711	2.740357
37956	-819.6969	-1164.798	345.1013	1.360711	2.740357
37962	-828.939	-1174.04	345.1013	1.360711	2.740357
37968	-827.5159	-1172.617	345.1013	1.360711	2.740357
37974	-825.1697	-1170.271	345.1013	1.360711	2.740357
37980	-819.8697	-1164.971	345.1013	1.360711	2.740357
37986	-822.8516	-1167.953	345.1013	1.360711	2.740357
37992	-821.9916	-1167.093	345.1013	1.360711	2.740357
37998	-825.6542	-1170.755	345.1013	1.360711	2.740357
38004	-828.7425	-1173.844	345.1013	1.360711	2.740357
38010	-835.6078	-1180.709	345.1013	1.360711	2.740357
38016	-829.2673	-1174.369	345.1013	1.360711	2.740357
38022	-831.0996	-1176.201	345.1013	1.360711	2.740357
38028	-833.3319	-1179.133	345.8007	1.377664	2.293079
38034	-834.7844	-1180.149	345.3642	1.173046	2.694242
38040	-829.0684	-1174.308	345.2399	1.368013	2.650799
38046	-839.8804	-1184.984	345.1034	1.372254	2.731986
38052	-829.1136	-1174.91	345.7965	1.652807	2.117839
38058	-833.6419	-1179.665	346.023	1.584361	2.01358
38064	-828.9012	-1175.374	346.4727	1.674176	1.641744
38070	-831.2032	-1177.566	346.3628	1.732843	1.6784
38076	-825.879	-1171.571	345.6922	1.405944	2.344192
38082	-838.8142	-1183.977	345.1625	1.334826	2.718725
38088	-839.287	-1184.022	344.7349	1.394365	2.942269
38094	-828.8285	-1173.746	344.9179	1.605343	2.702814
38100	-834.4985	-1179.777	345.2787	1.483022	2.555576
38106	-832.904	-1178.258	345.3544	1.361685	2.583889
38112	-819.5644	-1163.274	343.7095	1.384195	3.554563
38118	-817.3954	-1162.982	345.5864	1.479108	2.364896
38124	-812.5728	-1157.959	345.3858	1.530932	2.45877
38130	-831.3357	-1176.406	345.0703	1.512695	2.666104
38136	-827.9865	-1174.327	346.3408	1.689931	1.72436
38142	-819.0826	-1164.527	345.4445	1.582255	2.389469
38148	-814.6843	-1160.277	345.5923	1.434398	2.389469
38154	-834.8831	-1179.546	344.6628	1.317586	3.03166
38160	-841.3075	-1186.436	345.1282	1.524628	2.623054
38166	-838.7712	-1184.233	345.4616	1.592594	2.372069
38172	-834.5598	-1180.314	345.7543	1.466644	2.265814
38178	-821.8183	-1167.2	345.3814	1.457333	2.507611
38184	-832.3871	-1178.342	345.9546	1.451828	2.145847
38190	-829.4898	-1175.252	345.7619	1.626863	2.157378
38196	-830.8037	-1177.296	346.4918	1.662932	1.63609
38202	-842.4612	-1188.042	345.5811	1.572465	2.308921
38208	-830.2861	-1176.67	346.3843	1.818745	1.601132
38214	-829.8184	-1176.085	346.2668	1.619105	1.825198
38220	-839.8309	-1185.462	345.6314	1.526657	2.306053
38226	-838.5149	-1183.435	344.9206	1.373317	2.842721
38232	-832.7758	-1178.777	346.0011	1.696109	1.953482
38238	-848.8457	-1194.539	345.6933	1.642296	2.191907
38244	-845.5712	-1192.088	346.5163	1.827202	1.497435
38250	-847.0165	-1193.4	346.3836	1.814871	1.604447
38256	-841.6899	-1188.232	346.5419	1.569862	1.666891
38262	-840.2727	-1186.306	346.0331	1.61795	1.984451
38268	-843.8445	-1189.983	346.1383	1.353329	2.090114
38274	-841.1508	-1187.503	346.3524	1.627475	1.760046
38280	-829.9185	-1176.241	346.3226	1.440283	1.909186
38286	-844.8952	-1191.468	346.573	1.58186	1.635986
38292	-839.9854	-1186.622	346.6369	1.689252	1.510436
38298	-843.9863	-1190.608	346.6213	1.757375	1.470913
38304	-864.9576	-1210.341	345.3839	1.578214	2.430269
38310	-853.4131	-1198.33	344.9172	1.256906	2.915197
38316	-862.594	-1207.183	344.5891	1.261345	3.109274
38322	-856.3693	-1200.93	344.5612	1.289258	3.109274
38328	-841.1585	-1185.671	344.5126	1.236046	3.169833
38334	-821.57	-1166.137	344.5674	1.291859	3.10401
38340	-826.9583	-1172.329	345.3712	1.359868	2.57465
38346	-830.7302	-1177.292	346.5623	1.515696	1.690933
38352	-843.1745	-1189.802	346.6274	1.596684	1.585774
38358	-833.9443	-1180.424	346.4797	1.598966	1.690492
38364	-839.9428	-1185.863	345.9207	1.377798	2.215886
38370	-843.5194	-1189.132	345.6124	1.334771	2.43964
38376	-849.3825	-1195.352	345.9693	1.384804	2.179895
38382	-838.5662	-1184.533	345.9663	1.39285	2.176628
38388	-849.497	-1195.075	345.5784	1.336192	2.460123
38394	-843.1591	-1189.544	346.3846	1.67123	1.706662
38400	-840.5791	-1186.5	345.9208	1.544906	2.1071
38406	-837.5609	-1183.457	345.8965	1.569183	2.1071
38412	-831.5561	-1177.655	346.0991	1.522679	2.004007
38418	-817.8397	-1163.85	346.0104	1.431708	2.122588
38424	-829.1604	-1174.717	345.5564	1.630363	2.287718
38430	-843.099	-1187.456	344.3568	1.292559	3.228659
38436	-843.9597	-1188.424	344.4644	1.184954	3.228659
38442	-838.1726	-1184.207	346.0346	1.510017	2.05517
38448	-843.5933	-1189.346	345.7527	1.360294	2.334776
38454	-850.1085	-1195.592	345.4835	1.333505	2.521183
38460	-859.1841	-1205.428	346.2443	1.776745	1.731172
38466	-856.7295	-1203.413	346.6831	1.691018	1.474339
38472	-854.4193	-1200.483	346.0633	1.757911	1.869548
38478	-862.1482	-1208.521	346.3733	1.616758	1.752937
38484	-863.9178	-1210.537	346.6195	2.164866	1.141111
38490	-857.6347	-1203.526	345.8911	1.405409	2.217175
38496	-850.236	-1195.607	345.3708	1.544942	2.459361
38502	-850.2744	-1197.227	346.9521	1.958318	1.023863
38508	-847.5852	-1194.42	346.8347	2.020158	1.076933
38514	-843.4729	-1190.288	346.8156	1.812468	1.274609
38520	-851.3699	-1195.804	344.4342	0.9541752	3.382394
38526	-849.6642	-1192.543	342.8786	0.9231735	4.295149
38532	-847.5101	-1193.445	345.9352	1.459042	2.153802
38538	-845.6719	-1191.806	346.1338	1.60267	1.927081
38544	-844.6698	-1191.641	346.9709	1.700497	1.238576
38550	-826.127	-1172.45	346.3228	1.635408	1.775162
38556	-808.2398	-1154.995	346.7553	1.513859	1.552731
38562	-823.5791	-1169.795	346.2158	1.79287	1.739886
38568	-820.3682	-1165.073	344.705	1.41328	2.948879
38574	-816.3193	-1161.736	345.4164	1.414742	2.512311
38580	-819.4978	-1164.646	345.1481	1.252018	2.778154
38586	-827.6583	-1172.065	344.407	0.9968748	3.373317
38592	-828.3293	-1172.557	344.228	1.17591	3.373317
38598	-838.1222	-1182.298	344.1756	1.228258	3.373317
38604	-851.0053	-1195.634	344.629	1.264017	3.083873
38610	-848.285	-1191.464	343.1786	0.9105309	4.132129
38616	-848.0616	-1191.471	343.4092	1.337593	3.755495
38622	-830.271	-1176.273	346.0018	1.514147	2.074094
38628	-829.6201	-1174.56	344.9403	1.460299	2.777856
38634	-837.6298	-1183.976	346.346	1.483814	1.863642
38640	-836.2651	-1180.635	344.3703	1.349419	3.186959
38646	-824.055	-1169.682	345.6269	1.618211	2.250295
38652	-827.2791	-1173.2	345.9207	1.450204	2.168985
38658	-837.4434	-1183.114	345.6707	1.367512	2.382239
38664	-826.0722	-1171.906	345.8333	1.560047	2.154365
38670	-833.9956	-1179.95	345.9544	1.495983	2.117151
38676	-825.8055	-1171.223	345.418	1.5044	2.455223
38682	-832.5052	-1177.715	345.2103	1.641005	2.499753
38688	-845.8181	-1190.855	345.0369	1.396467	2.757858
38694	-840.3176	-1184.959	344.641	1.375273	3.010153
38700	-837.9703	-1183.291	345.3211	1.634146	2.434578
38706	-833.5147	-1178.815	345.3003	1.654887	2.434578
38712	-847.0236	-1190.582	343.5579	1.212687	3.741793
38718	-824.8531	-1170.769	345.9157	1.254665	2.298168
38724	-830.1778	-1175.428	345.2502	1.23952	2.723384
38730	-821.3518	-1167.099	345.7468	1.230165	2.420881
38736	-831.8581	-1177.65	345.7922	1.331122	2.328203
38742	-845.9576	-1189.823	343.8654	1.160965	3.593713
38748	-844.4343	-1188.554	344.1195	1.450537	3.275529
38754	-830.7761	-1176.49	345.7142	1.429071	2.315485
38760	-834.2224	-1178.52	344.2978	1.187652	3.325365
38766	-827.9591	-1173.41	345.4506	1.44667	2.470998
38772	-833.1674	-1177.519	344.3512	1.21525	3.277645
38778	-820.5196	-1164.271	343.7512	1.520463	3.45079
38784	-817.2158	-1161.38	344.1643	1.30071	3.337366
38790	-826.402	-1170.542	344.1401	1.452638	3.26211
38796	-823.8286	-1168.757	344.9283	1.412255	2.814415
38802	-828.8439	-1173.772	344.9279	1.404859	2.819132
38808	-824.332	-1168.385	344.0527	1.258086	3.427882
38814	-840.586	-1184.745	344.1595	1.316317	3.331063
38820	-837.2493	-1182.375	345.1261	1.362957	2.723781
38826	-832.8009	-1177.511	344.7104	1.289103	3.020217
38832	-830.0769	-1176.017	345.9399	1.449215	2.157155
38838	-820.0565	-1165.856	345.7991	1.512152	2.207655
38844	-828.8285	-1174.819	345.9909	1.45114	2.122629
38850	-835.237	-1180.114	344.8769	1.545076	2.764782
38856	-844.3801	-1190.151	345.7704	1.460822	2.259198
38862	-831.7996	-1177.114	345.3144	1.710669	2.390553
38868	-812.9427	-1158.684	345.7414	1.409021	2.310943
38874	-814.6377	-1160.186	345.5483	1.523045	2.361227
38880	-850.7819	-1196.383	345.6007	1.572024	2.296659
38886	-853.9673	-1199.446	345.4784	1.549065	2.388992
38892	-849.745	-1195.553	345.8082	1.742574	2.05114
38898	-830.4555	-1176.126	345.6701	1.56583	2.256143
38904	-841.6247	-1187.122	345.4976	1.609766	2.338353
38910	-838.3068	-1183.874	345.5675	1.545482	2.334777
38916	-837.7676	-1183.757	345.9892	1.616221	2.014877
38922	-826.9615	-1173	346.0386	1.566768	2.014877
38928	-828.6613	-1174.793	346.1313	1.576088	1.946652
38934	-831.8976	-1177.925	346.0274	1.333427	2.175553
38940	-836.1662	-1183.175	347.0086	1.754326	1.160125
38946	-826.5398	-1173.276	346.7364	1.700049	1.426803
38952	-823.3163	-1169.811	346.4945	1.683725	1.619169
38958	-807.4636	-1153.524	346.06	1.535679	2.021376
38964	-812.036	-1158.581	346.5455	1.535818	1.688594
38970	-826.4087	-1171.37	344.9615	1.371663	2.818898
38976	-826.3233	-1171.823	345.4999	1.522591	2.392141
38982	-820.1427	-1166.104	345.9615	1.351051	2.206825
38988	-833.1411	-1178.797	345.6564	1.278864	2.447156
38994	-822.0085	-1167.15	345.1419	1.224266	2.798822
39000	-835.9388	-1180.608	344.6692	1.348879	3.009088
39006	-845.1459	-1190.93	345.784	1.349335	2.321796
39012	-844.1148	-1188.256	344.1415	1.09903	3.468967
39018	-842.9573	-1188.471	345.5137	1.267884	2.543238
39024	-845.8393	-1191.051	345.212	1.349676	2.679237
39030	-838.4245	-1183.599	345.1742	1.387506	2.679237
39036	-850.2055	-1194.174	343.9683	1.382615	3.404382
39042	-845.7815	-1188.827	343.0459	0.9706697	4.173379
39048	-821.2905	-1165.572	344.2815	1.250222	3.298138
39054	-823.804	-1169.654	345.8502	1.254968	2.339757
39060	-819.052	-1164.967	345.9153	1.374799	2.221289
39066	-834.9483	-1180.288	345.3397	1.265911	2.652175
39072	-816.9627	-1163.375	346.4127	1.80847	1.587912
39078	-824.02	-1170.688	346.6676	1.701824	1.477894
39084	-838.4708	-1183.741	345.2699	1.59998	2.48813
39090	-837.549	-1183.161	345.6122	1.35706	2.425727
39096	-848.355	-1194.627	346.2723	1.469999	1.923149
39102	-838.5054	-1183.797	345.2912	1.430069	2.58073
39108	-829.9967	-1174.357	344.3603	1.128579	3.323336
39114	-840.2318	-1184.919	344.6871	1.144384	3.12059
39120	-850.5763	-1195.003	344.427	1.4225	3.109855
39126	-852.0758	-1195.052	342.9758	1.171004	4.09932
39132	-851.195	-1195.541	344.3455	1.154893	3.316548
39138	-858.1214	-1200.823	342.7019	1.218912	4.22773
39144	-860.0311	-1205.422	345.3912	1.341841	2.573409
39150	-847.0755	-1193.342	346.2662	1.606194	1.834489
39156	-854.0225	-1200.253	346.2305	1.587096	1.872017
39162	-840.4325	-1185.061	344.6285	1.25043	3.092278
39168	-848.0955	-1193.852	345.757	1.575399	2.193981
39174	-846.4677	-1192.018	345.5506	1.534427	2.352548
39180	-840.0174	-1186.576	346.5584	1.59693	1.635648
39186	-849.5073	-1196.148	346.6408	1.513799	1.636203
39192	-842.848	-1188.459	345.6108	1.422615	2.385226
39198	-846.9841	-1192.6	345.6157	1.454382	2.362012
39204	-826.356	-1170.204	343.8484	1.203779	3.578705
39210	-819.9988	-1163.877	343.8786	1.215524	3.55434
39216	-829.4667	-1173.375	343.908	1.13708	3.58282
39222	-824.4817	-1170.493	346.0113	1.749779	1.910422
39228	-829.8535	-1176.778	346.9248	1.777028	1.212867
39234	-837.493	-1184.046	346.5527	1.991193	1.342698
39240	-822.7294	-1168.957	346.2277	1.429586	1.980295
39246	-820.1873	-1166.097	345.91	1.646036	2.047618
39252	-827.7449	-1174.182	346.4366	1.823794	1.559187
39258	-826.3643	-1172.039	345.6748	1.490555	2.301406
39264	-829.8218	-1175.848	346.0266	1.645072	1.970617
39270	-842.6362	-1188.874	346.2381	1.588408	1.865949
39276	-830.6672	-1175.613	344.9453	1.542054	2.724807
39282	-827.2825	-1172.453	345.1707	1.626362	2.533586
39288	-826.218	-1172.154	345.9357	1.57	2.080867
39294	-830.415	-1175.889	345.474	1.561788	2.383772
39300	-832.6117	-1178.774	346.1624	1.513292	1.967979
39306	-833.1929	-1179.215	346.0219	1.650454	1.970186
39312	-831.6731	-1178.073	346.4003	1.771225	1.624002
39318	-843.3537	-1189.531	346.177	1.802907	1.760029
39324	-833.9614	-1179.18	345.219	1.281282	2.716939
39330	-832.4013	-1177.54	345.139	1.347695	2.725245
39336	-832.9153	-1178.633	345.7175	1.320214	2.38255
39342	-837.5505	-1184.058	346.5075	1.40287	1.808314
39348	-842.6798	-1187.432	344.7519	1.476021	2.882688
39354	-830.7841	-1176.208	345.4235	1.356309	2.544316
39360	-824.697	-1169.799	345.1018	1.368787	2.73508
39366	-829.2489	-1174.611	345.3624	1.472401	2.51004
39372	-838.4305	-1184.482	346.052	1.586466	1.992849
39378	-830.1653	-1176.772	346.6069	1.542647	1.639804
39384	-819.1618	-1165.412	346.2499	1.778841	1.725788
39390	-825.4261	-1172.014	346.588	1.97331	1.328779
39396	-829.4	-1176.13	346.7304	1.903735	1.269618
39402	-821.7517	-1168.746	346.9944	2.007223	0.9304417
39408	-823.7786	-1170.529	346.7501	2.042721	1.133574
39414	-825.4055	-1172.234	346.8282	1.964636	1.133574
39420	-826.9587	-1173.537	346.5785	1.751633	1.507413
39426	-831.1574	-1177.868	346.7109	1.83645	1.339979
39432	-838.6817	-1184.792	346.1105	1.464082	2.035335
39438	-830.7808	-1177.227	346.4463	1.65514	1.674247
39444	-835.2443	-1181.391	346.1465	1.663588	1.877129
39450	-845.3371	-1190.049	344.7123	1.310393	3.006309
39456	-836.8261	-1181.803	344.9772	1.358237	2.817521
39462	-846.8979	-1188.92	342.0219	1.063526	4.698157
39468	-838.2968	-1183.847	345.5498	1.187396	2.570816
39474	-859.3876	-1205.583	346.195	2.007279	1.601673
39480	-860.4124	-1206.789	346.3765	1.768757	1.642935
39486	-846.5522	-1192.705	346.1526	1.764721	1.803491
39492	-848.5936	-1194.959	346.3656	1.739292	1.671823
39498	-840.11	-1185.35	345.2399	1.563922	2.529358
39504	-842.8653	-1188.365	345.4994	1.690071	2.285973
39510	-856.4	-1201.002	344.6024	1.349001	3.048997
39516	-843.419	-1187.321	343.9016	1.201116	3.549331
39522	-834.7852	-1179.678	344.8929	1.494184	2.786099
39528	-831.515	-1176.077	344.5622	1.267985	3.121328
39534	-835.2932	-1180.084	344.7903	1.290197	2.971581
39540	-824.3176	-1168.751	344.4337	1.12542	3.281942
39546	-826.2698	-1170.601	344.3316	1.24376	3.272362
39552	-842.4694	-1186.436	343.9665	1.084821	3.579222
39558	-835.9785	-1181.304	345.3257	1.532184	2.495606
39564	-825.9905	-1170.968	344.9779	1.316024	2.842711
39570	-836.5984	-1182.893	346.2942	1.370007	1.975624
39576	-835.5911	-1180.754	345.1626	1.424947	2.663303
39582	-826.9151	-1170.612	343.6967	1.20655	3.665105
39588	-832.2746	-1177.957	345.6827	1.352724	2.383972
39594	-839.0681	-1183.832	344.764	1.422532	2.907694
39600	-832.4016	-1177.191	344.7896	1.396941	2.907694
39606	-827.2746	-1172.117	344.8422	1.344384	2.907694
39612	-833.7381	-1179.415	345.6772	1.634326	2.207486
39618	-835.1524	-1181.23	346.0781	1.501554	2.031957
39624	-822.1765	-1167.685	345.5086	1.588152	2.3451
39630	-826.2294	-1171.313	345.0839	1.479964	2.677894
39636	-814.7655	-1160.749	345.9836	1.695285	1.965846
39642	-823.5935	-1169.748	346.1544	1.709611	1.840251
39648	-819.6072	-1165.937	346.3298	1.74013	1.696638
39654	-820.5662	-1166.904	346.3383	1.73167	1.696638
39660	-826.6858	-1173.349	346.6634	1.64102	1.526603
39666	-824.714	-1171.131	346.4166	1.685733	1.673627
39672	-826.8071	-1173.039	346.2316	1.562883	1.887769
39678	-833.458	-1178.803	345.3452	1.592273	2.445735
39684	-822.829	-1168.502	345.6734	1.467605	2.316901
39690	-833.9101	-1179.47	345.5595	1.451281	2.399545
39696	-821.3369	-1166.923	345.586	1.424815	2.399545
39702	-829.8492	-1175.57	345.7211	1.289716	2.399545
39708	-823.3232	-1168.841	345.518	1.323196	2.506086
39714	-824.834	-1169.177	344.3435	1.247021	3.263452
39720	-818.4362	-1164.326	345.8902	1.330332	2.266051
39726	-821.1164	-1166.779	345.6625	1.330332	2.410869
39732	-840.1118	-1184.9	344.7883	1.271078	2.984296
39738	-832.337	-1176.998	344.6608	1.109676	3.15684
39744	-827.8381	-1172.18	344.3418	1.295247	3.235932
39750	-815.8568	-1161.315	345.4581	1.416433	2.485206
39756	-831.5923	-1177.537	345.9451	1.555386	2.084278
39762	-843.451	-1190.069	346.618	1.467982	1.685313
39768	-853.1877	-1199.279	346.0911	1.823774	1.805215
39774	-855.8275	-1202.243	346.416	1.491069	1.810589
39780	-844.5489	-1190.474	345.9251	1.39682	2.200726
39786	-844.4726	-1189.554	345.0811	1.409613	2.722776
39792	-854.1384	-1198.201	344.0626	1.343388	3.372047
39798	-857.3401	-1202.442	345.1021	1.435853	2.69378
39804	-846.7879	-1192.719	345.9308	1.495889	2.132658
39810	-838.7658	-1183.62	344.8541	1.146292	3.019689
39816	-834.3817	-1178.871	344.4891	1.142882	3.238926
39822	-837.5425	-1182.262	344.7191	1.14622	3.100403
39828	-842.1496	-1186.996	344.8462	1.363332	2.89385
39834	-839.8254	-1185.458	345.633	1.613065	2.249677
39840	-853.3983	-1200.155	346.7563	1.692182	1.417549
39846	-840.058	-1186.67	346.6124	1.65324	1.555321
39852	-824.4455	-1171.041	346.5955	1.562959	1.633407
39858	-839.408	-1185.455	346.0474	1.523688	2.037691
39864	-853.6312	-1200.13	346.4988	1.751173	1.566838
39870	-848.1822	-1194.293	346.1104	1.393057	2.082315
39876	-841.465	-1187.447	345.982	1.543799	2.067626
39882	-831.5284	-1177.315	345.7865	1.324923	2.335772
39888	-833.9341	-1177.974	344.0397	1.494858	3.296445
39894	-829.7361	-1174.979	345.2433	1.405432	2.625572
39900	-836.125	-1181.554	345.4293	1.331526	2.55613
39906	-826.7705	-1171.853	345.0828	1.438262	2.704142
39912	-835.371	-1179.649	344.2785	1.249115	3.300568
39918	-832.0206	-1176.668	344.6478	1.05785	3.195327
39924	-830.0311	-1176.84	346.8092	1.860485	1.240011
39930	-832.4727	-1179.186	346.7132	1.678685	1.460894
39936	-826.0361	-1172.671	346.6349	1.716247	1.491668
39942	-831.3554	-1177.881	346.5261	1.698717	1.585289
39948	-824.9101	-1170.633	345.7233	1.566002	2.2218
39954	-831.3638	-1176.229	344.8652	1.302033	2.9194
39960	-834.8564	-1177.125	342.2689	0.9551023	4.620575
39966	-839.1882	-1182.974	343.7859	1.001989	3.731791
39972	-862.6893	-1208.143	345.4533	1.281715	2.572194
39978	-857.6745	-1202.117	344.4424	1.207888	3.228117
39984	-852.9719	-1196.366	343.3944	1.139816	3.877856
39990	-849.4634	-1191.044	341.581	0.9774756	4.99199
39996	-839.2435	-1183.426	344.1821	1.090224	3.450369
40002	-825.5743	-1170.234	344.6597	1.395856	2.986569
40008	-831.0219	-1176.838	345.8157	1.463029	2.228624
40014	-829.4839	-1174.461	344.977	1.063936	2.99536
40020	-828.5493	-1173.853	345.3041	1.27359	2.669411
40026	-836.5734	-1181.605	345.0312	1.082575	2.951613
40032	-834.8501	-1178.821	343.9704	1.101861	3.567013
40038	-837.8914	-1180.991	343.0993	1.003215	4.12452
40044	-835.6849	-1182.403	346.7181	1.619365	1.501941
40050	-825.0618	-1171.455	346.3935	1.469885	1.840659
40056	-826.512	-1172.117	345.6048	1.33654	2.443314
40062	-834.007	-1178.354	344.3472	1.21608	3.27954
40068	-829.9228	-1175.333	345.4105	1.258772	2.612885
40074	-820.1802	-1164.387	344.2063	1.002924	3.487224
40080	-834.1008	-1178.908	344.8069	1.381223	2.906784
40086	-836.1056	-1182.017	345.9116	1.395852	2.210083
40092	-846.3845	-1191.168	344.7839	1.218463	3.018501
40098	-840.5235	-1184.937	344.4135	1.242021	3.225012
40104	-849.2945	-1194.22	344.9259	1.24407	2.917723
40110	-835.2032	-1181.508	346.305	1.794181	1.675855
40116	-842.7624	-1188.994	346.2316	1.830717	1.702075
40122	-847.8164	-1192.207	344.3903	1.119887	3.310821
40128	-833.1426	-1177.119	343.9761	1.119255	3.553599
40134	-843.1009	-1187.119	344.018	1.337589	3.401618
40140	-838.4148	-1184.673	346.2583	1.82002	1.690725
40146	-821.2976	-1167.265	345.967	1.664428	1.997529
40152	-833.296	-1179.207	345.9108	1.645973	2.047171
40158	-837.009	-1182.968	345.9594	1.597286	2.047171
40164	-850.3728	-1195.704	345.3313	1.553978	2.478519
40170	-838.3251	-1183.466	345.1404	1.526574	2.614323
40176	-836.8567	-1183.436	346.5795	1.75174	1.506599
40182	-835.2211	-1181.602	346.3812	1.803266	1.61465
40188	-846.5362	-1192.745	346.2086	1.827584	1.72055
40194	-842.1865	-1188.425	346.2387	1.668109	1.810801
40200	-837.0192	-1183.161	346.1416	1.745425	1.824447
40206	-846.8221	-1193.309	346.487	1.745425	1.579733
40212	-845.8091	-1192.374	346.5653	1.860214	1.435188
40218	-844.783	-1191.391	346.6079	1.85058	1.409765
40224	-835.2638	-1180.758	345.4947	1.314842	2.525841
40230	-842.5994	-1188.084	345.4844	1.718953	2.277104
40236	-823.0634	-1168.995	345.9316	1.538118	2.104459
40242	-831.5777	-1176.691	345.113	1.440468	2.684271
40248	-840.3713	-1185.825	345.4534	1.392864	2.50292
40254	-843.5085	-1187.775	344.2665	1.331714	3.258893
40260	-835.6234	-1180.27	344.6463	1.340596	3.027768
40266	-830.0741	-1174.489	344.4151	1.213263	3.241097
40272	-828.8719	-1172.347	343.4756	1.054612	3.880134
40278	-836.5286	-1179.76	343.2316	1.050144	4.022352
40284	-834.6871	-1179.304	344.6164	1.266154	3.090118
40290	-836.6194	-1180.702	344.0823	1.223282	3.430957
40296	-846.5241	-1191.775	345.2505	1.405028	2.621398
40302	-836.6135	-1182.726	346.1124	1.485923	2.019617
40308	-828.1961	-1174.412	346.2158	1.382196	2.019775
40314	-834.0479	-1179.563	345.515	1.49362	2.400906
40320	-843.6651	-1190.058	346.3925	2.010087	1.452697
40326	-831.7906	-1178.41	346.6198	1.905463	1.357466
40332	-842.8787	-1188.584	345.7049	1.32718	2.38609
40338	-826.7403	-1172.009	345.269	1.472166	2.568357
40344	-836.9027	-1181.127	344.2247	1.206081	3.357538
40350	-840.3214	-1185.975	345.6533	1.204476	2.495723
40356	-839.9678	-1185.321	345.3532	1.322889	2.608696
40362	-818.8689	-1165.007	346.1382	1.475276	2.009525
40368	-829.1969	-1175.367	346.1697	1.455107	2.001933
40374	-836.2387	-1182.167	345.9279	1.338695	2.236452
40380	-844.686	-1190.369	345.6832	1.583442	2.236452
40386	-844.8728	-1191.091	346.2183	1.615983	1.860637
40392	-834.7121	-1180.547	345.835	1.805477	1.991485
40398	-832.4367	-1178.554	346.1175	1.704476	1.869044
40404	-834.7203	-1180.611	345.8904	1.524327	2.14048
40410	-842.2848	-1188.383	346.0979	1.555842	1.982669
40416	-842.0714	-1188.094	346.0222	1.545891	2.039645
40422	-838.6191	-1184.999	346.3801	1.648812	1.725636
40428	-827.2984	-1173.51	346.2117	1.576535	1.891979
40434	-836.3946	-1183.165	346.77	1.737952	1.371124
40440	-832.7803	-1179.759	346.9792	1.67667	1.251606
40446	-827.855	-1174.502	346.6469	1.750595	1.456601
40452	-844.0791	-1190.782	346.7025	1.707064	1.447384
40458	-837.8707	-1183.537	345.6662	1.895068	2.044134
40464	-842.1553	-1188.877	346.7214	1.821813	1.343228
40470	-841.7314	-1188.744	347.0128	1.814451	1.102428
40476	-855.5514	-1202.618	347.0661	1.761184	1.102428
40482	-851.3128	-1198.399	347.0857	1.680077	1.157567
40488	-837.0456	-1183.845	346.7996	1.856348	1.251467
40494	-819.9546	-1166.835	346.8802	1.775827	1.251467
40500	-818.1098	-1164.882	346.7721	1.775827	1.339488
40506	-816.9115	-1163.671	346.759	1.65643	1.442894
40512	-826.6733	-1173.167	346.4941	1.693372	1.612409
40518	-833.52	-1180.161	346.6406	1.60516	1.569921
40524	-830.1414	-1176.324	346.1831	1.643913	1.865601
40530	-835.8562	-1182.236	346.3798	1.743786	1.658439
40536	-830.4586	-1176.503	346.0444	1.644806	1.95892
40542	-832.6561	-1179.137	346.4809	1.638589	1.661406
40548	-829.175	-1173.593	344.4178	1.372013	3.14539
40554	-842.2337	-1186.64	344.406	1.167461	3.273486
40560	-855.0233	-1198.207	343.1836	1.211768	3.957444
40566	-864.2304	-1208.731	344.5003	1.315424	3.129923
40572	-834.279	-1178.525	344.2456	1.183042	3.358785
40578	-826.5401	-1171.785	345.2452	1.598308	2.504638
40584	-821.6238	-1166.744	345.12	1.491138	2.648795
40590	-825.5501	-1171.14	345.5902	1.491138	2.354873
40596	-831.9014	-1176.282	344.3801	1.426622	3.13532
40602	-838.5059	-1183.502	344.9966	1.231606	2.882527
40608	-848.0476	-1192.173	344.125	1.320601	3.348826
40614	-842.6279	-1188.451	345.8231	1.421135	2.250838
40620	-840.1734	-1184.079	343.9052	1.329658	3.472304
40626	-838.8582	-1184.559	345.7012	1.430129	2.323066
40632	-849.6867	-1195.64	345.9531	1.489039	2.12256
40638	-854.552	-1199.386	344.8343	1.60741	2.752748
40644	-853.5077	-1199.079	345.5715	1.443581	2.396845
40650	-835.2013	-1181.44	346.2385	1.458427	1.953712
40656	-830.3341	-1176.711	346.3767	1.810778	1.612414
40662	-852.0374	-1196.973	344.9355	1.274854	2.893353
40668	-846.6774	-1192.298	345.621	1.576464	2.280848
40674	-843.1596	-1188.118	344.9587	1.450351	2.772682
40680	-841.0157	-1186.543	345.5271	1.380004	2.464795
40686	-836.9342	-1182.933	345.999	1.431329	2.13029
40692	-833.1549	-1177.4	344.2449	1.255376	3.316642
40698	-840.2972	-1184.701	344.404	1.096237	3.316642
40704	-847.8317	-1192.095	344.2632	1.120167	3.385362
40710	-831.3083	-1176.628	345.3193	1.29873	2.644544
40716	-832.2544	-1177.798	345.544	1.346352	2.475326
40722	-830.5989	-1176.192	345.5931	1.348707	2.443014
40728	-841.7845	-1186.85	345.0651	1.397069	2.740214
40734	-839.791	-1185.379	345.588	1.273593	2.493283
40740	-852.4247	-1197.678	345.2531	1.337179	2.661608
40746	-851.5945	-1195.979	344.3842	1.107295	3.321824
40752	-848.0786	-1192.35	344.2716	1.271706	3.291307
40758	-852.1729	-1198.281	346.108	1.547169	1.981725
40764	-830.2161	-1172.881	342.6649	0.928339	4.412936
40770	-828.6435	-1172.179	343.5359	1.099173	3.819898
40776	-829.3008	-1171.951	342.6499	1.035122	4.361167
40782	-832.1336	-1176.955	344.8216	1.173639	3.022763
40788	-829.8456	-1174.184	344.3383	1.18204	3.304811
40794	-824.6195	-1170.427	345.8073	1.399799	2.274698
40800	-826.3164	-1172.363	346.0462	1.752146	1.885143
40806	-833.6934	-1180.136	346.4426	1.574438	1.733989
40812	-841.7812	-1187.514	345.7327	1.585491	2.203156
40818	-840.194	-1185.545	345.3514	1.558159	2.463294
40824	-834.6373	-1180.263	345.6257	1.4243	2.374776
40830	-840.877	-1185.851	344.9743	1.465006	2.754225
40836	-833.0338	-1178.172	345.1379	1.30143	2.754225
40842	-826.9925	-1171.235	344.2421	1.18746	3.358234
40848	-835.4192	-1180.259	344.8394	1.377268	2.889498
40854	-823.1982	-1168.384	345.1858	1.187188	2.794669
40860	-827.604	-1172.171	344.5667	1.279611	3.111762
40866	-815.8849	-1160.432	344.5467	1.155453	3.197392
40872	-830.4505	-1175.39	344.9399	1.359393	2.839485
40878	-832.0064	-1177.369	345.3626	1.4272	2.538106
40884	-843.0942	-1188.584	345.4898	1.22748	2.583203
40890	-835.2204	-1180.762	345.5415	1.33105	2.486455
40896	-848.7278	-1194.149	345.4209	1.411929	2.511273
40902	-849.2275	-1195.447	346.2197	1.588006	1.878761
40908	-837.1441	-1183.012	345.8682	1.560479	2.131336
40914	-830.4722	-1175.943	345.4705	1.499329	2.425397
40920	-827.5344	-1173.77	346.236	1.46708	1.949596
40926	-836.5396	-1181.41	344.8703	1.291841	2.922462
40932	-836.4259	-1180.978	344.5518	1.237133	3.145889
40938	-825.8537	-1171.247	345.3931	1.237133	2.637027
40944	-825.7312	-1170.936	345.2047	1.188578	2.782309
40950	-843.2719	-1187.843	344.5714	1.071145	3.23266
40956	-838.7706	-1183.221	344.4504	1.194102	3.231544
40962	-839.2729	-1184.156	344.8832	1.27643	2.923935
40968	-842.3813	-1186.537	344.1552	1.166035	3.421742
40974	-841.3649	-1187.13	345.7652	1.439431	2.276229
40980	-829.3583	-1175.217	345.8585	1.549039	2.145125
40986	-825.2027	-1171.22	346.0168	1.453439	2.104129
40992	-856.3952	-1202.883	346.4877	1.728892	1.59125
40998	-850.9745	-1197.386	346.4111	1.828519	1.574472
41004	-844.4038	-1190.941	346.5369	1.702678	1.574472
41010	-845.7944	-1190.926	345.1313	1.432049	2.678217
41016	-833.1363	-1179.154	346.0182	1.50773	2.067542
41022	-820.678	-1166.215	345.5372	1.33434	2.487086
41028	-830.606	-1176.265	345.659	1.33434	2.410557
41034	-823.8322	-1169.392	345.5595	1.481114	2.380674
41040	-829.075	-1172.747	343.6721	1.179668	3.694868
41046	-821.9465	-1166.555	344.6089	1.105107	3.190368
41052	-819.3127	-1162.933	343.6205	1.017075	3.818409
41058	-824.4958	-1167.577	343.081	1.055242	4.10531
41064	-829.7535	-1174.829	345.0755	1.333904	2.772492
41070	-823.705	-1168.789	345.0837	1.26583	2.808973
41076	-826.7636	-1171.582	344.8184	1.29918	2.949287
41082	-813.9396	-1158.154	344.2143	1.341529	3.283924
41088	-832.1623	-1177.297	345.1343	1.590366	2.578586
41094	-839.7582	-1185.911	346.1531	1.570743	1.935594
41100	-833.0299	-1179.56	346.5306	1.721377	1.565409
41106	-821.292	-1167.753	346.4608	1.78906	1.566922
41112	-825.2869	-1171.881	346.5937	1.638735	1.579703
41118	-829.5598	-1175.892	346.3319	1.902168	1.578504
41124	-824.3573	-1170.948	346.5903	1.642705	1.579301
41130	-824.1235	-1170.743	346.6198	1.892847	1.367471
41136	-832.9288	-1179.291	346.3624	1.7173	1.689717
41142	-834.7252	-1181.077	346.3522	1.615887	1.768251
41148	-842.2138	-1188.89	346.6762	1.441805	1.662444
41154	-838.4615	-1183.511	345.049	1.601272	2.624633
41160	-827.4162	-1172.824	345.4075	1.402127	2.525784
41166	-840.0401	-1185.98	345.9396	1.686394	2.001175
41172	-845.1332	-1191.251	346.1179	1.66449	1.895974
41178	-854.3283	-1198.874	344.5461	1.524785	2.977371
41184	-845.4531	-1190.741	345.2876	1.576209	2.491953
41190	-834.2644	-1180.18	345.9158	1.411309	2.197413
41196	-842.7016	-1187.998	345.2967	1.349221	2.627327
41202	-829.5096	-1174.766	345.2568	1.285605	2.691073
41208	-832.8436	-1178.166	345.3223	1.257637	2.668021
41214	-836.4228	-1182.055	345.6323	1.341759	2.422694
41220	-829.485	-1174.372	344.887	1.308502	2.902335
41226	-825.7871	-1169.545	343.7583	1.201326	3.63243
41232	-837.3731	-1181.698	344.3244	1.221491	3.289752
41238	-834.4707	-1178.064	343.5931	1.071831	3.802706
41244	-837.328	-1181.245	343.9166	1.137916	3.577381
41250	-853.5402	-1198.738	345.1983	1.436982	2.633902
41256	-832.1727	-1177.308	345.1354	1.408712	2.690045
41262	-842.4435	-1187.178	344.7345	1.233182	3.039262
41268	-832.8982	-1177.447	344.5487	1.317334	3.099957
41274	-822.8151	-1168.481	345.6659	1.317133	2.41709
41280	-820.9366	-1166.245	345.308	1.351302	2.619072
41286	-830.6169	-1175.117	344.5005	1.358941	3.103889
41292	-827.1444	-1172.182	345.0378	1.257451	2.841908
41298	-839.5002	-1185.775	346.275	1.527782	1.882133
41304	-848.8686	-1195.758	346.889	1.895907	1.14067
41310	-831.702	-1178.328	346.6256	1.561275	1.612905
41316	-826.3417	-1171.189	344.8473	1.305353	2.92818
41322	-825.5724	-1170.924	345.352	1.339517	2.599144
41328	-820.0407	-1163.977	343.9368	1.176342	3.543284
41334	-820.8084	-1165.542	344.7338	1.313206	2.991713
41340	-817.0991	-1161.901	344.8014	1.245602	2.991713
41346	-839.4824	-1183.709	344.2266	1.342431	3.27614
41352	-822.6279	-1167.952	345.3238	1.321743	2.627577
41358	-813.7169	-1159.557	345.8399	1.74358	2.029474
41364	-818.4717	-1164.802	346.3306	1.493569	1.867531
41370	-832.5384	-1177.648	345.1094	1.671382	2.543758
41376	-826.8837	-1172.582	345.6979	1.444737	2.315903
41382	-820.477	-1165.85	345.3734	1.357556	2.574705
41388	-817.3921	-1162.545	345.1529	1.357556	2.710686
41394	-809.0551	-1154.975	345.9196	1.484028	2.147696
41400	-814.2902	-1159.63	345.3395	1.662521	2.405091
41406	-820.8045	-1166.376	345.5713	1.446155	2.395339
41412	-820.6709	-1167.396	346.7252	1.856866	1.312097
41418	-825.5019	-1171.839	346.3366	1.931607	1.553412
41424	-833.0041	-1178.779	345.7749	1.571772	2.184691
41430	-837.6839	-1182.354	344.6697	1.514191	2.909325
41436	-842.1514	-1187.98	345.8284	1.474258	2.213191
41442	-842.6325	-1187.938	345.3052	1.408022	2.585663
41448	-843.1441	-1188.128	344.9836	1.199045	2.910075
41454	-849.6987	-1196.414	346.7149	2.135355	1.081267
41460	-840.9321	-1187.66	346.7278	2.158238	1.047518
41466	-847.6039	-1194.073	346.4686	1.767874	1.576713
41472	-841.025	-1186.83	345.8055	1.390129	2.282007
41478	-842.681	-1187.987	345.306	1.370604	2.60838
41484	-836.1289	-1181.817	345.6881	1.477349	2.301328
41490	-834.9227	-1179.699	344.7766	1.272422	2.990516
41496	-822.1942	-1165.853	343.6584	1.283414	3.642765
41502	-828.6896	-1173.215	344.5249	1.231116	3.165413
41508	-835.9954	-1182.34	346.3448	1.456839	1.882859
41514	-843.0637	-1189.763	346.6989	1.736118	1.427859
41520	-842.858	-1189.523	346.6649	1.878642	1.342937
41526	-842.3259	-1188.907	346.5815	1.72332	1.526334
41532	-835.9707	-1182.583	346.6122	1.695642	1.524049
41538	-832.7805	-1177.014	344.234	1.282958	3.306824
41544	-827.9805	-1172.614	344.6335	1.282958	3.069878
41550	-841.2501	-1184.695	343.4448	1.126733	3.856425
41556	-848.776	-1192.046	343.2702	1.301309	3.856425
41562	-866.6064	-1211.957	345.3509	1.427964	2.544914
41568	-861.0418	-1206.333	345.2912	1.487679	2.544914
41574	-837.4584	-1182.991	345.5326	1.457993	2.412312
41580	-850.5328	-1193.93	343.3974	0.9406794	3.99018
41586	-843.4467	-1186.599	343.1518	0.9953946	4.099101
41592	-854.8509	-1200.166	345.3149	1.278791	2.659541
41598	-837.3465	-1181.779	344.4321	1.381765	3.131045
41604	-837.9663	-1183.675	345.7086	1.533561	2.252155
41610	-834.3029	-1179.907	345.604	1.638176	2.252155
41616	-830.8453	-1177.551	346.7054	1.883624	1.306481
41622	-832.6742	-1179.157	346.4824	1.938739	1.438522
41628	-829.6358	-1176.002	346.3664	1.839977	1.598706
41634	-830.4265	-1176.574	346.1477	1.822496	1.766805
41640	-844.821	-1189.205	344.3844	0.9883858	3.391574
41646	-830.9335	-1174.175	343.242	0.9612079	4.0672
41652	-817.3904	-1160.491	343.1007	0.9984439	4.126452
41658	-809.1056	-1153.216	344.1103	1.158292	3.452584
41664	-824.6875	-1170.361	345.6731	1.301761	2.422219
41670	-823.1681	-1169.105	345.9366	1.591217	2.066235
41676	-831.9804	-1178.195	346.2148	1.464571	1.965493
41682	-823.522	-1168.975	345.453	1.604703	2.369881
41688	-831.2202	-1177.516	346.2955	1.564791	1.842772
41694	-830.0055	-1175.956	345.9507	1.893807	1.85363
41700	-829.1649	-1176.135	346.9697	1.895611	1.067116
41706	-834.9873	-1181.562	346.5744	1.865608	1.424086
41712	-839.4864	-1186.124	346.6373	1.743769	1.469101
41718	-838.1905	-1184.709	346.5185	1.611383	1.653922
41724	-849.2074	-1195.811	346.6035	1.942107	1.34131
41730	-853.7961	-1200.154	346.3581	1.483548	1.855574
41736	-840.1814	-1186.98	346.7981	1.774746	1.31948
41742	-840.4359	-1186.932	346.4959	1.838853	1.503957
41748	-848.2993	-1194.865	346.566	1.623635	1.610852
41754	-843.3772	-1189.595	346.2174	1.650921	1.837318
41760	-860.3807	-1206.292	345.9112	1.716869	1.99978
41766	-847.0951	-1193.865	346.7703	1.800406	1.321228
41772	-840.1513	-1186.725	346.5737	1.811654	1.465847
41778	-847.1873	-1193.507	346.3192	1.877584	1.605652
41784	-842.4505	-1188.802	346.3511	1.845776	1.605652
41790	-851.0653	-1194.695	343.6296	1.176489	3.721284
41796	-842.7474	-1186.54	343.7931	1.013019	3.721284
41802	-854.0976	-1197.744	343.6467	1.058447	3.779536
41808	-856.6807	-1200.252	343.5712	1.013571	3.848827
41814	-843.1379	-1188.288	345.1504	1.440285	2.66137
41820	-842.6425	-1188.204	345.5613	1.462738	2.391191
41826	-843.8062	-1188.163	344.357	1.400158	3.164753
41832	-849.369	-1194.733	345.3638	1.394406	2.55778
41838	-844.82	-1189.883	345.0629	1.513746	2.670051
41844	-841.6919	-1187.511	345.819	1.738317	2.046792
41850	-841.82	-1186.326	344.5064	1.298024	3.136645
41856	-843.364	-1187.81	344.4456	1.38471	3.121293
41862	-838.9372	-1183.522	344.5844	1.245856	3.121293
41868	-830.0474	-1173.15	343.1029	1.06284	4.088509
41874	-834.8417	-1178.48	343.6386	1.013643	3.810013
41880	-835.3917	-1179.269	343.877	1.089482	3.628445
41886	-831.9946	-1174.632	342.6371	1.077259	4.344584
41892	-830.159	-1174.171	344.0118	1.241218	3.461661
41898	-834.2268	-1179.009	344.7823	1.299352	2.970905
41904	-826.1673	-1170.928	344.7611	1.355374	2.949935
41910	-830.3526	-1176.653	346.3003	1.580717	1.828584
41916	-829.3476	-1176.19	346.842	1.739344	1.312644
41922	-822.3308	-1169.017	346.686	1.898093	1.310438
41928	-823.7823	-1169.888	346.1059	1.781733	1.824034
41934	-824.4043	-1170.903	346.4992	1.703076	1.601704
41940	-843.6509	-1189.154	345.5032	1.462453	2.428011
41946	-830.5148	-1176.599	346.0844	1.495438	2.031856
41952	-821.7344	-1166.635	344.9004	1.39426	2.842306
41958	-835.6351	-1179.962	344.3271	1.188419	3.307645
41964	-834.1948	-1176.537	342.342	1.111865	4.491442
41970	-839.0045	-1183.076	344.0719	1.160017	3.473993
41976	-837.4728	-1181.632	344.1595	1.204691	3.396608
41982	-830.5607	-1175.707	345.1464	1.227792	2.793936
41988	-837.8906	-1180.918	343.0276	1.23672	4.032337
41994	-821.9568	-1165.258	343.3015	1.039694	3.988419
42000	-836.74	-1178.393	341.6525	1.116373	4.874928
42006	-849.233	-1190.93	341.6969	1.071927	4.874928
42012	-843.2393	-1185.836	342.5964	0.8821803	4.477533
42018	-838.4746	-1182.025	343.5504	1.034834	3.848527
42024	-841.6386	-1185.84	344.2016	1.311674	3.308986
42030	-837.5549	-1181.749	344.1937	1.319534	3.308986
42036	-822.7673	-1167.873	345.1057	1.319534	2.762841
42042	-844.8867	-1190.94	346.0529	1.746772	1.884201
42048	-843.9588	-1189.97	346.0111	1.499127	2.077837
42054	-826.2517	-1171.357	345.1057	1.319534	2.762841
42060	-824.072	-1169.178	345.1057	1.319534	2.762841
42066	-826.1355	-1171.241	345.1057	1.319534	2.762841
42072	-838.8592	-1182.828	343.9686	0.9770937	3.640528
42078	-845.4	-1188.936	343.536	1.303711	3.701882
42084	-830.3957	-1175.501	345.1057	1.319534	2.762841
42090	-831.2351	-1176.341	345.1057	1.319534	2.762841
42096	-831.2165	-1176.322	345.1057	1.319534	2.762841
42102	-833.1611	-1178.267	345.1057	1.319534	2.762841
42108	-837.6402	-1182.746	345.1057	1.319534	2.762841
42114	-834.5929	-1179.359	344.7661	1.392488	2.924606
42120	-833.3976	-1179.505	346.1071	1.797587	1.812234
42126	-835.9388	-1182.314	346.3757	1.840243	1.591736
42132	-831.3725	-1178.005	346.6328	1.919773	1.335775
42138	-825.5688	-1171.912	346.3436	1.710355	1.707999
42144	-842.413	-1188.672	346.2585	1.569251	1.865056
42150	-840.6742	-1186.7	346.0261	1.511531	2.059795
42156	-827.8064	-1173.16	345.3539	1.536511	2.475299
42162	-842.9576	-1188.478	345.5202	1.896724	2.138998
42168	-840.1278	-1186.699	346.5709	1.759861	1.506988
42174	-829.8165	-1174.922	345.1057	1.319534	2.762841
42180	-841.942	-1187.048	345.1057	1.319534	2.762841
42186	-845.156	-1190.262	345.1057	1.319534	2.762841
42192	-842.5205	-1187.626	345.1057	1.319534	2.762841
42198	-834.9844	-1180.09	345.1057	1.319534	2.762841
42204	-850.7386	-1194.799	344.0606	1.319534	3.387252
42210	-843.1082	-1187.17	344.0613	1.318814	3.387252
42216	-838.6655	-1183.572	344.9069	1.259486	2.919906
42222	-828.9593	-1173.275	344.3161	1.295594	3.250916
42228	-819.7916	-1164.416	344.6246	1.37466	3.020377
42234	-821.6538	-1166.89	345.2364	1.37466	2.64886
42240	-824.0595	-1169.341	345.2816	1.485512	2.552252
42246	-819.7837	-1165.098	345.3148	1.46305	2.545582
42252	-826.3592	-1171.701	345.3415	1.436309	2.545582
42258	-828.167	-1172.958	344.7914	1.272389	2.981655
42264	-818.0461	-1161.027	342.981	1.212501	4.0727
42270	-826.8008	-1171.952	345.1517	1.331048	2.727643
42276	-839.3291	-1183.635	344.3062	1.248606	3.284483
42282	-828.8825	-1174.267	345.3848	1.328213	2.585819
42288	-828.8027	-1173.448	344.6457	1.34955	3.022743
42294	-825.9538	-1171.191	345.2377	1.429798	2.614018
42300	-838.0446	-1182.927	344.8828	1.357518	2.875208
42306	-831.8048	-1176.662	344.8571	1.507885	2.799538
42312	-833.9603	-1179.812	345.8518	1.66447	2.073868
42318	-827.7777	-1174.603	346.825	1.743655	1.322847
42324	-831.451	-1178.276	346.825	1.743655	1.322847
42330	-832.8736	-1179.333	346.4599	1.866035	1.510621
42336	-828.1402	-1174.905	346.7653	1.865708	1.272165
42342	-822.9738	-1168.714	345.7402	1.676638	2.13904
42348	-827.9711	-1174.087	346.1156	1.731844	1.851578
42354	-819.4525	-1165.962	346.5095	2.151378	1.247377
42360	-817.8966	-1163.838	345.9414	1.730847	1.970264
42366	-830.0786	-1176.302	346.2238	1.82651	1.710569
42372	-840.8641	-1187.147	346.2834	1.835175	1.662066
42378	-834.4681	-1180.286	345.8182	1.702194	2.071143
42384	-831.5157	-1176.654	345.1384	1.666188	2.52893
42390	-816.9214	-1162.644	345.7227	1.608553	2.194706
42396	-828.3678	-1174.627	346.2594	1.597428	1.845171
42402	-824.0691	-1169.288	345.2189	1.545445	2.553956
42408	-832.9045	-1178.953	346.0482	1.524627	2.036493
42414	-856.7386	-1200.649	343.9103	1.215547	3.535844
42420	-842.9569	-1186.871	343.9139	1.305856	3.48112
42426	-840.7323	-1184.997	344.2651	1.253074	3.306104
42432	-855.056	-1201.149	346.0928	1.476734	2.03868
42438	-853.3157	-1199.414	346.0981	1.471463	2.03868
42444	-842.0747	-1187.139	345.0643	1.442561	2.712855
42450	-836.7987	-1181.355	344.5563	1.292446	3.110312
42456	-838.4778	-1181.924	343.4458	1.091893	3.875838
42462	-849.8481	-1194.421	344.5731	1.1934	3.159187
42468	-847.7348	-1190.09	342.3554	1.240422	4.411503
42474	-855.0635	-1198.458	343.3947	1.027229	3.942197
42480	-852.0385	-1198.124	346.0856	1.521755	2.013578
42486	-846.6355	-1192.084	345.4487	1.242202	2.599536
42492	-841.4606	-1187.232	345.7718	1.516736	2.222334
42498	-832.3511	-1178.175	345.8243	1.38228	2.275003
42504	-838.7945	-1184.121	345.3266	1.480435	2.527384
42510	-838.5869	-1184.764	346.1768	1.428352	2.015042
42516	-833.6874	-1179.635	345.9475	1.524446	2.103026
42522	-825.7771	-1171.771	345.9942	1.477707	2.103026
42528	-845.5378	-1191.391	345.8535	1.61842	2.103026
42534	-837.7813	-1183.992	346.211	1.486831	1.953108
42540	-821.1781	-1165.89	344.7121	1.343407	2.986598
42546	-833.2248	-1178.846	345.6215	1.418915	2.380832
42552	-827.0493	-1173.628	346.5787	1.613738	1.608839
42558	-828.5152	-1173.521	345.0058	1.422715	2.760818
42564	-844.7328	-1190.504	345.7712	1.454881	2.262487
42570	-841.9775	-1188.038	346.0605	1.574498	1.995167
42576	-833.8138	-1179.876	346.0621	1.539222	2.017581
42582	-830.7953	-1176.64	345.8448	1.547141	2.155322
42588	-836.2503	-1182.049	345.7988	1.763682	2.043348
42594	-840.1918	-1185.009	344.8168	1.364322	2.910976
42600	-863.8547	-1210.558	346.7036	1.865545	1.322507
42606	-859.2277	-1205.615	346.3869	1.927314	1.5193
42612	-870.8414	-1213.595	342.7536	1.164393	4.229316
42618	-866.136	-1211.656	345.5205	1.606609	2.325794
42624	-870.7586	-1215.476	344.717	1.225949	3.054047
42630	-870.2507	-1215.304	345.0532	1.587188	2.630754
42636	-862.8168	-1207.66	344.8429	1.623046	2.737912
42642	-855.287	-1200.278	344.9913	1.189024	2.911451
42648	-847.3807	-1193.566	346.1857	1.567917	1.915481
42654	-844.4353	-1190.989	346.5541	1.727075	1.543893
42660	-851.7837	-1197.68	345.8964	1.523826	2.136868
42666	-851.787	-1197.769	345.9821	1.438113	2.136868
42672	-853.8827	-1199.42	345.5369	1.584691	2.329301
42678	-847.0027	-1193.438	346.4353	1.739641	1.621527
42684	-854.0839	-1200.061	345.9771	1.818003	1.887311
42690	-859.3331	-1204.795	345.462	1.481518	2.441914
42696	-858.756	-1204.497	345.741	1.562521	2.212664
42702	-863.2145	-1209.282	346.0674	1.898394	1.769858
42708	-852.4027	-1195.379	342.9768	1.237227	4.061028
42714	-840.3543	-1183.53	343.1754	1.19971	3.969022
42720	-848.0123	-1191.221	343.2085	1.170748	3.966616
42726	-844.2956	-1189.299	345.0037	1.322935	2.822887
42732	-858.855	-1205.231	346.3756	1.722392	1.676698
42738	-853.0543	-1199.629	346.5747	1.523311	1.676698
42744	-846.4651	-1192.983	346.5177	1.697747	1.59209
42750	-839.1665	-1185.071	345.9043	1.638534	2.056338
42756	-844.4584	-1190.491	346.0323	1.510608	2.056338
42762	-840.2301	-1186.185	345.9547	1.477893	2.128783
42768	-828.6619	-1173.873	345.2107	1.323452	2.696109
42774	-850.6909	-1196.778	346.087	1.358343	2.120426
42780	-829.3086	-1175.68	346.371	1.558218	1.795259
42786	-838.6004	-1185.143	346.543	1.696374	1.574603
42792	-832.0689	-1177.638	345.5687	1.398087	2.427285
42798	-845.9663	-1191.471	345.5048	1.412151	2.458641
42804	-838.9102	-1184.804	345.8937	1.627502	2.070646
42810	-838.3768	-1184.186	345.8096	1.435106	2.250552
42816	-840.2495	-1185.59	345.3405	1.273417	2.647097
42822	-841.82	-1187.808	345.9879	1.327813	2.204765
42828	-832.1275	-1177.923	345.796	1.51974	2.204765
42834	-834.8882	-1179.385	344.4972	1.197093	3.202031
42840	-831.0557	-1173.331	342.2753	1.228259	4.463463
42846	-819.13	-1162.493	343.363	1.153749	3.88786
42852	-845.241	-1191.589	346.3477	1.452504	1.883895
42858	-845.4001	-1191.395	345.9953	1.476629	2.103029
42864	-837.6061	-1182.116	344.5098	1.318964	3.122202
42870	-833.3584	-1176.89	343.5313	1.047257	3.852389
42876	-837.6901	-1181.842	344.1522	1.041863	3.496105
42882	-847.7087	-1192.009	344.3006	1.359276	3.222407
42888	-864.0198	-1208.402	344.3825	1.454678	3.117166
42894	-835.3671	-1179.079	343.7122	1.08585	3.725961
42900	-836.7301	-1180.406	343.6758	1.122221	3.725961
42906	-836.8364	-1182.122	345.2851	1.05673	2.813622
42912	-840.9479	-1186.603	345.6555	1.554136	2.273074
42918	-842.4434	-1188.693	346.2498	1.574074	1.867704
42924	-856.4923	-1202.379	345.8872	1.691684	2.032495
42930	-855.2699	-1201.348	346.0778	1.551361	1.99906
42936	-844.4336	-1190.121	345.6871	1.325453	2.398463
42942	-830.5686	-1175.046	344.4769	1.233806	3.192307
42948	-840.4987	-1184.76	344.2615	1.169996	3.357089
42954	-825.928	-1170.481	344.5531	1.341171	3.08313
42960	-825.7663	-1170.971	345.2047	1.271041	2.731939
42966	-831.7123	-1178.557	346.8446	1.623238	1.402551
42972	-822.1343	-1168.947	346.8131	1.765033	1.315277
42978	-814.5804	-1160.778	346.1976	1.696454	1.819577
42984	-829.0365	-1175.729	346.6921	1.891912	1.310492
42990	-816.4409	-1163.321	346.8802	1.760671	1.263985
42996	-832.7261	-1179.169	346.4431	1.642838	1.685341
43002	-832.3064	-1178.239	345.9331	1.542838	2.100383
43008	-827.3606	-1173.471	346.1109	1.307559	2.137988
43014	-836.0382	-1181.29	345.2513	1.272297	2.702625
43020	-842.268	-1185.501	343.2334	1.051356	4.020628
43026	-837.7043	-1181.212	343.5077	1.219061	3.76705
43032	-824.0819	-1167.708	343.6262	1.047135	3.797848
43038	-832.7569	-1176.041	343.2837	1.072628	3.979731
43044	-848.7032	-1193.236	344.5326	1.243383	3.153561
43050	-837.6481	-1183.642	345.9935	1.482135	2.100591
43056	-831.7455	-1177.803	346.0577	1.441995	2.084798
43062	-838.6471	-1183.104	344.4568	1.445293	3.078462
43068	-836.1361	-1182.017	345.8809	1.569379	2.117196
43074	-826.2833	-1171.511	345.2279	1.377772	2.652158
43080	-843.1068	-1188.554	345.4474	1.360947	2.526562
43086	-841.5031	-1187.267	345.7643	1.299029	2.366311
43092	-829.6382	-1175.442	345.8037	1.259642	2.366311
43098	-840.653	-1186.361	345.7076	1.591793	2.215311
43104	-832.3042	-1178.924	346.6196	1.698415	1.516489
43110	-835.9105	-1182.138	346.2276	1.680408	1.809928
43116	-835.0439	-1181.425	346.3812	1.656986	1.719145
43122	-829.6956	-1175.974	346.2785	1.594708	1.83396
43128	-850.0405	-1196.111	346.0704	1.553142	2.002781
43134	-838.3777	-1184.63	346.2524	1.634654	1.824392
43140	-841.3292	-1187.62	346.2909	1.472273	1.909004
43146	-841.8683	-1188.243	346.3749	1.695545	1.696295
43152	-837.2318	-1183.597	346.3651	1.705326	1.696295
43158	-839.5056	-1186.012	346.5066	1.705326	1.594642
43164	-834.7855	-1181.45	346.6644	1.603596	1.553581
43170	-831.2702	-1177.155	345.8848	1.543098	2.131838
43176	-829.3468	-1175.338	345.9909	1.551863	2.056405
43182	-831.5626	-1176.106	344.5432	1.143044	3.206834
43188	-847.2156	-1192.029	344.8137	1.187515	3.019216
43194	-836.2014	-1181.854	345.6527	1.367217	2.393782
43200	-828.6951	-1173.968	345.273	1.253647	2.700769
43206	-823.0302	-1169.162	346.1314	1.43389	2.041514
43212	-832.1271	-1178.089	345.9621	1.338962	2.21422
43218	-842.7412	-1187.372	344.6309	1.161103	3.144082
43224	-844.8904	-1188.996	344.1051	1.105984	3.486153
43230	-858.8808	-1204.506	345.625	1.46086	2.351995
43236	-854.941	-1199.928	344.9866	1.307933	2.842337
43242	-832.9248	-1178.269	345.344	1.432977	2.546066
43248	-838.9188	-1184.602	345.683	1.460128	2.315589
43254	-840.4607	-1182.395	341.9343	1.011867	4.776013
43260	-840.4335	-1183.68	343.2465	1.216656	3.918576
43266	-836.3692	-1180.79	344.4208	1.318852	3.175135
43272	-822.765	-1167.588	344.8228	1.310912	2.939586
43278	-835.5869	-1180.494	344.9071	1.383679	2.844601
43284	-842.2676	-1187.743	345.4752	1.357288	2.511524
43290	-838.2569	-1183.146	344.8891	1.394931	2.848701
43296	-836.3292	-1181.72	345.3903	1.154005	2.689917
43302	-851.5844	-1196.355	344.7704	1.111728	3.090372
43308	-845.2174	-1190.564	345.3468	1.17035	2.706543
43314	-835.1995	-1179.438	344.2386	1.142878	3.386436
43320	-835.6722	-1179.904	344.232	1.149526	3.386436
43326	-832.4385	-1177.984	345.5458	1.346895	2.473837
43332	-831.5179	-1176.724	345.2064	1.649568	2.496859
43338	-844.8287	-1189.76	344.9316	1.387367	2.827523
43344	-846.0331	-1190.027	343.9934	1.133815	3.535044
43350	-842.7257	-1185.489	342.7631	1.135235	4.240502
43356	-831.6095	-1174.986	343.3763	1.059889	3.934033
43362	-825.4139	-1169.831	344.4168	1.448699	3.10029
43368	-834.0716	-1179.372	345.2999	1.599708	2.469497
43374	-828.7157	-1174.882	346.1664	1.616311	1.895764
43380	-842.8059	-1188.143	345.3369	1.654267	2.411964
43386	-839.308	-1183.101	343.7928	1.32099	3.542875
43392	-838.3719	-1183.003	344.6316	1.213069	3.112744
43398	-831.9355	-1175.746	343.8107	1.094511	3.663974
43404	-843.9316	-1187.879	343.9478	1.080991	3.592308
43410	-840.4763	-1185.022	344.5454	1.237553	3.149465
43416	-828.603	-1174.064	345.4613	1.283781	2.565944
43422	-836.4663	-1181.371	344.905	1.438954	2.812309
43428	-848.106	-1191.893	343.7873	1.316789	3.548546
43434	-843.2544	-1188.308	345.0535	1.287788	2.813935
43440	-838.9149	-1183.579	344.6637	1.282763	3.051986
43446	-832.9546	-1179.169	346.2148	1.560161	1.901012
43452	-828.8453	-1174.689	345.8437	1.450054	2.218962
43458	-828.3339	-1174.327	345.993	1.434143	2.132349
43464	-852.2785	-1198.553	346.2747	1.537366	1.875774
43470	-838.8006	-1184.551	345.7501	1.442992	2.28367
43476	-835.9177	-1181.646	345.7288	1.353732	2.354152
43482	-825.619	-1171.392	345.7729	1.48056	2.244921
43488	-834.3378	-1180.069	345.7311	1.494402	2.262881
43494	-827.2128	-1173.04	345.827	1.438411	2.237231
43500	-855.2512	-1199.487	344.2353	1.168769	3.373202
43506	-848.5691	-1192.804	344.2353	1.168769	3.373202
43512	-845.9569	-1191.222	345.2647	1.327796	2.660284
43518	-842.1399	-1188.03	345.8897	1.481755	2.168637
43524	-841.1305	-1185.366	344.2353	1.168769	3.373202
43530	-851.2305	-1195.466	344.2353	1.168769	3.373202
43536	-848.929	-1193.164	344.2353	1.168769	3.373202
43542	-850.256	-1194.491	344.2353	1.168769	3.373202
43548	-853.5226	-1197.758	344.2353	1.168769	3.373202
43554	-831.5777	-1174.437	342.8595	1.110763	4.19968
43560	-837.0252	-1180.676	343.6504	1.113386	3.745733
43566	-849.7021	-1193.505	343.803	1.113386	3.657481
43572	-836.2364	-1181.769	345.533	1.325691	2.495116
43578	-834.0478	-1177.899	343.8515	1.204143	3.576694
43584	-847.7788	-1193.088	345.309	1.621101	2.450355
43590	-862.0114	-1204.994	342.983	1.232007	4.060456
43596	-851.6642	-1197.028	345.3637	1.285246	2.625479
43602	-852.641	-1198.782	346.141	1.575187	1.940766
43608	-845.1672	-1190.766	345.5985	1.366296	2.428542
43614	-846.3741	-1191.623	345.2489	1.409166	2.61984
43620	-844.8882	-1191.477	346.5892	1.416403	1.742045
43626	-858.8066	-1204.909	346.1025	1.336966	2.124294
43632	-846.5963	-1192.254	345.6581	1.561084	2.266917
43638	-841.6612	-1187.721	346.06	1.528657	2.025982
43644	-844.8396	-1190.338	345.4989	1.457972	2.433547
43650	-848.4664	-1193.938	345.4719	1.484142	2.434093
43656	-832.379	-1177.88	345.5006	1.567032	2.363588
43662	-818.2276	-1163.915	345.6871	1.399876	2.351322
43668	-835.2128	-1180.869	345.6565	1.430419	2.351322
43674	-837.3377	-1182.853	345.5151	1.561138	2.358146
43680	-832.1882	-1178.503	346.3152	1.67751	1.751043
43686	-834.617	-1180.951	346.3337	1.624668	1.77502
43692	-833.5522	-1180.242	346.6898	1.815197	1.373459
43698	-830.1703	-1176.807	346.6372	1.815197	1.414505
43704	-834.2529	-1180.313	346.0603	1.444337	2.081565
43710	-825.0161	-1170.855	345.8393	1.535444	2.166507
43716	-828.7292	-1173.83	345.1013	1.548336	2.62503
43722	-842.7274	-1188.203	345.4757	1.36244	2.507993
43728	-833.3455	-1179.209	345.8632	1.469917	2.193508
43734	-827.4929	-1171.987	344.4944	1.337797	3.12012
43740	-825.0897	-1170.353	345.2637	1.286822	2.686112
43746	-838.2816	-1184.282	346.0005	1.566147	2.040624
43752	-845.1294	-1190.525	345.3958	1.349624	2.565684
43758	-850.1276	-1195.478	345.3502	1.453855	2.529213
43764	-855.7467	-1200.995	345.2484	1.555641	2.529213
43770	-844.8154	-1190.214	345.3985	1.39471	2.535991
43776	-860.2886	-1204.878	344.5893	1.498703	2.967103
43782	-848.8745	-1193.566	344.6915	1.288167	3.032103
43788	-844.2611	-1190.188	345.9274	1.329467	2.242741
43794	-840.5352	-1184.499	343.9636	1.092587	3.576371
43800	-854.1926	-1199.413	345.2204	1.24449	2.738556
43806	-837.0889	-1182.229	345.1402	1.324734	2.738556
43812	-832.0476	-1174.748	342.7005	1.301727	4.18152
43818	-837.658	-1182.688	345.0299	1.19283	2.885841
43824	-831.5664	-1175.944	344.3779	1.344472	3.185433
43830	-828.7547	-1172.175	343.4205	1.220569	3.816403
43836	-829.9624	-1173.581	343.619	0.9160702	3.87737
43842	-849.7837	-1191.546	341.7619	0.9487982	4.907312
43848	-859.4585	-1203.346	343.8874	1.222472	3.545141
43854	-842.5668	-1187.186	344.6192	1.091956	3.192059
43860	-834.1578	-1178.465	344.3067	1.133505	3.351952
43866	-839.7281	-1184.074	344.3462	1.268669	3.249046
43872	-837.091	-1182.871	345.7804	1.460961	2.252701
43878	-840.9514	-1186.997	346.0454	1.514625	2.045012
43884	-843.3505	-1189.655	346.305	1.717117	1.730445
43890	-847.9153	-1194.514	346.5992	1.762984	1.483362
43896	-833.3851	-1179.506	346.1211	1.632178	1.9157
43902	-824.3953	-1170.301	345.9062	1.763853	1.971745
43908	-835.7579	-1181.684	345.9259	1.633306	2.045535
43914	-835.0839	-1178.979	343.8953	1.224961	3.539137
43920	-830.6293	-1176.049	345.4196	1.368543	2.539118
43926	-834.4146	-1179.274	344.8592	1.430615	2.845222
43932	-830.9209	-1177.142	346.2212	1.460789	1.963722
43938	-832.9928	-1178.406	345.4129	1.287462	2.593634
43944	-840.6299	-1184.988	344.3583	1.17578	3.29672
43950	-829.4546	-1174.507	345.0525	1.121997	2.914982
43956	-847.6408	-1190.962	343.3217	1.125888	3.927529
43962	-839.5595	-1184.886	345.3261	1.459365	2.540835
43968	-841.2622	-1187.358	346.0956	1.530257	2.001245
43974	-848.2537	-1193.657	345.4037	1.410154	2.523116
43980	-843.8978	-1190.233	346.3352	1.667873	1.743769
43986	-842.4891	-1188.457	345.9677	1.686311	1.9825
43992	-833.2911	-1179.636	346.3449	1.554117	1.816123
43998	-820.3319	-1165.767	345.4348	1.225773	2.618257
44004	-839.4114	-1183.198	343.7871	1.204289	3.614038
44010	-830.4736	-1175.259	344.7854	1.180852	3.040107
44016	-830.401	-1174.915	344.5136	1.32251	3.117812
44022	-833.6234	-1177.983	344.3599	1.160487	3.30477
44028	-836.4622	-1181.561	345.0985	1.142291	2.87492
44034	-827.7026	-1172.168	344.4656	1.347809	3.131336
44040	-827.945	-1172.7	344.755	1.047186	3.137998
44046	-830.0708	-1175.43	345.3591	1.106225	2.738283
44052	-830.0675	-1173.725	343.6571	1.006949	3.803176
44058	-831.1416	-1175.341	344.1998	1.099743	3.434456
44064	-832.1247	-1177.568	345.4428	1.65892	2.341907
44070	-832.1563	-1177.853	345.6963	1.537601	2.257483
44076	-829.4716	-1175.881	346.4092	1.73684	1.642359
44082	-824.8739	-1171.226	346.352	1.794027	1.642359
44088	-825.8351	-1172.187	346.352	1.794027	1.642359
44094	-834.6672	-1181.019	346.352	1.794027	1.642359
44100	-835.7731	-1182.507	346.734	1.803932	1.347421
44106	-839.4286	-1186.172	346.7436	1.952284	1.217971
44112	-836.7352	-1182.261	345.5261	1.117407	2.628798
44118	-842.4096	-1186.74	344.3302	1.162097	3.321345
44124	-831.7674	-1177.189	345.4216	1.429757	2.499688
44130	-834.9442	-1180.749	345.8052	1.425571	2.259507
44136	-831.4187	-1177.531	346.1118	1.459741	2.037338
44142	-819.5487	-1165.202	345.6529	1.560219	2.270835
44148	-836.6503	-1181.973	345.3229	1.540634	2.492093
44154	-824.827	-1170.618	345.7908	1.616548	2.145243
44160	-843.6534	-1188.653	344.9998	1.586567	2.664059
44166	-843.6565	-1188.672	345.0159	1.549352	2.67701
44172	-827.0734	-1171.543	344.4698	1.219751	3.204859
44178	-820.6133	-1164.695	344.0817	1.124095	3.489231
44184	-835.7705	-1180.469	344.6982	1.042612	3.17446
44190	-815.5109	-1161.047	345.5366	1.430954	2.426841
44196	-833.7663	-1180.385	346.6184	1.582726	1.602513
44202	-828.7794	-1175.47	346.691	1.741328	1.429975
44208	-833.9805	-1179.927	345.9466	1.53455	2.097009
44214	-832.54	-1177.189	344.6485	1.362946	3.013038
44220	-826.5215	-1171.573	345.051	1.424403	2.732169
44226	-835.8792	-1180.036	344.1564	1.281389	3.353392
44232	-838.4874	-1184.363	345.8756	1.604046	2.097988
44238	-833.0315	-1179.092	346.0603	1.637878	1.952836
44244	-848.6069	-1193.972	345.3655	1.343413	2.588369
44250	-845.305	-1188.189	342.8838	1.115258	4.183322
44256	-853.8604	-1196.939	343.0789	1.094371	4.084223
44262	-844.5293	-1187.8	343.271	1.253616	3.883332
44268	-824.9461	-1168.927	343.9811	1.136531	3.540627
44274	-830.1008	-1174.646	344.5457	1.04482	3.263429
44280	-830.0189	-1174.244	344.2255	1.315091	3.292887
44286	-832.8211	-1177.664	344.8424	1.269609	2.952629
44292	-842.1269	-1188.259	346.1319	1.637705	1.904682
44298	-856.7757	-1202.849	346.0733	1.637705	1.944256
44304	-849.2219	-1194.543	345.3207	1.557064	2.483219
44310	-843.4983	-1186.482	342.9838	1.165411	4.09794
44316	-837.5639	-1179.537	341.9736	1.070005	4.721593
44322	-822.081	-1165.293	343.2118	1.338832	3.868401
44328	-841.0135	-1184.207	343.1933	1.232071	3.940249
44334	-829.5139	-1173.998	344.4844	1.400911	3.088473
44340	-851.9735	-1197.178	345.2044	1.683642	2.476747
44346	-841.1866	-1186.65	345.4637	1.68904	2.309428
44352	-843.121	-1187.889	344.7676	1.267282	2.998994
44358	-844.9149	-1189.415	344.4998	1.535128	2.998994
44364	-844.3929	-1189.914	345.5214	1.422647	2.441602
44370	-838.4121	-1183.04	344.6282	1.422647	2.989432
44376	-843.0761	-1188.149	345.0727	1.584096	2.620581
44382	-825.1878	-1170.758	345.5699	1.665546	2.256476
44388	-829.7034	-1176.181	346.4777	1.643998	1.659838
44394	-837.4667	-1183.445	345.9781	1.539176	2.073237
44400	-841.7702	-1185.683	343.9128	1.304462	3.482564
44406	-844.8527	-1187.852	342.9994	1.23272	4.050691
44412	-839.8403	-1182.863	343.0224	1.209693	4.050691
44418	-836.1214	-1180.322	344.2005	1.298283	3.31755
44424	-837.2565	-1181.502	344.245	1.224697	3.334642
44430	-839.2435	-1183.38	344.1367	1.423528	3.281315
44436	-834.4081	-1179.5	345.0922	1.35652	2.748448
44442	-833.0472	-1179.129	346.0818	1.584361	1.974371
44448	-842.6482	-1188.763	346.115	1.588682	1.949184
44454	-840.3624	-1186.303	345.9404	1.612342	2.049802
44460	-840.598	-1187.006	346.4081	1.77966	1.612258
44466	-834.4979	-1181.132	346.6345	1.402048	1.720282
44472	-836.9037	-1183.396	346.4921	1.544421	1.720282
44478	-837.0783	-1183.05	345.972	1.419178	2.155819
44484	-835.6858	-1181.442	345.756	1.491724	2.248609
44490	-826.2903	-1171.335	345.0447	1.491724	2.69475
44496	-836.3129	-1182.249	345.9365	1.491724	2.131637
44502	-832.634	-1178.794	346.16	1.616293	1.900143
44508	-839.6526	-1186.121	346.468	1.613399	1.688529
44514	-837.577	-1182.103	344.5259	1.282314	3.134411
44520	-834.5622	-1180.636	346.0738	1.443191	2.073384
44526	-831.7772	-1177.458	345.6806	1.473192	2.308778
44532	-834.4321	-1179.989	345.5569	1.584386	2.316767
44538	-833.2346	-1178.865	345.6302	1.497139	2.325613
44544	-821.049	-1167.152	346.1033	1.848201	1.779789
44550	-822.5951	-1168.777	346.1816	1.777803	1.774295
44556	-839.232	-1185.602	346.3695	1.73101	1.674928
44562	-838.7788	-1183.768	344.9893	1.351693	2.81416
44568	-839.3794	-1184.756	345.3765	1.507861	2.479076
44574	-843.2302	-1189.566	346.3355	1.746713	1.68794
44580	-841.1677	-1186.819	345.6512	1.515855	2.300266
44586	-843.9374	-1189.088	345.151	1.476589	2.638669
44592	-831.0937	-1176.808	345.714	1.417637	2.322885
44598	-845.8546	-1192.173	346.3183	1.564606	1.827243
44604	-840.229	-1184.836	344.6067	1.35625	3.04208
44610	-850.9292	-1197.112	346.1828	1.339095	2.070171
44616	-837.6914	-1182.905	345.2136	1.329333	2.690723
44622	-834.8164	-1181.023	346.2064	1.518901	1.934612
44628	-825.554	-1171.774	346.2202	1.505122	1.934612
44634	-837.2301	-1183.28	346.0496	1.588166	1.993289
44640	-849.5251	-1195.87	346.3453	1.588166	1.792337
44646	-832.3742	-1178.753	346.3792	1.5543	1.792337
44652	-832.8059	-1179	346.1937	1.261285	2.114128
44658	-831.9302	-1176.909	344.9789	1.36654	2.811439
44664	-830.4245	-1176.272	345.848	1.493124	2.188329
44670	-814.1638	-1159.387	345.223	1.273221	2.719371
44676	-822.5887	-1167.786	345.1969	1.292094	2.723837
44682	-827.6108	-1170.652	343.0412	0.9479549	4.188947
44688	-834.9138	-1176.464	341.5502	0.8759675	5.065423
44694	-831.1617	-1174.43	343.2686	0.9576992	4.054008
44700	-822.2219	-1166.604	344.3822	1.004099	3.383609
44706	-819.3355	-1163.677	344.3417	1.135013	3.330482
44712	-837.2249	-1180.195	342.9706	0.9276364	4.240554
44718	-839.9746	-1182.897	342.9228	0.9754387	4.240554
44724	-838.5269	-1183.335	344.8079	1.32387	2.940731
44730	-839.2704	-1183.765	344.4942	1.173753	3.217675
44736	-838.0532	-1183.358	345.3044	1.193806	2.718165
44742	-846.7942	-1190.765	343.9712	1.183567	3.519021
44748	-835.0742	-1179.958	344.8834	1.340417	2.885197
44754	-829.07	-1174.13	345.0601	1.334656	2.781383
44760	-846.8924	-1193.567	346.6743	1.764142	1.425294
44766	-837.9543	-1184.556	346.6013	1.789598	1.461608
44772	-835.7531	-1182.306	346.5534	1.857513	1.446401
44778	-829.3016	-1175.851	346.5498	1.81851	1.478767
44784	-838.5557	-1184.788	346.2326	1.600271	1.86158
44790	-832.2023	-1178.415	346.2123	1.611911	1.867515
44796	-825.0843	-1171.29	346.2058	1.467523	1.96956
44802	-829.2365	-1174.361	345.1249	1.465601	2.66148
44808	-829.3261	-1175.757	346.4308	1.681805	1.666335
44814	-837.7527	-1184.028	346.2754	1.535329	1.876724
44820	-845.1494	-1189.723	344.5733	1.532885	2.956161
44826	-827.8758	-1174.03	346.1547	1.532885	1.959999
44832	-824.1903	-1170.241	346.0505	1.409801	2.110647
44838	-828.2525	-1173.562	345.3091	1.510008	2.519872
44844	-840.9378	-1185.177	344.239	1.432789	3.215405
44850	-846.5046	-1191.033	344.5283	1.13316	3.221509
44856	-841.1606	-1186.168	345.0071	1.054246	2.983096
44862	-840.4814	-1184.911	344.43	1.237226	3.21811
44868	-838.9396	-1182.815	343.8757	1.088619	3.629736
44874	-840.533	-1187.097	346.564	1.402251	1.769553
44880	-842.2642	-1188.677	346.4124	1.560704	1.764785
44886	-843.8256	-1189.338	345.5129	1.522512	2.384006
44892	-820.7635	-1166.554	345.7905	1.53613	2.197672
44898	-829.6757	-1173.142	343.4665	1.387298	3.693716
44904	-830.8137	-1174.008	343.1948	1.034444	4.052346
44910	-843.4365	-1186.974	343.5373	1.116275	3.809213
44916	-842.3824	-1185.656	343.2736	1.139851	3.947046
44922	-857.0574	-1199.543	342.4858	0.9366583	4.509108
44928	-849.4109	-1191.657	342.2463	1.137026	4.531131
44934	-843.1299	-1187.471	344.3408	1.210173	3.286769
44940	-832.3792	-1177.004	344.6245	1.189381	3.131049
44946	-834.1374	-1179.569	345.4313	1.124793	2.682637
44952	-834.7223	-1179.92	345.1976	1.434564	2.63582
44958	-837.6728	-1182.493	344.8198	1.212698	3.000441
44964	-838.375	-1182.841	344.4662	1.358722	3.124469
44970	-842.8272	-1187.373	344.5463	1.278611	3.124469
44976	-837.1916	-1182.646	345.4545	1.446048	2.46894
44982	-854.9929	-1201.019	346.0266	1.417992	2.120957
44988	-861.1611	-1207.672	346.5114	1.440701	1.779383
44994	-850.325	-1195.323	344.9981	1.281731	2.851259
45000	-844.35	-1189.468	345.1182	1.386808	2.714042
45006	-829.1658	-1174.953	345.7868	1.516045	2.213066
45012	-823.5656	-1169.307	345.7416	1.491817	2.257813
45018	-822.5059	-1168.82	346.3137	1.645091	1.774711
45024	-835.3901	-1181.665	346.2747	1.548848	1.867944
45030	-843.9781	-1189.789	345.8113	1.614557	2.133166
45036	-832.1466	-1178.351	346.2044	1.683005	1.82415
45042	-851.5824	-1197.425	345.8427	1.790484	1.996394
45048	-847.2932	-1193.479	346.1861	1.804272	1.752698
45054	-836.5326	-1182.41	345.8773	1.423963	2.214063
45060	-824.5657	-1169.543	344.9776	1.373139	2.80823
45066	-822.3241	-1168.666	346.342	1.669492	1.737896
45072	-823.3203	-1169.546	346.2259	1.785607	1.737896
45078	-828.9592	-1175.75	346.7906	1.699713	1.385024
45084	-838.8862	-1183.729	344.8433	1.373306	2.88956
45090	-821.4905	-1166.257	344.7665	1.271752	2.99696
45096	-825.9031	-1171.161	345.2575	1.376067	2.634959
45102	-831.0732	-1176.654	345.5809	1.365008	2.440425
45108	-822.3376	-1167.129	344.7918	1.359016	2.929251
45114	-829.0112	-1172.322	343.3106	1.140422	3.925567
45120	-818.1149	-1162.94	344.8248	1.161693	3.028016
45126	-825.0637	-1169.68	344.6163	1.318345	3.059
45132	-824.1132	-1169.153	345.04	1.5117	2.685386
45138	-822.1234	-1167.312	345.1889	1.362756	2.685386
45144	-832.8181	-1178.389	345.5713	1.378758	2.437844
45150	-837.0106	-1181.787	344.7768	1.201622	3.032844
45156	-834.4075	-1179.711	345.3035	1.599085	2.467661
45162	-825.2807	-1171.63	346.3498	1.54631	1.818185
45168	-821.1753	-1167.509	346.3336	1.532281	1.838957
45174	-829.1522	-1175.46	346.3081	1.714923	1.72977
45180	-829.8567	-1176.367	346.5103	1.742464	1.564787
45186	-817.2359	-1163.594	346.3586	1.712453	1.695909
45192	-816.2275	-1162.371	346.1437	1.885384	1.725508
45198	-819.0336	-1165.204	346.17	1.685334	1.84623
45204	-817.637	-1163.827	346.1901	1.665207	1.84623
45210	-817.7399	-1163.404	345.6643	1.735151	2.150415
45216	-818.0089	-1163.074	345.0653	1.45239	2.706257
45222	-819.3491	-1164.591	345.2421	1.31572	2.681612
45228	-825.2305	-1170.45	345.2196	1.446386	2.61492
45234	-819.9796	-1165.033	345.0532	1.370908	2.763473
45240	-816.9121	-1161.505	344.5928	1.371733	3.041128
45246	-825.3502	-1170.957	345.6073	1.380031	2.414384
45252	-847.4967	-1190.782	343.285	1.158847	3.929675
45258	-851.5144	-1196.575	345.0609	1.325822	2.786329
45264	-844.7368	-1189.68	344.9432	1.342314	2.847825
45270	-826.7586	-1172.43	345.6714	1.512593	2.289464
45276	-820.5484	-1165.759	345.2108	1.649403	2.494179
45282	-824.4339	-1170.716	346.2823	1.719138	1.744947
45288	-831.4346	-1177.461	346.0268	1.496383	2.0693
45294	-840.1645	-1185.371	345.2065	1.373556	2.667927
45300	-836.9697	-1182.803	345.8331	1.377521	2.272406
45306	-847.8302	-1193.962	346.1314	1.612225	1.922228
45312	-846.4112	-1192.532	346.1206	1.622997	1.922228
45318	-837.1096	-1182.236	345.1266	1.347443	2.733004
45324	-844.9694	-1190.82	345.8506	1.630333	2.09713
45330	-841.1367	-1186.747	345.6106	1.682142	2.219622
45336	-847.5752	-1192.926	345.351	1.427162	2.545363
45342	-839.9322	-1185.192	345.2599	1.384148	2.628511
45348	-833.7277	-1178.66	344.932	1.367079	2.839571
45354	-846.2545	-1191.198	344.9434	1.355731	2.839571
45360	-840.3737	-1186.051	345.677	1.434363	2.335797
45366	-841.3522	-1186.788	345.4354	1.430443	2.490672
45372	-844.8013	-1190.193	345.3913	1.270577	2.61746
45378	-846.166	-1191.944	345.7783	1.51565	2.218821
45384	-838.0987	-1184.446	346.3476	1.688783	1.720393
45390	-828.8732	-1175.075	346.2013	1.740484	1.786523
45396	-844.6619	-1190.535	345.8731	1.67269	2.054413
45402	-852.8273	-1197.853	345.0252	1.275338	2.838709
45408	-851.8147	-1196.48	344.6654	1.311544	3.033738
45414	-860.4461	-1205.171	344.7253	1.341688	2.979754
45420	-842.6242	-1188.859	346.2344	1.550819	1.894075
45426	-843.2356	-1189.249	346.0134	1.716208	1.931697
45432	-842.7104	-1188.341	345.6311	1.625303	2.243039
45438	-839.6288	-1184.962	345.333	1.64474	2.420412
45444	-837.3686	-1182.128	344.7595	1.575867	2.817535
45450	-824.5038	-1169.698	345.1939	1.434709	2.638006
45456	-837.8708	-1182.44	344.5694	1.289255	3.104357
45462	-851.8405	-1194.492	342.6512	0.9796304	4.391762
45468	-837.8345	-1181.455	343.6203	1.080397	3.782104
45474	-833.4966	-1176.542	343.0455	1.171231	4.059485
45480	-823.4834	-1167.967	344.4832	1.338256	3.126531
45486	-820.1549	-1164.492	344.3369	1.204702	3.292321
45492	-840.502	-1184.879	344.3772	1.251848	3.240695
45498	-830.4228	-1175.159	344.7357	1.415264	2.929169
45504	-828.0774	-1173.94	345.8628	1.379969	2.251755
45510	-830.191	-1175.812	345.621	1.621784	2.251755
45516	-824.3446	-1169.516	345.1713	1.277817	2.748253
45522	-825.9513	-1171.253	345.3021	1.564957	2.489874
45528	-824.1482	-1169.274	345.1261	1.52002	2.627196
45534	-822.6304	-1166.894	344.2634	1.220136	3.326473
45540	-823.2745	-1167.851	344.5767	1.287997	3.100763
45546	-840.4131	-1184.681	344.2675	1.287997	3.284077
45552	-849.4318	-1191.583	342.1513	0.9716908	4.677139
45558	-841.5986	-1185.155	343.5569	1.014257	3.856642
45564	-838.6341	-1180.745	342.1109	1.124068	4.61443
45570	-828.6034	-1172.65	344.0469	1.132184	3.504861
45576	-812.7253	-1156.718	343.993	1.185991	3.504861
45582	-805.3639	-1149.632	344.2686	1.185991	3.343536
45588	-814.9652	-1159.578	344.613	1.215654	3.122253
45594	-825.0714	-1168.861	343.79	1.137997	3.650754
45600	-822.7825	-1166.96	344.1779	1.314671	3.321155
45606	-818.3521	-1162.818	344.4661	1.284155	3.168835
45612	-822.6078	-1167.921	345.3133	1.376299	2.600305
45618	-811.7005	-1155.178	343.4772	1.043949	3.885362
45624	-836.1817	-1179.231	343.0498	1.0799	4.109065
45630	-842.0635	-1187.255	345.1915	1.510966	2.592358
45636	-839.0611	-1185.162	346.1012	1.440242	2.05728
45642	-839.9584	-1184.466	344.5073	1.4252	3.060311
45648	-844.254	-1187.614	343.3598	1.378888	3.7602
45654	-834.6489	-1179.005	344.3565	1.278703	3.237025
45660	-834.4714	-1179.641	345.1693	1.425927	2.658617
45666	-831.9477	-1177.221	345.2738	1.274589	2.68741
45672	-833.821	-1178.989	345.168	1.373956	2.691364
45678	-840.1229	-1185.311	345.1886	1.39826	2.663753
45684	-836.9579	-1181.86	344.902	1.408267	2.832786
45690	-833.4122	-1177.228	343.8163	1.196413	3.601654
45696	-832.5965	-1174.3	341.7034	1.031545	4.893835
45702	-857.1456	-1201.558	344.4124	1.466395	3.092352
45708	-842.4902	-1186.249	343.759	1.331	3.556702
45714	-822.0381	-1164.135	342.097	0.8976137	4.74897
45720	-825.2564	-1168.125	342.8686	0.894114	4.317237
45726	-828.0379	-1171.606	343.568	1.175026	3.757678
45732	-822.9419	-1167.738	344.7964	1.297487	2.96353
45738	-825.8051	-1170.529	344.7236	1.370294	2.96353
45744	-834.0595	-1179.442	345.3824	1.424854	2.527251
45750	-846.4519	-1192.551	346.0988	1.403349	2.083172
45756	-849.296	-1194.853	345.5573	1.169633	2.577209
45762	-857.4966	-1203.68	346.1835	1.448478	1.99718
45768	-854.399	-1200.303	345.9035	1.607823	2.077148
45774	-849.1906	-1195.991	346.8006	1.697241	1.379137
45780	-842.2783	-1188.252	345.9741	1.683045	1.980359
45786	-836.7793	-1182.726	345.9465	1.710646	1.980359
45792	-833.4292	-1179.063	345.6342	1.564664	2.279975
45798	-829.2171	-1174.723	345.5054	1.452269	2.433043
45804	-816.1863	-1162.158	345.9713	1.504291	2.10063
45810	-824.2078	-1169.42	345.2119	1.228879	2.753311
45816	-823.9534	-1169.347	345.3938	1.374089	2.551761
45822	-835.8977	-1179.498	343.6002	1.340314	3.643541
45828	-858.7081	-1204.335	345.6268	1.495535	2.328798
45834	-860.1299	-1205.847	345.7167	1.598038	2.205376
45840	-862.1939	-1207.774	345.5797	1.43337	2.398102
45846	-870.0205	-1216.002	345.9817	1.650128	1.997258
45852	-880.6415	-1226.209	345.5675	1.250722	2.520391
45858	-866.4713	-1210.521	344.0492	1.37437	3.36176
45864	-852.5206	-1197.992	345.4715	1.346574	2.52051
45870	-861.8185	-1207.401	345.5823	1.369678	2.436649
45876	-839.6034	-1185.528	345.9245	1.40282	2.197267
45882	-834.1659	-1179.701	345.5352	1.153724	2.600761
45888	-839.2425	-1184.457	345.2141	1.147496	2.801586
45894	-847.6121	-1192.779	345.1666	1.184627	2.807917
45900	-841.643	-1185.804	344.1609	1.152297	3.426473
45906	-830.0231	-1175.568	345.5448	1.155196	2.593904
45912	-838.5323	-1183.876	345.3436	1.25796	2.654663
45918	-834.7043	-1180.177	345.4723	1.179565	2.623659
45924	-822.8914	-1167.62	344.729	1.2993	3.002945
45930	-833.3182	-1177.815	344.4966	1.363057	3.103811
45936	-836.8775	-1182.296	345.4187	1.567981	2.414768
45942	-834.7877	-1181.587	346.7995	1.716705	1.364622
45948	-831.6719	-1178.638	346.9659	1.919921	1.04766
45954	-821.9169	-1168.725	346.8083	1.57922	1.464178
45960	-825.5693	-1172.271	346.7017	1.868385	1.321767
45966	-826.4033	-1173.135	346.7312	1.62414	1.488522
45972	-825.2192	-1171.902	346.683	1.793364	1.395859
45978	-820.4497	-1166.085	345.6354	1.469096	2.340156
45984	-821.1405	-1166.861	345.7204	1.599704	2.201948
45990	-824.5945	-1171.058	346.463	1.429789	1.820443
45996	-828.6197	-1174.811	346.1915	1.514496	1.947575
46002	-820.0978	-1165.156	345.0586	1.362774	2.765149
46008	-825.8563	-1170.855	344.9992	1.422243	2.765149
46014	-833.1838	-1178.834	345.6502	1.451142	2.34219
46020	-818.0536	-1163.069	345.0157	1.362188	2.79167
46026	-831.7646	-1176.171	344.4065	1.269378	3.212974
46032	-838.171	-1182.887	344.716	1.472566	2.906486
46038	-843.6428	-1186.605	342.962	1.19629	4.092745
46044	-858.723	-1203.87	345.147	1.565776	2.585958
46050	-835.4613	-1180.959	345.4973	1.46469	2.430298
46056	-822.4605	-1168.607	346.1465	1.388845	2.061308
46062	-820.5217	-1166.673	346.1509	1.514326	1.974939
46068	-820.1417	-1165.357	345.215	1.329128	2.69004
46074	-839.8714	-1185.35	345.4786	1.259617	2.570166
46080	-826.8468	-1172.997	346.1497	1.760854	1.808179
46086	-813.8255	-1159.711	345.8857	1.602454	2.092383
46092	-822.8396	-1168.753	345.9138	1.470049	2.160563
46098	-828.9858	-1175.023	346.0369	1.780521	1.872151
46104	-842.2288	-1186.633	344.4043	1.112251	3.307056
46110	-832.6326	-1179.065	346.4328	1.775845	1.59707
46116	-839.3877	-1185.746	346.358	1.610114	1.768269
46122	-822.662	-1168.579	345.9174	1.531548	2.118109
46128	-820.38	-1165.343	344.9634	1.210268	2.915478
46134	-822.9443	-1168.334	345.3894	1.123047	2.709484
46140	-823.5046	-1169.471	345.9666	1.367837	2.192666
46146	-809.8078	-1155.511	345.7029	1.47873	2.291003
46152	-827.1767	-1173.431	346.2541	1.656457	1.808179
46158	-820.8355	-1167.249	346.4132	1.82137	1.578114
46164	-824.6175	-1171.167	346.5494	1.647584	1.605511
46170	-854.6436	-1201.289	346.6451	1.832103	1.395266
46176	-855.5387	-1201.839	346.3003	1.916317	1.591257
46182	-840.8501	-1186.854	346.0035	1.569233	2.036577
46188	-838.6512	-1184.585	345.9336	1.747184	1.964534
46194	-840.7771	-1186.442	345.6645	1.57102	2.256444
46200	-835.0048	-1180.892	345.8872	1.680359	2.039995
46206	-831.1388	-1177.557	346.4182	1.642045	1.703529
46212	-826.4088	-1173.241	346.8326	1.745048	1.31564
46218	-833.4053	-1180.228	346.8226	2.189475	0.9191114
46224	-829.2017	-1174.979	345.777	1.601046	2.164366
46230	-835.0339	-1181.898	346.8646	2.01769	1.051085
46236	-836.2106	-1182.863	346.6528	1.909601	1.327905
46242	-823.1805	-1169.236	346.0552	1.682773	1.926053
46248	-817.9627	-1163.644	345.6815	1.525838	2.274525
46254	-827.8567	-1173.712	345.855	1.556594	2.142462
46260	-839.4179	-1185.126	345.708	1.574217	2.226374
46266	-838.843	-1184.806	345.9634	1.539484	2.082698
46272	-847.6225	-1192.193	344.5702	1.249754	3.127454
46278	-854.9894	-1197.005	342.0152	1.026436	4.722659
46284	-841.4663	-1187.958	346.4912	1.851845	1.497748
46290	-840.4772	-1186.269	345.7913	1.41495	2.275186
46296	-834.1908	-1180.406	346.2153	1.614135	1.863947
46302	-836.2726	-1179.936	343.6637	0.9838118	3.812695
46308	-834.6271	-1179.96	345.3326	1.349435	2.605021
46314	-847.8979	-1193.017	345.1195	1.281825	2.777402
46320	-840.5023	-1186.028	345.5258	1.303558	2.513469
46326	-853.1537	-1198.735	345.5808	1.216442	2.533485
46332	-850.546	-1196.443	345.8967	1.518861	2.139896
46338	-841.0529	-1186.547	345.4939	1.46067	2.434998
46344	-832.7915	-1178.371	345.5793	1.327226	2.465176
46350	-838.7934	-1184.201	345.4071	1.445767	2.498767
46356	-829.0366	-1174.87	345.8338	1.595847	2.130735
46362	-839.8104	-1185.945	346.1341	1.538413	1.970059
46368	-845.249	-1190.899	345.6498	1.344691	2.409845
46374	-838.7724	-1183.863	345.0904	1.307435	2.779518
46380	-830.6784	-1175.745	345.0663	1.258696	2.823852
46386	-827.7653	-1172.192	344.4263	1.404715	3.120832
46392	-836.3659	-1181.603	345.2372	1.356052	2.659816
46398	-836.1408	-1181.727	345.5857	1.404777	2.412374
46404	-838.5759	-1183.949	345.373	1.617513	2.412374
46410	-851.4294	-1197.078	345.6484	1.443284	2.348293
46416	-846.5575	-1192.001	345.4431	1.403253	2.50285
46422	-836.6329	-1182.738	346.1054	1.485381	2.024597
46428	-830.9355	-1177.203	346.2675	1.567975	1.859826
46434	-823.2772	-1168.381	345.1036	1.502243	2.652051
46440	-830.0283	-1175.167	345.1392	1.455414	2.658994
46446	-817.986	-1163.296	345.3096	1.368315	2.607552
46452	-827.5816	-1173.131	345.549	1.337186	2.477919
46458	-825.5061	-1170.965	345.4589	1.195936	2.621821
46464	-832.7133	-1176.857	344.1441	1.106456	3.463119
46470	-831.3933	-1175.716	344.3225	1.31691	3.234536
46476	-827.1393	-1172.303	345.1636	1.101739	2.860029
46482	-816.6654	-1160.13	343.4649	1.229681	3.785601
46488	-816.7178	-1161.652	344.9344	1.328532	2.861502
46494	-811.2747	-1155.237	343.9623	1.103728	3.570657
46500	-817.4657	-1162.519	345.0537	1.145026	2.900341
46506	-823.5909	-1169.131	345.5398	1.337475	2.483479
46512	-821.77	-1167.866	346.0962	1.337954	2.12775
46518	-832.1351	-1177.947	345.8115	1.261563	2.360118
46524	-825.2307	-1170.566	345.3354	1.286105	2.642415
46530	-825.5979	-1170.585	344.9874	1.298826	2.847376
46536	-821.7958	-1166.663	344.8672	1.298826	2.920083
46542	-832.9868	-1179.387	346.4005	1.636983	1.719632
46548	-841.5045	-1186.995	345.49	1.628351	2.331345
46554	-825.1691	-1170.858	345.6891	1.246729	2.446794
46560	-833.925	-1179.393	345.4683	1.436201	2.466411
46566	-841.2413	-1186.184	344.9431	1.436201	2.790832
46572	-841.0904	-1186.48	345.3898	1.281468	2.611667
46578	-847.8199	-1192.832	345.0124	1.362205	2.793655
46584	-851.5984	-1196.637	345.0383	1.480507	2.705563
46590	-843.6351	-1188.881	345.2459	1.364716	2.649092
46596	-838.1333	-1184.032	345.8986	1.539415	2.12527
46602	-834.6606	-1181.394	346.7333	1.71424	1.41827
46608	-830.8115	-1175.524	344.7129	1.429741	2.934202
46614	-849.2826	-1193.935	344.6524	1.27897	3.06099
46620	-867.9018	-1211.088	343.1866	1.041954	4.052746
46626	-862.1393	-1204.913	342.7732	1.45527	4.052746
46632	-857.9433	-1203.071	345.1279	1.510175	2.63215
46638	-853.5458	-1198.648	345.102	1.53613	2.63215
46644	-847.1219	-1192.479	345.3574	1.447092	2.528968
46650	-845.1538	-1190.794	345.6401	1.393208	2.385332
46656	-858.4988	-1204.076	345.5769	1.42993	2.402057
46662	-834.3703	-1178.672	344.3014	1.109554	3.369132
46668	-860.2499	-1202.169	341.9186	0.8440859	4.878369
46674	-837.1201	-1180.165	343.0448	0.9326762	4.19557
46680	-846.3043	-1190.361	344.057	1.166921	3.478641
46686	-855.9161	-1199.973	344.057	1.166921	3.478641
46692	-848.7934	-1193.859	345.0654	1.306457	2.795362
46698	-856.1422	-1201.261	345.1185	1.246819	2.799328
46704	-859.8867	-1202.4	342.5137	1.023723	4.444426
46710	-845.379	-1189.701	344.3222	1.294183	3.248186
46716	-841.3931	-1186.686	345.2932	1.511436	2.528853
46722	-863.7541	-1209.821	346.0666	1.818074	1.826073
46728	-853.6428	-1200.221	346.578	1.724081	1.528377
46734	-850.8263	-1197.698	346.8717	1.678607	1.33755
46740	-847.8426	-1193.438	345.5951	1.283561	2.482615
46746	-842.5794	-1187.504	344.9246	1.400875	2.823561
46752	-846.7639	-1191.233	344.4687	1.299151	3.158399
46758	-840.9387	-1185.89	344.9513	1.244403	2.9022
46764	-827.7798	-1174.155	346.3753	1.525125	1.815171
46770	-843.0463	-1189.294	346.248	1.683953	1.793363
46776	-836.3151	-1182.707	346.3918	1.796208	1.612041
46782	-836.345	-1182.215	345.8696	1.632695	2.083053
46788	-844.0969	-1189.716	345.6195	1.554127	2.296079
46794	-849.5005	-1193.705	344.2049	1.181133	3.383787
46800	-860.6893	-1205.735	345.0459	1.278904	2.823947
46806	-856.269	-1201.097	344.8285	1.496331	2.823947
46812	-848.517	-1193.603	345.0858	1.473232	2.680858
46818	-840.7927	-1186.309	345.5164	1.717749	2.257341
46824	-844.2694	-1190.236	345.9663	1.614904	2.030961
46830	-874.2897	-1220.445	346.1555	1.635605	1.890059
46836	-865.8748	-1211.989	346.1138	1.677343	1.890059
46842	-845.3121	-1191.421	346.1089	1.547055	1.981201
46848	-862.4217	-1208.427	346.005	1.708133	1.9428
46854	-859.6082	-1205.942	346.3342	1.632389	1.769299
46860	-840.4148	-1186.893	346.4785	1.668579	1.641635
46866	-842.646	-1189.557	346.9113	2.032889	0.9904072
46872	-822.4223	-1169.202	346.7795	2.048477	1.101754
46878	-833.6838	-1180.335	346.6513	1.850621	1.37587
46884	-843.9566	-1190.547	346.5908	1.911199	1.37587
46890	-849.0353	-1195.414	346.379	1.579862	1.774662
46896	-839.7666	-1185.756	345.9889	1.484574	2.101987
46902	-845.4958	-1190.829	345.3327	1.232829	2.676846
46908	-847.6696	-1192.982	345.3127	1.153795	2.737611
46914	-851.189	-1196.721	345.5316	1.489924	2.392737
46920	-833.8248	-1179.602	345.7773	1.514222	2.220353
46926	-835.8681	-1182.194	346.3258	1.590082	1.804491
46932	-836.1607	-1181.75	345.5897	1.248414	2.50798
46938	-833.6696	-1179.144	345.4742	1.395561	2.488189
46944	-841.7475	-1187.364	345.616	1.3448	2.431066
46950	-842.6754	-1188.493	345.8172	1.325937	2.315565
46956	-848.2041	-1192.765	344.5613	1.360509	3.066707
46962	-837.7407	-1182.111	344.37	1.159637	3.299368
46968	-847.7299	-1190.441	342.7114	0.9988737	4.346926
46974	-858.5509	-1201.281	342.7305	1.301659	4.164524
46980	-845.2238	-1189.194	343.9705	1.0987	3.5688
46986	-853.9918	-1197.135	343.1433	0.8772844	4.171113
46992	-862.5377	-1204.875	342.3377	0.9505731	4.584512
46998	-862.3126	-1205.448	343.1357	1.20045	3.991308
47004	-842.2889	-1188.492	346.203	1.454008	1.980489
47010	-839.9862	-1186.223	346.2364	1.508047	1.921667
47016	-842.135	-1188.739	346.604	1.892252	1.380316
47022	-844.451	-1188.261	343.8096	1.293529	3.549056
47028	-864.4591	-1208.178	343.7187	1.196902	3.657953
47034	-832.2181	-1178.728	346.5094	1.644566	1.636632
47040	-831.5126	-1177.698	346.1849	1.624868	1.877324
47046	-847.5263	-1193.252	345.726	1.583064	2.209022
47052	-846.5362	-1191.422	344.886	1.323512	2.893822
47058	-847.4864	-1192.272	344.786	1.359712	2.932332
47064	-834.4942	-1178.536	344.0415	1.238067	3.446147
47070	-832.5086	-1178.092	345.583	1.425399	2.401057
47076	-837.7159	-1183.575	345.8587	1.647864	2.080253
47082	-843.621	-1189.562	345.9406	1.741499	1.963667
47088	-832.4316	-1177.867	345.4352	1.47431	2.463317
47094	-836.9943	-1182.41	345.4154	1.554952	2.425083
47100	-828.4057	-1173.858	345.4523	1.46451	2.458706
47106	-826.4211	-1170.467	344.0456	1.34557	3.380753
47112	-832.9629	-1178.888	345.9248	1.665009	2.02526
47118	-830.8919	-1177.305	346.4132	1.453352	1.83847
47124	-813.3992	-1159.163	345.7635	1.523804	2.223109
47130	-810.2889	-1156.545	346.2559	1.519784	1.900513
47136	-821.7545	-1167.485	345.7308	1.519784	2.246725
47142	-818.654	-1164.611	345.9573	1.556854	2.07527
47148	-829.6047	-1175.637	346.0325	1.48167	2.07527
47154	-822.6703	-1167.517	344.8471	1.317293	2.921057
47160	-825.8267	-1171.123	345.2966	1.138973	2.756524
47166	-828.0366	-1173.447	345.4103	1.233304	2.628762
47172	-835.2733	-1180.696	345.423	1.220623	2.628762
47178	-825.1461	-1169.84	344.6944	0.9973317	3.203597
47184	-819.7465	-1165.083	345.3366	1.415317	2.56167
47190	-819.5192	-1164.721	345.2023	1.222667	2.762988
47196	-816.5633	-1160.415	343.8513	1.150445	3.608015
47202	-825.4847	-1169.539	344.0542	1.007293	3.573274
47208	-832.3136	-1177.26	344.946	1.069117	3.010883
47214	-840.156	-1185.28	345.1238	1.316034	2.753883
47220	-840.3805	-1185.779	345.3985	1.329637	2.57644
47226	-841.8958	-1188.543	346.6469	1.734785	1.468591
47232	-831.4075	-1176.628	345.2203	1.396594	2.645263
47238	-833.591	-1178.153	344.5624	1.067596	3.240126
47244	-833.678	-1177.185	343.5075	1.161985	3.800076
47250	-836.6717	-1181.718	345.0464	1.300175	2.810767
47256	-848.9023	-1193.512	344.61	1.295215	3.076599
47262	-852.5875	-1197.08	344.4923	1.320352	3.131781
47268	-840.5771	-1184.149	343.572	1.310466	3.677129
47274	-842.0833	-1188.3	346.2168	1.736751	1.778368
47280	-840.8342	-1186.936	346.1014	1.624658	1.934077
47286	-841.7441	-1188.259	346.515	1.779392	1.534104
47292	-826.2221	-1172.677	346.4546	1.839796	1.534104
47298	-823.7933	-1170.091	346.298	1.581925	1.829282
47304	-818.0028	-1164.234	346.231	1.602397	1.861218
47310	-811.9189	-1157.866	345.9475	1.559786	2.079812
47316	-824.0004	-1169.778	345.7774	1.415458	2.283817
47322	-829.6777	-1175.529	345.8509	1.347958	2.27994
47328	-836.5642	-1183.011	346.4466	1.6943	1.646017
47334	-837.3289	-1183.493	346.1639	1.495096	1.979129
47340	-829.8607	-1175.489	345.6281	1.329053	2.433353
47346	-827.5567	-1171.547	343.9904	1.16903	3.516301
47352	-850.2476	-1195.301	345.0531	0.9766598	3.002091
47358	-842.1467	-1185.947	343.8005	1.104703	3.663978
47364	-830.1164	-1175.392	345.2752	1.448175	2.579417
47370	-826.2062	-1172.114	345.908	1.582842	2.090584
47376	-836.9925	-1182.94	345.9477	1.479264	2.132463
47382	-830.5019	-1174.832	344.3299	1.303543	3.238088
47388	-843.5094	-1188.182	344.6726	1.451386	2.945469
47394	-849.7069	-1195.208	345.5016	1.458769	2.431362
47400	-839.8702	-1186.003	346.1327	1.400061	2.063028
47406	-840.9887	-1186.536	345.5471	1.33092	2.483006
47412	-852.9729	-1196.155	343.1824	1.268648	3.925516
47418	-847.0296	-1192.008	344.9788	1.26265	2.874493
47424	-830.0037	-1175.937	345.933	1.453579	2.158816
47430	-837.6115	-1183.542	345.9309	1.542286	2.102189
47436	-826.5608	-1172.428	345.8669	1.464795	2.194439
47442	-830.6902	-1176.187	345.4971	1.474874	2.424036
47448	-827.7123	-1173.589	345.877	1.530669	2.145023
47454	-833.7834	-1178.835	345.0515	1.447158	2.717927
47460	-837.5195	-1182.377	344.8573	1.362705	2.887491
47466	-846.7776	-1192.321	345.543	1.342916	2.478106
47472	-852.6407	-1198.332	345.6911	1.486073	2.293826
47478	-848.1936	-1193.94	345.7469	1.430308	2.293826
47484	-855.0116	-1200.507	345.4956	1.431707	2.452135
47490	-843.9404	-1189.964	346.0232	1.460161	2.09551
47496	-838.1314	-1183.639	345.5079	1.478329	2.41505
47502	-839.6774	-1183.658	343.9808	1.293678	3.449103
47508	-846.3932	-1191.087	344.6935	1.134784	3.122491
47514	-847.612	-1191.984	344.3722	1.270388	3.232674
47520	-845.2127	-1189.267	344.0548	1.254143	3.428989
47526	-855.4441	-1200.382	344.9383	1.411812	2.808571
47532	-865.2291	-1210.449	345.2203	1.305467	2.701285
47538	-852.184	-1196.859	344.6755	1.231834	3.075371
47544	-846.4567	-1191.175	344.718	1.22933	3.051464
47550	-856.9181	-1202.418	345.4997	1.276492	2.546592
47556	-851.9129	-1196.008	344.0955	1.286417	3.38621
47562	-850.6515	-1196.11	345.4586	1.459824	2.457714
47568	-853.5251	-1199.588	346.0628	1.65275	1.941192
47574	-847.5872	-1191.873	344.2856	1.365396	3.227701
47580	-858.6451	-1202.828	344.1824	1.224441	3.371546
47586	-864.2878	-1208.96	344.6718	1.191584	3.101591
47592	-836.4935	-1181.433	344.9392	1.797193	2.571294
47598	-845.8595	-1190.723	344.8637	1.571094	2.756947
47604	-840.9612	-1187.715	346.7536	1.810748	1.326349
47610	-843.2231	-1189.95	346.7264	1.827565	1.334664
47616	-850.4043	-1197.288	346.8839	1.70413	1.307281
47622	-841.9356	-1188.71	346.7746	1.770461	1.341796
47628	-831.2251	-1177.88	346.6546	1.890386	1.341796
47634	-856.5269	-1203.03	346.5033	1.711048	1.592904
47640	-845.5513	-1191.085	345.5333	1.499732	2.385514
47646	-848.8702	-1194.636	345.7659	1.337135	2.341108
47652	-862.4147	-1206.899	344.4844	1.198993	3.20849
47658	-856.642	-1201.68	345.0379	1.356202	2.781806
47664	-852.2639	-1197.019	344.7554	1.355931	2.95304
47670	-840.361	-1185.942	345.5814	1.315233	2.471376
47676	-847.6888	-1192.974	345.285	1.315233	2.6555
47682	-855.3712	-1200.359	344.9878	1.280534	2.858213
47688	-847.4474	-1190.48	343.0324	0.9836206	4.173692
47694	-863.5059	-1208.648	345.1417	1.261668	2.776176
47700	-878.222	-1222.024	343.8022	1.492509	3.437287
47706	-845.2969	-1189.248	343.951	1.343708	3.437287
47712	-845.541	-1190.398	344.8571	1.152614	3.014093
47718	-838.9785	-1184.183	345.2041	1.328729	2.69693
47724	-842.7421	-1188.038	345.2954	1.237465	2.69693
47730	-840.3127	-1185.679	345.3658	1.260817	2.639229
47736	-837.8109	-1182.916	345.1052	1.519865	2.640207
47742	-835.4469	-1180.852	345.4052	1.482941	2.476687
47748	-818.92	-1164.608	345.6879	1.383802	2.361024
47754	-818.6174	-1162.894	344.277	1.032562	3.42862
47760	-833.6551	-1177.842	344.1868	1.122738	3.42862
47766	-840.4921	-1184.778	344.2858	1.122409	3.370782
47772	-856.6517	-1201.344	344.6925	1.162341	3.106668
47778	-850.7123	-1196.334	345.6212	1.558019	2.2925
47784	-846.4305	-1192.336	345.9057	1.59616	2.083381
47790	-841.326	-1187.122	345.7963	1.437941	2.257249
47796	-840.8406	-1186.755	345.914	1.416578	2.195135
47802	-836.0744	-1182.704	346.6294	1.991014	1.280898
47808	-840.9312	-1187.763	346.8314	2.12555	0.9774223
47814	-862.7925	-1209.133	346.3409	1.671406	1.737327
47820	-843.4535	-1190.469	347.0157	1.815447	1.098841
47826	-829.1327	-1175.887	346.7541	2.065959	1.108992
47832	-832.0803	-1178.218	346.138	1.817918	1.776707
47838	-847.3733	-1193.569	346.1957	1.629714	1.866707
47844	-849.5704	-1195.586	346.016	1.55199	2.039734
47850	-849.7669	-1196.192	346.4254	1.564124	1.753257
47856	-839.4167	-1185.3	345.8833	1.695433	2.032622
47862	-857.5774	-1202.754	345.1763	1.742445	2.457495
47868	-845.5095	-1191.594	346.0845	1.516039	2.018132
47874	-834.8924	-1181.389	346.4964	1.536124	1.723106
47880	-844.1196	-1188.918	344.7981	1.295764	2.963571
47886	-842.3451	-1187.417	345.0716	1.2627	2.818208
47892	-845.5119	-1191.498	345.9865	1.395147	2.161983
47898	-844.9441	-1190.402	345.4577	1.395147	2.498761
47904	-839.5988	-1185.825	346.2259	1.81825	1.714905
47910	-828.9689	-1175.693	346.7236	1.877665	1.296473
47916	-835.8242	-1182.479	346.6553	1.875955	1.352779
47922	-843.9005	-1190.912	347.0114	1.932554	0.9906392
47928	-841.3667	-1188.175	346.8082	2.1111	1.015149
47934	-838.4592	-1185.188	346.7289	2.190466	1.015149
47940	-834.8207	-1181.539	346.7187	1.872731	1.304528
47946	-834.1253	-1180.746	346.6205	1.847522	1.402393
47952	-831.5307	-1177.928	346.3976	1.866395	1.556559
47958	-834.6053	-1180.599	345.9939	1.689599	1.962691
47964	-842.2433	-1188.117	345.8739	1.771252	1.988379
47970	-847.043	-1193.525	346.482	1.647926	1.6539
47976	-849.4433	-1194.878	345.435	1.402607	2.508327
47982	-844.4777	-1188.749	344.2711	1.228858	3.316827
47988	-844.0442	-1187.927	343.8831	1.175066	3.575212
47994	-848.2081	-1192.835	344.627	1.149198	3.153465
48000	-841.7055	-1186.879	345.1734	1.355416	2.699442
48006	-847.5601	-1192.823	345.2626	1.266171	2.699442
48012	-839.4188	-1184.13	344.7109	1.299523	3.013686
48018	-830.041	-1175.43	345.3888	1.354985	2.566737
48024	-845.4552	-1191.037	345.5815	1.456036	2.382652
48030	-843.4508	-1188.084	344.6332	1.355514	3.026676
48036	-842.3496	-1187.83	345.4807	1.480779	2.430629
48042	-832.5705	-1178.801	346.2302	1.69116	1.800682
48048	-831.3619	-1177.345	345.9833	1.69116	1.968753
48054	-835.924	-1181.886	345.9623	1.442594	2.146836
48060	-832.6817	-1178.412	345.7301	1.545125	2.230889
48066	-845.3042	-1190.283	344.979	1.452162	2.759187
48072	-854.5729	-1200.073	345.4996	1.387482	2.477346
48078	-845.9572	-1191.435	345.4774	1.624506	2.341829
48084	-835.0208	-1179.722	344.7013	1.303929	3.016774
48090	-846.3102	-1191.631	345.3205	1.316575	2.632807
48096	-819.9059	-1165.823	345.9172	1.646012	2.042853
48102	-826.511	-1172.515	346.0039	1.430802	2.127386
48108	-839.8035	-1185.782	345.9783	1.410514	2.157304
48114	-835.4711	-1180.915	345.444	1.527538	2.424319
48120	-829.1038	-1174.704	345.6006	1.370937	2.424319
48126	-846.6445	-1191.49	344.8451	1.197858	2.99414
48132	-830.9189	-1175.502	344.583	1.143974	3.182689
48138	-842.906	-1187.449	344.5432	1.140176	3.208505
48144	-840.9058	-1186.26	345.3539	1.185268	2.693063
48150	-850.5861	-1196.952	346.366	1.61385	1.760027
48156	-839.855	-1184.446	344.5914	1.422639	3.011506
48162	-844.2216	-1190.431	346.2096	1.554987	1.908018
48168	-842.1815	-1187.876	345.6945	1.461235	2.307522
48174	-845.9881	-1190.712	344.7243	1.354322	2.972757
48180	-848.6554	-1193.492	344.8371	1.301678	2.936516
48186	-849.7251	-1195.722	345.9965	1.398836	2.15306
48192	-847.741	-1191.423	343.6824	1.15903	3.700872
48198	-852.8414	-1196.578	343.7369	1.104527	3.700872
48204	-839.4009	-1183.775	344.3745	1.26138	3.236648
48210	-854.0888	-1198.872	344.7834	1.36326	2.931784
48216	-853.5493	-1198.373	344.8233	1.323363	2.931784
48222	-861.389	-1207.551	346.162	1.545491	1.946623
48228	-855.0137	-1199.527	344.5129	1.526777	2.996101
48234	-855.7635	-1200.946	345.1822	1.244373	2.762021
48240	-839.5843	-1185.262	345.6774	1.607394	2.224707
48246	-841.8014	-1185.873	344.0715	1.053167	3.536536
48252	-846.7072	-1190.435	343.7276	1.042062	3.742332
48258	-830.4512	-1174.566	344.1152	1.288832	3.373248
48264	-835.6356	-1179.385	343.7493	1.10225	3.694995
48270	-846.2394	-1191.459	345.22	1.321337	2.691753
48276	-843.2893	-1187.77	344.4812	1.383265	3.100935
48282	-830.8669	-1174.061	343.1936	1.287473	3.908298
48288	-843.8034	-1187.19	343.3866	1.350938	3.760871
48294	-843.0407	-1188.597	345.5561	1.267877	2.516836
48300	-845.288	-1190.298	345.0097	1.310478	2.826797
48306	-850.6053	-1196.165	345.5601	1.629404	2.285946
48312	-853.4206	-1199.133	345.7122	1.697145	2.143927
48318	-856.2806	-1201.963	345.6828	1.524607	2.274477
48324	-847.0678	-1192.713	345.6453	1.534856	2.291948
48330	-852.8914	-1197.334	344.4427	1.343966	3.147233
48336	-849.7799	-1194.243	344.4631	1.323528	3.147233
48342	-832.7887	-1178.212	345.4228	1.323528	2.565128
48348	-844.4307	-1190.122	345.691	1.476399	2.30008
48354	-847.6265	-1193.733	346.1068	1.664077	1.903769
48360	-834.8163	-1180.755	345.9386	1.45123	2.156645
48366	-846.1551	-1191.403	345.2477	1.426657	2.609764
48372	-854.9835	-1198.929	343.9458	1.3067	3.461998
48378	-856.5486	-1201.512	344.9633	1.294985	2.864338
48384	-836.1209	-1180.801	344.6798	1.191024	3.09712
48390	-828.0962	-1173.346	345.2495	1.345218	2.658889
48396	-841.2675	-1185.027	343.7595	1.19307	3.636543
48402	-839.6131	-1184.596	344.9829	1.452811	2.756407
48408	-832.8351	-1176.72	343.8845	1.259725	3.525177
48414	-839.4272	-1183.415	343.9875	1.18696	3.50753
48420	-850.083	-1195.274	345.1909	1.273151	2.739089
48426	-856.3703	-1200.021	343.6511	1.140958	3.729422
48432	-843.5558	-1186.925	343.3687	1.231981	3.83964
48438	-843.452	-1188.68	345.2284	1.400375	2.637891
48444	-838.2107	-1183.713	345.5023	1.388871	2.474789
48450	-850.2776	-1195.385	345.1074	1.39586	2.715102
48456	-848.9743	-1193.621	344.647	1.341785	3.026608
48462	-842.1689	-1188.236	346.0673	1.638454	1.947737
48468	-842.2672	-1187.461	345.1937	1.45094	2.628136
48474	-853.472	-1199.532	346.0604	1.611435	1.970521
48480	-845.942	-1192.166	346.2236	1.522523	1.920579
48486	-872.5028	-1217.752	345.2495	1.574308	2.51691
48492	-857.7443	-1202.248	344.5034	1.204572	3.193938
48498	-853.9713	-1198.487	344.5161	1.191915	3.193938
48504	-848.267	-1191.553	343.2856	1.288565	3.854876
48510	-847.2282	-1191.203	343.9745	1.122781	3.552488
48516	-860.9166	-1205.52	344.6032	1.354199	3.045412
48522	-847.5753	-1192.656	345.0811	1.283627	2.799678
48528	-853.6742	-1198.624	344.9503	1.404523	2.805722
48534	-854.8232	-1201.064	346.2405	1.451392	1.957055
48540	-856.1036	-1201.29	345.1864	1.40709	2.659667
48546	-846.7045	-1192.197	345.4929	1.473883	2.427311
48552	-848.1235	-1194.08	345.9563	1.438438	2.153451
48558	-846.3312	-1192.736	346.4044	1.775342	1.618012
48564	-831.7004	-1178.21	346.5101	1.690032	1.603285
48570	-846.382	-1192.273	345.8907	1.525862	2.139283
48576	-824.0642	-1170.294	346.2296	1.60783	1.858494
48582	-818.3318	-1164.096	345.764	1.382854	2.313213
48588	-827.3643	-1173.102	345.7376	1.489329	2.261972
48594	-836.5826	-1182.568	345.9853	1.451878	2.125809
48600	-834.8872	-1179.99	345.1025	1.336558	2.754359
48606	-842.8603	-1188.464	345.6033	1.523434	2.326016
48612	-826.2627	-1172.522	346.2593	1.544931	1.881135
48618	-832.7939	-1178.706	345.9119	1.489358	2.149229
48624	-836.2095	-1182.32	346.1109	1.479376	2.024947
48630	-845.0303	-1190.525	345.4943	1.392688	2.477397
48636	-835.5908	-1181.25	345.6594	1.353195	2.398403
48642	-836.445	-1181.926	345.4811	1.133411	2.646715
48648	-843.9822	-1189.602	345.6203	1.36241	2.417281
48654	-840.8448	-1186.838	345.9929	1.714947	1.946373
48660	-848.4813	-1193.931	345.4496	1.43536	2.478719
48666	-839.3267	-1184.885	345.558	1.326939	2.478719
48672	-846.9169	-1192.432	345.515	1.592533	2.338233
48678	-842.6856	-1188.508	345.8225	1.434615	2.242567
48684	-849.4662	-1195.293	345.8265	1.491861	2.203028
48690	-847.2262	-1192.952	345.7263	1.337116	2.36627
48696	-852.354	-1198.976	346.6217	1.546559	1.626339
48702	-847.9324	-1194.354	346.4219	1.568249	1.752854
48708	-839.982	-1186.218	346.2362	1.492891	1.932039
48714	-841.6455	-1187.799	346.1538	1.659799	1.874764
48720	-838.2338	-1182.883	344.6496	1.289158	3.056565
48726	-843.092	-1189.018	345.9257	1.559858	2.09406
48732	-847.7639	-1193.403	345.6388	1.605064	2.251103
48738	-847.7865	-1193.191	345.4041	1.513748	2.458037
48744	-848.4229	-1194.475	346.0521	1.408236	2.110637
48750	-842.138	-1187.023	344.8848	1.325613	2.893299
48756	-850.5431	-1196.006	345.4632	1.306205	2.550783
48762	-863.1818	-1206.759	343.577	1.308899	3.675123
48768	-851.4789	-1197.139	345.66	1.31869	2.419791
48774	-835.7546	-1182.297	346.5427	1.669271	1.594617
48780	-836.5962	-1183.438	346.8423	1.663091	1.373176
48786	-847.409	-1193.208	345.7989	1.541376	2.18884
48792	-846.9139	-1191.774	344.8603	1.350208	2.893211
48798	-844.2551	-1190.015	345.7596	1.23182	2.411789
48804	-835.648	-1180.143	344.4952	1.203037	3.19971
48810	-868.6458	-1214.562	345.9161	1.217348	2.321726
48816	-854.6457	-1199.11	344.4639	1.332055	3.141707
48822	-871.7519	-1216.187	344.4351	1.221459	3.224389
48828	-868.4548	-1213.297	344.8422	1.391987	2.878904
48834	-856.4368	-1202.079	345.6417	1.501589	2.315485
48840	-855.7473	-1201.826	346.0792	1.76568	1.853391
48846	-861.5224	-1207.003	345.4806	1.542893	2.391504
48852	-859.5782	-1203.786	344.2083	1.286169	3.320063
48858	-876.996	-1221.913	344.9173	1.562593	2.729406
48864	-845.5953	-1189.747	344.1512	1.360194	3.310094
48870	-857.1614	-1203.082	345.9202	1.307679	2.261333
48876	-862.0385	-1206.991	344.9521	1.339048	2.844382
48882	-846.4892	-1192.07	345.5808	1.521194	2.341772
48888	-848.8493	-1194.693	345.8437	1.518717	2.174469
48894	-854.4478	-1199.863	345.4148	1.564862	2.419203
48900	-838.8058	-1185.741	346.9353	2.097062	0.8965192
48906	-836.77	-1182.969	346.1991	1.744487	1.785302
48912	-839.5889	-1185.806	346.2169	1.766873	1.757322
48918	-838.0426	-1184.205	346.1624	1.614658	1.899584
48924	-846.0117	-1191.268	345.2567	1.645879	2.467643
48930	-863.8621	-1208.323	344.4604	1.072615	3.297348
48936	-851.0551	-1194.71	343.6544	1.085144	3.759705
48942	-850.4461	-1194.226	343.7801	0.924303	3.779951
48948	-837.5594	-1180.029	342.4696	0.9565039	4.507079
48954	-855.7437	-1200.066	344.3221	1.14769	3.334567
48960	-861.0537	-1206.218	345.1643	1.261234	2.762636
48966	-854.7617	-1199.534	344.7724	1.155547	3.063036
48972	-852.4297	-1197.983	345.5532	1.365532	2.457498
48978	-847.0555	-1192.192	345.1367	1.309169	2.750198
48984	-843.0489	-1187.567	344.5178	1.408324	3.0641
48990	-832.9974	-1178.016	345.0184	1.35959	2.79159
48996	-835.3431	-1180.655	345.3121	1.339426	2.623843
49002	-831.9437	-1177.907	345.9637	1.536276	2.084608
49008	-849.2623	-1195.226	345.9637	1.536276	2.084608
49014	-859.173	-1205.108	345.935	1.383654	2.202844
49020	-833.9738	-1180.001	346.0273	1.636673	1.97579
49026	-832.2738	-1178.123	345.8497	1.714856	2.041999
49032	-830.5381	-1175.954	345.4157	1.462706	2.482801
49038	-838.5945	-1183.469	344.8746	1.212306	2.967754
49044	-850.0408	-1193.945	343.9038	1.300436	3.490143
49050	-843.126	-1188.223	345.0971	1.343806	2.753233
49056	-852.109	-1196.268	344.1587	1.312926	3.333511
49062	-843.0317	-1188.13	345.0986	1.411767	2.710713
49068	-843.0552	-1188.471	345.4163	1.502115	2.457696
49074	-851.6334	-1195.776	344.143	0.9445007	3.558152
49080	-845.6572	-1188.217	342.5603	1.013774	4.423782
49086	-840.5854	-1183.146	342.5603	1.013774	4.423782
49092	-836.2433	-1178.804	342.5603	1.013774	4.423782
49098	-833.9426	-1176.503	342.5603	1.013774	4.423782
49104	-829.8376	-1172.398	342.5603	1.013774	4.423782
49110	-840.57	-1183.242	342.6721	0.991787	4.373085
49116	-836.5442	-1177.349	340.8052	1.000717	5.408338
49122	-831.1855	-1176.95	345.7644	1.493066	2.242358
49128	-835.8195	-1182.405	346.585	1.493066	1.690871
49134	-830.8732	-1177.386	346.5125	1.610197	1.659106
49140	-835.9363	-1181.597	345.6604	1.553801	2.270147
49146	-829.7688	-1176.031	346.2626	1.689088	1.779653
49152	-827.9462	-1172.723	344.7771	1.163586	3.055447
49158	-827.7378	-1173.266	345.5284	1.453496	2.417756
49164	-828.5744	-1174.193	345.6189	1.380114	2.406966
49170	-828.8826	-1174.465	345.5822	1.495047	2.35747
49176	-811.2706	-1156.904	345.6338	1.355226	2.413254
49182	-816.2803	-1161.329	345.0486	1.304987	2.806472
49188	-822.8722	-1168.474	345.6022	1.298626	2.468775
49194	-819.9903	-1165.941	345.9507	1.48629	2.125893
49200	-816.5196	-1162.219	345.6993	1.292914	2.411305
49206	-813.897	-1159.635	345.7381	1.410478	2.312098
49212	-814.6113	-1159.824	345.2126	1.320244	2.696955
49218	-813.1222	-1158.329	345.2072	1.325648	2.696955
49224	-819.4054	-1164.96	345.5547	1.499448	2.372107
49230	-849.9632	-1196.337	346.3739	1.750809	1.657624
49236	-846.088	-1192.459	346.3706	1.754174	1.657624
49242	-827.017	-1172.295	345.2783	1.338482	2.645331
49248	-828.2171	-1174.206	345.9894	1.738636	1.932768
49254	-840.7644	-1187.6	346.8354	1.666918	1.375599
49260	-838.9483	-1185.65	346.702	1.985882	1.224744
49266	-837.821	-1183.977	346.1558	1.827207	1.757876
49272	-832.1406	-1178.47	346.3294	1.839697	1.62571
49278	-833.5762	-1179.67	346.0936	1.34993	2.121639
49284	-844.407	-1190.133	345.7259	1.459892	2.288313
49290	-845.2018	-1190.018	344.8158	1.210396	3.004217
49296	-842.8786	-1187.603	344.7243	1.211263	3.058466
49302	-830.0239	-1176.016	345.9921	1.547697	2.058374
49308	-831.7114	-1177.841	346.1296	1.72265	1.848296
49314	-845.0301	-1191.179	346.149	1.546508	1.954659
49320	-845.706	-1191.857	346.1508	1.702477	1.847629
49326	-850.6597	-1196.848	346.1882	1.665073	1.847629
49332	-840.7204	-1186.145	345.425	1.496704	2.455623
49338	-841.1654	-1186.783	345.6177	1.419581	2.382809
49344	-831.7667	-1177.282	345.515	1.618735	2.321534
49350	-837.2	-1183.147	345.9466	1.455522	2.148659
49356	-835.1504	-1181.684	346.534	1.651938	1.61357
49362	-833.3053	-1179.578	346.2723	1.789263	1.702585
49368	-841.7936	-1188.032	346.238	1.471356	1.945367
49374	-835.2172	-1179.792	344.5745	1.183052	3.164521
49380	-842.3304	-1187.846	345.5159	1.363104	2.482394
49386	-839.7682	-1185.058	345.2897	1.421432	2.586955
49392	-841.8305	-1186.594	344.764	1.263158	3.003656
49398	-847.5061	-1193.001	345.4946	1.33253	2.514855
49404	-849.9851	-1193.732	343.7465	1.177484	3.653085
49410	-838.1388	-1183.88	345.7408	1.381284	2.328952
49416	-833.7023	-1179.706	346.0033	1.64562	1.985847
49422	-834.1923	-1179.204	345.0121	1.200647	2.891906
49428	-837.1574	-1182.216	345.0589	1.43257	2.722339
49434	-840.6969	-1184.819	344.1217	1.168544	3.439894
49440	-842.2418	-1186.284	344.0419	1.023337	3.571111
49446	-845.6438	-1190.019	344.3756	1.254547	3.24004
49452	-849.6141	-1195.076	345.4619	1.362869	2.51634
49458	-839.6329	-1184.684	345.0514	1.465304	2.706818
49464	-832.731	-1179.183	346.4522	1.677505	1.654061
49470	-832.6587	-1179.379	346.7207	1.886394	1.291731
49476	-834.8341	-1181.151	346.3172	1.785643	1.673246
49482	-842.3484	-1189.17	346.8214	1.931442	1.168965
49488	-833.8848	-1180.23	346.3447	1.617247	1.772502
49494	-844.4561	-1190.567	346.1108	1.517384	1.999723
49500	-854.6719	-1198.881	344.2092	1.593798	3.137502
49506	-840.5835	-1186.002	345.4189	1.446385	2.490974
49512	-849.8993	-1194.759	344.8602	1.432758	2.843337
49518	-852.9927	-1198.962	345.9697	1.424939	2.153531
49524	-848.9829	-1195.202	346.2188	1.545167	1.908473
49530	-829.9039	-1175.632	345.7285	1.299838	2.38845
49536	-840.9041	-1184.043	343.1385	1.21546	3.981085
49542	-836.483	-1180.954	344.4707	1.228546	3.199124
49548	-844.8814	-1189.022	344.1402	1.113032	3.461568
49554	-838.4688	-1182.789	344.32	1.120759	3.351659
49560	-839.2154	-1182.478	343.2622	1.021267	4.021379
49566	-822.8931	-1165.6	342.7067	1.085317	4.300693
49572	-842.8982	-1187.228	344.3299	1.307332	3.235843
49578	-844.1355	-1188.969	344.8336	1.1273	3.043349
49584	-839.7307	-1181.25	341.5193	1.000877	5.013258
49590	-849.7382	-1194.044	344.3059	1.10415	3.369683
49596	-861.8118	-1206.563	344.7512	1.135904	3.087444
49602	-848.7615	-1193.969	345.2071	1.400563	2.650901
49608	-862.9557	-1206.973	344.0178	1.322603	3.410556
49614	-835.245	-1180.669	345.4237	1.337612	2.555815
49620	-861.0872	-1205.972	344.8846	1.10577	3.025673
49626	-845.533	-1190.513	344.9799	1.391832	2.795434
49632	-840.3011	-1186.132	345.831	1.572892	2.147522
49638	-847.0051	-1191.396	344.3907	1.507752	3.080647
49644	-836.8774	-1182.854	345.9762	1.444849	2.136298
49650	-867.9416	-1213.097	345.1556	1.483773	2.631368
49656	-837.3765	-1183.33	345.9537	1.3626	2.20439
49662	-851.427	-1197.437	346.01	1.71748	1.933166
49668	-842.8823	-1188.03	345.1477	1.669228	2.521227
49674	-839.1787	-1184.989	345.8099	1.371252	2.291307
49680	-840.6009	-1185.207	344.6056	1.477673	2.969913
49686	-841.7754	-1186.727	344.9518	1.251407	2.897673
49692	-839.8757	-1183.521	343.6451	1.295161	3.643682
49698	-842.3594	-1185.859	343.4991	1.327841	3.709239
49704	-847.2497	-1191.985	344.7357	1.43704	2.916073
49710	-837.2743	-1181.891	344.617	1.343355	3.043637
49716	-844.1785	-1189.629	345.4505	1.322091	2.548827
49722	-846.1194	-1190.619	344.5001	1.101516	3.256883
49728	-855.7224	-1197.908	342.1852	1.019665	4.631277
49734	-834.9468	-1177.718	342.7711	1.043585	4.287877
49740	-837.2455	-1180.485	343.2391	1.175884	3.946186
49746	-827.3649	-1173.902	346.5368	1.489667	1.727378
49752	-829.8685	-1175.004	345.1354	1.387536	2.703006
49758	-835.8818	-1181.187	345.305	1.254232	2.680745
49764	-830.3176	-1176.265	345.9477	1.437922	2.159404
49770	-844.956	-1190.813	345.8567	1.427938	2.224829
49776	-841.0622	-1187.39	346.3279	1.513897	1.855476
49782	-839.5291	-1185.84	346.3104	1.385603	1.954291
49788	-836.223	-1182.996	346.7727	1.687415	1.408496
49794	-832.1768	-1178.47	346.2928	1.390319	1.962991
49800	-818.0815	-1164.323	346.2414	1.755303	1.748261
49806	-823.0894	-1168.613	345.5238	1.589686	2.334469
49812	-829.3587	-1175.639	346.2799	1.762527	1.716151
49818	-827.2801	-1173.949	346.6691	1.746152	1.443082
49824	-869.1056	-1215.064	345.9582	1.597126	2.048086
49830	-844.9474	-1191.215	346.2672	1.755031	1.730373
49836	-844.3971	-1190.758	346.3609	1.711137	1.69517
49842	-841.753	-1187.924	346.1705	1.815781	1.755527
49848	-841.6949	-1188.052	346.3575	1.69577	1.708452
49854	-837.5968	-1182.982	345.3851	1.600985	2.415124
49860	-863.7805	-1208.804	345.0232	1.264089	2.846745
49866	-851.7423	-1196.944	345.2018	1.571827	2.548154
49872	-858.8764	-1205.569	346.6925	1.82945	1.360114
49878	-860.78	-1207.353	346.5731	1.702322	1.548079
49884	-823.0575	-1168.059	345.0017	1.344991	2.810661
49890	-827.7162	-1173.162	345.4463	1.388169	2.510273
49896	-837.4763	-1181.894	344.4173	1.377746	3.142279
49902	-843.0089	-1188.2	345.1909	1.488007	2.606952
49908	-843.8623	-1188.59	344.7276	1.619387	2.810508
49914	-850.1969	-1196.59	346.3932	1.852147	1.570214
49920	-832.9886	-1177.584	344.5952	1.437691	3.000195
49926	-838.9871	-1184.264	345.2771	1.588661	2.490683
49932	-855.9871	-1202.368	346.3806	1.793048	1.62246
49938	-872.1466	-1218.298	346.1515	1.793048	1.784628
49944	-853.9796	-1199.812	345.8326	1.75295	2.028056
49950	-847.8365	-1193.836	345.9995	1.810048	1.877504
49956	-845.9452	-1191.643	345.6978	1.680916	2.163873
49962	-835.5378	-1180.855	345.3168	1.407205	2.578985
49968	-835.1867	-1180.512	345.3254	1.493907	2.519706
49974	-839.8024	-1184.916	345.114	1.505925	2.643388
49980	-843.3517	-1188.394	345.0428	1.369767	2.77054
49986	-840.0811	-1185.653	345.5715	1.352019	2.454499
49992	-840.4897	-1185.705	345.2149	1.476302	2.599303
49998	-848.6481	-1194.782	346.1338	1.506027	1.991939
50004	-852.0454	-1197.667	345.6212	1.484587	2.339369
50010	-844.1943	-1190.043	345.8491	1.234467	2.353486
50016	-841.6957	-1187.194	345.4979	1.203445	2.593041
50022	-848.6481	-1193.802	345.1541	1.280647	2.756982
50028	-834.2994	-1180.358	346.059	1.540728	2.018665
50034	-839.1806	-1183.852	344.6719	1.52143	2.903637
50040	-830.909	-1175.124	344.2153	1.196689	3.368565
50046	-838.4416	-1183.045	344.6034	1.20058	3.136933
50052	-839.4051	-1183.058	343.6525	1.143282	3.727256
50058	-835.5193	-1181	345.4807	1.202074	2.604575
50064	-848.4022	-1194.954	346.5516	1.628875	1.617486
50070	-832.4643	-1178.797	346.3323	1.613359	1.78388
50076	-820.6796	-1166.529	345.8494	1.408739	2.241864
50082	-819.612	-1164.066	344.4543	1.193409	3.229619
50088	-829.5754	-1175.177	345.6016	1.311028	2.461345
50094	-837.3566	-1183.135	345.7784	1.493599	2.232947
50100	-855.6972	-1201.169	345.4718	1.199106	2.611918
50106	-840.7178	-1184.151	343.4332	0.940342	3.969889
50112	-835.7566	-1179.463	343.7059	1.318728	3.594739
50118	-827.4754	-1172.415	344.9397	1.412113	2.807567
50124	-831.4357	-1177.287	345.8512	1.420008	2.233472
50130	-859.8451	-1206.716	346.8709	2.250378	0.7866723
50136	-853.5752	-1200.529	346.954	1.910064	1.068346
50142	-836.1922	-1182.567	346.3752	1.644454	1.732188
50148	-840.2915	-1186.588	346.2963	1.67317	1.767278
50154	-847.4108	-1193.382	345.9714	1.557841	2.065359
50160	-844.2749	-1190.379	346.1037	1.557841	1.977444
50166	-828.6456	-1172.992	344.346	1.48565	3.12048
50172	-826.3962	-1171.479	345.0829	1.360525	2.751679
50178	-829.8933	-1173.631	343.7377	1.12742	3.687164
50184	-847.684	-1189.763	342.0793	0.98631	4.709272
50190	-850.379	-1195.435	345.0555	1.159746	2.890356
50196	-873.0311	-1219.245	346.2137	1.480598	1.955503
50202	-844.8259	-1190.764	345.9382	1.401374	2.189338
50208	-828.004	-1173.443	345.4392	1.393241	2.511539
50214	-830.1558	-1174.389	344.2334	1.358114	3.26282
50220	-832.1637	-1175.819	343.655	1.237566	3.671304
50226	-845.9567	-1191.238	345.2816	1.353974	2.633739
50232	-847.1258	-1190.599	343.4729	1.084148	3.864734
50238	-837.2333	-1182.028	344.7946	1.079993	3.094869
50244	-842.1488	-1186.23	344.0809	1.287308	3.394263
50250	-849.8692	-1194.919	345.0499	1.297749	2.810107
50256	-852.9329	-1197.453	344.5198	1.162109	3.209409
50262	-852.6704	-1197.97	345.2998	1.597431	2.471015
50268	-840.4873	-1185.94	345.4525	1.444695	2.471015
50274	-845.1519	-1190.848	345.6965	1.198064	2.472644
50280	-835.8923	-1181.502	345.6094	1.744822	2.179785
50286	-829.2324	-1174.733	345.5003	1.528144	2.388392
50292	-823.3636	-1169.512	346.1483	1.493454	1.990666
50298	-819.3591	-1165.046	345.6874	1.585557	2.232377
50304	-822.8759	-1168.221	345.3455	1.544028	2.475849
50310	-826.3668	-1172.232	345.8653	1.568936	2.127712
50316	-831.0356	-1176.79	345.7541	1.511068	2.237352
50322	-828.6963	-1175.035	346.3389	1.477907	1.872584
50328	-829.1221	-1175.587	346.4649	1.574908	1.717994
50334	-832.7021	-1179.145	346.443	1.596768	1.717994
50340	-825.785	-1171.524	345.7391	1.536354	2.230766
50346	-823.3503	-1169.046	345.6954	1.579985	2.230766
50352	-845.0055	-1191.946	346.9406	2.078889	0.9108881
50358	-851.9214	-1198.91	346.989	2.065052	0.871567
50364	-852.5914	-1199.518	346.9262	1.992686	1.015607
50370	-828.3602	-1172.87	344.5096	1.240491	3.168943
50376	-836.0698	-1181.205	345.1354	1.392106	2.70019
50382	-845.4444	-1190.786	345.3411	1.662702	2.403964
50388	-841.302	-1187.55	346.2479	1.5789	1.865754
50394	-828.7822	-1174.795	346.0126	1.576741	2.025588
50400	-833.689	-1180.57	346.8809	1.627335	1.370919
50406	-847.5147	-1194.205	346.6902	1.655532	1.495752
50412	-829.2943	-1173.211	343.9164	1.212367	3.534135
50418	-820.7537	-1166.017	345.2631	1.413157	2.608552
50424	-828.1613	-1173.404	345.2429	1.333561	2.670121
50430	-833.1633	-1178.574	345.4108	1.449505	2.494105
50436	-829.3314	-1174.721	345.3892	1.334678	2.579066
50442	-817.8346	-1162.718	344.8834	1.382856	2.859496
50448	-829.1411	-1174.778	345.6373	1.336843	2.422675
50454	-834.4983	-1180.096	345.5972	1.415233	2.398497
50460	-830.3903	-1176.452	346.0613	1.580862	1.990368
50466	-829.1924	-1174.586	345.3935	1.59028	2.416612
50472	-841.5605	-1187.068	345.5077	1.217029	2.57855
50478	-842.247	-1185.841	343.5945	1.103032	3.783929
50484	-837.3803	-1179.58	342.1993	1.184149	4.531068
50490	-829.6189	-1173.764	344.1453	1.255992	3.374821
50496	-828.8769	-1173.063	344.1857	1.197594	3.385375
50502	-821.2242	-1166.067	344.8427	1.304469	2.931448
50508	-823.9473	-1166.53	342.5826	1.004852	4.416246
50514	-828.1204	-1173.014	344.8941	1.313954	2.89475
50520	-831.6055	-1174.759	343.1532	1.145661	4.012589
50526	-822.9059	-1166.894	343.9877	1.08258	3.568204
50532	-827.3799	-1171.969	344.5891	1.073331	3.22091
50538	-829.4094	-1174.326	344.9165	1.17376	2.965721
50544	-834.6913	-1179.002	344.3109	1.162561	3.332432
50550	-836.1311	-1182.247	346.1159	1.267533	2.160804
50556	-844.7371	-1190.189	345.4521	1.363049	2.522309
50562	-838.0871	-1182.528	344.4411	1.123714	3.278606
50568	-840.1753	-1183.455	343.2796	1.075758	3.98032
50574	-843.4905	-1190.155	346.6644	1.576396	1.573554
50580	-836.1078	-1182.003	345.895	1.52348	2.138
50586	-827.818	-1173.989	346.1712	1.469267	1.991542
50592	-846.941	-1193.013	346.0721	1.600867	1.969801
50598	-836.7186	-1182.859	346.1404	1.525969	1.974189
50604	-846.4695	-1191.798	345.3288	1.495862	2.516405
50610	-830.8637	-1175.791	344.9269	1.322312	2.86985
50616	-850.2746	-1195.184	344.9096	1.339541	2.86985
50622	-837.6496	-1183.19	345.5404	1.479513	2.393765
50628	-831.1046	-1176.735	345.63	1.545852	2.294644
50634	-831.9945	-1177.465	345.4709	1.335309	2.527906
50640	-836.9596	-1181.881	344.9212	1.362946	2.84864
50646	-850.7389	-1196.315	345.5764	1.426169	2.40477
50652	-851.8889	-1196.428	344.5387	1.274712	3.131344
50658	-837.1807	-1181.815	344.634	1.345785	3.032012
50664	-831.899	-1177.43	345.5307	1.295724	2.515277
50670	-833.852	-1177.865	344.0131	1.352764	3.395632
50676	-833.6133	-1178.652	345.0389	1.552862	2.660693
50682	-840.9626	-1186.458	345.4951	1.448669	2.441794
50688	-838.4721	-1184.034	345.5622	1.381575	2.441794
50694	-816.4687	-1161.869	345.4001	1.579907	2.418984
50700	-821.2793	-1166.092	344.8124	1.394514	2.8954
50706	-820.5373	-1165.766	345.2287	1.312638	2.691717
50712	-826.4001	-1171.688	345.2882	1.25313	2.691717
50718	-819.7829	-1164.797	345.014	1.142311	2.925938
50724	-821.3255	-1165.955	344.6297	1.352721	3.030438
50730	-818.1963	-1164.287	346.0905	1.37625	2.106415
50736	-825.6091	-1171.935	346.3264	1.455641	1.896209
50742	-824.9906	-1170.802	345.8117	1.479109	2.220861
50748	-820.1363	-1166.19	346.0537	1.459125	2.076127
50754	-825.1783	-1169.52	344.342	1.319125	3.221692
50760	-823.9556	-1168.122	344.1665	1.256512	3.362096
50766	-827.8863	-1171.463	343.5766	1.070811	3.812795
50772	-831.907	-1174.403	342.4959	0.9403592	4.501343
50778	-833.0761	-1175.665	342.5887	0.847603	4.501343
50784	-842.2113	-1186.435	344.224	1.06256	3.44207
50790	-840.5448	-1185.046	344.5008	1.162517	3.2204
50796	-833.2342	-1177.486	344.2521	1.240055	3.321451
50802	-831.4234	-1175.675	344.2521	1.240055	3.321451
50808	-844.7301	-1189.682	344.952	1.35812	2.832922
50814	-847.6557	-1192.882	345.2261	1.400625	2.63917
50820	-847.0883	-1193.083	345.9945	1.534865	2.065264
50826	-843.3583	-1188.856	345.4981	1.361888	2.49429
50832	-840.0784	-1185.574	345.4955	1.361872	2.495937
50838	-838.9209	-1183.656	344.7354	1.476924	2.892133
50844	-846.5032	-1192.659	346.1555	1.640298	1.886833
50850	-824.8767	-1170.77	345.8934	1.47389	2.171334
50856	-849.1476	-1194.212	345.0646	1.186587	2.868638
50862	-843.4257	-1186.768	343.3424	1.111502	3.923886
50868	-835.494	-1179.787	344.2935	1.164038	3.341807
50874	-835.7825	-1179.895	344.1121	1.345438	3.341807
50880	-828.4784	-1172.392	343.9134	1.169698	3.560734
50886	-817.7955	-1161.601	343.8053	1.091713	3.668718
50892	-818.6491	-1161.436	342.7871	0.947338	4.333258
50898	-831.1512	-1174.05	342.8991	0.8352794	4.333258
50904	-844.1445	-1189.813	345.6682	1.603858	2.232919
50910	-846.5416	-1192.021	345.4796	1.792469	2.232919
50916	-845.5304	-1191.561	346.0304	1.667861	1.95279
50922	-842.4929	-1188.025	345.5316	1.618445	2.311176
50928	-848.6219	-1194.433	345.8107	1.553689	2.173192
50934	-848.9837	-1194.835	345.8511	1.427109	2.228979
50940	-850.1263	-1196.431	346.3049	1.333264	1.993026
50946	-857.2229	-1202.255	345.0319	1.199264	2.880763
50952	-846.5479	-1192.594	346.0462	1.448629	2.08801
50958	-831.1779	-1176.878	345.7003	1.62351	2.199509
50964	-840.7544	-1186.293	345.539	1.397322	2.446459
50970	-838.9845	-1183.549	344.5642	1.269549	3.119242
50976	-852.7327	-1198.984	346.2512	1.373202	2.002268
50982	-851.4266	-1197.126	345.6994	1.460406	2.304927
50988	-836.2995	-1182.374	346.0744	1.52979	2.015686
50994	-843.9456	-1190.002	346.0559	1.658705	1.941788
51000	-829.4383	-1174.025	344.5862	1.283978	3.097489
51006	-827.0495	-1172.727	345.678	1.399222	2.357489
51012	-826.9649	-1172.183	345.2178	1.343931	2.679204
51018	-851.0614	-1194.272	343.2104	1.811619	3.596235
51024	-846.8908	-1192.405	345.5146	1.538976	2.372489
51030	-840.0344	-1185.576	345.5419	1.71246	2.244326
51036	-842.9792	-1189.263	346.2837	1.552283	1.859479
51042	-842.455	-1188.158	345.703	1.447923	2.310624
51048	-830.2892	-1175.844	345.5552	1.498143	2.372625
51054	-828.3679	-1174.171	345.803	1.569833	2.167754
51060	-828.9571	-1174.44	345.4824	1.392626	2.484878
51066	-834.5172	-1180.059	345.5415	1.333588	2.484878
51072	-844.0334	-1189.455	345.4214	1.542326	2.429244
51078	-844.3242	-1189.18	344.8558	1.27419	2.941843
51084	-833.8738	-1178.155	344.2815	1.299422	3.269083
51090	-841.7172	-1187.162	345.4444	1.335004	2.54461
51096	-846.8352	-1192.524	345.6893	1.242376	2.449368
51102	-843.5139	-1188.632	345.1179	1.239771	2.803965
51108	-839.124	-1185.101	345.9769	1.570778	2.053142
51114	-837.1233	-1183.906	346.7823	1.526514	1.523355
51120	-841.1726	-1187.368	346.1957	1.547518	1.922505
51126	-847.7948	-1192.457	344.6621	1.270043	3.060528
51132	-826.1133	-1171.17	345.0566	1.249574	2.835316
51138	-822.6348	-1167.529	344.8942	1.346718	2.874834
51144	-822.9179	-1168.937	346.0191	1.547754	2.040464
51150	-823.852	-1168.823	344.9707	1.36142	2.81953
51156	-831.8788	-1175.792	343.913	1.314839	3.476384
51162	-826.3976	-1170.545	344.1476	1.081651	3.475575
51168	-830.2993	-1174.061	343.7616	1.086071	3.697285
51174	-830.373	-1177.156	346.7834	2.129576	1.021379
51180	-820.0495	-1166.917	346.868	2.181477	0.8768892
51186	-818.7234	-1165.077	346.3535	1.928192	1.543466
51192	-840.9715	-1187.434	346.463	1.975398	1.42526
51198	-833.6283	-1179.845	346.2163	1.745485	1.772616
51204	-832.7506	-1178.74	345.9891	1.718534	1.946489
51210	-829.9606	-1176.02	346.0592	1.682343	1.923654
51216	-825.268	-1171.235	345.9665	1.712322	1.96583
51222	-827.4074	-1173.386	345.9786	1.700271	1.96583
51228	-828.9937	-1175.395	346.401	1.985438	1.46502
51234	-828.0764	-1174.836	346.76	2.022038	1.143221
51240	-845.1997	-1192.086	346.886	1.99804	1.049404
51246	-842.8958	-1189.384	346.4878	1.634059	1.659711
51252	-842.0328	-1188.541	346.5077	1.535995	1.71522
51258	-839.0566	-1183.506	344.4493	1.101372	3.28692
51264	-833.8029	-1178.33	344.5268	1.197339	3.184367
51270	-830.7389	-1175.439	344.7003	1.244608	3.052873
51276	-824.9238	-1170.356	345.4323	1.296043	2.576323
51282	-827.7914	-1173.446	345.6543	1.561938	2.268783
51288	-829.4406	-1175.407	345.9665	1.510997	2.099382
51294	-826.8568	-1172.846	345.9896	1.487895	2.099382
51300	-822.2949	-1168.32	346.0251	1.450263	2.100784
51306	-824.5891	-1169.993	345.4035	1.485572	2.476118
51312	-829.3838	-1175.043	345.6592	1.424402	2.353468
51318	-830.7505	-1175.964	345.214	1.492955	2.589588
51324	-827.1323	-1172.007	344.8752	1.437786	2.831149
51330	-843.0875	-1188.013	344.9257	1.472017	2.779572
51336	-846.1796	-1189.777	343.597	1.160751	3.749179
51342	-843.8795	-1189.668	345.7888	1.353871	2.315867
51348	-844.2543	-1189.847	345.5923	1.270035	2.492855
51354	-833.5262	-1178.368	344.8415	1.216416	2.985147
51360	-841.6235	-1187.613	345.9894	1.290016	2.228206
51366	-836.4381	-1183.009	346.5707	1.718036	1.538271
51372	-836.5931	-1181.375	344.7824	1.253022	2.998694
51378	-830.6669	-1176.543	345.8759	1.253022	2.324605
51384	-826.9252	-1172.077	345.1516	1.183647	2.817632
51390	-846.8232	-1192.393	345.5693	1.563269	2.322306
51396	-838.548	-1182.901	344.3533	1.282098	3.236899
51402	-842.5141	-1187.119	344.6047	0.9913069	3.260184
51408	-832.2719	-1178.149	345.8767	1.13137	2.401263
51414	-836.0836	-1181.748	345.6648	1.295904	2.431107
51420	-848.3178	-1193.287	344.9689	1.482017	2.747113
51426	-849.6982	-1194.743	345.0444	1.500005	2.689824
51432	-848.8077	-1194.078	345.2708	1.24053	2.710149
51438	-844.5975	-1190.297	345.6992	1.421788	2.329645
51444	-836.7545	-1181.922	345.1677	1.388586	2.682529
51450	-846.0605	-1189.507	343.4467	1.183632	3.822598
51456	-841.7284	-1186.768	345.0392	1.461041	2.716941
51462	-830.7324	-1176.712	345.9798	1.591461	2.03755
51468	-820.918	-1166.949	346.0309	1.540378	2.03755
51474	-828.4566	-1172.906	344.4493	1.257961	3.19436
51480	-838.5129	-1181.9	343.3873	1.054467	3.930822
51486	-845.711	-1188.092	342.3808	0.9071218	4.584706
51492	-834.495	-1179.534	345.0392	1.461041	2.716941
51498	-839.654	-1184.693	345.0392	1.461041	2.716941
51504	-844.5152	-1189.554	345.0392	1.461041	2.716941
51510	-868.9186	-1214.564	345.645	1.536221	2.291266
51516	-859.8636	-1206.19	346.3268	1.555684	1.827584
51522	-849.7014	-1195.09	345.3884	1.666323	2.371729
51528	-862.5436	-1208.777	346.2338	1.464326	1.952914
51534	-842.4546	-1187.494	345.0392	1.461041	2.716941
51540	-840.6339	-1185.673	345.0392	1.461041	2.716941
51546	-834.4761	-1179.515	345.0392	1.461041	2.716941
51552	-833.6497	-1178.689	345.0392	1.461041	2.716941
51558	-834.5739	-1179.613	345.0392	1.461041	2.716941
51564	-835.9549	-1180.994	345.0392	1.461041	2.716941
51570	-865.464	-1211.258	345.7942	1.556906	2.181814
51576	-870.0438	-1215.669	345.6257	1.725445	2.181814
51582	-830.9724	-1177.24	346.268	1.519587	1.892477
51588	-822.9853	-1168.569	345.5835	1.363649	2.439675
51594	-820.7237	-1166.837	346.1135	1.626123	1.924907
51600	-827.5901	-1173.871	346.2811	1.634827	1.804454
51606	-825.2914	-1171.541	346.2495	1.725155	1.763645
51612	-822.418	-1168.89	346.4716	1.72207	1.607983
51618	-814.3194	-1160.377	346.0577	1.593884	1.984108
51624	-821.6728	-1167.588	345.9148	1.736749	1.984108
51630	-829.5096	-1176.12	346.6101	1.777015	1.464504
51636	-832.6331	-1179.516	346.8826	1.504504	1.464504
51642	-833.4347	-1179.699	346.2643	1.740712	1.742421
51648	-827.9645	-1174.14	346.1754	1.693304	1.83703
51654	-826.1279	-1172.886	346.7584	1.619283	1.471643
51660	-816.5514	-1162.827	346.2753	1.558062	1.861236
51666	-821.9573	-1167.931	345.9735	1.432448	2.146205
51672	-821.9324	-1167.848	345.9155	1.432448	2.183853
51678	-812.6517	-1158.413	345.7612	1.529463	2.220948
51684	-830.0235	-1175.844	345.82	1.48351	2.212625
51690	-837.0839	-1183.19	346.106	1.585832	1.957159
51696	-825.6518	-1171.666	346.0146	1.68088	1.954643
51702	-823.137	-1169.068	345.9306	1.601755	2.063263
51708	-808.8225	-1155.084	346.2612	1.462418	1.935762
51714	-816.9351	-1163.6	346.665	1.766466	1.430624
51720	-833.8429	-1180.007	346.1642	1.559001	1.936023
51726	-840.7206	-1186.914	346.1934	1.529805	1.936023
51732	-834.8048	-1180.304	345.4991	1.42565	2.453764
51738	-822.9491	-1168.297	345.3478	1.352046	2.593971
51744	-829.9549	-1174.73	344.7754	1.252023	3.003503
51750	-831.5291	-1175.863	344.3334	1.241202	3.272806
51756	-826.1114	-1171.002	344.8906	1.233463	2.945389
51762	-823.8447	-1167.598	343.7536	1.275376	3.592181
51768	-846.5725	-1190.963	344.3905	1.413129	3.137168
51774	-835.2731	-1180.623	345.3495	1.372969	2.579942
51780	-856.1459	-1201.781	345.6352	1.72057	2.1788
51786	-846.6662	-1193.21	346.5437	1.688516	1.579836
51792	-845.2907	-1189.516	344.2249	1.266101	3.322078
51798	-832.756	-1177.879	345.123	1.262497	2.787076
51804	-823.0945	-1167.433	344.3386	1.196239	3.296287
51810	-837.7063	-1182.363	344.6563	1.133638	3.145274
51816	-834.5099	-1179.71	345.1997	1.377519	2.669643
51822	-840.9682	-1184.762	343.7942	1.086054	3.678437
51828	-846.995	-1191.443	344.4477	1.147648	3.260611
51834	-832.8234	-1177.983	345.1599	1.426151	2.664232
51840	-836.7565	-1183.428	346.6712	1.54557	1.591141
51846	-843.8417	-1190.407	346.5655	1.499576	1.700128
51852	-843.6793	-1190.096	346.4168	1.457703	1.833057
51858	-836.4936	-1183.08	346.586	1.78889	1.473778
51864	-840.5351	-1187.268	346.7329	1.889014	1.279659
51870	-820.2696	-1167.107	346.8373	1.797528	1.269023
51876	-825.8178	-1172.586	346.7678	1.656232	1.436358
51882	-836.662	-1182.92	346.2575	1.572859	1.863282
51888	-837.6935	-1183.401	345.7072	1.227593	2.447396
51894	-831.8394	-1176.49	344.6509	1.443533	2.963239
51900	-832.48	-1178.334	345.8539	1.630488	2.094821
51906	-835.736	-1181.856	346.1203	1.609354	1.931647
51912	-831.3588	-1176.3	344.9415	1.297804	2.875835
51918	-839.7914	-1182.135	342.3433	1.028179	4.537788
51924	-834.396	-1179.658	345.2622	1.668535	2.449955
51930	-829.4558	-1173.924	344.4678	1.54114	3.01456
51936	-831.1801	-1176.708	345.528	1.390993	2.457341
51942	-837.2456	-1182.557	345.3112	1.436384	2.564339
51948	-836.1672	-1179.935	343.7678	1.144259	3.659991
51954	-843.7722	-1189.271	345.4988	1.328526	2.514753
51960	-837.8206	-1180.41	342.5891	0.9897938	4.421065
51966	-849.6253	-1192.236	342.6106	1.079367	4.358355
51972	-862.7756	-1208.391	345.6156	1.434533	2.374697
51978	-851.7079	-1195.865	344.1574	1.364544	3.303861
51984	-845.4978	-1191.658	346.1606	1.717819	1.830328
51990	-830.7264	-1176.853	346.1267	1.751709	1.830328
51996	-837.478	-1183.341	345.863	1.696426	2.045385
52002	-860.7849	-1205.301	344.5159	1.364513	3.091389
52008	-847.3782	-1192.091	344.7131	1.167349	3.091389
52014	-846.7281	-1190.857	344.1286	1.363931	3.321184
52020	-839.8932	-1185.928	346.035	1.74783	1.89569
52026	-834.3689	-1179.816	345.4473	1.549169	2.408579
52032	-837.617	-1183.047	345.4298	1.41512	2.503723
52038	-835.5741	-1181.295	345.7204	1.329978	2.374502
52044	-833.3294	-1177.267	343.938	1.27582	3.484547
52050	-844.0442	-1188.643	344.5989	1.366777	3.040475
52056	-851.1421	-1194.89	343.7474	1.183865	3.648855
52062	-836.1853	-1179.034	342.849	0.9326119	4.306585
52068	-831.4503	-1176.119	344.6687	1.048351	3.188589
52074	-821.0962	-1165.191	344.0949	1.064241	3.516447
52080	-825.614	-1170.495	344.881	1.317681	2.900364
52086	-834.5273	-1178.016	343.4888	1.1774	3.801981
52092	-840.2857	-1184.831	344.5449	1.305552	3.109295
52098	-840.5081	-1185.625	345.1172	1.126701	2.873056
52104	-854.441	-1197.798	343.3569	1.188875	3.871218
52110	-853.4069	-1199.465	346.058	1.703919	1.909857
52116	-865.6136	-1212.133	346.5195	1.454985	1.763785
52122	-834.3803	-1180.61	346.23	1.744487	1.763785
52128	-839.7456	-1186.271	346.5253	1.760624	1.540317
52134	-845.6496	-1191.669	346.0196	1.563242	2.029863
52140	-835.0572	-1181.705	346.6479	1.660116	1.523939
52146	-830.0109	-1176.852	346.8409	1.694164	1.349744
52152	-828.8639	-1175.381	346.5169	1.690622	1.597854
52158	-826.6765	-1172.585	345.9086	1.600854	2.078343
52164	-840.5019	-1186.764	346.2617	1.514892	1.899931
52170	-841.4451	-1187.778	346.3331	1.405212	1.925828
52176	-832.2943	-1178.865	346.5708	1.663301	1.578467
52182	-844.1725	-1190.327	346.1545	1.523403	1.966507
52188	-855.4659	-1201.686	346.2204	1.511958	1.929878
52194	-842.8843	-1188.551	345.6667	1.61782	2.224894
52200	-851.9075	-1197.336	345.4282	1.541735	2.425314
52206	-859.4106	-1204.987	345.5768	1.525154	2.341781
52212	-841.2227	-1187.177	345.9545	1.633188	2.026655
52218	-837.1641	-1183.333	346.1693	1.658328	1.865134
52224	-830.8445	-1176.671	345.8265	1.548808	2.166138
52230	-849.382	-1195.919	346.5375	1.485941	1.729512
52236	-846.3252	-1192.065	345.7397	1.656404	2.152569
52242	-857.6956	-1204.041	346.3452	1.553687	1.816218
52248	-859.4354	-1205.581	346.1457	1.49415	1.991899
52254	-851.7242	-1197.947	346.2232	1.81425	1.719608
52260	-840.0576	-1186.308	346.2507	1.803474	1.707824
52266	-820.538	-1166.285	345.7473	1.629636	2.16509
52272	-817.4189	-1163.167	345.748	1.699794	2.118854
52278	-821.93	-1167.654	345.7239	1.586501	2.208174
52284	-823.3485	-1168.776	345.4274	1.475757	2.467266
52290	-823.448	-1169.197	345.7486	1.55648	2.211621
52296	-832.2505	-1177.978	345.7274	1.734276	2.109769
52302	-820.5726	-1167.117	346.5446	1.700715	1.570302
52308	-837.0224	-1183.068	346.0458	1.663478	1.945373
52314	-831.4381	-1178.183	346.7449	1.741508	1.388069
52320	-822.016	-1168.67	346.654	1.661711	1.518236
52326	-828.1482	-1174.174	346.0257	1.508383	2.062135
52332	-828.3361	-1174.21	345.8744	1.643773	2.072635
52338	-834.1386	-1180.09	345.9513	1.416695	2.170863
52344	-837.2176	-1182.163	344.9455	1.359219	2.836144
52350	-832.2712	-1178.327	346.0554	1.644458	1.951712
52356	-838.5421	-1184.715	346.1729	1.526954	1.951712
52362	-829.2494	-1175.512	346.2624	1.575395	1.85822
52368	-842.6247	-1188.524	345.8996	1.62432	2.068823
52374	-817.9896	-1163.602	345.6127	1.495998	2.337497
52380	-833.4724	-1178.32	344.8473	1.378207	2.884196
52386	-841.3852	-1186.276	344.8912	1.267469	2.924523
52392	-840.6027	-1185.994	345.3914	1.498208	2.475753
52398	-840.6826	-1186.313	345.6302	1.593105	2.264303
52404	-834.76	-1180.945	346.1848	1.359254	2.055525
52410	-833.2105	-1178.224	345.0137	1.340296	2.80622
52416	-841.0314	-1186.759	345.7279	1.551736	2.228076
52422	-830.9383	-1176.455	345.5169	1.427068	2.441661
52428	-837.9634	-1182.489	344.5253	1.349637	3.094705
52434	-845.6694	-1191.872	346.2022	1.509	1.944071
52440	-823.4481	-1169.432	345.9838	1.68293	1.973967
52446	-817.4667	-1162.248	344.7815	1.296802	2.972954
52452	-824.9078	-1169.05	344.1421	1.258091	3.375474
52458	-849.2385	-1192.877	343.6386	1.432628	3.567635
52464	-820.0331	-1165.626	345.5928	1.589883	2.290298
52470	-822.3229	-1167.277	344.9539	1.34689	2.838566
52476	-826.2642	-1171.604	345.3397	1.339299	2.606885
52482	-808.7846	-1154.36	345.5754	1.431432	2.402076
52488	-817.4849	-1161.617	344.1322	1.25215	3.384759
52494	-826.044	-1171.003	344.959	1.301588	2.862935
52500	-826.9082	-1172.733	345.8243	1.315229	2.31784
52506	-827.1781	-1172.903	345.7251	1.570209	2.217932
52512	-827.0024	-1172.828	345.8259	1.402624	2.260926
52518	-819.3469	-1164.508	345.1614	1.196647	2.803782
52524	-828.2709	-1173.947	345.6762	1.528668	2.276092
52530	-827.5238	-1173.543	346.0196	1.482498	2.083207
52536	-832.8999	-1177.827	344.9268	1.57	2.719031
52542	-830.2279	-1176.211	345.9831	1.492587	2.100568
52548	-827.4836	-1173.022	345.5388	1.490781	2.387693
52554	-817.8958	-1162.843	344.9477	1.56164	2.711353
52560	-825.5653	-1171.333	345.7681	1.589652	2.177526
52566	-846.0738	-1192.979	346.9048	1.726546	1.271899
52572	-849.1165	-1195.402	346.2854	1.754042	1.718204
52578	-840.0577	-1186.735	346.677	1.768814	1.419552
52584	-840.0183	-1185.618	345.5993	1.719866	2.20254
52590	-853.2205	-1198.82	345.5993	1.719866	2.20254
52596	-848.7633	-1194.363	345.5993	1.719866	2.20254
52602	-839.6409	-1185.24	345.5993	1.719866	2.20254
52608	-840.4791	-1186.078	345.5993	1.719866	2.20254
52614	-838.8754	-1184.475	345.5993	1.719866	2.20254
52620	-833.7247	-1179.324	345.5993	1.719866	2.20254
52626	-836.9005	-1182.5	345.5993	1.719866	2.20254
52632	-836.0621	-1180.595	344.5328	1.215307	3.170117
52638	-840.1725	-1185.153	344.9808	1.465879	2.749742
52644	-831.7047	-1177.026	345.3209	1.389074	2.58771
52650	-835.6713	-1180.224	344.5523	1.010468	3.279816
52656	-830.2231	-1174.764	344.5413	1.30049	3.114417
52662	-846.2709	-1191.849	345.5779	1.351173	2.45101
52668	-840.4463	-1185.286	344.8402	1.321726	2.922595
52674	-858.7857	-1205.58	346.7938	1.488359	1.543112
52680	-842.479	-1188.078	345.5993	1.719866	2.20254
52686	-831.336	-1176.935	345.5993	1.719866	2.20254
52692	-834.4532	-1180.052	345.5993	1.719866	2.20254
52698	-838.5088	-1184.108	345.5993	1.719866	2.20254
52704	-841.1491	-1184.353	343.2037	1.176291	3.966187
52710	-848.7116	-1194.311	345.5993	1.719866	2.20254
52716	-842.6428	-1188.242	345.5993	1.719866	2.20254
52722	-834.9338	-1180.533	345.5993	1.719866	2.20254
52728	-841.4567	-1187.056	345.5993	1.719866	2.20254
52734	-855.5732	-1201.75	346.1769	1.587207	1.908364
52740	-834.9083	-1180.508	345.5993	1.719866	2.20254
52746	-834.7991	-1180.398	345.5993	1.719866	2.20254
52752	-830.9464	-1176.546	345.5993	1.719866	2.20254
52758	-828.4141	-1174.013	345.5993	1.719866	2.20254
52764	-833.4601	-1179.059	345.5993	1.719866	2.20254
52770	-838.5935	-1184.193	345.5993	1.719866	2.20254
52776	-841.025	-1186.624	345.5993	1.719866	2.20254
52782	-841.4945	-1187.094	345.5993	1.719866	2.20254
52788	-830.5302	-1176.129	345.5993	1.719866	2.20254
52794	-828.2028	-1173.802	345.5993	1.719866	2.20254
52800	-833.6164	-1179.216	345.5993	1.719866	2.20254
52806	-835.4795	-1181.079	345.5993	1.719866	2.20254
52812	-842.0704	-1187.67	345.5993	1.719866	2.20254
52818	-842.7469	-1188.346	345.5993	1.719866	2.20254
52824	-852.9443	-1198.544	345.5993	1.719866	2.20254
52830	-842.9857	-1188.425	345.4391	1.399412	2.50773
52836	-845.0358	-1190.375	345.339	1.499493	2.50773
52842	-846.9661	-1191.727	344.761	1.210606	3.036927
52848	-847.1764	-1190.429	343.2521	1.322073	3.854896
52854	-831.6044	-1178.22	346.6156	1.812447	1.433234
52860	-834.187	-1180.731	346.5442	1.746615	1.536724
52866	-836.4398	-1182.133	345.6935	1.603656	2.216721
52872	-836.0397	-1181.676	345.6364	1.424998	2.367558
52878	-849.2552	-1194.356	345.1007	1.366081	2.737421
52884	-851.3154	-1197.011	345.6953	1.403434	2.343841
52890	-844.7751	-1190.374	345.5993	1.719866	2.20254
52896	-838.71	-1184.309	345.5993	1.719866	2.20254
52902	-843.3734	-1188.973	345.5993	1.719866	2.20254
52908	-841.7834	-1187.383	345.5993	1.719866	2.20254
52914	-837.5805	-1183.18	345.5993	1.719866	2.20254
52920	-853.0119	-1197.816	344.8037	1.099856	3.077617
52926	-850.4013	-1194.26	343.8588	1.041521	3.666801
52932	-839.9055	-1185.505	345.5993	1.719866	2.20254
52938	-831.2029	-1176.802	345.5993	1.719866	2.20254
52944	-833.9499	-1179.549	345.5993	1.719866	2.20254
52950	-834.1675	-1179.767	345.5993	1.719866	2.20254
52956	-837.4803	-1183.08	345.5993	1.719866	2.20254
52962	-831.1772	-1176.777	345.5993	1.719866	2.20254
52968	-833.8411	-1179.44	345.5993	1.719866	2.20254
52974	-831.5207	-1177.12	345.5993	1.719866	2.20254
52980	-824.4479	-1170.047	345.5993	1.719866	2.20254
52986	-833.2822	-1178.881	345.5993	1.719866	2.20254
52992	-839.4292	-1185.028	345.5993	1.719866	2.20254
52998	-842.7498	-1188.349	345.5993	1.719866	2.20254
53004	-845.9755	-1191.575	345.5993	1.719866	2.20254
53010	-837.7192	-1183.318	345.5993	1.719866	2.20254
53016	-838.4351	-1184.034	345.5993	1.719866	2.20254
53022	-838.7016	-1184.301	345.5993	1.719866	2.20254
53028	-845.3624	-1190.962	345.5993	1.719866	2.20254
53034	-843.7184	-1184.731	341.0128	0.7766366	5.417399
53040	-828.6431	-1171.415	342.7715	1.07392	4.270435
53046	-839.7121	-1183.953	344.2404	1.157572	3.376762
53052	-842.8708	-1188.47	345.5993	1.719866	2.20254
53058	-846.0905	-1191.69	345.5993	1.719866	2.20254
53064	-845.0521	-1190.651	345.5993	1.719866	2.20254
53070	-844.2709	-1188.733	344.4621	1.158573	3.245611
53076	-836.2843	-1179.599	343.3149	1.144478	3.920754
53082	-824.3227	-1168.352	344.0298	1.133719	3.513911
53088	-834.4904	-1179.26	344.7692	1.302233	2.977068
53094	-837.6546	-1184.811	347.1564	2.005975	0.7261119
53100	-846.3807	-1191.98	345.5993	1.719866	2.20254
53106	-850.8169	-1196.416	345.5993	1.719866	2.20254
53112	-837.6886	-1183.288	345.5993	1.719866	2.20254
53118	-830.9456	-1176.545	345.5993	1.719866	2.20254
53124	-834.3851	-1179.984	345.5993	1.719866	2.20254
53130	-822.5901	-1168.189	345.5993	1.719866	2.20254
53136	-833.3615	-1178.961	345.5993	1.719866	2.20254
53142	-832.3921	-1177.991	345.5993	1.719866	2.20254
53148	-833.2489	-1178.848	345.5993	1.719866	2.20254
53154	-841.7979	-1187.397	345.5993	1.719866	2.20254
53160	-848.5624	-1194.162	345.5993	1.719866	2.20254
53166	-843.9392	-1189.538	345.5993	1.719866	2.20254
53172	-845.9042	-1192.365	346.4611	1.990427	1.415187
53178	-840.6554	-1187.263	346.6076	1.843944	1.415187
53184	-841.3975	-1186.997	345.5993	1.719866	2.20254
53190	-833.5393	-1179.139	345.5993	1.719866	2.20254
53196	-832.6091	-1178.208	345.5993	1.719866	2.20254
53202	-837.6818	-1183.281	345.5993	1.719866	2.20254
53208	-839.9331	-1185.532	345.5993	1.719866	2.20254
53214	-835.2521	-1180.851	345.5993	1.719866	2.20254
53220	-847.0888	-1192.688	345.5993	1.719866	2.20254
53226	-855.3897	-1200.989	345.5993	1.719866	2.20254
53232	-854.8306	-1200.43	345.5993	1.719866	2.20254
53238	-850.2127	-1195.812	345.5993	1.719866	2.20254
53244	-832.3431	-1177.942	345.5993	1.719866	2.20254
53250	-834.5853	-1180.185	345.5993	1.719866	2.20254
53256	-832.0862	-1177.685	345.5993	1.719866	2.20254
53262	-839.3634	-1184.963	345.5993	1.719866	2.20254
53268	-828.1344	-1173.734	345.5993	1.719866	2.20254
53274	-836.4774	-1182.077	345.5993	1.719866	2.20254
53280	-832.1914	-1177.791	345.5993	1.719866	2.20254
53286	-838.3142	-1183.913	345.5993	1.719866	2.20254
53292	-856.5534	-1201.937	345.3837	1.329202	2.585911
53298	-850.6582	-1194.599	343.9406	1.157461	3.552033
53304	-838.0786	-1183.226	345.1477	1.352521	2.716973
53310	-847.795	-1193.394	345.5993	1.719866	2.20254
53316	-845.6527	-1191.252	345.5993	1.719866	2.20254
53322	-834.3816	-1180.592	346.2102	1.553342	1.908786
53328	-831.7335	-1178.347	346.6135	1.765736	1.470464
53334	-829.9766	-1176.445	346.4684	1.802154	1.55169
53340	-832.3131	-1178.813	346.4995	1.840303	1.500188
53346	-834.8918	-1181.589	346.6973	1.786958	1.389711
53352	-852.0142	-1198.836	346.8214	1.860303	1.22991
53358	-844.0359	-1190.753	346.717	1.924641	1.263398
53364	-853.9636	-1199.563	345.5993	1.719866	2.20254
53370	-837.5386	-1183.173	345.6345	1.694748	2.195969
53376	-841.9131	-1188.184	346.2707	1.608776	1.829613
53382	-846.7481	-1192.917	346.169	1.581048	1.91789
53388	-840.4961	-1186.249	345.7525	1.481697	2.257266
53394	-835.769	-1181.958	346.1892	1.659971	1.850418
53400	-836.2031	-1182.411	346.2078	1.64136	1.850418
53406	-831.7567	-1177.899	346.142	1.478017	2.005173
53412	-830.5052	-1176.439	345.9333	1.66078	2.022395
53418	-825.5142	-1171.985	346.4708	1.542507	1.736594
53424	-831.0627	-1177.216	346.1528	1.461675	2.008821
53430	-831.6368	-1177.904	346.2669	1.676249	1.785637
53436	-826.3341	-1172.562	346.2284	1.714759	1.785637
53442	-829.1912	-1175.344	346.153	1.538951	1.957039
53448	-833.875	-1179.788	345.9128	1.605331	2.07262
53454	-826.5277	-1172.584	346.0562	1.592716	1.985882
53460	-833.3396	-1179.247	345.9074	1.525506	2.128587
53466	-843.918	-1187.742	343.8244	1.209899	3.589104
53472	-851.1043	-1195.355	344.2503	1.074193	3.419883
53478	-848.0565	-1191.207	343.1507	1.188855	3.989315
53484	-873.4371	-1219.036	345.5993	1.719866	2.20254
53490	-866.2398	-1211.828	345.5879	1.443714	2.386386
53496	-866.1013	-1211.566	345.4645	1.567086	2.386386
53502	-834.5855	-1179.084	344.4988	1.389052	3.086964
53508	-837.5726	-1182.177	344.604	1.283856	3.086964
53514	-859.9304	-1205.53	345.5993	1.719866	2.20254
53520	-858.3063	-1203.906	345.5993	1.719866	2.20254
53526	-854.54	-1200.139	345.5993	1.719866	2.20254
53532	-833.4138	-1178.697	345.2828	1.429947	2.585977
53538	-838.7224	-1183.648	344.9256	1.309798	2.878157
53544	-832.9668	-1178.025	345.0582	1.235483	2.842886
53550	-853.7874	-1199.387	345.5993	1.719866	2.20254
53556	-851.4464	-1197.046	345.5993	1.719866	2.20254
53562	-850.5336	-1196.041	345.5072	1.489058	2.408745
53568	-838.235	-1183.557	345.3217	1.389943	2.586645
53574	-847.7913	-1193.561	345.7693	1.704917	2.101557
53580	-833.119	-1178.9	345.7806	1.433434	2.270246
53586	-831.912	-1177.656	345.7444	1.397702	2.316196
53592	-839.7139	-1185.71	345.9962	1.726622	1.936265
53598	-841.0171	-1186.925	345.9082	1.53353	2.122834
53604	-848.2558	-1194.735	346.4795	1.548256	1.726484
53610	-844.3363	-1189.561	345.2244	1.320287	2.689683
53616	-838.9372	-1183.788	344.8506	1.282098	2.940209
53622	-840.1916	-1184.737	344.5453	1.171354	3.188806
53628	-841.1456	-1186.14	344.9942	1.111552	2.956407
53634	-837.8639	-1182.428	344.5641	1.491602	2.986486
53640	-847.0404	-1192.64	345.5993	1.719866	2.20254
53646	-852.4341	-1198.033	345.5993	1.719866	2.20254
53652	-845.4465	-1190.748	345.302	1.383026	2.603138
53658	-846.5861	-1192.08	345.4939	1.508428	2.404901
53664	-855.261	-1201.156	345.8948	1.33781	2.258307
53670	-840.3276	-1185.887	345.5598	1.643261	2.277274
53676	-838.5087	-1183.682	345.1731	1.527681	2.593395
53682	-836.3485	-1181.993	345.6445	1.469816	2.333901
53688	-832.2792	-1177.136	344.8569	1.260043	2.949708
53694	-832.1959	-1177.144	344.9484	1.384019	2.819322
53700	-831.176	-1176.04	344.8639	1.284593	2.930687
53706	-821.4305	-1166.48	345.0495	1.510336	2.680378
53712	-825.854	-1171.734	345.8799	1.711782	2.023984
53718	-815.8365	-1161.669	345.8326	1.552033	2.160049
53724	-811.4789	-1156.659	345.1798	1.588121	2.551753
53730	-826.5016	-1172.844	346.3426	1.44559	1.892054
53736	-831.8582	-1177.858	345.9998	1.746476	1.920463
53742	-834.4154	-1180.735	346.3194	1.690199	1.73925
53748	-833.63	-1178.931	345.3006	1.78135	2.35447
53754	-831.48	-1178.105	346.6246	1.646565	1.551279
53760	-832.279	-1178.636	346.3575	1.934219	1.536084
53766	-828.6842	-1175.255	346.5709	1.905209	1.396104
53772	-840.7619	-1186.74	345.9784	1.576575	2.048341
53778	-823.7119	-1169.7	345.9884	1.566518	2.048341
53784	-837.9505	-1184.391	346.4404	1.912002	1.490724
53790	-832.8821	-1179.231	346.3492	1.579701	1.795491
53796	-837.6363	-1183.523	345.8863	1.666501	2.049785
53802	-851.5488	-1197.365	345.8158	1.736947	2.049785
53808	-846.9771	-1192.013	345.0361	1.512969	2.686991
53814	-847.7207	-1191.75	344.0292	1.145896	3.507188
53820	-854.2442	-1199.173	344.9286	1.314339	2.873613
53826	-843.4534	-1188.498	345.0445	1.501748	2.688717
53832	-842.2709	-1188.453	346.1822	1.49626	1.966118
53838	-845.1941	-1190.776	345.5815	1.498425	2.355806
53844	-846.2278	-1191.759	345.5312	1.491946	2.391755
53850	-830.7452	-1176.594	345.849	1.573665	2.135241
53856	-836.9965	-1182.015	345.0186	1.351905	2.796163
53862	-826.3025	-1171.137	344.8341	1.275387	2.95416
53868	-833.7097	-1178.452	344.7422	1.367329	2.95416
53874	-842.9022	-1187.631	344.7283	1.285695	3.011504
53880	-846.75	-1192.513	345.7635	1.609088	2.1679
53886	-852.6369	-1197.2	344.5634	1.456187	3.008187
53892	-848.8746	-1195.516	346.6414	1.777162	1.44054
53898	-836.7143	-1183.519	346.8048	1.89406	1.215416
53904	-852.7694	-1199.354	346.5842	2.08327	1.241922
53910	-840.0089	-1186.195	346.1856	1.922296	1.669637
53916	-827.1423	-1173.597	346.4548	1.6553	1.668064
53922	-827.0677	-1173.154	346.0862	1.62957	1.941056
53928	-825.7912	-1171.516	345.7246	1.477627	2.277799
53934	-851.8217	-1196.876	345.0544	1.553731	2.650667
53940	-847.5658	-1193.632	346.0665	1.796805	1.840724
53946	-848.9406	-1195.165	346.2246	1.886581	1.667294
53952	-827.8007	-1173.904	346.1029	1.817823	1.801137
53958	-842.1672	-1187.974	345.8073	1.596387	2.147649
53964	-839.1979	-1184.091	344.8933	1.433432	2.822805
53970	-838.8769	-1182.456	343.5789	1.326304	3.663958
53976	-831.702	-1177.16	345.4576	1.350014	2.526995
53982	-830.2168	-1175.286	345.0693	1.393205	2.74006
53988	-845.2863	-1190.568	345.2812	1.292083	2.672072
53994	-841.7703	-1188.639	346.8688	2.002679	1.061305
54000	-853.604	-1199.138	345.5337	1.324742	2.495307
54006	-857.8443	-1203.506	345.6622	1.433683	2.345647
54012	-836.7631	-1182.766	346.0033	1.44279	2.119934
54018	-835.088	-1180.25	345.1624	1.406904	2.674555
54024	-819.8113	-1163.902	344.0904	1.031854	3.537954
54030	-842.1783	-1187.706	345.5277	1.429491	2.433314
54036	-842.3782	-1187.428	345.0495	1.251293	2.83855
54042	-853.4431	-1196.187	342.7436	0.9659718	4.34728
54048	-849.3559	-1193.376	344.0204	1.248902	3.45217
54054	-850.2768	-1195.75	345.4737	1.579314	2.372872
54060	-850.539	-1195.013	344.4742	1.291009	3.159983
54066	-847.4466	-1190.865	343.4181	1.073118	3.902483
54072	-850.2386	-1194.085	343.8469	0.9497511	3.726766
54078	-841.6898	-1186.244	344.554	1.049371	3.255866
54084	-847.2662	-1192.092	344.8254	1.153837	3.032375
54090	-839.5239	-1185.03	345.5063	1.381213	2.477109
54096	-835.7093	-1181.093	345.3835	1.397265	2.543737
54102	-847.8561	-1193.465	345.6086	1.422101	2.386958
54108	-826.3557	-1171.982	345.6262	1.453023	2.356224
54114	-838.097	-1183.743	345.6464	1.578366	2.263315
54120	-836.1092	-1181.131	345.0219	1.335023	2.804461
54126	-833.9342	-1179.673	345.7386	1.318742	2.370096
54132	-854.7791	-1197.944	343.1651	1.030131	4.071744
54138	-854.8371	-1199.176	344.3393	1.171709	3.310301
54144	-847.7059	-1192.334	344.6281	1.367988	3.022254
54150	-847.249	-1193.667	346.4183	1.342365	1.910676
54156	-848.1967	-1194.299	346.1022	1.599028	1.950846
54162	-842.9643	-1189.299	346.3351	1.421135	1.913715
54168	-834.2536	-1180.338	346.0844	1.420633	2.081291
54174	-847.1304	-1193.067	345.9369	1.568096	2.081291
54180	-841.7689	-1186.995	345.2258	1.482672	2.588639
54186	-842.1922	-1188.516	346.3236	1.572771	1.818011
54192	-839.9487	-1186.021	346.0726	1.315845	2.157561
54198	-830.4923	-1177.12	346.6275	1.599029	1.583986
54204	-829.5429	-1176	346.457	1.499524	1.776303
54210	-818.8689	-1164.934	346.0652	1.514815	2.03175
54216	-831.1237	-1176.633	345.5094	1.269644	2.544837
54222	-831.8277	-1177.352	345.5248	1.47252	2.40805
54228	-832.5316	-1177.823	345.2916	1.542824	2.510276
54234	-830.9947	-1177.27	346.2756	1.584565	1.84287
54240	-833.6546	-1179.527	345.8723	1.483426	2.178828
54246	-833.6847	-1180.36	346.6751	1.470205	1.642879
54252	-828.7177	-1175.125	346.4078	1.470205	1.83061
54258	-841.0594	-1187.251	346.192	1.58071	1.902513
54264	-852.0535	-1197.636	345.5826	1.536831	2.330682
54270	-825.5797	-1171.055	345.475	1.552559	2.388936
54276	-819.043	-1165.72	346.6767	1.714556	1.461324
54282	-822.3796	-1168.371	345.9914	1.359258	2.18211
54288	-832.2337	-1178.218	345.984	1.29955	2.225529
54294	-845.4817	-1189.356	343.8744	1.18629	3.573787
54300	-832.9537	-1177.196	344.2424	1.062722	3.431199
54306	-830.2534	-1176.087	345.8335	1.40617	2.253776
54312	-822.212	-1167.744	345.5324	0.9938972	2.70097
54318	-818.1055	-1163.774	345.6689	1.463281	2.322553
54324	-813.5013	-1160.017	346.5162	1.649754	1.628008
54330	-817.5982	-1163.681	346.0831	1.65284	1.927404
54336	-826.4999	-1172.588	346.088	1.65284	1.924129
54342	-820.0419	-1166.42	346.3779	1.897211	1.54834
54348	-828.0647	-1174.151	346.0863	1.890377	1.762249
54354	-826.8001	-1172.755	345.9551	1.671166	2.00098
54360	-831.7806	-1177.176	345.395	1.570852	2.427911
54366	-832.5172	-1178.518	346.0013	1.694271	1.954635
54372	-843.8615	-1190.307	346.4451	1.711531	1.634762
54378	-846.2238	-1192.361	346.1377	1.672345	1.877189
54384	-838.3321	-1184.463	346.1309	1.678842	1.877344
54390	-837.0319	-1182.943	345.911	1.601055	2.076628
54396	-833.2426	-1180.08	346.8375	1.591068	1.432818
54402	-835.0062	-1181.077	346.0704	1.466194	2.060496
54408	-839.4158	-1185.06	345.6443	1.468586	2.334832
54414	-834.0227	-1179.137	345.1146	1.329118	2.751525
54420	-836.9575	-1182.997	346.0399	1.574688	2.008767
54426	-838.6415	-1184.15	345.5082	1.551585	2.368577
54432	-844.0649	-1191.014	346.9494	1.676288	1.276518
54438	-859.2885	-1205.783	346.4946	1.830974	1.510835
54444	-855.4313	-1202.097	346.6653	1.820224	1.388756
54450	-835.8796	-1182.549	346.6698	1.820224	1.385242
54456	-837.9438	-1184.686	346.742	1.891256	1.270266
54462	-844.1032	-1190.865	346.7623	1.971235	1.18568
54468	-846.5994	-1193.269	346.6694	2.037883	1.208269
54474	-835.6976	-1182.612	346.9143	1.990191	1.029651
54480	-834.1667	-1180.356	346.1892	1.741956	1.793902
54486	-818.765	-1165.446	346.6807	1.584332	1.555762
54492	-822.8716	-1169.329	346.457	1.716393	1.622647
54498	-833.4343	-1179.169	345.7342	1.555576	2.221535
54504	-838.0996	-1184.181	346.0816	1.518996	2.018109
54510	-835.0522	-1181.229	346.1764	1.57397	1.917684
54516	-834.9024	-1181.006	346.1039	1.377974	2.096505
54522	-835.8594	-1181.584	345.7247	1.436615	2.30395
54528	-850.0924	-1194.795	344.7022	1.594363	2.841114
54534	-829.4029	-1174.283	344.8805	1.254563	2.938795
54540	-826.1343	-1169.852	343.7175	0.988324	3.779131
54546	-821.647	-1166.565	344.9183	1.120796	2.996465
54552	-843.8558	-1187.793	343.9373	1.362617	3.434219
54558	-836.6664	-1182.34	345.674	1.440654	2.333716
54564	-824.6364	-1171.047	346.4105	1.640589	1.71003
54570	-820.7676	-1166.078	345.3104	1.489766	2.531666
54576	-824.0137	-1169.699	345.6856	1.482102	2.299912
54582	-844.805	-1190.158	345.3531	1.592724	2.44047
54588	-835.5637	-1180.736	345.1718	1.487716	2.618931
54594	-839.5686	-1184.238	344.6696	1.231287	3.079207
54600	-833.8238	-1175.498	341.674	1.293515	4.764107
54606	-855.2295	-1196.664	341.4342	1.307587	4.88999
54612	-823.3168	-1165.212	341.8951	1.153454	4.71883
54618	-818.2412	-1160.933	342.6921	1.039508	4.334843
54624	-829.1904	-1173.846	344.6551	1.254846	3.073765
54630	-840.9003	-1185.264	344.3633	1.589488	3.04817
54636	-844.9258	-1190.764	345.8387	1.664822	2.082284
54642	-825.3491	-1171.446	346.0966	1.406917	2.082284
54648	-829.4959	-1176.141	346.6449	1.708727	1.489811
54654	-831.1304	-1177.659	346.5285	1.825144	1.489811
54660	-840.8514	-1187.342	346.4906	1.868498	1.485681
54666	-847.6284	-1194.037	346.4085	1.594295	1.743971
54672	-827.4558	-1173.481	346.0249	1.617619	1.990134
54678	-826.3979	-1172.744	346.3463	1.571485	1.803189
54684	-837.2508	-1183.227	345.9765	1.439131	2.139882
54690	-821.6654	-1167.274	345.6085	1.516611	2.327027
54696	-835.2865	-1181.174	345.887	1.390441	2.229456
54702	-848.6254	-1195.442	346.8168	2.120325	0.9975249
54708	-843.4316	-1190.208	346.7767	1.841665	1.282538
54714	-833.6191	-1180.027	346.408	1.674852	1.687496
54720	-829.7569	-1175.674	345.9167	1.335926	2.245463
54726	-824.8355	-1169.919	345.0833	1.275529	2.803267
54732	-825.7245	-1172.077	346.3523	1.67538	1.726484
54738	-822.7332	-1169.086	346.3523	1.67538	1.726484
54744	-818.932	-1165.284	346.3523	1.67538	1.726484
54750	-815.2612	-1161.614	346.3523	1.67538	1.726484
54756	-821.5507	-1167.903	346.3523	1.67538	1.726484
54762	-820.4754	-1166.828	346.3523	1.67538	1.726484
54768	-825.7796	-1172.132	346.3523	1.67538	1.726484
54774	-831.0345	-1176.512	345.4778	1.284868	2.554978
54780	-845.7576	-1191.411	345.6539	1.222141	2.484276
54786	-840.1367	-1184.577	344.4403	1.344047	3.148622
54792	-824.9015	-1168.71	343.8083	1.113418	3.654403
54798	-832.2821	-1175.833	343.5504	1.208474	3.748553
54804	-839.2879	-1182.141	342.8533	1.273147	4.110874
54810	-832.8434	-1178.005	345.1612	1.253304	2.769331
54816	-834.8787	-1180.234	345.3553	1.430585	2.540532
54822	-821.7744	-1167.375	345.6006	1.243225	2.504434
54828	-826.3508	-1172.266	345.9147	1.185965	2.34258
54834	-815.0235	-1159.857	344.8334	1.240266	2.9757
54840	-823.7651	-1168.006	344.2409	1.071251	3.427065
54846	-817.0646	-1161.667	344.6023	1.288048	3.085507
54852	-832.0454	-1175.233	343.1881	1.374241	3.861699
54858	-823.7686	-1168.885	345.1168	1.182721	2.839313
54864	-829.8341	-1175.135	345.3004	1.37815	2.607156
54870	-834.2364	-1178.542	344.306	1.342469	3.229163
54876	-837.2635	-1182.351	345.0877	1.18582	2.855104
54882	-839.4197	-1183.469	344.0495	0.9428491	3.613442
54888	-841.8657	-1184.928	343.0622	0.9396282	4.181736
54894	-841.1454	-1184.213	343.0677	1.11452	4.079131
54900	-829.7368	-1174.984	345.2472	1.314944	2.678958
54906	-822.3548	-1166.741	344.3863	1.245621	3.238991
54912	-838.8531	-1184.428	345.5751	1.418561	2.41038
54918	-823.2221	-1168.804	345.5821	1.41153	2.41038
54924	-834.4035	-1177.979	343.5756	0.9701795	3.871196
54930	-836.7078	-1181.396	344.6881	1.368305	2.986062
54936	-829.5288	-1175.64	346.1112	1.596686	1.946338
54942	-834.8412	-1177.874	343.0329	0.9838103	4.173323
54948	-839.5131	-1183.12	343.6066	1.068416	3.796904
54954	-836.9505	-1183.881	346.9301	1.718328	1.25774
54960	-835.245	-1181.471	346.2265	1.752196	1.760855
54966	-823.1966	-1169.748	346.5513	1.819668	1.476756
54972	-827.3153	-1173.301	345.9854	1.527119	2.07632
54978	-829.4522	-1174.607	345.1551	1.402857	2.68151
54984	-834.1514	-1179.426	345.275	1.353821	2.63787
54990	-832.698	-1178.024	345.326	1.302874	2.63787
54996	-829.032	-1174.264	345.2321	1.207304	2.754135
55002	-839.3889	-1183.84	344.4512	1.516939	3.038972
55008	-833.1656	-1178.119	344.9529	1.234599	2.907111
55014	-829.5762	-1173.578	344.0023	1.1154	3.540627
55020	-842.7931	-1187.058	344.265	1.193662	3.341149
55026	-834.7751	-1180.797	346.022	1.525357	2.053349
55032	-848.7114	-1194.228	345.5165	1.547037	2.366183
55038	-856.3068	-1201.937	345.6299	1.510666	2.317226
55044	-850.3523	-1195.524	345.1716	1.404951	2.670081
55050	-835.5587	-1180.645	345.0862	1.396513	2.727658
55056	-833.5747	-1179.139	345.5642	1.464508	2.388216
55062	-866.244	-1210.358	344.1137	1.322511	3.354326
55068	-848.7473	-1192.752	344.0046	1.23727	3.468168
55074	-843.0339	-1187.344	344.3104	1.207685	3.306183
55080	-851.7572	-1196.272	344.5143	1.081959	3.260034
55086	-850.5802	-1194.718	344.138	1.204892	3.409074
55092	-832.579	-1178.442	345.863	1.837246	1.95144
55098	-834.6608	-1181.053	346.3922	1.721073	1.665829
55104	-823.3557	-1169.528	346.1725	1.735728	1.809765
55110	-830.6378	-1176.818	346.18	1.728307	1.809765
55116	-842.6109	-1188.403	345.7922	1.405603	2.280611
55122	-850.0512	-1196.09	346.0385	1.528593	2.040334
55128	-835.3104	-1181.322	346.0111	1.555908	2.040334
55134	-841.6223	-1184.594	342.9718	1.218347	4.07463
55140	-843.2972	-1188.78	345.4825	1.352521	2.50992
55146	-847.0873	-1192.881	345.7942	1.647242	2.123013
55152	-836.8962	-1182.356	345.4599	1.418077	2.483088
55158	-832.6503	-1177.957	345.3071	1.386308	2.597964
55164	-834.0507	-1179.202	345.1517	1.348911	2.716736
55170	-833.7082	-1178.143	344.435	1.502906	3.057105
55176	-831.5894	-1176.285	344.6953	1.341043	2.998156
55182	-833.8781	-1176.851	342.9731	1.089816	4.147056
55188	-846.3765	-1189.242	342.8653	1.210777	4.139576
55194	-852.7213	-1197.376	344.655	1.150083	3.136254
55200	-850.772	-1195.307	344.5346	1.270567	3.136254
55206	-845.5862	-1190.15	344.5641	1.256468	3.127089
55212	-831.2514	-1176.432	345.1802	1.584015	2.554051
55218	-820.3114	-1166.496	346.1843	1.576923	1.910343
55224	-819.1733	-1165.162	345.9889	1.706412	1.954797
55230	-816.7373	-1162.673	345.9358	1.512515	2.118498
55236	-820.3377	-1164.537	344.1995	1.22017	3.364049
55242	-830.492	-1175.391	344.8993	1.278879	2.912779
55248	-827.914	-1173.306	345.392	1.464148	2.496738
55254	-831.216	-1176.803	345.5869	1.324422	2.462186
55260	-845.2812	-1191.279	345.9978	1.638282	1.994427
55266	-842.3684	-1186.737	344.3684	1.282896	3.22749
55272	-832.8626	-1176.334	343.4712	1.547431	3.59823
55278	-834.665	-1180.596	345.9315	1.253816	2.288632
55284	-823.458	-1169.171	345.713	1.592661	2.211269
55290	-806.0834	-1151.983	345.8999	1.623428	2.069217
55296	-813.5695	-1159.469	345.8999	1.623428	2.069217
55302	-815.1192	-1161.019	345.8999	1.623428	2.069217
55308	-831.7707	-1178.073	346.3019	1.566896	1.836966
55314	-847.4393	-1193.735	346.2958	1.856292	1.637963
55320	-831.58	-1177.283	345.7032	1.685441	2.157418
55326	-827.1886	-1172.539	345.3509	1.44166	2.53639
55332	-832.2468	-1177.49	345.2429	1.410118	2.622969
55338	-829.3624	-1175.101	345.7385	1.442831	2.291182
55344	-833.1066	-1177.311	344.2048	1.289564	3.320133
55350	-843.5967	-1185.406	341.8096	1.142331	4.772801
55356	-823.4783	-1168.174	344.6955	1.137304	3.119808
55362	-822.1328	-1166.312	344.179	1.319844	3.317488
55368	-816.7644	-1161.881	345.1168	1.391929	2.711715
55374	-825.1526	-1170.055	344.9026	1.361558	2.860794
55380	-843.4967	-1190.093	346.596	1.818424	1.443687
55386	-843.506	-1189.763	346.2565	1.741237	1.747506
55392	-837.7116	-1184.229	346.5175	1.743708	1.558599
55398	-846.7806	-1193.67	346.8898	1.61273	1.375408
55404	-839.6916	-1186.374	346.6826	1.819989	1.375408
55410	-835.6644	-1182.436	346.7714	1.888891	1.24789
55416	-852.3659	-1198.884	346.5185	1.835837	1.489277
55422	-843.9129	-1189.809	345.8961	1.594581	2.09071
55428	-839.4359	-1185.566	346.1298	1.714062	1.854081
55434	-839.1024	-1184.441	345.3383	1.504395	2.50514
55440	-844.0443	-1189.391	345.3471	1.378163	2.578253
55446	-845.0458	-1188.765	343.7196	1.285886	3.605836
55452	-849.2806	-1193.948	344.6674	1.073942	3.174169
55458	-847.821	-1194.198	346.3767	1.441291	1.871757
55464	-838.6537	-1184.061	345.4073	1.151218	2.681199
55470	-829.5846	-1173.982	344.3969	1.293737	3.204239
55476	-842.5622	-1188.165	345.6029	1.387378	2.412499
55482	-849.5839	-1195.569	345.9848	1.526294	2.077291
55488	-851.2021	-1197.024	345.8215	1.472688	2.218686
55494	-838.933	-1184.688	345.755	1.539163	2.218686
55500	-841.3914	-1186.623	345.2315	1.38117	2.647858
55506	-840.834	-1184.872	344.0383	1.192751	3.474476
55512	-833.3555	-1178.581	345.2259	1.507938	2.572886
55518	-828.5882	-1172.858	344.2699	1.281358	3.286607
55524	-844.6342	-1188.905	344.2705	1.521045	3.144346
55530	-840.3274	-1185.623	345.2953	1.49373	2.538572
55536	-857.6092	-1203.549	345.9394	1.571331	2.077501
55542	-843.7983	-1189.425	345.6269	1.530387	2.306529
55548	-840.9057	-1186.741	345.835	1.638536	2.101978
55554	-826.3986	-1171.409	345.0103	1.513572	2.702468
55560	-842.2346	-1186.016	343.7811	1.181594	3.630677
55566	-831.3684	-1175.25	343.8819	1.274663	3.517962
55572	-838.5267	-1183.594	345.0673	1.424547	2.722085
55578	-849.1325	-1194.194	345.0616	1.526272	2.663114
55584	-841.96	-1186.184	344.2235	1.235504	3.340897
55590	-823.8552	-1167.5	343.6445	1.236289	3.678115
55596	-818.6557	-1163.495	344.8388	1.239491	2.972904
55602	-819.1435	-1163.765	344.6215	1.456823	2.972904
55608	-832.6871	-1178.307	345.6204	1.209524	2.51312
55614	-835.663	-1180.447	344.7835	1.237919	3.007059
55620	-839.8071	-1185.532	345.7246	1.35969	2.353007
55626	-831.0175	-1177.362	346.3443	1.547247	1.821297
55632	-839.0365	-1185.489	346.4523	1.765237	1.590562
55638	-841.9651	-1188.543	346.5777	1.770529	1.493848
55644	-830.3152	-1176.972	346.657	1.798334	1.412197
55650	-836.2324	-1182.846	346.6141	1.8413	1.412197
55656	-834.1782	-1180.938	346.7603	1.948255	1.207185
55662	-833.0901	-1179.9	346.8095	2.287865	0.8184235
55668	-837.8494	-1184.795	346.9456	2.195925	0.7580856
55674	-846.3821	-1191.431	345.0485	1.496084	2.689752
55680	-844.0485	-1189.125	345.0766	1.317549	2.781745
55686	-855.1376	-1201.219	346.0813	1.429634	2.077376
55692	-837.0845	-1183.813	346.7286	2.113627	1.08865
55698	-828.5747	-1175.303	346.7284	2.275586	0.9278434
55704	-819.2239	-1166.062	346.8377	2.16637	0.9278434
55710	-832.6033	-1179.298	346.6949	2.148582	1.087517
55716	-838.9176	-1185.592	346.6748	2.148582	1.105946
55722	-841.1689	-1187.917	346.7477	1.98054	1.190314
55728	-831.7238	-1178.211	346.487	1.972829	1.408748
55734	-832.5943	-1179.303	346.7083	1.925769	1.26962
55740	-840.5288	-1186.791	346.262	1.883867	1.642437
55746	-845.7939	-1192.134	346.3401	1.691256	1.723954
55752	-871.9619	-1216.742	344.7799	1.246065	3.004343
55758	-877.5073	-1222.112	344.6043	0.9176069	3.303897
55764	-861.2326	-1206.799	345.5663	1.47997	2.377095
55770	-858.0124	-1202.707	344.695	1.285182	3.031776
55776	-859.4427	-1204.804	345.3617	1.484898	2.502694
55782	-847.2117	-1193.12	345.9084	1.570221	2.098626
55788	-837.1418	-1183.777	346.6349	1.565823	1.602816
55794	-843.7751	-1189.936	346.1613	1.639333	1.883594
55800	-850.8019	-1197.226	346.4239	2.052475	1.395857
55806	-844.1045	-1190.943	346.8389	1.652344	1.38424
55812	-838.7137	-1185.383	346.669	1.822265	1.38424
55818	-843.2458	-1189.556	346.3106	1.423341	1.928754
55824	-847.4755	-1193.655	346.1799	1.611926	1.889536
55830	-840.8123	-1187.136	346.3236	1.570726	1.819396
55836	-849.8103	-1196.114	346.3041	1.660571	1.77063
55842	-839.2912	-1185.645	346.3541	1.641545	1.748997
55848	-856.4298	-1201.802	345.3725	1.486518	2.494934
55854	-848.7848	-1193.647	344.8625	1.419641	2.849871
55860	-841.9946	-1185.721	343.7262	1.487413	3.484675
55866	-848.9252	-1195.249	346.3234	1.521032	1.853685
55872	-848.5217	-1195.28	346.7584	1.671949	1.431495
55878	-854.5548	-1201.34	346.7848	1.740694	1.357337
55884	-849.3939	-1196.033	346.6396	1.9853	1.277182
55890	-836.5991	-1183.297	346.6983	2.068801	1.156413
55896	-838.2532	-1184.895	346.6414	1.959831	1.296559
55902	-842.9271	-1189.747	346.82	1.82335	1.261948
55908	-847.9757	-1194.842	346.8662	1.85627	1.195256
55914	-841.2675	-1187.901	346.633	1.701869	1.503875
55920	-848.987	-1194.927	345.9405	1.4789	2.13741
55926	-845.3202	-1190.511	345.1909	1.435208	2.639556
55932	-839.1085	-1182.81	343.7019	1.164279	3.686536
55938	-846.1916	-1190.82	344.6288	1.240361	3.098108
55944	-850.1172	-1193.685	343.568	1.114759	3.792404
55950	-840.9355	-1186.78	345.8442	1.273266	2.331901
55956	-838.4621	-1182.623	344.1612	1.17412	3.413536
55962	-835.4359	-1180.393	344.9569	1.337216	2.842585
55968	-834.4517	-1179.783	345.331	1.334045	2.615501
55974	-844.6045	-1190.026	345.4217	1.409737	2.512178
55980	-841.804	-1187.99	346.1864	1.805569	1.751567
55986	-834.4475	-1180.656	346.2089	1.779914	1.753756
55992	-822.7077	-1168.305	345.5975	1.615204	2.271079
55998	-826.4195	-1172.593	346.1736	1.54935	1.936161
56004	-828.31	-1174.055	345.7451	1.529242	2.231445
56010	-838.2274	-1184.039	345.8118	1.359977	2.297253
56016	-832.4898	-1178.167	345.6777	1.491287	2.299064
56022	-825.2825	-1169.345	344.0626	1.331541	3.379002
56028	-825.7344	-1170.747	345.0122	1.518559	2.698203
56034	-818.5843	-1162.522	343.9378	1.129145	3.570107
56040	-823.8544	-1169.78	345.9259	1.304943	2.259463
56046	-821.6992	-1165.086	343.3868	1.134593	3.88521
56052	-855.6422	-1201.99	346.3479	1.62159	1.767311
56058	-850.6165	-1197.356	346.7394	1.866214	1.29294
56064	-846.1007	-1189.822	343.7211	1.095588	3.715199
56070	-839.613	-1183.67	344.0565	1.253757	3.428166
56076	-840.9726	-1184.885	343.9119	1.163302	3.565323
56082	-848.6572	-1193.036	344.379	1.108135	3.324385
56088	-858.23	-1201.574	343.3439	1.132082	3.911216
56094	-857.1364	-1201.351	344.2141	1.255491	3.334696
56100	-846.3043	-1190.024	343.7197	1.291837	3.602308
56106	-835.5934	-1180.025	344.4312	1.25427	3.207252
56112	-839.4567	-1182.759	343.3019	1.036947	3.989724
56118	-828.9102	-1174.075	345.165	1.214889	2.790472
56124	-831.3165	-1176.576	345.2593	1.181929	2.753013
56130	-825.9844	-1170.937	344.9528	1.393098	2.811182
56136	-818.5709	-1164.177	345.6057	1.383475	2.4132
56142	-824.2094	-1169.7	345.4907	1.498474	2.4132
56148	-840.8302	-1187.233	346.4033	1.837148	1.573862
56154	-839.2977	-1185.529	346.2313	1.712229	1.785375
56160	-828.0636	-1174.095	346.0313	1.664502	1.954435
56166	-836.9681	-1183.302	346.3335	1.741966	1.692738
56172	-825.0971	-1171.29	346.1928	1.620967	1.874591
56178	-824.5977	-1171.077	346.4792	1.715875	1.606923
56184	-824.5099	-1170.3	345.7902	1.4838	2.23165
56190	-825.0639	-1171.458	346.3945	1.601129	1.749049
56196	-829.2707	-1175.816	346.5453	1.711391	1.561927
56202	-861.0787	-1206.982	345.9031	1.403264	2.210828
56208	-840.5411	-1186.101	345.5601	1.261742	2.518171
56214	-845.0148	-1191.344	346.3296	1.805677	1.650099
56220	-844.0676	-1189.864	345.7961	1.446218	2.252082
56226	-834.1963	-1179.863	345.6667	1.514119	2.29152
56232	-841.4911	-1185.999	344.5077	1.11252	3.245902
56238	-830.7373	-1174.792	344.0552	1.10455	3.516135
56244	-841.0224	-1184.284	343.2615	1.013231	4.026375
56250	-831.4898	-1174.921	343.4308	1.028754	3.920652
56256	-833.1797	-1176.734	343.5539	0.9057037	3.920652
56262	-845.347	-1190.473	345.1257	1.258141	2.788071
56268	-826.1847	-1169.825	343.6401	0.974554	3.831647
56274	-826.2017	-1172.331	346.1296	1.249583	2.163597
56280	-848.2246	-1193.559	345.3343	1.308797	2.62906
56286	-850.0061	-1195.158	345.152	1.413782	2.676679
56292	-850.1703	-1196.213	346.0423	1.528422	2.037886
56298	-854.2325	-1199.599	345.3662	1.419884	2.540424
56304	-842.4316	-1188.152	345.7209	1.592129	2.206486
56310	-849.6265	-1194.293	344.666	1.503485	2.917995
56316	-846.0314	-1190.85	344.8189	1.350603	2.917995
56322	-844.9723	-1190.744	345.7721	1.393639	2.30115
56328	-836.0396	-1181.127	345.0873	1.39825	2.725959
56334	-836.5707	-1181.603	345.0323	1.231954	2.860699
56340	-838.3262	-1184.13	345.8039	1.465372	2.234732
56346	-829.1701	-1175.473	346.3028	1.471668	1.901358
56352	-825.9088	-1171.295	345.386	1.413306	2.532176
56358	-848.6892	-1194.004	345.3149	1.375955	2.599554
56364	-846.791	-1192.065	345.2742	1.405974	2.606167
56370	-845.4659	-1191.02	345.554	1.342615	2.471411
56376	-831.9727	-1176.308	344.3348	1.36117	3.20105
56382	-845.0847	-1190.017	344.9325	1.30933	2.87431
56388	-849.3834	-1194.854	345.4709	1.210151	2.605595
56394	-844.9379	-1187.97	343.0321	1.194287	4.053977
56400	-853.6096	-1198.05	344.4406	1.273742	3.190157
56406	-853.4962	-1197.393	343.8973	1.501487	3.376329
56412	-857.3183	-1202.643	345.3248	1.300012	2.640348
56418	-852.5077	-1197.599	345.0915	1.153155	2.872576
56424	-845.6821	-1190.348	344.6663	1.326936	3.023986
56430	-832.0069	-1177.366	345.359	1.267849	2.639089
56436	-822.7273	-1167.95	345.2224	1.183713	2.774502
56442	-822.7613	-1166.471	343.7098	1.305638	3.60007
56448	-828.0734	-1172.169	344.0959	1.19951	3.436879
56454	-844.2491	-1190.71	346.4609	1.547591	1.740032
56460	-838.3425	-1184.476	346.1334	1.720092	1.847433
56466	-841.787	-1187.663	345.876	1.636775	2.076155
56472	-856.9467	-1202.233	345.2859	1.321056	2.651381
56478	-852.4628	-1197.938	345.4747	1.45543	2.450366
56484	-836.738	-1183.223	346.4855	1.546423	1.723523
56490	-848.8078	-1195.09	346.2818	1.856564	1.647857
56496	-849.8092	-1196.123	346.3139	1.82443	1.647857
56502	-860.8019	-1207.051	346.2494	1.764672	1.736064
56508	-858.3635	-1204.799	346.4352	1.752742	1.612133
56514	-847.8045	-1194.459	346.6542	1.841761	1.380592
56520	-855.9634	-1202.079	346.1154	1.479335	2.02199
56526	-859.6971	-1205.359	345.6618	1.285466	2.439612
56532	-847.212	-1192.96	345.7479	1.450259	2.280386
56538	-850.6982	-1196.709	346.0105	1.41451	2.133749
56544	-843.2638	-1189.709	346.4449	1.63003	1.693122
56550	-846.1344	-1190.336	344.2012	1.307506	3.311676
56556	-847.4432	-1192.725	345.2823	1.381309	2.616396
56562	-833.5928	-1179.467	345.8738	1.351362	2.263078
56568	-829.738	-1175.251	345.5134	1.360258	2.485738
56574	-818.9555	-1164.356	345.4005	1.279213	2.606447
56580	-827.6739	-1174.317	346.6434	1.659745	1.527554
56586	-822.2028	-1167.717	345.5141	1.320686	2.510051
56592	-820.7373	-1166.462	345.7245	1.473257	2.280659
56598	-817.888	-1164.059	346.1713	1.512856	1.962281
56604	-843.89	-1190.584	346.6944	1.809968	1.373977
56610	-833.2058	-1178.687	345.4807	1.338503	2.519766
56616	-838.2877	-1183.662	345.3742	1.365647	2.569191
56622	-826.5422	-1172.852	346.31	1.62939	1.78821
56628	-825.124	-1171.443	346.3187	1.620687	1.78821
56634	-825.774	-1171.098	345.3241	1.50868	2.511331
56640	-834.8257	-1179.118	344.2919	1.405081	3.20049
56646	-831.2667	-1175.698	344.4317	1.265188	3.20049
56652	-830.5603	-1175.992	345.4314	1.232913	2.615944
56658	-830.6007	-1176.003	345.4019	1.37545	2.545883
56664	-826.6031	-1171.09	344.4869	1.309558	3.141395
56670	-831.1471	-1175.717	344.5702	1.211119	3.150432
56676	-834.5588	-1180.034	345.4752	1.368606	2.504412
56682	-825.4767	-1171.631	346.1544	1.821986	1.762469
56688	-818.192	-1164.565	346.3735	1.840315	1.593317
56694	-830.2946	-1176.671	346.3759	1.790311	1.627813
56700	-841.4389	-1187.276	345.8372	1.615615	2.115544
56706	-841.8981	-1187.793	345.8952	1.521337	2.139264
56712	-855.6525	-1201.126	345.4736	1.442124	2.459388
56718	-844.5201	-1189.667	345.1472	1.361584	2.711714
56724	-840.7063	-1186.317	345.6102	1.440712	2.374178
56730	-844.7738	-1190.746	345.9723	1.687613	1.97849
56736	-830.1025	-1175.856	345.753	1.669793	2.13518
56742	-828.8175	-1174.64	345.822	1.615231	2.125766
56748	-830.6474	-1175.73	345.0827	1.482266	2.677198
56754	-828.4191	-1173.137	344.7174	1.464748	2.910342
56760	-824.2694	-1170.539	346.2701	1.620289	1.822099
56766	-821.6191	-1167.168	345.5492	1.496115	2.37769
56772	-824.1513	-1168.951	344.7993	1.326718	2.944189
56778	-839.3667	-1183.313	343.946	1.381482	3.418116
56784	-836.4395	-1180.318	343.8782	1.25295	3.532786
56790	-821.6789	-1166.983	345.3038	1.410308	2.58515
56796	-830.8041	-1175.437	344.6331	1.486146	2.948275
56802	-829.2761	-1174.253	344.9766	1.307081	2.848958
56808	-827.2856	-1172.318	345.032	1.498888	2.69813
56814	-820.6596	-1164.746	344.0862	1.185643	3.45065
56820	-826.9979	-1172.274	345.2756	1.431382	2.589534
56826	-836.3239	-1181.299	344.9754	1.359726	2.817726
56832	-834.6745	-1180.926	346.2513	1.466168	1.939897
56838	-828.6187	-1174.964	346.3449	1.473009	1.871802
56844	-837.3744	-1183.152	345.7775	1.667561	2.120648
56850	-824.7063	-1170.597	345.8911	1.574102	2.107426
56856	-821.6432	-1167.072	345.4292	1.553401	2.41731
56862	-826.993	-1173.073	346.0803	1.510719	2.024444
56868	-831.8619	-1178.265	346.4029	1.538289	1.786949
56874	-836.5474	-1182.793	346.2459	1.591652	1.85841
56880	-825.2117	-1170.719	345.5074	1.638367	2.313908
56886	-839.7604	-1186.242	346.4815	1.675758	1.634257
56892	-837.2794	-1183.594	346.3141	1.872644	1.612958
56898	-845.2416	-1191.57	346.328	1.843197	1.624213
56904	-859.6116	-1205.684	346.0721	1.531711	2.015913
56910	-847.7092	-1193.142	345.4324	1.408256	2.506379
56916	-847.926	-1193.591	345.6654	1.431503	2.345006
56922	-839.395	-1185.849	346.4537	1.912264	1.48054
56928	-841.8879	-1185.427	343.5389	1.316683	3.692662
56934	-836	-1178.54	342.5396	1.072072	4.402548
56940	-845.3237	-1191.83	346.506	1.70129	1.598043
56946	-847.8302	-1194.321	346.4905	1.784634	1.548322
56952	-839.9963	-1185.554	345.558	1.377235	2.447163
56958	-827.4649	-1172.502	345.0374	1.29363	2.820215
56964	-822.0275	-1167.013	344.9854	1.376818	2.801242
56970	-831.9433	-1176.317	344.3735	1.247548	3.245398
56976	-829.4761	-1173.874	344.3977	1.137552	3.296056
56982	-833.1602	-1176.822	343.6617	0.9588312	3.828231
56988	-846.9812	-1191.572	344.5907	1.066563	3.224007
56994	-829.8128	-1173.288	343.4752	1.279018	3.751258
57000	-826.1809	-1170.175	343.9944	1.311995	3.430434
57006	-832.8586	-1179.215	346.3561	1.761669	1.662631
57012	-829.8339	-1176.321	346.4875	1.98015	1.402651
57018	-838.351	-1184.55	346.1993	1.489429	1.95921
57024	-830.4779	-1175.836	345.358	1.476956	2.509973
57030	-860.3751	-1206.958	346.5824	1.764976	1.494543
57036	-845.9374	-1192.345	346.4071	1.956266	1.482461
57042	-833.237	-1179.537	346.3005	1.574119	1.832975
57048	-829.1047	-1175.975	346.8701	1.772754	1.262378
57054	-827.0898	-1173.155	346.0648	1.766192	1.862899
57060	-817.8453	-1164.209	346.3639	1.60016	1.771085
57066	-821.3552	-1168.029	346.6742	1.90991	1.310441
57072	-822.0258	-1168.775	346.7496	2.129256	1.05429
57078	-829.3176	-1176.229	346.9119	2.03275	0.9899561
57084	-853.5171	-1199.491	345.9737	1.471921	2.120259
57090	-822.3523	-1168.729	346.3763	1.495137	1.835175
57096	-819.0829	-1165.165	346.0825	1.633262	1.941042
57102	-840.7606	-1186.891	346.1302	1.744154	1.833163
57108	-834.7399	-1180.87	346.1302	1.744154	1.833163
57114	-839.3947	-1186.074	346.679	1.912365	1.304585
57120	-838.6118	-1185.229	346.6175	1.806475	1.436347
57126	-831.6561	-1177.956	346.3001	1.724646	1.728559
57132	-837.1637	-1183.844	346.6803	1.752342	1.429757
57138	-838.4686	-1184.41	345.9415	1.614815	2.047467
57144	-840.0649	-1186.594	346.5286	1.714386	1.571944
57150	-842.9887	-1189.423	346.4342	1.530658	1.770484
57156	-828.8534	-1175.169	346.3156	1.58839	1.812736
57162	-841.8391	-1187.235	345.3961	1.312942	2.588267
57168	-807.4712	-1153.455	345.9842	1.580475	2.041922
57174	-815.6792	-1161.558	345.8788	1.591133	2.104328
57180	-817.0512	-1162.925	345.8733	1.621359	2.088086
57186	-829.8228	-1176.068	346.2455	1.646289	1.821126
57192	-827.0119	-1172.521	345.5095	1.66337	2.296584
57198	-819.0514	-1163.887	344.836	1.341401	2.913262
57204	-822.0359	-1167.369	345.3329	1.380238	2.585764
57210	-822.4437	-1168.403	345.9596	1.501579	2.110059
57216	-838.2209	-1184.003	345.782	1.501579	2.225489
57222	-831.602	-1177.269	345.6666	1.548875	2.269291
57228	-834.802	-1180.25	345.4484	1.456653	2.466126
57234	-827.2785	-1173.364	346.0852	1.565354	1.984803
57240	-836.4532	-1182.217	345.7638	1.534529	2.215957
57246	-836.5466	-1182.247	345.7006	1.597776	2.215957
57252	-829.1897	-1174.866	345.6762	1.500519	2.294144
57258	-835.6135	-1181.267	345.6534	1.523269	2.294144
57264	-834.0349	-1179.775	345.7401	1.439661	2.292157
57270	-833.297	-1179.552	346.2552	1.785474	1.717384
57276	-841.0656	-1187.689	346.6234	1.785474	1.447947
57282	-846.1322	-1192.384	346.2517	1.710491	1.772396
57288	-834.8282	-1180.673	345.8452	1.557423	2.148372
57294	-820.5183	-1166.668	346.1499	1.750309	1.815324
57300	-826.8777	-1172.888	346.0108	1.606183	2.00721
57306	-838.4632	-1183.731	345.268	1.526179	2.535379
57312	-825.471	-1171.724	346.2528	1.611834	1.839847
57318	-825.1902	-1171.36	346.1694	1.611834	1.896738
57324	-840.8082	-1186.607	345.7985	1.398178	2.281346
57330	-832.5335	-1178.181	345.6479	1.548781	2.281346
57336	-832.7468	-1177.318	344.5708	1.423935	3.023076
57342	-848.9834	-1194.002	345.0185	1.27985	2.840028
57348	-832.3196	-1177.372	345.0524	1.245931	2.840028
57354	-829.5399	-1175.912	346.3725	1.541214	1.806003
57360	-823.971	-1170.232	346.2614	1.652288	1.806003
57366	-824.6437	-1170.779	346.1349	1.466386	2.017649
57372	-827.5973	-1173.339	345.7419	1.502696	2.250598
57378	-821.3467	-1167.713	346.3667	1.381283	1.919316
57384	-834.1589	-1180.261	346.1023	1.595786	1.952918
57390	-827.4715	-1172.491	345.0192	1.392145	2.771309
57396	-834.5247	-1178.492	343.9673	1.094894	3.572891
57402	-836.9263	-1178.413	341.4871	1.206161	4.917022
57408	-842.1136	-1185.814	343.7005	1.138263	3.702436
57414	-857.4674	-1201.343	343.8757	1.243421	3.539777
57420	-844.8692	-1190.182	345.3124	1.560179	2.486433
57426	-837.7209	-1183.845	346.1239	1.42862	2.049983
57432	-834.056	-1179.955	345.8988	1.50299	2.148894
57438	-842.2773	-1188.072	345.7944	1.462171	2.242892
57444	-850.8364	-1195.985	345.1482	1.340502	2.723987
57450	-850.114	-1195.64	345.5265	1.338206	2.491395
57456	-843.8681	-1189.07	345.2022	1.352424	2.683575
57462	-843.5973	-1188.349	344.7516	1.338258	2.965972
57468	-837.8692	-1182.254	344.3851	1.338258	3.184826
57474	-839.3584	-1184.276	344.9171	1.490629	2.77351
57480	-845.8737	-1192.566	346.6919	1.71725	1.4477
57486	-835.1251	-1181.759	346.6343	2.065476	1.21467
57492	-831.3793	-1177.3	345.9205	1.717484	1.99316
57498	-834.5257	-1180.764	346.2381	1.446975	1.961676
57504	-828.3319	-1174.676	346.3444	1.680842	1.728235
57510	-834.7201	-1180.649	345.9293	1.62039	2.051828
57516	-815.9636	-1161.628	345.6648	1.506975	2.297257
57522	-828.4029	-1174.461	346.0579	1.426136	2.095071
57528	-829.5693	-1175.069	345.4993	1.53989	2.381612
57534	-812.3429	-1158.003	345.6603	1.828003	2.092295
57540	-831.6939	-1177.77	346.0757	1.656953	1.929663
57546	-823.031	-1168.567	345.5358	1.480084	2.396336
57552	-830.2593	-1175.901	345.6414	1.271841	2.460962
57558	-829.2541	-1174.582	345.3276	1.333185	2.61814
57564	-833.665	-1179.306	345.6413	1.482207	2.328075
57570	-842.0764	-1187.625	345.5482	1.575328	2.328075
57576	-848.6121	-1194.603	345.9912	1.661906	1.983097
57582	-837.6271	-1183.775	346.1476	1.4117	2.045438
57588	-838.3863	-1184.141	345.7551	1.50259	2.242166
57594	-822.8606	-1168.392	345.531	1.50259	2.385159
57600	-819.8461	-1164.893	345.0468	1.469268	2.707242
57606	-823.6685	-1169.483	345.8149	1.469268	2.225125
57612	-816.7011	-1162.619	345.9179	1.641407	2.045447
57618	-819.6149	-1166.015	346.3999	1.515641	1.80477
57624	-817.3775	-1163.228	345.8504	1.584204	2.127468
57630	-849.4755	-1194.517	345.0417	1.366296	2.773347
57636	-836.9194	-1183.013	346.0932	1.41705	2.07784
57642	-813.9336	-1160.199	346.2653	1.511446	1.899781
57648	-822.7977	-1169.371	346.5729	1.675414	1.568054
57654	-823.1475	-1168.876	345.7283	1.349033	2.357414
57660	-821.4821	-1166.907	345.4253	1.250772	2.608666
57666	-814.3369	-1158.481	344.1439	1.230124	3.390834
57672	-813.1915	-1158.584	345.3929	1.32862	2.580534
57678	-823.0184	-1169.208	346.1894	1.596107	1.893855
57684	-818.372	-1164.953	346.5815	1.751885	1.504994
57690	-827.2605	-1173.993	346.7327	1.600665	1.504994
57696	-828.1723	-1174.614	346.4419	1.773309	1.592258
57702	-840.2532	-1186.619	346.3657	1.849535	1.592258
57708	-820.4005	-1166.297	345.8969	1.550433	2.119111
57714	-830.6059	-1176.592	345.986	1.461426	2.119111
57720	-818.811	-1165.359	346.5483	1.619899	1.626384
57726	-824.1083	-1170.34	346.2313	1.660565	1.821104
57732	-829.5846	-1175.775	346.1907	1.77516	1.769819
57738	-823.1416	-1169.674	346.5324	1.908195	1.423592
57744	-832.6673	-1179.056	346.3883	1.625888	1.735994
57750	-835.9452	-1181.951	346.0059	1.565662	2.037337
57756	-826.5963	-1172.864	346.2682	1.87286	1.645929
57762	-827.4627	-1174.124	346.6609	1.628502	1.537756
57768	-824.0152	-1170.344	346.3288	1.63828	1.768949
57774	-836.8879	-1182.321	345.4334	1.284932	2.582551
57780	-841.567	-1187.209	345.642	1.509277	2.310376
57786	-838.3795	-1182.92	344.5408	1.379156	3.067814
57792	-834.7518	-1181.401	346.6493	1.696517	1.495681
57798	-832.0912	-1178.426	346.3344	1.767488	1.673982
57804	-830.587	-1177.407	346.8196	1.639753	1.409102
57810	-843.1851	-1189.064	345.8788	1.538394	2.138863
57816	-833.8384	-1179.557	345.7182	1.62232	2.18869
57822	-853.4808	-1195.356	341.875	0.754955	4.952272
57828	-845.8861	-1186.856	340.9701	0.9972017	5.319315
57834	-842.7483	-1186.937	344.1882	1.069202	3.45913
57840	-829.2185	-1174.91	345.692	1.498794	2.285131
57846	-834.5282	-1179.77	345.2414	1.60062	2.50557
57852	-850.6404	-1196.467	345.8269	1.61949	2.119774
57858	-840.8964	-1186.177	345.2806	1.49315	2.54809
57864	-856.3347	-1202.068	345.7329	1.368133	2.342385
57870	-853.7972	-1199.82	346.0226	1.410901	2.128178
57876	-840.0707	-1185.909	345.8383	1.419303	2.242243
57882	-842.8415	-1188.691	345.8498	1.381844	2.258937
57888	-837.8142	-1183.504	345.6897	1.48588	2.294847
57894	-834.9229	-1179.317	344.3945	1.291503	3.206962
57900	-844.4061	-1188.958	344.5518	1.181571	3.178911
57906	-837.7915	-1182.641	344.85	1.25718	2.95557
57912	-840.4557	-1185.624	345.1686	1.353212	2.703735
57918	-839.013	-1184.029	345.0155	1.30922	2.824014
57924	-833.1926	-1176.414	343.2218	0.8798171	4.12501
57930	-834.3122	-1179.603	345.2904	1.455238	2.565576
57936	-844.9737	-1190.693	345.7195	1.455238	2.295367
57942	-849.1987	-1194.604	345.405	1.582162	2.414492
57948	-836.4947	-1182.437	345.9421	1.471725	2.141032
57954	-853.4655	-1197.628	344.1621	1.042281	3.490071
57960	-854.7062	-1200.709	346.0026	1.500527	2.082543
57966	-843.6022	-1189.748	346.1458	1.357338	2.082543
57972	-831.7128	-1178.332	346.6188	1.462954	1.688254
57978	-838.4554	-1185.01	346.5545	1.590921	1.642822
57984	-839.3667	-1185.05	345.6836	1.590571	2.231548
57990	-823.1212	-1169.319	346.1977	1.396912	2.022062
57996	-823.225	-1169.634	346.4093	1.403441	1.875355
58002	-823.6529	-1169.129	345.4757	1.395858	2.487051
58008	-837.5555	-1184.144	346.5881	1.308227	1.81799
58014	-842.6107	-1187.094	344.4829	1.106355	3.264206
58020	-841.7912	-1186.062	344.2706	1.190486	3.339705
58026	-842.033	-1187.143	345.1102	1.314418	2.763158
58032	-825.9918	-1172.189	346.1968	1.419321	2.007752
58038	-815.7091	-1160.86	345.1506	1.309165	2.74169
58044	-823.9673	-1169.646	345.679	1.547669	2.262135
58050	-818.8315	-1165.098	346.2669	1.632343	1.816033
58056	-827.2611	-1172.812	345.5506	1.433358	2.416502
58062	-820.7391	-1167.012	346.2731	1.612705	1.825262
58068	-822.4287	-1167.87	345.4414	1.342779	2.541609
58074	-825.5636	-1170.984	345.4206	1.55354	2.422669
58080	-825.1101	-1171.23	346.1198	1.564364	1.962276
58086	-830.2494	-1176.322	346.0729	1.594039	1.973797
58092	-839.8394	-1186.013	346.1741	1.492916	1.973797
58098	-839.4778	-1185.68	346.2019	1.370598	2.036739
58104	-841.1146	-1187.848	346.7329	1.632601	1.480875
58110	-842.4795	-1189.095	346.6157	1.636632	1.565148
58116	-840.5051	-1185.811	345.3063	1.482534	2.538739
58122	-847.1892	-1193.073	345.8836	1.516037	2.150284
58128	-848.8132	-1193.701	344.8878	1.436528	2.824252
58134	-842.06	-1186.233	344.173	1.151192	3.420013
58140	-838.8023	-1184.141	345.339	1.587936	2.452383
58146	-846.5747	-1190.984	344.4096	1.256966	3.218494
58152	-842.3946	-1186.777	344.382	1.284521	3.218494
58158	-830.8997	-1175.16	344.26	1.224856	3.325717
58164	-835.8948	-1181.175	345.2798	1.368457	2.625909
58170	-847.3178	-1192.047	344.7289	1.273373	3.018574
58176	-844.1611	-1189	344.839	1.163198	3.018574
58182	-835.5315	-1180.891	345.3599	1.268721	2.637985
58188	-841.2884	-1185.236	343.9473	1.373662	3.421938
58194	-831.0893	-1176.574	345.4852	1.455431	2.443785
58200	-822.9654	-1168.486	345.521	1.419586	2.443785
58206	-828.1366	-1173.649	345.5126	1.428033	2.443785
58212	-837.3502	-1182.433	345.0832	1.301894	2.787274
58218	-834.8508	-1180.495	345.6445	1.47526	2.330427
58224	-828.3205	-1173.352	345.032	1.325947	2.803831
58230	-826.5665	-1171.039	344.4725	1.325947	3.140236
58236	-831.5571	-1173.416	341.8593	1.299743	4.656985
58242	-838.0352	-1182.052	344.0173	1.28986	3.430008
58248	-831.3317	-1177.094	345.7621	1.298847	2.367825
58254	-843.0289	-1188.651	345.6217	1.439264	2.367825
58260	-848.1071	-1194.192	346.0849	1.559128	1.989136
58266	-843.3509	-1189.544	346.1928	1.77006	1.771878
58272	-828.2911	-1174.873	346.5818	1.857426	1.424626
58278	-833.9852	-1180.55	346.5653	1.958455	1.358717
58284	-837.9146	-1184.811	346.8966	1.792554	1.223683
58290	-820.7763	-1167.664	346.8876	1.836923	1.193461
58296	-813.9827	-1160.68	346.6975	1.681084	1.470961
58302	-817.9547	-1164.178	346.2234	1.697287	1.801153
58308	-825.307	-1171.463	346.1558	1.627685	1.895214
58314	-842.5861	-1189.539	346.953	1.850314	1.124166
58320	-823.8945	-1170.441	346.5467	1.653084	1.603542
58326	-824.3354	-1170.061	345.7258	1.399389	2.326976
58332	-834.7244	-1180.788	346.064	1.286528	2.182218
58338	-822.725	-1167.799	345.0741	1.133235	2.895131
58344	-821.8215	-1166.694	344.8724	1.641303	2.708657
58350	-824.1521	-1168.844	344.6923	1.255901	3.050925
58356	-826.9883	-1171.661	344.6729	1.275307	3.050925
58362	-837.006	-1182.974	345.9684	1.356632	2.198733
58368	-832.9663	-1178.978	346.0119	1.392163	2.147389
58374	-830.5925	-1176.493	345.9008	1.403824	2.211931
58380	-818.9589	-1164.687	345.7277	1.481412	2.273367
58386	-816.257	-1162.237	345.9805	1.439541	2.137004
58392	-821.0307	-1167.061	346.0302	1.5636	2.022583
58398	-823.62	-1169.731	346.1114	1.542464	1.98254
58404	-819.9612	-1166.128	346.1667	1.347418	2.075313
58410	-829.6985	-1176.302	346.6035	1.781252	1.466297
58416	-830.1809	-1176.884	346.7034	2.02177	1.192908
58422	-827.7965	-1173.515	345.719	1.576037	2.218139
58428	-824.1022	-1170.09	345.9876	1.30743	2.218139
58434	-828.36	-1172.69	344.3297	1.224408	3.284907
58440	-837.9655	-1181.405	343.4399	1.139642	3.851795
58446	-846.2019	-1189.111	342.909	1.384164	4.015848
58452	-844.5231	-1188.585	344.0617	1.208923	3.451368
58458	-838.1312	-1182.01	343.8788	1.097617	3.6227
58464	-815.6962	-1160.779	345.0833	1.310892	2.78176
58470	-837.6939	-1183.079	345.3855	1.457086	2.505191
58476	-849.8793	-1194.877	344.9981	1.406528	2.775364
58482	-851.5461	-1194.423	342.877	1.246941	4.112339
58488	-844.1388	-1187.526	343.3876	1.110121	3.898788
58494	-832.7336	-1177.452	344.718	1.344466	2.982447
58500	-832.025	-1176.934	344.9094	1.369444	2.851876
58506	-838.7489	-1182.285	343.5357	1.254204	3.730665
58512	-848.9623	-1189.8	340.8374	1.366897	5.188387
58518	-848.9513	-1194.34	345.3889	1.454079	2.504949
58524	-852.4814	-1197.661	345.1799	1.310567	2.722912
58530	-847.3768	-1188.673	341.2967	1.033566	5.118611
58536	-853.2114	-1195.941	342.73	1.117684	4.269146
58542	-855.7646	-1200.371	344.6064	1.308628	3.070766
58548	-860.2162	-1205.601	345.385	1.478667	2.492017
58554	-858.2681	-1202.774	344.5062	1.24185	3.170176
58560	-860.9237	-1206.894	345.9704	1.576459	2.05369
58566	-829.0904	-1175.159	346.0682	1.51628	2.028801
58572	-828.2709	-1174.157	345.8859	1.597989	2.095175
58578	-832.7962	-1178.676	345.88	1.517071	2.151929
58584	-837.2606	-1182.587	345.3262	1.328532	2.621864
58590	-841.4934	-1187.256	345.7627	1.295027	2.369871
58596	-859.8408	-1204.47	344.6292	1.2302	3.103966
58602	-860.0378	-1204.741	344.7033	1.298569	3.01882
58608	-851.3902	-1194.515	343.1252	1.004906	4.108826
58614	-837.6613	-1182.69	345.0292	1.278664	2.834256
58620	-833.3581	-1176.044	342.6862	1.054728	4.329601
58626	-839.4695	-1185.438	345.9684	1.254765	2.264377
58632	-836.0617	-1181.645	345.5837	1.458241	2.379824
58638	-839.9306	-1185.907	345.9764	1.431464	2.144945
58644	-842.4538	-1188.464	346.0101	1.7778	1.892222
58650	-836.0585	-1181.81	345.7518	1.58973	2.188024
58656	-847.874	-1194.58	346.7055	1.633464	1.500849
58662	-839.9937	-1186.576	346.5823	1.756641	1.500849
58668	-843.2051	-1188.695	345.4895	1.695299	2.288953
58674	-836.9248	-1182.488	345.5636	1.62762	2.284853
58680	-825.4907	-1170.431	344.9403	1.588541	2.69942
58686	-831.5767	-1177.644	346.067	1.711687	1.898504
58692	-828.0977	-1174.143	346.0453	1.73341	1.898504
58698	-824.1429	-1170.223	346.0803	1.869711	1.780872
58704	-831.1172	-1176.776	345.6586	1.631701	2.221169
58710	-837.5702	-1183.396	345.8262	1.573588	2.150169
58716	-851.8954	-1197.712	345.8171	1.582742	2.150169
58722	-846.2513	-1192.227	345.9753	1.955699	1.794068
58728	-853.5424	-1199.662	346.1196	1.900522	1.73185
58734	-857.4032	-1203.852	346.4486	1.900527	1.49317
58740	-848.6741	-1192.106	343.4323	0.9731456	3.951658
58746	-832.6943	-1176.385	343.6905	0.9697776	3.805389
58752	-849.9286	-1195.555	345.6261	1.414425	2.380731
58758	-854.7836	-1199.953	345.1697	1.569822	2.569368
58764	-838.7294	-1182.091	343.3616	1.218067	3.851728
58770	-836.5563	-1180.185	343.6283	1.069433	3.783784
58776	-840.8896	-1183.21	342.32	1.024815	4.552791
58782	-860.3819	-1206.794	346.4123	1.95469	1.47972
58788	-853.3985	-1199.486	346.0875	1.735752	1.868122
58794	-828.6402	-1174.105	345.4651	1.527434	2.411103
58800	-831.4497	-1176.721	345.2716	1.546097	2.520744
58806	-826.8656	-1171.946	345.0803	1.633674	2.585201
58812	-838.5762	-1183.472	344.8954	1.396809	2.843784
58818	-824.6725	-1169.787	345.1146	1.423936	2.693432
58824	-824.9712	-1169.97	344.9983	1.540253	2.693432
58830	-840.0932	-1184.412	344.3184	1.298901	3.247639
58836	-832.63	-1177.779	345.1488	1.318198	2.737259
58842	-834.5949	-1179.704	345.1086	1.334791	2.75172
58848	-861.4036	-1207.046	345.6428	1.381049	2.391329
58854	-848.0299	-1191.336	343.3065	1.250069	3.865029
58860	-839.5194	-1183.886	344.3669	1.233089	3.257831
58866	-846.3651	-1189.745	343.3801	1.038978	3.94383
58872	-835.7433	-1180.537	344.7942	1.256169	2.989728
58878	-834.2596	-1178.175	343.9159	1.015492	3.648829
58884	-834.1927	-1177.909	343.7164	1.228908	3.640741
58890	-832.3904	-1177.644	345.2541	1.491228	2.565797
58896	-844.2883	-1189.276	344.9874	1.308979	2.841212
58902	-822.8926	-1168.063	345.1707	1.511623	2.604842
58908	-827.0784	-1172.294	345.2155	1.228702	2.751229
58914	-829.8093	-1174.678	344.869	1.232237	2.959115
58920	-825.009	-1169.699	344.6905	1.355161	2.992541
58926	-827.9685	-1173.06	345.0914	1.463999	2.683081
58932	-832.5066	-1177.63	345.1232	1.380197	2.715
58938	-838.8859	-1183.865	344.9791	1.232966	2.892311
58944	-845.2349	-1189.472	344.2373	1.333415	3.275121
58950	-840.9389	-1184.092	343.1526	1.246339	3.955356
58956	-848.6651	-1192.219	343.5539	1.140063	3.785958
58962	-840.915	-1186.727	345.8124	1.503136	2.204897
58968	-835.2387	-1181.51	346.2712	1.648073	1.802182
58974	-835.9254	-1182.312	346.3867	1.425858	1.87543
58980	-831.4222	-1176.926	345.5039	1.574524	2.356755
58986	-838.6214	-1184.498	345.8765	1.642595	2.071999
58992	-840.6406	-1186.243	345.6025	1.344768	2.439588
58998	-839.5428	-1184.737	345.1945	1.350408	2.689516
59004	-837.1259	-1182.272	345.1461	1.410746	2.68223
59010	-861.9892	-1208.328	346.3385	1.757098	1.678409
59016	-849.3393	-1195.163	345.8241	1.587554	2.142463
59022	-841.0912	-1185.647	344.5559	1.388751	3.053036
59028	-848.3338	-1193.356	345.0224	1.303854	2.823064
59034	-830.0782	-1174.585	344.5066	1.092147	3.258552
59040	-825.0548	-1168.893	343.8384	1.236449	3.565508
59046	-822.3677	-1165.914	343.5467	1.075311	3.827393
59052	-836.323	-1178.628	342.3054	1.097979	4.519829
59058	-834.0818	-1176.472	342.3902	1.013175	4.519829
59064	-841.8435	-1185.382	343.5384	0.9147008	3.924374
59070	-858.7086	-1205.159	346.4503	1.72443	1.621682
59076	-856.2335	-1201.818	345.5845	1.480068	2.365525
59082	-852.6749	-1198.155	345.4805	1.443764	2.45405
59088	-868.6147	-1213.202	344.587	1.518133	2.956795
59094	-863.3842	-1209.878	346.4942	1.321616	1.873227
59100	-851.2556	-1196.995	345.7391	1.490343	2.260316
59106	-850.8588	-1194.068	343.2093	1.490343	3.782675
59112	-850.0774	-1195.385	345.3079	1.481561	2.538299
59118	-838.8699	-1184.062	345.1917	1.5434	2.572138
59124	-837.5614	-1182.199	344.6381	1.285201	3.065835
59130	-848.3668	-1193.106	344.7394	1.215389	3.046958
59136	-845.5715	-1190.33	344.7582	1.127201	3.08841
59142	-832.9432	-1177.482	344.5391	1.34635	3.08841
59148	-834.8103	-1179.664	344.854	1.17272	3.003891
59154	-842.8489	-1189.119	346.2699	1.33644	2.014265
59160	-828.1352	-1173.79	345.655	1.461348	2.332617
59166	-824.9017	-1170.56	345.6585	1.536908	2.282176
59172	-834.2223	-1179.972	345.7496	1.487568	2.255353
59178	-833.2056	-1178.51	345.3041	1.347082	2.624105
59184	-836.1744	-1181.182	345.0081	1.372038	2.790327
59190	-832.2754	-1177.95	345.6746	1.506791	2.291104
59196	-836.3547	-1181.711	345.3559	1.465217	2.51859
59202	-836.4913	-1182.193	345.7015	1.475894	2.293685
59208	-836.6457	-1182.099	345.4536	1.527739	2.418103
59214	-846.4178	-1191.306	344.8879	1.463462	2.807831
59220	-843.2519	-1187.038	343.7861	1.162304	3.638955
59226	-840.864	-1184.374	343.51	1.235887	3.756072
59232	-822.1659	-1167.579	345.4134	1.434781	2.501674
59238	-819.0062	-1165.494	346.4883	1.644381	1.65193
59244	-838.6746	-1185.524	346.8499	1.665266	1.365495
59250	-842.0946	-1188.386	346.2917	1.83936	1.653068
59256	-852.3389	-1199.255	346.9165	1.850221	1.156777
59262	-835.7837	-1182.378	346.5941	1.648768	1.572065
59268	-834.6478	-1180.679	346.0316	1.568097	2.018698
59274	-849.3319	-1195.844	346.5117	1.65695	1.626048
59280	-846.5042	-1193.087	346.5828	1.797522	1.469682
59286	-850.8316	-1197.872	347.0406	1.837802	1.054723
59292	-861.4831	-1206.038	344.5551	1.13923	3.202014
59298	-838.7134	-1182.808	344.0951	1.213511	3.429149
59304	-838.5106	-1183.124	344.6138	1.234311	3.110649
59310	-840.8967	-1185.701	344.8038	1.222258	3.004293
59316	-832.387	-1177.382	344.9953	1.465637	2.740975
59322	-839.8661	-1184.92	345.054	1.406996	2.740975
59328	-835.7844	-1180.764	344.9798	1.381223	2.801942
59334	-838.579	-1183.178	344.5991	1.299251	3.080691
59340	-827.6224	-1172.979	345.3565	1.335869	2.598629
59346	-824.4723	-1170.462	345.9896	1.335869	2.198439
59352	-830.4807	-1175.796	345.315	1.430322	2.565748
59358	-839.6166	-1184.831	345.2147	1.428774	2.628837
59364	-850.3718	-1195.295	344.9236	1.428774	2.807187
59370	-844.0055	-1190.485	346.4793	1.516571	1.748852
59376	-849.2647	-1195.365	346.1001	1.605178	1.9481
59382	-844.3105	-1190.433	346.1223	1.809367	1.793575
59388	-851.1018	-1197.367	346.2651	1.870455	1.649878
59394	-831.1207	-1177.767	346.6466	1.752031	1.455749
59400	-837.1148	-1183.737	346.6221	1.844527	1.403489
59406	-832.4358	-1178.842	346.4062	1.744327	1.639104
59412	-841.1285	-1186.856	345.7274	1.445312	2.296703
59418	-845.5436	-1189.605	344.0617	1.455304	3.3068
59424	-834.6744	-1178.97	344.2952	1.221754	3.3068
59430	-837.0416	-1180.244	343.2022	0.997582	4.069138
59436	-832.3435	-1174.736	342.3927	1.110197	4.463836
59442	-844.567	-1188.934	344.3666	1.095935	3.338878
59448	-843.84	-1188.852	345.0118	1.34284	2.805857
59454	-831.8454	-1177.736	345.8904	1.525965	2.139382
59460	-856.4756	-1202.11	345.6343	1.464767	2.343639
59466	-857.0382	-1202.897	345.8592	1.484277	2.186772
59472	-859.5754	-1205.646	346.0708	1.541583	2.010257
59478	-851.2162	-1197.073	345.857	1.450146	2.210293
59484	-841.637	-1187.598	345.9605	1.445624	2.146051
59490	-845.647	-1191.007	345.3599	1.217094	2.669786
59496	-833.7294	-1178.515	344.7855	1.299274	2.969018
59502	-841.5274	-1187.821	346.2938	1.336571	1.998276
59508	-841.1687	-1186.763	345.5944	1.421421	2.396365
59514	-841.0856	-1187.011	345.9254	1.422173	2.184097
59520	-836.1876	-1181.971	345.7833	1.564278	2.184097
59526	-833.6447	-1180.238	346.5933	1.564278	1.634058
59532	-824.2588	-1169.983	345.7239	1.55904	2.225916
59538	-833.1512	-1177.771	344.6197	1.443356	2.982107
59544	-832.3864	-1177.579	345.1929	1.648756	2.505798
59550	-824.8858	-1170.394	345.5085	1.333081	2.505798
59556	-829.4157	-1173.504	344.0881	1.068064	3.518191
59562	-838.6507	-1182.562	343.9115	1.144654	3.576403
59568	-847.2117	-1192.786	345.5739	1.43063	2.40349
59574	-841.9981	-1187.901	345.9033	1.720944	2.002355
59580	-845.2263	-1191.321	346.0945	1.525592	2.005106
59586	-846.9311	-1192.428	345.497	1.489944	2.414602
59592	-840.554	-1185.831	345.2772	1.198047	2.732228
59598	-850.2387	-1195.707	345.4687	1.397115	2.490684
59604	-845.2607	-1190.629	345.3683	1.268786	2.632761
59610	-845.8616	-1189.075	343.2139	1.160978	3.969155
59616	-843.5074	-1188.83	345.3229	1.560547	2.479658
59622	-849.3887	-1195.707	346.3178	1.608136	1.797536
59628	-835.9427	-1181.735	345.7924	1.490425	2.225974
59634	-839.8824	-1186.502	346.62	1.906388	1.356624
59640	-832.325	-1178.892	346.5668	1.959572	1.356624
59646	-835.5327	-1181.65	346.1176	1.73396	1.848767
59652	-829.4681	-1176.327	346.8593	1.962234	1.107706
59658	-822.9403	-1169.413	346.4731	1.825354	1.531059
59664	-833.8664	-1179.573	345.7068	1.676289	2.161048
59670	-842.4266	-1187.743	345.3164	1.414692	2.574604
59676	-837.4846	-1183.294	345.8094	1.531211	2.188615
59682	-838.2923	-1184.572	346.2794	1.64368	1.799523
59688	-838.5482	-1183.892	345.3434	1.424848	2.551501
59694	-841.734	-1187.153	345.4186	1.552012	2.424863
59700	-829.4325	-1174.968	345.5354	1.448409	2.416553
59706	-831.3678	-1177.678	346.3103	1.641627	1.779513
59712	-834.4231	-1180.945	346.5214	1.56008	1.688465
59718	-835.6827	-1179.885	344.2025	1.167739	3.393075
59724	-835.1063	-1179.364	344.2573	1.252288	3.311178
59730	-835.7025	-1180.492	344.7897	1.321182	2.953318
59736	-820.0416	-1164.557	344.5152	1.29352	3.134142
59742	-824.562	-1169.774	345.2117	1.444483	2.621011
59748	-827.0683	-1172.006	344.9372	1.500964	2.754889
59754	-831.2329	-1176.269	345.036	1.402173	2.754889
59760	-835.8051	-1179.895	344.0899	1.299081	3.382048
59766	-838.5166	-1183.481	344.9642	1.364112	2.821825
59772	-844.7405	-1188.66	343.9195	1.18447	3.54862
59778	-835.8181	-1178.788	342.9703	1.178876	4.097978
59784	-833.6756	-1177.115	343.4398	1.271961	3.775726
59790	-833.1086	-1177.026	343.9177	1.057349	3.623519
59796	-841.5754	-1185.6	344.0242	1.256941	3.445208
59802	-847.8349	-1192.052	344.2174	1.05065	3.45289
59808	-839.9474	-1184.439	344.4912	1.161605	3.226642
59814	-848.3026	-1193.194	344.8918	1.369998	2.862182
59820	-844.584	-1190.68	346.0959	1.566268	1.977025
59826	-833.9502	-1178.043	344.0925	1.14876	3.468519
59832	-834.7335	-1178.471	343.737	1.049871	3.732405
59838	-849.6795	-1194.145	344.465	1.174376	3.234543
59844	-839.5108	-1183.877	344.3658	1.146602	3.309529
59850	-830.4758	-1174.467	343.9914	1.098011	3.557046
59856	-832.5897	-1177.59	345	1.261527	2.862384
59862	-845.8906	-1190.661	344.7705	1.306903	2.973463
59868	-856.3943	-1201.228	344.834	1.459225	2.843143
59874	-848.6015	-1193.819	345.2176	1.362871	2.667646
59880	-848.0554	-1193.062	345.0066	1.453942	2.741239
59886	-855.7184	-1200.513	344.7942	1.495374	2.845382
59892	-849.186	-1193.165	343.9788	1.286354	3.454582
59898	-849.0559	-1193.094	344.0377	1.227464	3.454582
59904	-839.2036	-1181.476	342.2722	1.121533	4.525261
59910	-832.6817	-1178.731	346.0492	1.52636	2.034669
59916	-838.1644	-1184.401	346.2366	1.656826	1.820024
59922	-842.6551	-1189.369	346.7139	1.703571	1.441355
59928	-840.7612	-1187.11	346.3487	1.8029	1.638341
59934	-829.8213	-1175.672	345.8509	1.654145	2.081261
59940	-835.7373	-1181.572	345.8342	1.538739	2.167639
59946	-839.665	-1185.692	346.0269	1.591771	2.006039
59952	-825.6402	-1172.273	346.6325	2.091195	1.194195
59958	-828.6727	-1175.448	346.7753	2.001107	1.148236
59964	-843.8343	-1190.621	346.787	1.908955	1.217887
59970	-828.0061	-1174.824	346.8178	1.869437	1.225268
59976	-836.4232	-1183.241	346.8181	1.867579	1.226553
59982	-850.8473	-1197.206	346.3584	1.745669	1.672391
59988	-848.6448	-1195.22	346.5754	1.881831	1.410774
59994	-842.4547	-1188.919	346.4646	1.881831	1.495203
60000	-827.1814	-1173.4	346.2182	1.512337	1.931079
60006	-838.1127	-1184.389	346.2766	1.599	1.832276
60012	-841.5494	-1185.632	344.0825	1.291675	3.390742
60018	-833.1459	-1177.184	344.0379	1.103588	3.526763
60024	-850.3516	-1193.841	343.4889	1.041804	3.879866
60030	-834.0188	-1178.231	344.2122	1.136246	3.405808
60036	-840.5333	-1185.748	345.2146	1.301202	2.70741
60042	-833.5169	-1178.344	344.8271	1.262379	2.966191
60048	-837.4197	-1182.832	345.4124	1.259862	2.611042
60054	-838.9856	-1185.009	346.0229	1.448989	2.103027
60060	-835.6015	-1181.811	346.2094	1.553404	1.909274
60066	-842.3252	-1188.464	346.1389	1.653233	1.889374
60072	-830.5078	-1176.618	346.1101	1.545964	1.98107
60078	-851.6876	-1197.529	345.8413	1.814755	1.98107
60084	-835.6711	-1181.824	346.1532	1.716125	1.836581
60090	-837.4582	-1182.841	345.3832	1.559085	2.442713
60096	-824.3819	-1170.455	346.0732	1.831485	1.812223
60102	-820.6556	-1165.812	345.1566	1.348126	2.714209
60108	-832.3172	-1177.619	345.3019	1.473361	2.547183
60114	-835.2361	-1181.044	345.8077	1.614207	2.135769
60120	-827.2116	-1172.886	345.6746	1.399135	2.359707
60126	-827.0857	-1172.3	345.2142	1.528244	2.567587
60132	-828.3216	-1174.039	345.7178	1.395564	2.334534
60138	-824.9507	-1169.11	344.1593	1.458762	3.247175
60144	-827.1453	-1172.696	345.5505	1.342605	2.47361
60150	-823.071	-1168.937	345.8661	1.551742	2.138406
60156	-821.8624	-1167.41	345.5477	1.570378	2.331552
60162	-828.7977	-1172.68	343.8823	1.532706	3.366779
60168	-840.3876	-1185.376	344.9887	1.313724	2.837583
60174	-862.5839	-1207.642	345.0582	1.275623	2.818523
60180	-845.8272	-1190.865	345.0383	1.295472	2.818523
60186	-846.1578	-1191.713	345.5554	1.262199	2.520782
60192	-855.9031	-1200.306	344.4025	1.304455	3.194557
60198	-845.5814	-1191.083	345.5016	1.423356	2.453606
60204	-874.7137	-1218.34	343.6266	0.8855219	3.890498
60210	-850.6942	-1197.474	346.7798	1.532694	1.520595
60216	-845.7298	-1191.637	345.9077	1.862951	1.903967
60222	-827.2395	-1173.999	346.7592	1.621244	1.469594
60228	-833.9737	-1180.365	346.3912	1.489484	1.828759
60234	-829.1955	-1175.686	346.4905	1.939508	1.431758
60240	-846.8585	-1193.113	346.2545	1.491798	1.92046
60246	-849.4877	-1195.613	346.1257	1.537692	1.976182
60252	-837.3976	-1183.535	346.1374	1.497694	1.995138
60258	-852.4804	-1199.413	346.9324	1.654878	1.307883
60264	-847.0127	-1193.294	346.2816	1.529019	1.876762
60270	-838.5135	-1182.917	344.4033	1.339996	3.172972
60276	-834.4932	-1179.072	344.5783	1.339996	3.068819
60282	-833.2337	-1177	343.7659	1.01106	3.738131
60288	-826.4031	-1169.761	343.3576	0.9555376	4.004416
60294	-827.7729	-1171.533	343.7602	1.187396	3.639417
60300	-816.2476	-1159.038	342.7901	0.8907645	4.363485
60306	-826.3685	-1169.672	343.3037	0.9324713	4.048403
60312	-831.217	-1172.646	341.4293	0.7600948	5.196591
60318	-835.8062	-1178.167	342.3609	1.018368	4.533381
60324	-847.5223	-1190.649	343.1264	1.052533	4.081032
60330	-840.4205	-1184.704	344.283	1.272837	3.283913
60336	-829.519	-1173.538	344.0194	1.097107	3.541306
60342	-817.0626	-1162.504	345.4416	1.396825	2.507818
60348	-821.4577	-1167.038	345.5802	1.258225	2.507818
60354	-841.1824	-1187.995	346.813	1.710353	1.358983
60360	-839.5061	-1186.172	346.6659	1.82986	1.38075
60366	-829.9752	-1176.332	346.3566	1.702	1.704697
60372	-832.9746	-1179.163	346.1888	1.869802	1.704697
60378	-826.5151	-1172.975	346.4597	1.637868	1.677056
60384	-823.1892	-1169.323	346.1333	1.475352	2.012707
60390	-835.8648	-1181.527	345.6625	1.490111	2.309529
60396	-829.531	-1174.602	345.0706	1.542288	2.647678
60402	-829.6705	-1175.255	345.5842	1.481855	2.364602
60408	-823.4998	-1168.359	344.8587	1.438505	2.840742
60414	-825.5664	-1170.493	344.9264	1.369733	2.84139
60420	-822.6598	-1168.132	345.4726	1.438706	2.462176
60426	-832.4462	-1176.598	344.1518	1.257456	3.370137
60432	-831.9304	-1177.093	345.1625	1.43106	2.659641
60438	-839.2842	-1185.265	345.9806	1.373863	2.179662
60444	-841.2762	-1185.216	343.9399	1.224088	3.513607
60450	-831.2488	-1176.385	345.1357	1.251242	2.786175
60456	-841.7745	-1185.292	343.5171	1.183194	3.782352
60462	-843.0823	-1188.194	345.1113	1.083153	2.902933
60468	-834.2146	-1180.228	346.0139	1.503447	2.073187
60474	-830.7872	-1175.511	344.724	1.324232	2.991012
60480	-829.1509	-1173.941	344.7904	1.403433	2.903299
60486	-832.2661	-1177.868	345.6016	1.613911	2.269286
60492	-834.6259	-1180.048	345.4225	1.680821	2.340924
60498	-836.1351	-1182.781	346.6462	1.759304	1.450511
60504	-839.1968	-1185.816	346.6192	1.602834	1.587301
60510	-831.9567	-1178.472	346.5156	1.834366	1.492565
60516	-830.7982	-1176.893	346.0952	1.701501	1.886242
60522	-830.4559	-1176.659	346.2034	1.67489	1.830443
60528	-816.6976	-1162.794	346.0964	1.503761	2.018385
60534	-827.4848	-1171.844	344.3588	1.495049	3.107276
60540	-819.0504	-1163.477	344.4268	1.274383	3.197941
60546	-827.2527	-1172.639	345.386	1.262066	2.625982
60552	-825.2425	-1170.47	345.2279	1.420183	2.625982
60558	-820.9934	-1165.979	344.9857	1.322495	2.834071
60564	-835.2707	-1181.525	346.2547	1.526567	1.896745
60570	-830.3182	-1176.781	346.4631	1.556775	1.732028
60576	-830.6297	-1176.591	345.9617	1.556775	2.072421
60582	-836.3166	-1181.505	345.1883	1.234744	2.764129
60588	-827.8898	-1173.048	345.1581	1.234744	2.782545
60594	-826.7277	-1172.085	345.3577	1.32075	2.607239
60600	-833.6508	-1179.565	345.9145	1.301858	2.268757
60606	-828.0524	-1173.941	345.8885	1.39056	2.228416
60612	-835.8915	-1180.912	345.0209	1.409849	2.759415
60618	-832.9616	-1178.281	345.3194	1.322192	2.630013
60624	-830.8917	-1176.236	345.3442	1.191512	2.695165
60630	-825.0877	-1167.671	342.5833	0.9979924	4.419674
60636	-839.9504	-1184.858	344.908	0.9393416	3.111124
60642	-832.7017	-1177.144	344.442	1.256247	3.199738
60648	-830.5146	-1176.563	346.0486	1.562401	2.011167
60654	-842.0379	-1188.359	346.3206	1.901989	1.586897
60660	-826.0931	-1172.871	346.7778	1.683916	1.407304
60666	-839.3573	-1186.101	346.7439	1.683916	1.433443
60672	-827.7904	-1174.267	346.4769	1.554204	1.724131
60678	-821.9736	-1168.286	346.312	1.554204	1.838758
60684	-835.8796	-1182.106	346.226	1.852408	1.690634
60690	-840.1034	-1187.137	347.0341	1.835383	1.063225
60696	-821.1472	-1167.74	346.5925	1.512384	1.671821
60702	-826.9431	-1172.904	345.9613	1.476935	2.125077
60708	-831.6863	-1177.544	345.8578	1.630837	2.092084
60714	-831.2682	-1176.937	345.6686	1.510304	2.292727
60720	-835.8792	-1181.436	345.5572	1.446973	2.403751
60726	-837.224	-1183.325	346.1009	1.500309	2.017694
60732	-840.3636	-1186.581	346.2169	1.668541	1.825501
60738	-839.8588	-1186.215	346.3565	1.676243	1.722977
60744	-837.3424	-1182.999	345.6566	1.786257	2.122046
60750	-837.855	-1183.398	345.5433	1.481595	2.390654
60756	-823.2458	-1168.425	345.1788	1.38592	2.677366
60762	-830.6516	-1175.014	344.362	1.217284	3.27006
60768	-824.6922	-1169.084	344.3919	1.187354	3.27006
60774	-848.8686	-1194.038	345.1697	1.279965	2.747917
60780	-832.4387	-1177.594	345.1555	1.214985	2.796204
60786	-835.0727	-1180.413	345.3399	1.305851	2.627416
60792	-843.7345	-1189.558	345.8236	1.468112	2.220239
60798	-851.4974	-1197.411	345.9138	1.632487	2.054084
60804	-833.6961	-1180.276	346.5796	1.790911	1.477085
60810	-822.5834	-1169.01	346.4269	1.784191	1.595273
60816	-821.4016	-1167.342	345.9409	1.452821	2.154126
60822	-832.581	-1178.281	345.7001	1.349071	2.375303
60828	-829.3403	-1174.967	345.6265	1.422626	2.375303
60834	-828.6042	-1173.466	344.8617	1.262776	2.945166
60840	-823.9125	-1168.36	344.4475	1.21058	3.223521
60846	-822.3673	-1167.801	345.4341	1.263486	2.595395
60852	-838.2659	-1183.472	345.2057	1.217256	2.764204
60858	-833.5945	-1178.48	344.8852	1.30403	2.906066
60864	-832.5643	-1178.304	345.7401	1.653634	2.154139
60870	-846.5889	-1191.792	345.2029	1.435208	2.632169
60876	-845.6757	-1190.295	344.6191	1.306698	3.064312
60882	-842.2484	-1187.614	345.3653	1.283204	2.625724
60888	-852.6259	-1198.123	345.4972	1.363204	2.494032
60894	-841.698	-1187.195	345.4972	1.363204	2.494032
60900	-846.1929	-1192.035	345.8419	1.671017	2.076096
60906	-836.5651	-1182.731	346.1654	1.65484	1.870218
60912	-833.6146	-1179.607	345.992	1.717364	1.945335
60918	-833.9128	-1179.965	346.0518	1.657612	1.945335
60924	-823.427	-1168.666	345.2393	1.441265	2.605903
60930	-851.3505	-1197.859	346.5087	1.48527	1.750192
60936	-846.7702	-1192.76	345.9894	1.7082	1.95325
60942	-848.504	-1194.617	346.1127	1.88455	1.747884
60948	-845.6087	-1192.05	346.4415	2.004708	1.419283
60954	-862.5549	-1208.765	346.2101	1.721577	1.793594
60960	-842.5587	-1189.108	346.5489	1.722756	1.550909
60966	-845.3191	-1191.206	345.8864	1.609787	2.087087
60972	-835.4032	-1181.495	346.0914	1.621623	1.942865
60978	-846.9762	-1193.209	346.2332	1.708827	1.786355
60984	-857.6503	-1203.358	345.7073	1.442716	2.311192
60990	-850.5444	-1196.048	345.5038	1.506845	2.399672
60996	-843.08	-1188.04	344.9602	1.265255	2.884206
61002	-837.4825	-1182.31	344.8279	1.277096	2.956849
61008	-838.8095	-1183.429	344.6191	1.312569	3.060829
61014	-839.6306	-1184.543	344.912	1.214018	2.94423
61020	-849.5607	-1195.111	345.5505	1.404373	2.434786
61026	-843.3892	-1189.493	346.1036	1.522376	2.0012
61032	-838.0696	-1183.402	345.332	1.564379	2.471508
61038	-838.3946	-1184.604	346.209	1.715542	1.798535
61044	-834.5651	-1180.846	346.2814	1.553049	1.860489
61050	-839.5171	-1185.918	346.4005	1.693368	1.6797
61056	-847.9454	-1193.231	345.2852	1.402103	2.601739
61062	-858.1828	-1202.771	344.5885	1.190901	3.151542
61068	-842.4522	-1186.522	344.0693	1.271633	3.410208
61074	-844.2654	-1188.482	344.2168	1.171343	3.382522
61080	-841.4714	-1186.855	345.3834	1.439326	2.517613
61086	-842.8469	-1188.547	345.7	1.333872	2.384939
61092	-838.9693	-1184.868	345.8986	1.362173	2.240218
61098	-842.126	-1187.268	345.1423	1.274858	2.767712
61104	-833.3124	-1178.722	345.4092	1.308777	2.582723
61110	-847.4112	-1193.111	345.6994	1.366099	2.364924
61116	-841.7721	-1187.308	345.5359	1.529564	2.364924
61122	-831.1851	-1177.057	345.8715	1.517178	2.157427
61128	-833.7772	-1179.752	345.9743	1.542676	2.073391
61134	-840.626	-1186.432	345.8062	1.640462	2.119607
61140	-825.5032	-1171.279	345.7761	1.749883	2.067507
61146	-833.4966	-1180.089	346.5927	1.79668	1.462759
61152	-825.0652	-1171.427	346.3615	1.67021	1.723657
61158	-830.1512	-1175.57	345.4191	1.448332	2.489668
61164	-831.7851	-1177.159	345.3744	1.493059	2.489668
61170	-819.6988	-1165.318	345.6193	1.484129	2.340843
61176	-832.2202	-1178.545	346.3252	1.658734	1.757229
61182	-853.9019	-1199.189	345.287	1.436238	2.57948
61188	-838.2256	-1183.513	345.287	1.436238	2.57948
61194	-843.1236	-1188.411	345.287	1.436238	2.57948
61200	-835.1266	-1180.414	345.287	1.436238	2.57948
61206	-835.4458	-1180.733	345.287	1.436238	2.57948
61212	-858.8145	-1204.232	345.4173	1.507579	2.453651
61218	-845.6164	-1190.982	345.3653	1.492212	2.495892
61224	-840.7725	-1186.059	345.287	1.436238	2.57948
61230	-836.1487	-1181.436	345.287	1.436238	2.57948
61236	-829.6612	-1174.948	345.287	1.436238	2.57948
61242	-827.8705	-1173.157	345.287	1.436238	2.57948
61248	-823.0378	-1168.325	345.287	1.436238	2.57948
61254	-832.567	-1177.854	345.287	1.436238	2.57948
61260	-840.6005	-1184.025	343.4246	1.33854	3.746086
61266	-846.9392	-1192.033	345.0938	1.466661	2.679996
61272	-825.6602	-1170.947	345.287	1.436238	2.57948
61278	-832.0127	-1177.3	345.287	1.436238	2.57948
61284	-821.5683	-1166.855	345.287	1.436238	2.57948
61290	-829.2618	-1174.549	345.287	1.436238	2.57948
61296	-831.3758	-1176.663	345.287	1.436238	2.57948
61302	-822.9876	-1168.275	345.287	1.436238	2.57948
61308	-820.2786	-1165.566	345.287	1.436238	2.57948
61314	-821.1504	-1166.437	345.287	1.436238	2.57948
61320	-825.1839	-1170.471	345.287	1.436238	2.57948
61326	-821.3846	-1166.672	345.287	1.436238	2.57948
61332	-822.7947	-1168.082	345.287	1.436238	2.57948
61338	-829.8882	-1175.175	345.287	1.436238	2.57948
61344	-855.1686	-1200.232	345.0629	1.359615	2.764478
61350	-852.2696	-1196.467	344.1971	1.074012	3.451103
61356	-856.7255	-1200.939	344.2133	1.324922	3.294292
61362	-847.2633	-1191.487	344.2235	1.314688	3.294292
61368	-835.7764	-1180.908	345.1321	1.284367	2.768182
61374	-820.7587	-1166.046	345.287	1.436238	2.57948
61380	-822.3552	-1167.642	345.287	1.436238	2.57948
61386	-822.2133	-1167.5	345.287	1.436238	2.57948
61392	-829.5127	-1174.8	345.287	1.436238	2.57948
61398	-837.849	-1183.136	345.287	1.436238	2.57948
61404	-839.0938	-1184.381	345.287	1.436238	2.57948
61410	-836.7804	-1182.067	345.287	1.436238	2.57948
61416	-829.5621	-1174.849	345.287	1.436238	2.57948
61422	-827.1176	-1172.405	345.287	1.436238	2.57948
61428	-818.1236	-1163.411	345.287	1.436238	2.57948
61434	-825.8686	-1171.156	345.287	1.436238	2.57948
61440	-855.4763	-1201.076	345.6	1.301855	2.468117
61446	-851.8764	-1197.486	345.6092	1.555897	2.301549
61452	-835.1995	-1180.486	345.287	1.436238	2.57948
61458	-835.0117	-1180.299	345.287	1.436238	2.57948
61464	-830.3296	-1175.617	345.287	1.436238	2.57948
61470	-831.4694	-1176.756	345.287	1.436238	2.57948
61476	-834.7865	-1180.074	345.287	1.436238	2.57948
61482	-837.5201	-1182.837	345.3165	1.534474	2.499938
61488	-838.0117	-1182.211	344.1989	1.338202	3.294969
61494	-840.1126	-1184.441	344.3282	1.471104	3.139711
61500	-828.8749	-1173.4	344.5248	1.307572	3.12007
61506	-830.4412	-1174.476	344.0349	1.317709	3.403405
61512	-821.6486	-1166.563	344.9142	1.438094	2.807288
61518	-827.7209	-1171.61	343.8891	1.217612	3.54701
61524	-814.9533	-1159.792	344.8388	1.412104	2.868814
61530	-827.4286	-1172.445	345.0162	1.531394	2.687862
61536	-820.732	-1166.082	345.3498	1.181877	2.697666
61542	-826.487	-1169.76	343.2725	1.262374	3.877429
61548	-830.1735	-1173.854	343.6803	1.124884	3.721791
61554	-834.8183	-1180.684	345.8658	1.363379	2.260503
61560	-829.6514	-1174.938	345.287	1.436238	2.57948
61566	-838.4659	-1183.753	345.287	1.436238	2.57948
61572	-823.1403	-1168.427	345.287	1.436238	2.57948
61578	-827.4213	-1172.708	345.287	1.436238	2.57948
61584	-818.3849	-1163.672	345.287	1.436238	2.57948
61590	-817.5889	-1162.876	345.287	1.436238	2.57948
61596	-813.8246	-1159.112	345.287	1.436238	2.57948
61602	-821.6774	-1166.964	345.287	1.436238	2.57948
61608	-817.9903	-1163.277	345.287	1.436238	2.57948
61614	-817.2282	-1162.515	345.287	1.436238	2.57948
61620	-821.8719	-1167.159	345.287	1.436238	2.57948
61626	-822.3148	-1167.602	345.287	1.436238	2.57948
61632	-817.5281	-1162.815	345.287	1.436238	2.57948
61638	-829.0844	-1174.371	345.287	1.436238	2.57948
61644	-826.6333	-1171.92	345.287	1.436238	2.57948
61650	-819.1578	-1164.445	345.287	1.436238	2.57948
61656	-823.5847	-1168.872	345.287	1.436238	2.57948
61662	-821.0218	-1166.309	345.287	1.436238	2.57948
61668	-820.7568	-1166.044	345.287	1.436238	2.57948
61674	-817.9804	-1163.267	345.287	1.436238	2.57948
61680	-817.3926	-1162.68	345.287	1.436238	2.57948
61686	-821.3634	-1166.65	345.287	1.436238	2.57948
61692	-823.4374	-1168.724	345.287	1.436238	2.57948
61698	-826.7723	-1172.059	345.287	1.436238	2.57948
61704	-823.82	-1169.107	345.287	1.436238	2.57948
61710	-825.4765	-1170.764	345.287	1.436238	2.57948
61716	-824.083	-1169.37	345.287	1.436238	2.57948
61722	-829.2529	-1174.54	345.287	1.436238	2.57948
61728	-824.549	-1169.836	345.287	1.436238	2.57948
61734	-823.9407	-1169.228	345.287	1.436238	2.57948
61740	-816.0685	-1161.355	345.287	1.436238	2.57948
61746	-820.3281	-1165.615	345.287	1.436238	2.57948
61752	-842.7591	-1189.107	346.348	1.494025	1.855336
61758	-841.4772	-1188.243	346.766	1.869115	1.268763
61764	-847.2063	-1192.493	345.287	1.436238	2.57948
61770	-841.7436	-1188.36	346.616	1.925617	1.34448
61776	-834.8655	-1181.047	346.1818	1.679147	1.842379
61782	-840.335	-1185.783	345.4476	1.46292	2.462653
61788	-851.1353	-1196.849	345.7136	1.923104	1.994052
61794	-842.8571	-1189.425	346.5683	1.990705	1.330663
61800	-838.2996	-1183.587	345.287	1.436238	2.57948
61806	-835.1183	-1180.405	345.287	1.436238	2.57948
61812	-840.522	-1185.809	345.287	1.436238	2.57948
61818	-838.7823	-1184.069	345.287	1.436238	2.57948
61824	-849.6484	-1194.935	345.287	1.436238	2.57948
61830	-836.179	-1181.466	345.287	1.436238	2.57948
61836	-837.4348	-1182.722	345.287	1.436238	2.57948
61842	-835.7483	-1181.035	345.287	1.436238	2.57948
61848	-829.8469	-1175.134	345.287	1.436238	2.57948
61854	-824.0849	-1169.372	345.287	1.436238	2.57948
61860	-821.747	-1167.034	345.287	1.436238	2.57948
61866	-826.5049	-1171.792	345.287	1.436238	2.57948
61872	-822.287	-1167.574	345.287	1.436238	2.57948
61878	-822.2384	-1167.525	345.287	1.436238	2.57948
61884	-821.0782	-1166.365	345.287	1.436238	2.57948
61890	-823.9758	-1169.263	345.287	1.436238	2.57948
61896	-823.8061	-1169.093	345.287	1.436238	2.57948
61902	-827.2086	-1172.496	345.287	1.436238	2.57948
61908	-829.0669	-1174.354	345.287	1.436238	2.57948
61914	-825.9151	-1171.202	345.287	1.436238	2.57948
61920	-824.2502	-1169.537	345.287	1.436238	2.57948
61926	-830.7202	-1176.007	345.287	1.436238	2.57948
61932	-834.9909	-1180.278	345.287	1.436238	2.57948
61938	-831.9803	-1177.267	345.287	1.436238	2.57948
61944	-828.667	-1173.954	345.287	1.436238	2.57948
61950	-827.1113	-1172.398	345.287	1.436238	2.57948
61956	-825.9538	-1171.241	345.287	1.436238	2.57948
61962	-826.3644	-1171.651	345.287	1.436238	2.57948
61968	-821.6358	-1166.923	345.287	1.436238	2.57948
61974	-834.3984	-1179.685	345.287	1.436238	2.57948
61980	-835.3579	-1180.645	345.287	1.436238	2.57948
61986	-839.0883	-1184.375	345.287	1.436238	2.57948
61992	-839.9746	-1185.262	345.287	1.436238	2.57948
61998	-835.0644	-1180.351	345.287	1.436238	2.57948
62004	-844.5826	-1189.87	345.287	1.436238	2.57948
62010	-832.3958	-1177.683	345.287	1.436238	2.57948
62016	-843.7805	-1189.068	345.287	1.436238	2.57948
62022	-854.3714	-1200.096	345.7246	1.654804	2.163461
62028	-854.3853	-1200.284	345.8989	1.738348	1.99367
62034	-845.4264	-1191.103	345.6766	1.526278	2.277369
62040	-828.9599	-1174.247	345.287	1.436238	2.57948
62046	-825.0187	-1170.306	345.287	1.436238	2.57948
62052	-831.5614	-1176.848	345.287	1.436238	2.57948
62058	-837.8028	-1183.09	345.287	1.436238	2.57948
62064	-832.9392	-1178.226	345.287	1.436238	2.57948
62070	-822.9467	-1168.234	345.287	1.436238	2.57948
62076	-827.3021	-1172.589	345.287	1.436238	2.57948
62082	-846.047	-1191.011	344.9644	1.297766	2.861972
62088	-846.5167	-1189.981	343.464	1.17614	3.816953
62094	-840.2535	-1184.126	343.8721	1.190688	3.572569
62100	-837.0211	-1181.059	344.0382	1.190688	3.475738
62106	-847.3998	-1191.403	344.0031	1.225878	3.475738
62112	-842.7987	-1188.486	345.6868	1.495028	2.290825
62118	-839.7891	-1185.509	345.7195	1.265247	2.416002
62124	-854.855	-1200.188	345.3328	1.465413	2.532875
62130	-848.8331	-1194.748	345.9151	1.611032	2.067409
62136	-854.1419	-1200.741	346.5994	1.611032	1.595788
62142	-854.8982	-1201.102	346.2042	1.372065	2.034256
62148	-848.0722	-1194.015	345.9427	1.647379	2.025079
62154	-858.6238	-1203.152	344.5284	1.616549	2.932811
62160	-837.4446	-1183.793	346.3488	1.687111	1.720703
62166	-838.4133	-1184.618	346.205	1.784355	1.75339
62172	-837.6415	-1182.417	344.7756	1.394342	2.917716
62178	-831.8274	-1177.121	345.2931	1.281102	2.671532
62184	-828.4162	-1172.646	344.2302	1.241188	3.33363
62190	-836.253	-1181.278	345.0246	1.229977	2.866568
62196	-844.8424	-1189.315	344.4724	1.267994	3.174745
62202	-837.8672	-1183.025	345.1581	1.136087	2.842552
62208	-838.9958	-1183.298	344.3017	1.24229	3.290887
62214	-841.9352	-1187.415	345.4798	1.27719	2.558546
62220	-834.156	-1179.653	345.4969	1.215833	2.586002
62226	-843.0385	-1187.985	344.9461	1.158251	2.95728
62232	-854.3529	-1199.813	345.4601	1.23582	2.596396
62238	-848.5069	-1192.522	344.0153	1.0124	3.592954
62244	-841.3881	-1185.448	344.0603	0.967423	3.592954
62250	-856.9493	-1199.682	342.7329	1.067237	4.296085
62256	-850.6196	-1193.263	342.6431	1.05731	4.352471
62262	-850.7669	-1195.459	344.6917	1.256193	3.051132
62268	-847.329	-1191.324	343.9951	1.213131	3.487854
62274	-845.9196	-1189.289	343.3691	1.300094	3.800237
62280	-841.8073	-1185.566	343.7588	0.9864832	3.756406
62286	-834.8627	-1178.505	343.6424	1.102838	3.756406
62292	-839.7707	-1182.937	343.1667	1.121598	4.018616
62298	-848.9211	-1193.585	344.6637	1.349471	3.012009
62304	-844.01	-1188.686	344.6761	1.337112	3.012009
62310	-843.7944	-1187.832	344.0381	1.353934	3.380286
62316	-848.4088	-1192.435	344.026	1.236522	3.456098
62322	-834.0401	-1179.7	345.6598	1.257764	2.458242
62328	-839.5529	-1185.927	346.3737	1.593808	1.768641
62334	-834.9413	-1180.368	345.4263	1.247808	2.609935
62340	-839.9023	-1184.509	344.6063	1.340187	3.051936
62346	-843.3951	-1189.769	346.3741	1.59623	1.766713
62352	-847.4426	-1193.87	346.427	1.543332	1.766713
62358	-865.914	-1211.998	346.0837	1.950208	1.722099
62364	-847.6032	-1194.053	346.4495	1.375469	1.867005
62370	-845.8183	-1191.494	345.6753	1.346352	2.392716
62376	-841.2901	-1186.86	345.5695	1.452132	2.392716
62382	-842.8654	-1186.987	344.1214	1.317832	3.352576
62388	-858.0535	-1203.165	345.111	1.343365	2.745004
62394	-862.1963	-1208.481	346.2843	1.759644	1.715079
62400	-845.6595	-1191.965	346.3054	1.742344	1.712405
62406	-851.5115	-1197.718	346.2063	1.841437	1.712405
62412	-853.3453	-1196.988	343.6426	1.178114	3.712849
62418	-850.5776	-1194.416	343.8388	1.365723	3.490015
62424	-848.8585	-1193.656	344.7976	1.391114	2.906412
62430	-855.3543	-1200.688	345.3341	1.494358	2.514019
62436	-845.4158	-1191.231	345.8147	1.560858	2.165966
62442	-839.046	-1185.246	346.2001	1.665343	1.839292
62448	-842.2019	-1188.777	346.5747	1.635298	1.59611
62454	-860.8386	-1206.546	345.7069	1.415076	2.329025
62460	-851.4652	-1196.751	345.286	1.494763	2.54376
62466	-846.6085	-1192.228	345.6191	1.391375	2.399746
62472	-846.0317	-1190.505	344.4732	1.334495	3.134711
62478	-847.1855	-1191.042	343.8567	1.195094	3.578966
62484	-858.3704	-1203.431	345.0605	1.247459	2.83422
62490	-854.4627	-1197.529	343.0664	1.213523	4.023434
62496	-841.6466	-1185.487	343.8402	1.218535	3.57488
62502	-848.2322	-1192.1	343.8678	1.289574	3.517491
62508	-859.3832	-1203.193	343.8095	1.093194	3.665407
62514	-853.5073	-1199.717	346.21	1.565995	1.900334
62520	-854.7757	-1199.967	345.1911	1.386975	2.669152
62526	-846.8724	-1191.413	344.5409	1.371341	3.072396
62532	-854.1227	-1198.446	344.3235	1.298962	3.244566
62538	-846.2364	-1190.568	344.332	1.504455	3.117621
62544	-828.2549	-1171.258	343.0035	1.357312	3.977213
62550	-830.8206	-1174.091	343.2705	1.382865	3.809329
62556	-830.5167	-1175.26	344.7431	1.252467	3.022583
62562	-829.1324	-1172.985	343.8524	1.247703	3.550854
62568	-824.5129	-1169.636	345.1232	1.326836	2.747643
62574	-830.6179	-1175.898	345.2805	1.19195	2.733949
62580	-825.1648	-1170.045	344.8804	1.315991	2.901793
62586	-830.5186	-1175.028	344.5094	1.255447	3.16017
62592	-829.0979	-1173.153	344.0552	1.186659	3.468193
62598	-831.7068	-1176.416	344.7096	1.273604	3.030006
62604	-833.019	-1178.603	345.5843	1.360156	2.441366
62610	-850.2243	-1194.984	344.7597	1.513202	2.855494
62616	-831.2128	-1175.108	343.8951	1.089418	3.618018
62622	-840.0545	-1185.036	344.9816	1.346544	2.821945
62628	-848.2118	-1194.302	346.0903	1.474279	2.041973
62634	-844.2292	-1188.945	344.7158	1.433152	2.930398
62640	-831.4643	-1176.321	344.8566	1.027941	3.088953
62646	-839.62	-1183.533	343.9129	0.975268	3.67383
62652	-826.0752	-1171.094	345.0188	0.9461646	3.040873
62658	-838.8208	-1183.507	344.6861	1.154949	3.114874
62664	-856.228	-1201.003	344.7751	1.375032	2.929706
62670	-849.6965	-1196.011	346.3144	1.437696	1.916536
62676	-830.5846	-1176.431	345.8469	1.556755	2.147673
62682	-846.5219	-1193.423	346.9014	1.918083	1.109524
62688	-834.782	-1181.57	346.7881	1.752974	1.344964
62694	-839.4383	-1185.854	346.4157	1.742358	1.633676
62700	-837.0892	-1183.417	346.3282	1.803606	1.652576
62706	-824.0576	-1170.71	346.6523	1.70956	1.48359
62712	-841.9507	-1188.637	346.6865	1.969807	1.251186
62718	-859.6298	-1206.022	346.3924	1.715346	1.669747
62724	-847.7875	-1193.961	346.1739	1.809279	1.757742
62730	-852.1488	-1198.394	346.2447	1.504771	1.918281
62736	-848.1332	-1194.586	346.4525	1.49059	1.785647
62742	-842.2734	-1187.974	345.7003	1.22702	2.452132
62748	-839.2123	-1184.912	345.7001	1.546411	2.249376
62754	-825.319	-1171.868	346.5495	1.886551	1.427129
62760	-854.001	-1198.891	344.8904	1.545032	2.756581
62766	-840.8658	-1186.857	345.9916	1.418739	2.143315
62772	-835.1842	-1180.87	345.6853	1.72503	2.143315
62778	-844.261	-1189.185	344.924	1.161843	2.968401
62784	-827.0492	-1171.407	344.3581	1.255929	3.249565
62790	-845.8751	-1190.547	344.6723	1.336385	3.014698
62796	-840.7869	-1186.713	345.9265	1.479734	2.145973
62802	-848.545	-1194.897	346.3525	1.833253	1.613717
62808	-848.5654	-1194.501	345.9354	1.802275	1.926268
62814	-835.9068	-1182.017	346.1106	1.615074	1.934384
62820	-827.5802	-1173.443	345.8631	1.650286	2.075808
62826	-827.2679	-1173.258	345.9897	1.5261	2.074211
62832	-862.1676	-1206.309	344.141	1.25322	3.379005
62838	-859.6292	-1202.572	342.9433	1.414622	3.978857
62844	-842.6719	-1188.476	345.8038	1.463036	2.236305
62850	-839.7852	-1185.881	346.0956	1.533155	1.999302
62856	-848.0585	-1193.216	345.1575	1.429005	2.663954
62862	-844.554	-1189.524	344.9701	1.381993	2.807364
62868	-831.9285	-1177.167	345.2389	1.429841	2.613203
62874	-847.8636	-1193.913	346.0494	1.700448	1.918007
62880	-855.9026	-1200.56	344.657	1.243582	3.079392
62886	-855.6033	-1199.599	343.996	1.179738	3.506792
62892	-848.6495	-1195.603	346.9535	1.928643	1.051238
62898	-835.9513	-1182.25	346.2984	1.608231	1.810891
62904	-832.6788	-1178.769	346.0907	1.651206	1.923431
62910	-842.3393	-1188.666	346.3269	1.886893	1.593325
62916	-839.9844	-1186.202	346.2177	1.905448	1.658757
62922	-847.2211	-1193.692	346.4706	1.76994	1.573798
62928	-857.8574	-1204.437	346.5796	2.033136	1.287183
62934	-852.5204	-1198.793	346.2727	1.559171	1.862285
62940	-858.7158	-1204.76	346.0441	1.787721	1.862285
62946	-839.1014	-1184.866	345.7648	1.557508	2.200512
62952	-833.0846	-1177.804	344.7192	1.228157	3.051426
62958	-842.6326	-1186.834	344.201	1.333506	3.29646
62964	-844.5618	-1190.111	345.5491	1.4473	2.408642
62970	-833.3991	-1178.852	345.4529	1.587286	2.380983
62976	-835.5685	-1180.555	344.9862	1.46612	2.746258
62982	-838.5134	-1183.635	345.1219	1.392013	2.708583
62988	-834.1987	-1178.247	344.0479	1.198478	3.465566
62994	-840.1668	-1183.955	343.7886	1.255266	3.583548
63000	-833.529	-1177.07	343.5415	1.12269	3.803136
63006	-827.1894	-1170.717	343.5279	1.13631	3.803136
63012	-824.3944	-1168.458	344.0641	1.207223	3.450967
63018	-834.7645	-1179.859	345.0941	1.477959	2.672824
63024	-826.9368	-1172.917	345.9804	1.407992	2.157631
63030	-824.9758	-1170.558	345.5825	1.666049	2.248062
63036	-843.8117	-1188.801	344.9897	1.332679	2.82547
63042	-844.9473	-1190.266	345.3185	1.220163	2.693371
63048	-842.0984	-1186.259	344.1605	1.296208	3.342294
63054	-853.2107	-1198.345	345.1344	1.39716	2.697721
63060	-832.0581	-1178.785	346.7265	1.837025	1.326963
63066	-843.4066	-1190.033	346.6259	1.937674	1.326963
63072	-832.4663	-1179.102	346.6358	1.86396	1.3776
63078	-841.7305	-1188.399	346.6686	1.773548	1.422436
63084	-838.6108	-1184.605	345.9947	1.638294	1.996537
63090	-838.9538	-1185.459	346.5048	1.773719	1.545805
63096	-830.4159	-1176.921	346.5048	1.773719	1.545805
63102	-835.3374	-1182.137	346.7995	1.647051	1.418984
63108	-829.9902	-1176.918	346.9278	1.735617	1.245291
63114	-834.6792	-1181.579	346.8996	1.761639	1.247083
63120	-857.7644	-1199.064	341.3001	0.891804	5.195246
63126	-863.3808	-1206.013	342.6322	0.9133236	4.439835
63132	-853.3029	-1196.051	342.7479	0.9882655	4.332264
63138	-848.8159	-1193.543	344.7267	1.044121	3.156636
63144	-863.7572	-1209.952	346.1949	1.621284	1.872986
63150	-852.2985	-1196.408	344.1096	1.389439	3.317383
63156	-848.2519	-1193.325	345.0734	1.493946	2.675773
63162	-857.214	-1204.022	346.8075	1.930486	1.181861
63168	-849.024	-1195.798	346.7742	1.969834	1.176623
63174	-847.6919	-1193.829	346.1368	1.765315	1.814009
63180	-850.5386	-1196.742	346.2039	1.530072	1.928759
63186	-858.6566	-1204.224	345.5674	1.768869	2.191459
63192	-835.634	-1182.054	346.4197	1.604589	1.728891
63198	-841.8749	-1188.132	346.2567	1.500095	1.913343
63204	-836.8444	-1183.23	346.386	1.571245	1.7758
63210	-853.3831	-1195.449	342.0656	1.023405	4.696203
63216	-838.6493	-1181.993	343.3435	1.123111	3.916619
63222	-855.6651	-1200.106	344.4413	1.115968	3.28307
63228	-866.9232	-1210.972	344.049	0.9821296	3.590962
63234	-856.804	-1203.653	346.8494	1.980739	1.099814
63240	-850.0259	-1196.719	346.6931	1.947052	1.264602
63246	-847.3837	-1193.62	346.2364	1.76985	1.741546
63252	-855.3123	-1201.65	346.3376	1.711279	1.711586
63258	-845.9424	-1192.171	346.2285	1.820401	1.711586
63264	-839.3487	-1185.638	346.289	1.582714	1.834976
63270	-845.3818	-1191.189	345.8067	1.726848	2.062471
63276	-840.1937	-1185.461	345.2668	1.199471	2.737723
63282	-847.5753	-1192.825	345.2495	1.42118	2.612054
63288	-852.5358	-1195.171	342.6349	1.168163	4.29444
63294	-847.2872	-1191.947	344.66	1.224821	3.088801
63300	-840.9915	-1185.584	344.5928	1.237619	3.121186
63306	-853.2987	-1199.106	345.8077	1.487136	2.218215
63312	-843.2764	-1188.376	345.1001	1.398601	2.71789
63318	-855.6987	-1201.485	345.7862	1.305201	2.348497
63324	-854.8194	-1199.055	344.2361	1.275767	3.309796
63330	-842.63	-1187.453	344.8231	1.482031	2.835893
63336	-841.8847	-1187.485	345.6	1.420379	2.393473
63342	-857.8243	-1203.736	345.9119	1.807787	1.938361
63348	-856.9722	-1203.337	346.3647	1.770446	1.650184
63354	-828.9085	-1175.387	346.479	1.768707	1.568551
63360	-847.9266	-1193.962	346.0352	1.706881	1.9233
63366	-838.606	-1184.682	346.0762	1.665847	1.9233
63372	-820.24	-1166.635	346.3952	1.636915	1.723392
63378	-835.2889	-1181.37	346.0806	1.637589	1.939418
63384	-843.7991	-1189.07	345.2713	1.328819	2.655604
63390	-839.7501	-1185.545	345.7949	1.529431	2.199184
63396	-835.7074	-1180.332	344.6245	1.387474	3.012741
63402	-848.6391	-1194.727	346.0875	1.777851	1.839329
63408	-847.8682	-1194.052	346.1842	1.567231	1.916935
63414	-842.2806	-1188.877	346.5963	1.861531	1.410318
63420	-839.3275	-1184.547	345.2194	1.616977	2.509089
63426	-843.6513	-1189.184	345.5331	1.65034	2.289808
63432	-835.7826	-1182.169	346.3859	1.589185	1.763352
63438	-828.3415	-1174.679	346.3373	1.649398	1.755254
63444	-837.2539	-1183.376	346.1226	1.736895	1.843336
63450	-825.4899	-1171.32	345.8304	1.682664	2.076008
63456	-826.0436	-1171.844	345.8005	1.456744	2.242503
63462	-820.5263	-1166.37	345.8433	1.4064	2.247314
63468	-817.6396	-1163.388	345.7481	1.422121	2.29825
63474	-834.4912	-1180.557	346.0661	1.596543	1.976697
63480	-845.7384	-1190.774	345.0353	1.399813	2.756752
63486	-836.7611	-1181.622	344.8613	1.371362	2.879828
63492	-842.9341	-1188.686	345.752	1.142556	2.472653
63498	-826.7773	-1172.202	345.4248	1.469749	2.472653
63504	-821.2081	-1166.88	345.6716	1.553094	2.263395
63510	-822.5071	-1167.795	345.2882	1.556145	2.504078
63516	-843.6666	-1189.699	346.0323	1.571895	2.015719
63522	-841.721	-1187.765	346.0442	1.559964	2.015719
63528	-827.378	-1172.521	345.1432	1.552418	2.596579
63534	-829.4374	-1174.789	345.3518	1.3163	2.613593
63540	-833.0785	-1179.008	345.929	1.420832	2.182642
63546	-848.0502	-1193.928	345.8778	1.603879	2.096607
63552	-851.7735	-1198.289	346.5159	1.548239	1.700765
63558	-849.5274	-1193.154	343.6267	1.321708	3.638956
63564	-862.9636	-1208.899	345.9351	1.740744	1.967887
63570	-858.0591	-1204.449	346.3894	1.905376	1.533772
63576	-856.347	-1202.5	346.1532	1.864899	1.733279
63582	-831.6525	-1177.863	346.2104	1.608034	1.871436
63588	-820.4423	-1166.949	346.5072	1.677666	1.614334
63594	-832.2126	-1178.52	346.3075	1.789765	1.677229
63600	-835.8435	-1182.188	346.3449	1.615341	1.773714
63606	-837.7206	-1183.489	345.7687	1.645911	2.140536
63612	-838.1367	-1183.135	344.9979	1.237338	2.8783
63618	-835.3715	-1179.617	344.2458	1.285288	3.298467
63624	-842.4489	-1188.543	346.0938	1.530938	2.002017
63630	-837.3414	-1183.46	346.1188	1.687293	1.879884
63636	-833.0527	-1178.81	345.7576	1.555641	2.20633
63642	-836.4732	-1181.975	345.502	1.521296	2.391659
63648	-837.5954	-1183.163	345.5672	1.894517	2.109735
63654	-843.1248	-1189.492	346.3675	1.641384	1.739751
63660	-843.3695	-1188.822	345.4529	1.584341	2.382832
63666	-846.5874	-1192.529	345.9411	1.652717	2.022562
63672	-855.2697	-1201.232	345.9621	1.473794	2.126645
63678	-833.0293	-1178.91	345.8808	1.555086	2.126645
63684	-826.1849	-1170.692	344.5069	1.210252	3.188531
63690	-834.6472	-1178.489	343.8419	1.280243	3.538037
63696	-842.7994	-1186.87	344.0705	1.291043	3.398173
63702	-833.435	-1179.522	346.0869	1.41859	2.080964
63708	-829.1809	-1175.064	345.8831	1.622389	2.080964
63714	-824.4028	-1170.43	346.0275	1.477987	2.080964
63720	-845.4008	-1191.37	345.9688	1.470609	2.124307
63726	-851.9902	-1198.412	346.4217	1.793263	1.592449
63732	-838.7206	-1183.518	344.7978	1.405363	2.897648
63738	-832.6873	-1177.58	344.8928	1.450752	2.812562
63744	-839.1881	-1184.041	344.8527	1.490887	2.812562
63750	-830.9077	-1176.855	345.9473	1.522545	2.1044
63756	-852.0454	-1197.08	345.0341	1.384515	2.766832
63762	-851.0554	-1196.737	345.6817	1.466951	2.312016
63768	-845.505	-1189.836	344.3307	1.333697	3.219731
63774	-857.6988	-1203.545	345.8464	1.609828	2.113302
63780	-855.0643	-1200.362	345.2981	1.298421	2.657773
63786	-838.5951	-1182.004	343.4086	1.147384	3.865363
63792	-838.1478	-1182.188	344.0404	1.172961	3.484843
63798	-843.2947	-1187.312	344.017	1.196322	3.484843
63804	-857.2003	-1202.245	345.0442	1.422722	2.737341
63810	-854.491	-1200.062	345.5714	1.652693	2.263794
63816	-863.9035	-1209.408	345.5046	1.52213	2.389488
63822	-851.3244	-1198.107	346.7825	1.830801	1.286692
63828	-850.9095	-1197.538	346.6287	1.785497	1.443845
63834	-851.141	-1194.948	343.8069	1.066373	3.682483
63840	-846.9376	-1193.007	346.0695	1.577308	1.987305
63846	-833.7382	-1179.284	345.5455	1.429471	2.422167
63852	-849.8682	-1195.917	346.0486	1.553038	2.017399
63858	-844.0491	-1190.2	346.1504	1.629453	1.897684
63864	-830.7019	-1174.206	343.5043	1.302965	3.720594
63870	-845.8585	-1190.334	344.4756	1.10588	3.268767
63876	-851.055	-1195.026	343.9708	1.114979	3.559209
63882	-840.8105	-1183.94	343.1294	0.9967403	4.111097
63888	-836.8391	-1180.668	343.8288	1.232272	3.573525
63894	-842.0009	-1186.824	344.8227	1.539601	2.801191
63900	-848.0041	-1194.509	346.5048	1.675347	1.61775
63906	-831.2349	-1177.22	345.9855	1.763195	1.918808
63912	-830.5741	-1176.568	345.9941	1.554115	2.052817
63918	-827.9345	-1173.596	345.6611	1.583075	2.250884
63924	-839.0989	-1184.5	345.401	1.315542	2.583642
63930	-839.3188	-1185.635	346.3166	1.706704	1.729623
63936	-845.3182	-1191.728	346.4101	1.452097	1.84149
63942	-847.6543	-1192.49	344.8359	1.351154	2.907398
63948	-852.1417	-1195.624	343.4821	1.055788	3.875717
63954	-837.9065	-1184.038	346.1318	1.318303	2.117346
63960	-838.7332	-1183.861	345.1278	1.424551	2.684949
63966	-828.6068	-1174.854	346.2477	1.510024	1.912721
63972	-846.7748	-1192.981	346.2064	1.637358	1.854122
63978	-850.9385	-1197.113	346.1746	1.712932	1.824089
63984	-823.2563	-1169.888	346.6316	1.995962	1.275028
63990	-824.4542	-1171.247	346.7929	1.972764	1.157723
63996	-833.0349	-1179.61	346.5746	2.164346	1.181024
64002	-845.386	-1192.255	346.8686	2.048937	1.016958
64008	-842.7124	-1189.467	346.7544	2.209862	0.969833
64014	-838.3826	-1185.248	346.8656	1.969275	1.09541
64020	-833.3214	-1179.973	346.6512	1.78432	1.427476
64026	-846.9287	-1193.603	346.6741	1.78432	1.409849
64032	-841.4758	-1187.735	346.2587	1.578853	1.858391
64038	-855.6165	-1201.514	345.897	1.650369	2.053333
64044	-847.0776	-1193.204	346.1268	1.525036	1.983908
64050	-845.6485	-1191.339	345.6903	1.518028	2.273874
64056	-831.7353	-1177.268	345.5329	1.675493	2.273874
64062	-833.0516	-1179.046	345.9948	1.559594	2.04868
64068	-826.9979	-1172.54	345.5419	1.514964	2.370406
64074	-824.7438	-1168.337	343.5933	1.339994	3.647722
64080	-822.8267	-1167.895	345.0682	1.333602	2.777107
64086	-834.8604	-1178.8	343.9391	1.268684	3.488073
64092	-840.0073	-1185.705	345.6972	1.432426	2.324183
64098	-844.0082	-1189.738	345.7302	1.523404	2.244797
64104	-848.8027	-1193.677	344.874	1.216175	2.965766
64110	-841.834	-1188.299	346.4654	1.638825	1.672273
64116	-842.7369	-1189.281	346.5442	1.554539	1.676188
64122	-831.7245	-1178.201	346.4769	1.765169	1.572622
64128	-823.8253	-1170.558	346.7326	1.890967	1.278269
64134	-838.7704	-1185.476	346.7056	1.946567	1.254652
64140	-825.6146	-1172.201	346.586	1.684638	1.551659
64146	-841.8447	-1187.88	346.0356	1.618775	1.98224
64152	-836.2884	-1181.92	345.6316	1.53941	2.297737
64158	-832.2028	-1178.382	346.1792	1.349602	2.065594
64164	-828.4286	-1172.838	344.4094	1.438606	3.110751
64170	-836.2085	-1181.749	345.541	1.448324	2.413117
64176	-838.2485	-1183.417	345.1682	1.253181	2.765191
64182	-832.985	-1177.775	344.7903	1.207509	3.021254
64188	-835.4047	-1180.981	345.576	1.445624	2.392704
64194	-842.4963	-1187.77	345.2739	1.324199	2.656803
64200	-839.0356	-1182.849	343.8135	1.065808	3.678953
64206	-844.8467	-1187.925	343.0786	1.279134	3.978929
64212	-824.8362	-1170.244	345.4078	1.238385	2.627153
64218	-820.8402	-1166.529	345.6893	1.474234	2.30254
64224	-831.9383	-1177.399	345.4603	1.496156	2.433777
64230	-820.2991	-1164.68	344.3812	1.251383	3.238597
64236	-843.0379	-1187.468	344.4297	1.202863	3.238597
64242	-836.2752	-1182.264	345.9888	1.519592	2.07907
64248	-843.2495	-1188.802	345.5526	1.550262	2.341193
64254	-825.0767	-1169.721	344.6439	1.290258	3.059319
64260	-825.2097	-1170.562	345.3526	1.425609	2.545307
64266	-828.2393	-1173.572	345.3324	1.445859	2.545307
64272	-836.6991	-1182.179	345.4799	1.518984	2.407045
64278	-855.2734	-1198.526	343.253	1.300526	3.866741
64284	-839.7138	-1185.092	345.3787	1.47635	2.497393
64290	-844.3342	-1190.596	346.2614	1.763916	1.728147
64296	-850.2356	-1196.503	346.2672	1.63597	1.813265
64302	-853.13	-1199.672	346.5415	1.837061	1.470972
64308	-843.609	-1189.442	345.8327	1.600049	2.128696
64314	-846.5668	-1192.186	345.619	1.580933	2.279264
64320	-838.0982	-1184.071	345.9732	1.637646	2.011252
64326	-847.3349	-1192.734	345.3993	1.511767	2.462325
64332	-856.3757	-1199.817	343.4414	1.225284	3.801702
64338	-848.9517	-1192.405	343.4531	1.238045	3.787618
64344	-858.505	-1203.248	344.7428	1.372375	2.950758
64350	-836.3325	-1181.383	345.05	1.544706	2.658887
64356	-823.8894	-1170.443	346.554	1.865453	1.439824
64362	-839.4673	-1185.813	346.3453	1.949507	1.533755
64368	-829.0211	-1175.702	346.6811	1.894114	1.317581
64374	-835.1376	-1181.594	346.4569	1.754928	1.594741
64380	-859.2119	-1203.041	343.8286	1.52179	3.404663
64386	-845.388	-1189.567	344.1787	1.235539	3.36721
64392	-850.5797	-1196.042	345.4621	1.353063	2.52232
64398	-856.5671	-1201.423	344.8558	1.511275	2.798251
64404	-829.355	-1175.729	346.3744	1.835221	1.596376
64410	-832.7166	-1179.179	346.4623	1.955224	1.441287
64416	-823.0828	-1169.516	346.4333	1.721639	1.635919
64422	-849.7564	-1195.648	345.8913	1.615372	2.080172
64428	-853.5846	-1199.494	345.909	1.638579	2.053212
64434	-828.7633	-1175.445	346.6815	1.767266	1.417302
64440	-819.1687	-1165.672	346.5032	1.868192	1.4764
64446	-824.1319	-1169.744	345.6123	1.529473	2.316439
64452	-818.1193	-1164.236	346.117	1.731995	1.85054
64458	-821.3639	-1167.395	346.0313	1.817749	1.85054
64464	-848.5456	-1192.103	343.5569	1.338395	3.669712
64470	-836.6768	-1182.888	346.2113	1.890608	1.673965
64476	-821.3675	-1167.213	345.8459	1.551604	2.151673
64482	-820.0432	-1165.601	345.5576	1.581162	2.318359
64488	-831.8102	-1177.991	346.1803	1.68132	1.841892
64494	-825.427	-1171.163	345.7363	1.420792	2.306665
64500	-839.347	-1185.04	345.6934	1.463673	2.306665
64506	-837.6093	-1183.203	345.5936	1.283122	2.483872
64512	-837.0694	-1182.056	344.9863	1.063632	2.989958
64518	-841.341	-1184.055	342.7135	0.9809291	4.355856
64524	-834.7158	-1180.366	345.6507	1.545505	2.281682
64530	-836.0489	-1178.483	342.4337	1.162414	4.411332
64536	-825.7476	-1169.895	344.1477	1.272552	3.36372
64542	-831.3761	-1176.949	345.5727	1.437179	2.400127
64548	-825.6653	-1171.407	345.7421	1.597043	2.189594
64554	-828.8528	-1173.782	344.9289	1.415777	2.811896
64560	-840.1602	-1183.079	342.9191	1.026867	4.213463
64566	-830.6007	-1173.852	343.2515	1.160477	3.94793
64572	-817.506	-1162.393	344.8874	1.322888	2.893379
64578	-824.9919	-1169.846	344.8542	1.296091	2.929582
64584	-818.4234	-1164.447	346.0233	1.572349	2.021339
64590	-818.8121	-1163.343	344.5307	1.519022	2.990118
64596	-822.1188	-1166.985	344.8658	1.163799	3.002164
64602	-828.1791	-1171.838	343.6586	1.242085	3.666619
64608	-819.8431	-1163.441	343.5981	1.284528	3.677051
64614	-825.6571	-1170.445	344.7877	1.28679	2.975199
64620	-819.1873	-1163.313	344.1255	1.296006	3.362945
64626	-831.2084	-1175.839	344.6308	1.083602	3.190123
64632	-832.0456	-1177.802	345.756	1.536691	2.219614
64638	-849.3267	-1194.718	345.3909	1.230182	2.642643
64644	-847.0965	-1188.36	341.2637	1.105693	5.096953
64650	-845.471	-1190.815	345.344	1.279323	2.641246
64656	-846.829	-1192.531	345.702	1.296694	2.407175
64662	-843.9724	-1188.414	344.4414	1.168455	3.252028
64668	-843.0839	-1188.568	345.4839	1.335865	2.51944
64674	-845.0473	-1189.544	344.4972	1.324596	3.126344
64680	-843.6546	-1188.63	344.9757	1.479503	2.744519
64686	-844.1442	-1190.434	346.2895	1.820566	1.668096
64692	-836.9406	-1183.425	346.4848	1.808064	1.535205
64698	-843.1844	-1189.547	346.3629	1.951184	1.519402
64704	-831.1189	-1177.581	346.4623	2.028268	1.384823
64710	-831.7795	-1177.388	345.6084	1.615949	2.263606
64716	-838.4156	-1183.679	345.2637	1.496012	2.556807
64722	-844.4165	-1190.092	345.6754	1.462021	2.319197
64728	-841.3712	-1187.034	345.6629	1.615695	2.228699
64734	-842.2626	-1187.833	345.5701	1.374194	2.441438
64740	-843.8276	-1189.331	345.5039	1.332115	2.50929
64746	-845.851	-1189.285	343.4339	1.183808	3.829863
64752	-827.9886	-1172.537	344.5481	1.062212	3.251717
64758	-828.6188	-1173.019	344.4003	1.072295	3.33296
64764	-817.5636	-1162.362	344.7987	1.213142	3.01284
64770	-824.6113	-1170.185	345.5733	1.381563	2.434822
64776	-827.3087	-1171.323	344.0147	1.200899	3.483513
64782	-819.4087	-1164.718	345.3093	1.510874	2.519161
64788	-818.9403	-1163.874	344.9333	1.436094	2.796869
64794	-828.1658	-1173.658	345.4927	1.382801	2.484641
64800	-837.6574	-1182.726	345.0687	1.318277	2.786135
64806	-847.1446	-1191.944	344.7996	1.137872	3.057342
64812	-834.8658	-1179.529	344.6635	1.273975	3.057342
64818	-835.0907	-1180.293	345.2026	1.038361	2.874824
64824	-833.1927	-1177.152	343.9588	1.221301	3.504237
64830	-849.5105	-1193.641	344.1303	1.06807	3.493582
64836	-836.5134	-1180.35	343.8367	1.071828	3.662067
64842	-846.5772	-1191.797	345.2198	1.250128	2.73549
64848	-829.711	-1174.837	345.1261	1.422681	2.687166
64854	-817.4625	-1162.467	345.005	1.311138	2.82923
64860	-826.8713	-1173.12	346.2488	1.598184	1.851905
64866	-830.4239	-1175.974	345.5502	1.39125	2.443219
64872	-826.6558	-1171.836	345.1798	1.523348	2.591919
64878	-832.4736	-1177.78	345.3059	1.305242	2.648761
64884	-827.289	-1173.084	345.7952	1.419935	2.269516
64890	-837.9991	-1183.711	345.7118	1.467432	2.292511
64896	-838.6858	-1184.301	345.6156	1.468102	2.353403
64902	-844.5828	-1189.789	345.2063	1.333569	2.692603
64908	-836.7418	-1182.366	345.6237	1.497018	2.329852
64914	-836.7355	-1181.971	345.2353	1.480514	2.584103
64920	-856.8556	-1202.471	345.6149	1.617333	2.258556
64926	-850.759	-1196.764	346.0046	1.67746	1.96367
64932	-842.1416	-1185.494	343.3521	1.310195	3.804221
64938	-842.6225	-1189.056	346.4338	1.656131	1.682436
64944	-835.6133	-1180.578	344.9643	1.296173	2.862978
64950	-845.2903	-1190.041	344.7503	1.623774	2.794005
64956	-834.2067	-1180.305	346.0979	1.458215	2.047558
64962	-835.0737	-1181.766	346.6923	1.797672	1.385249
64968	-832.7484	-1178.962	346.2132	1.67094	1.826406
64974	-828.5212	-1173.55	345.0284	1.502822	2.697927
64980	-848.8196	-1195.041	346.2209	1.576378	1.885832
64986	-834.577	-1180.649	346.0724	1.750452	1.868407
64992	-839.0671	-1182.217	343.1499	1.066478	4.059688
64998	-829.1993	-1171.928	342.7285	1.04144	4.313169
65004	-833.7105	-1176.749	343.0383	1.178837	4.05922
65010	-839.8364	-1181.712	341.8757	1.087658	4.76645
65016	-832.2643	-1174.058	341.794	1.169305	4.76645
65022	-828.4499	-1170.244	341.794	1.169305	4.76645
65028	-842.904	-1184.698	341.794	1.169305	4.76645
65034	-834.0467	-1175.841	341.794	1.169305	4.76645
65040	-830.754	-1173.451	342.6971	1.116122	4.288661
65046	-834.3982	-1180.368	345.9697	1.655828	2.001494
65052	-835.5862	-1181.868	346.282	1.982736	1.555964
65058	-830.7363	-1176.789	346.0524	1.72023	1.902568
65064	-838.0816	-1184.285	346.2037	1.920195	1.658222
65070	-842.776	-1189.469	346.6932	1.606597	1.530037
65076	-840.861	-1186.601	345.7397	1.441535	2.291211
65082	-838.1718	-1182.619	344.4473	1.268467	3.189301
65088	-839.8508	-1185.629	345.7785	1.315105	2.347109
65094	-835.9241	-1180.981	345.0569	1.476669	2.69651
65100	-827.4078	-1172.596	345.1887	1.344824	2.69651
65106	-831.6681	-1176.487	344.8191	1.354253	2.915664
65112	-826.5186	-1171.969	345.4501	1.385606	2.509506
65118	-837.8326	-1184.389	346.5561	1.421251	1.761784
65124	-847.5728	-1192.789	345.216	1.706578	2.455125
65130	-842.7634	-1188.468	345.7049	1.544699	2.247404
65136	-840.9044	-1185.796	344.8916	1.402899	2.842397
65142	-818.8479	-1164.065	345.2171	1.336201	2.684378
65148	-814.776	-1160.741	345.9648	1.501004	2.107076
65154	-834.937	-1180.814	345.8772	1.588537	2.107076
65160	-846.2894	-1192.948	346.6581	2.079019	1.182562
65166	-845.9037	-1192.706	346.802	2.079019	1.052307
65172	-849.5092	-1195.738	346.2284	2.024682	1.564554
65178	-861.1962	-1207.967	346.7712	2.307142	0.842361
65184	-838.9674	-1185.496	346.5285	2.134482	1.245673
65190	-832.2265	-1178.852	346.6259	2.037017	1.245673
65196	-849.6915	-1196.422	346.7301	2.156287	1.047117
65202	-852.0628	-1198.523	346.4598	1.761668	1.587688
65208	-846.2319	-1192.797	346.5649	1.815305	1.469769
65214	-839.0007	-1184.965	345.9644	1.649869	2.009005
65220	-841.5581	-1188.091	346.533	1.728589	1.558329
65226	-832.3233	-1177.839	345.5156	1.538575	2.372085
65232	-830.5953	-1176.242	345.6469	1.499218	2.313684
65238	-833.8466	-1179.315	345.4687	1.459615	2.451502
65244	-831.2548	-1176.638	345.3828	1.403021	2.540578
65250	-842.2949	-1187.213	344.9177	1.496601	2.769484
65256	-832.4642	-1176.97	344.5058	1.084705	3.26346
65262	-832.7726	-1175.598	342.8252	1.137318	4.204044
65268	-828.9345	-1171.773	342.8381	1.124474	4.204044
65274	-838.5155	-1181.483	342.9671	1.082701	4.154475
65280	-832.6567	-1175.99	343.3337	1.052413	3.962705
65286	-834.3839	-1180.563	346.1787	1.52678	1.947935
65292	-846.6194	-1192.591	345.9718	1.593426	2.041517
65298	-827.5681	-1173.812	346.2438	1.752071	1.748841
65304	-829.5727	-1175.626	346.0528	1.597864	1.9847
65310	-835.0296	-1181.345	346.3159	1.720582	1.720333
65316	-818.6694	-1164.945	346.2755	1.7633	1.718652
65322	-821.6703	-1167.349	345.6789	1.532734	2.271792
65328	-830.5625	-1176.069	345.506	1.586944	2.347509
65334	-833.7253	-1179.298	345.5726	1.452167	2.390695
65340	-837.9296	-1183.569	345.6393	1.385491	2.390695
65346	-840.7012	-1186.07	345.3685	1.548118	2.458864
65352	-847.5716	-1193.528	345.9567	1.506664	2.108658
65358	-845.3482	-1191.399	346.0505	1.58605	1.994115
65364	-821.0882	-1166.173	345.0848	1.235368	2.826791
65370	-828.564	-1172.774	344.2104	1.197463	3.370971
65376	-830.9253	-1175.409	344.4838	1.245366	3.181403
65382	-832.7903	-1177.603	344.8129	1.198327	3.013161
65388	-833.1334	-1177.946	344.8129	1.198327	3.013161
65394	-836.7228	-1181.099	344.3761	1.216867	3.261989
65400	-830.5432	-1176.495	345.9515	1.680014	1.997479
65406	-833.3631	-1179.882	346.5192	1.715016	1.578402
65412	-829.4694	-1174.7	345.2308	1.385394	2.645641
65418	-844.7738	-1189.139	344.3647	1.157263	3.303885
65424	-823.5842	-1169.969	346.3848	1.758993	1.643998
65430	-832.6865	-1179.229	346.5422	1.771368	1.519792
65436	-822.5638	-1168.701	346.1376	1.617023	1.914767
65442	-827.7003	-1173.995	346.295	1.575742	1.835609
65448	-826.4069	-1172.393	345.9863	1.557928	2.055456
65454	-826.1461	-1171.791	345.6451	1.354158	2.406813
65460	-834.2228	-1178.262	344.0388	1.136454	3.50706
65466	-834.4255	-1179.312	344.8866	1.307724	2.903037
65472	-834.3134	-1179.362	345.0487	1.526155	2.671109
65478	-845.4426	-1189.826	344.3834	1.391836	3.154006
65484	-839.0837	-1184.238	345.1543	1.313252	2.736971
65490	-848.484	-1193.912	345.4285	1.413515	2.505545
65496	-840.3951	-1185.457	345.0623	1.416944	2.729787
65502	-844.0451	-1189.86	345.8148	1.502951	2.203458
65508	-860.776	-1205.788	345.0119	1.267602	2.851484
65514	-842.5689	-1188.15	345.5806	1.603102	2.289646
65520	-840.832	-1185.288	344.4565	1.673065	2.942105
65526	-839.2779	-1184.297	345.0193	1.599901	2.643788
65532	-841.0295	-1186.27	345.2409	1.378359	2.643788
65538	-831.4366	-1175.982	344.545	1.378359	3.065746
65544	-829.3319	-1174.062	344.7305	1.291679	3.006606
65550	-830.681	-1176.253	345.5718	1.691087	2.238849
65556	-838.9412	-1184.86	345.919	1.501566	2.136626
65562	-838.0673	-1183.633	345.5657	1.331528	2.471007
65568	-836.743	-1182.309	345.5657	1.331528	2.471007
65574	-835.826	-1181.392	345.5657	1.331528	2.471007
65580	-836.4896	-1182.055	345.5657	1.331528	2.471007
65586	-837.3865	-1182.952	345.5657	1.331528	2.471007
65592	-840.9477	-1186.603	345.6552	1.627477	2.226119
65598	-838.7009	-1184.307	345.6057	1.676913	2.226119
65604	-842.3209	-1187.887	345.5657	1.331528	2.471007
65610	-847.5145	-1193.08	345.5657	1.331528	2.471007
65616	-852.6598	-1198.225	345.5657	1.331528	2.471007
65622	-842.9434	-1188.78	345.8365	1.602506	2.124604
65628	-830.4619	-1176.262	345.8	1.498815	2.215682
65634	-855.3842	-1197.43	342.0456	1.009656	4.715084
65640	-836.5721	-1181.606	345.0337	1.285014	2.82767
65646	-841.4479	-1186.397	344.9488	1.230575	2.912058
65652	-855.739	-1198.867	343.1283	1.111404	4.046374
65658	-832.5495	-1176.166	343.6169	1.10587	3.769365
65664	-847.8912	-1193.821	345.9301	1.612887	2.056229
65670	-841.8486	-1187.586	345.7371	1.570108	2.210274
65676	-832.5171	-1178.154	345.6369	1.546721	2.28973
65682	-837.4986	-1182.603	345.1044	1.409472	2.708561
65688	-828.3457	-1173.368	345.0219	1.355217	2.792167
65694	-835.5382	-1181.531	345.9926	1.635973	1.999422
65700	-843.0186	-1189.194	346.1751	1.635973	1.876464
65706	-854.4998	-1201.023	346.5235	1.808164	1.506276
65712	-837.7149	-1182.88	345.165	1.279014	2.751315
65718	-842.0458	-1187.971	345.9252	1.320703	2.249774
65724	-838.8977	-1185.154	346.2562	1.610556	1.838396
65730	-844.3906	-1189.526	345.1355	1.217496	2.806826
65736	-828.3571	-1173.704	345.347	1.384145	2.574566
65742	-836.3809	-1181.828	345.4468	1.479973	2.452437
65748	-836.6706	-1182.452	345.7815	1.442592	2.263795
65754	-826.0366	-1170.754	344.7173	1.466503	2.909371
65760	-840.9185	-1187.006	346.0876	1.520414	2.013159
65766	-838.796	-1184.285	345.4893	1.561025	2.374544
65772	-845.8156	-1189.312	343.4964	0.9312968	3.938913
65778	-845.9566	-1189.76	343.803	1.01072	3.716904
65784	-846.4004	-1188.745	342.3448	0.924181	4.59535
65790	-842.6004	-1185.987	343.3863	1.198959	3.848519
65796	-834.697	-1178.053	343.3558	1.191001	3.870609
65802	-839.8727	-1183.984	344.1114	1.194872	3.430541
65808	-841.5667	-1186.871	345.3044	1.285322	2.661995
65814	-831.9715	-1178.105	346.1337	1.598382	1.930047
65820	-853.5664	-1199.04	345.474	1.555972	2.387413
65826	-850.0825	-1195.692	345.6094	1.420619	2.387413
65832	-851.2363	-1195.346	344.1102	1.220288	3.416368
65838	-843.969	-1189.542	345.5726	1.330913	2.467081
65844	-853.6242	-1199.475	345.8511	1.400418	2.246182
65850	-836.6601	-1182.612	345.9518	1.577992	2.064965
65856	-833.3063	-1178.659	345.3528	1.282602	2.633815
65862	-847.0039	-1191.575	344.5708	1.308297	3.092211
65868	-844.7759	-1190.116	345.3401	1.543662	2.479411
65874	-811.6476	-1157.726	346.0779	1.599908	1.966536
65880	-850.6167	-1193.9	343.2833	0.9440275	4.053434
65886	-847.5591	-1190.634	343.0749	1.152436	4.053434
65892	-836.6076	-1179.716	343.1083	1.118958	4.053434
65898	-836.9681	-1180.214	343.2464	0.9809122	4.053434
65904	-825.2498	-1171.57	346.3205	1.623413	1.785107
65910	-832.0309	-1178.328	346.2971	1.777317	1.693479
65916	-817.456	-1162.254	344.798	1.173363	3.037066
65922	-845.8152	-1189.562	343.7469	1.347713	3.554025
65928	-835.7844	-1181.089	345.3044	1.292844	2.657315
65934	-824.2782	-1169.562	345.2834	1.222828	2.713251
65940	-829.0853	-1174.328	345.2424	1.263819	2.713251
65946	-836.6818	-1182.368	345.6857	1.385305	2.361425
65952	-848.2768	-1194.645	346.3686	1.516599	1.825704
65958	-849.4978	-1195.936	346.4377	1.896684	1.504261
65964	-850.9917	-1197.321	346.3297	1.703866	1.722361
65970	-847.6271	-1193.693	346.0655	1.481786	2.053398
65976	-846.6144	-1191.936	345.3214	1.393929	2.5844
65982	-828.8936	-1173.121	344.2269	1.235304	3.339023
65988	-831.7097	-1175.47	343.7605	1.14496	3.663827
65994	-833.557	-1176.509	342.9518	0.8922332	4.271223
66000	-835.3602	-1178.887	343.5264	0.8908166	3.944932
66006	-836.3684	-1179.175	342.8066	0.8907809	4.354178
66012	-836.8633	-1179.769	342.9061	1.170113	4.139504
66018	-838.6765	-1183.842	345.1658	1.379916	2.689009
66024	-825.8669	-1169.928	344.061	1.119336	3.504112
66030	-818.7086	-1162.379	343.6708	1.218421	3.673236
66036	-832.1947	-1176.034	343.8389	1.271947	3.544588
66042	-837.3556	-1181.293	343.9378	1.173025	3.544588
66048	-832.3192	-1178.016	345.6969	1.287514	2.416173
66054	-839.2703	-1185.323	346.053	1.59086	1.989274
66060	-841.5914	-1187.504	345.9128	1.663189	2.034395
66066	-837.267	-1182.848	345.5813	1.466429	2.376194
66072	-842.3843	-1186.26	343.8755	1.493771	3.393589
66078	-837.6838	-1183.904	346.2198	1.537417	1.913018
66084	-853.7538	-1200.047	346.2931	1.613076	1.811202
66090	-853.1372	-1199.829	346.6921	2.026757	1.198307
66096	-858.2425	-1204.891	346.6486	2.100485	1.17224
66102	-843.8327	-1190.567	346.7341	2.076913	1.117207
66108	-835.595	-1182.391	346.7959	2.132091	1.006577
66114	-845.693	-1192.733	347.0401	2.072801	0.798096
66120	-839.9112	-1186.316	346.4045	1.69847	1.673204
66126	-838.3605	-1183.13	344.77	1.378015	2.930971
66132	-840.549	-1185.898	345.3489	1.436472	2.54088
66138	-831.481	-1177.469	345.988	1.451799	2.124092
66144	-837.9061	-1181.054	343.1478	1.298108	3.92845
66150	-831.0704	-1176.057	344.9863	1.382411	2.797249
66156	-838.2081	-1184.427	346.2188	1.565786	1.894514
66162	-834.2705	-1180.149	345.8788	1.630387	2.078517
66168	-829.2834	-1175.906	346.6225	1.937683	1.329717
66174	-843.0491	-1189.511	346.4618	1.801205	1.557235
66180	-827.892	-1174.094	346.2021	1.816512	1.732883
66186	-835.2083	-1181.329	346.1208	1.776546	1.817318
66192	-833.1533	-1179.289	346.1354	1.761934	1.817318
66198	-847.7151	-1194.182	346.4671	1.560595	1.72651
66204	-832.1929	-1178.785	346.5921	1.700025	1.535735
66210	-834.5246	-1181.137	346.6128	1.605593	1.589967
66216	-835.4893	-1180.903	345.4134	1.484819	2.470378
66222	-840.9574	-1186.163	345.2052	1.424389	2.637408
66228	-841.1049	-1186.607	345.5023	1.523442	2.390101
66234	-846.6017	-1192.475	345.8738	1.615864	2.091402
66240	-830.4257	-1176.745	346.3192	1.638457	1.775531
66246	-840.7217	-1186.708	345.9863	1.460159	2.119702
66252	-847.0421	-1190.856	343.8136	1.399535	3.484971
66258	-843.1015	-1187.791	344.6894	1.252344	3.054771
66264	-830.238	-1176.212	345.9741	1.586178	2.044829
66270	-847.1593	-1193.984	346.8249	1.447535	1.550286
66276	-842.8191	-1189.644	346.8249	1.447535	1.550286
66282	-841.5012	-1188.326	346.8249	1.447535	1.550286
66288	-842.618	-1189.443	346.8249	1.447535	1.550286
66294	-817.9818	-1164.157	346.1751	1.737846	1.806519
66300	-820.4598	-1166.821	346.3613	1.764719	1.656686
66306	-828.5315	-1173.681	345.1491	1.560176	2.588114
66312	-842.4303	-1188.168	345.7372	1.512895	2.247043
66318	-826.4504	-1172.174	345.7232	1.755164	2.09881
66324	-823.716	-1170.281	346.5646	1.800087	1.481496
66330	-832.2371	-1178.022	345.7851	1.680504	2.107156
66336	-829.6438	-1175.207	345.5628	1.488745	2.373782
66342	-834.7794	-1181.35	346.571	2.008188	1.314425
66348	-829.0605	-1175.615	346.5545	1.877489	1.430254
66354	-837.8515	-1184.06	346.2083	1.733398	1.786592
66360	-822.171	-1168.317	346.1461	1.524761	1.971218
66366	-827.072	-1172.996	345.9245	1.387455	2.207213
66372	-831.2641	-1176.662	345.398	1.446026	2.504314
66378	-832.3271	-1177.376	345.0486	1.228057	2.853221
66384	-823.3918	-1168.499	345.1074	1.467797	2.670928
66390	-828.9981	-1174.514	345.5156	1.434498	2.43781
66396	-838.2757	-1184.197	345.9212	1.721206	1.990193
66402	-837.7309	-1183.631	345.9002	1.443573	2.186562
66408	-841.6865	-1188.131	346.4446	1.750562	1.606894
66414	-842.9529	-1189	346.047	1.546585	2.022767
66420	-836.8705	-1182.237	345.366	1.389007	2.559748
66426	-828.677	-1174.973	346.2961	1.786424	1.687734
66432	-834.5204	-1181.096	346.5759	1.506652	1.687734
66438	-838.3108	-1183.927	345.6162	1.366594	2.417198
66444	-831.6084	-1176.416	344.8077	1.444889	2.867751
66450	-844.6373	-1191.462	346.8249	1.447535	1.550286
66456	-846.6991	-1193.524	346.8249	1.447535	1.550286
66462	-846.4742	-1193.299	346.8249	1.447535	1.550286
66468	-843.21	-1190.035	346.8249	1.447535	1.550286
66474	-843.0169	-1188.124	345.1074	1.239249	2.810723
66480	-831.5578	-1175.105	343.5471	1.198427	3.756251
66486	-828.9924	-1173.649	344.6562	1.13913	3.142081
66492	-830.187	-1174.103	343.9158	1.04397	3.632334
66498	-832.6767	-1175.819	343.1422	0.9119232	4.152067
66504	-847.151	-1191.925	344.7741	1.139822	3.071435
66510	-844.6186	-1190.219	345.6003	1.391502	2.411522
66516	-837.821	-1182.111	344.2898	1.148212	3.353268
66522	-834.4621	-1178.015	343.5526	1.148212	3.782045
66528	-854.5161	-1197.998	343.4822	0.9629201	3.928953
66534	-843.4663	-1187.06	343.5941	1.048217	3.815702
66540	-848.6942	-1194.36	345.6659	1.216166	2.480476
66546	-840.9987	-1186.169	345.1701	1.319555	2.723416
66552	-831.5994	-1176.877	345.2772	1.409942	2.601847
66558	-824.4308	-1169.613	345.1817	1.348098	2.6988
66564	-837.9771	-1183.796	345.8191	1.450238	2.2347
66570	-846.0273	-1191.948	345.9209	1.579559	2.084266
66576	-839.7602	-1186.162	346.4015	1.613087	1.735731
66582	-825.1882	-1171.434	346.2463	1.773906	1.731773
66588	-840.4351	-1186.759	346.3239	1.910731	1.578112
66594	-831.3718	-1177.651	346.2789	1.73107	1.73895
66600	-846.1719	-1191.931	345.7588	1.624943	2.16064
66606	-844.6147	-1190.825	346.2107	1.559289	1.904385
66612	-848.0973	-1193.665	345.5676	1.620705	2.286683
66618	-849.0813	-1194.548	345.4664	1.705603	2.297151
66624	-849.3438	-1196.169	346.8249	1.447535	1.550286
66630	-834.6162	-1181.441	346.8249	1.447535	1.550286
66636	-832.0784	-1178.903	346.8249	1.447535	1.550286
66642	-830.7235	-1176.043	345.3198	1.495307	2.522366
66648	-833.1769	-1178.76	345.5827	1.672724	2.243637
66654	-836.1626	-1182.988	346.8249	1.447535	1.550286
66660	-838.6974	-1185.522	346.8249	1.447535	1.550286
66666	-837.2545	-1184.079	346.8249	1.447535	1.550286
66672	-834.0838	-1180.909	346.8249	1.447535	1.550286
66678	-834.2228	-1181.048	346.8249	1.447535	1.550286
66684	-837.8829	-1184.708	346.8249	1.447535	1.550286
66690	-828.4033	-1175.228	346.8249	1.447535	1.550286
66696	-832.0825	-1178.907	346.8249	1.447535	1.550286
66702	-839.6462	-1186.471	346.8249	1.447535	1.550286
66708	-841.7458	-1188.571	346.8249	1.447535	1.550286
66714	-841.0297	-1187.855	346.8249	1.447535	1.550286
66720	-842.35	-1187.85	345.5001	1.6882	2.286686
66726	-846.7601	-1192.373	345.6127	1.457333	2.362066
66732	-842.3482	-1187.997	345.6492	1.471792	2.329656
66738	-847.1164	-1191.53	344.4131	1.319349	3.179426
66744	-845.8776	-1192.703	346.8249	1.447535	1.550286
66750	-834.769	-1176.136	341.3668	1.202766	4.985817
66756	-844.1936	-1188.521	344.3275	1.348629	3.212785
66762	-834.2223	-1181.047	346.8249	1.447535	1.550286
66768	-841.3042	-1188.129	346.8249	1.447535	1.550286
66774	-846.5764	-1190.554	343.9775	1.106791	3.560022
66780	-840.4249	-1187.25	346.8249	1.447535	1.550286
66786	-840.8684	-1187.693	346.8249	1.447535	1.550286
66792	-845.6658	-1192.491	346.8249	1.447535	1.550286
66798	-847.513	-1194.338	346.8249	1.447535	1.550286
66804	-838.2273	-1185.052	346.8249	1.447535	1.550286
66810	-837.8359	-1184.661	346.8249	1.447535	1.550286
66816	-838.6173	-1185.442	346.8249	1.447535	1.550286
66822	-853.9493	-1198.791	344.8416	1.45126	2.843377
66828	-848.9079	-1193.138	344.2303	1.123778	3.402546
66834	-839.8632	-1185.55	345.6868	1.875583	2.043435
66840	-838.5252	-1185.35	346.8249	1.447535	1.550286
66846	-842.3829	-1189.208	346.8249	1.447535	1.550286
66852	-853.9698	-1200.031	346.0608	1.641026	1.950421
66858	-853.6206	-1199.888	346.2671	1.895547	1.63038
66864	-840.4013	-1187.226	346.8249	1.447535	1.550286
66870	-840.2984	-1187.123	346.8249	1.447535	1.550286
66876	-840.6705	-1187.495	346.8249	1.447535	1.550286
66882	-836.3309	-1183.156	346.8249	1.447535	1.550286
66888	-847.1056	-1193.93	346.8249	1.447535	1.550286
66894	-831.8423	-1176.941	345.0988	1.493037	2.660644
66900	-818.1655	-1164.002	345.8361	1.392606	2.260794
66906	-839.9059	-1183.566	343.66	1.404701	3.571424
66912	-830.1396	-1175.76	345.62	1.431992	2.373501
66918	-846.093	-1191.962	345.8688	1.527827	2.152265
66924	-842.1267	-1185.823	343.6962	1.344914	3.585122
66930	-852.0585	-1198.883	346.8249	1.447535	1.550286
66936	-843.0861	-1189.911	346.8249	1.447535	1.550286
66942	-842.2891	-1189.114	346.8249	1.447535	1.550286
66948	-848.1517	-1194.977	346.8249	1.447535	1.550286
66954	-854.3499	-1198.923	344.5733	1.346309	3.06804
66960	-840.3702	-1185.22	344.8494	1.496535	2.811149
66966	-849.524	-1193.442	343.918	1.369735	3.441388
66972	-850.5637	-1197.389	346.8249	1.447535	1.550286
66978	-844.7337	-1191.559	346.8249	1.447535	1.550286
66984	-842.8222	-1187.193	344.3709	1.376169	3.170742
66990	-844.0057	-1190.831	346.8249	1.447535	1.550286
66996	-842.1064	-1188.931	346.8249	1.447535	1.550286
67002	-846.2129	-1193.038	346.8249	1.447535	1.550286
67008	-847.0921	-1193.917	346.8249	1.447535	1.550286
67014	-856.1534	-1202.978	346.8249	1.447535	1.550286
67020	-853.7441	-1200.569	346.8249	1.447535	1.550286
67026	-852.8486	-1199.673	346.8249	1.447535	1.550286
67032	-848.9695	-1194.916	345.9463	1.552073	2.085684
67038	-846.177	-1192.069	345.8919	1.478098	2.169601
67044	-837.1201	-1182.637	345.5174	1.493216	2.399651
67050	-840.602	-1186.066	345.4643	1.335672	2.531792
67056	-848.3427	-1194.187	345.8448	1.497413	2.187628
67062	-844.3513	-1189.551	345.1993	1.621517	2.518805
67068	-846.1679	-1191.924	345.7563	1.514705	2.233613
67074	-839.7455	-1185.105	345.3592	1.463951	2.517326
67080	-847.0052	-1192.716	345.7111	1.455437	2.300604
67086	-848.7268	-1194.004	345.2775	1.484482	2.55542
67092	-829.7637	-1174.951	345.1872	1.567502	2.559915
67098	-833.7042	-1178.864	345.1595	1.581121	2.568686
67104	-838.3379	-1184.282	345.944	1.516358	2.110613
67110	-835.4278	-1181.321	345.8935	1.41152	2.211679
67116	-839.8448	-1185.359	345.5137	1.259426	2.54849
67122	-819.2094	-1165.117	345.9079	1.335313	2.251521
67128	-831.5099	-1177.808	346.2985	1.62821	1.797012
67134	-824.5762	-1170.513	345.9369	1.672016	2.012518
67140	-823.0213	-1168.065	345.0434	1.312989	2.804745
67146	-825.3923	-1171.221	345.8291	1.317752	2.313182
67152	-836.8239	-1183.301	346.477	1.923071	1.454657
67158	-839.1694	-1185.83	346.6602	1.962218	1.279189
67164	-834.0523	-1180.387	346.3347	1.966319	1.529139
67170	-828.2242	-1174.713	346.4892	1.963606	1.414174
67176	-841.4336	-1188.376	346.942	2.09114	0.8956051
67182	-847.268	-1194.042	346.7744	1.848054	1.279164
67188	-829.1563	-1174.996	345.8395	1.668657	2.079207
67194	-838.0563	-1184.654	346.5976	1.800291	1.456275
67200	-840.8381	-1187.702	346.8634	1.635905	1.377957
67206	-832.996	-1179.171	346.1748	1.82516	1.746004
67212	-826.2162	-1173.099	346.8824	1.845702	1.190402
67218	-837.4866	-1182.063	344.5768	1.404346	3.031227
67224	-867.4177	-1214.371	346.9535	2.116546	0.8525306
67230	-834.2561	-1179.192	344.9355	1.367797	2.837043
67236	-846.847	-1191.445	344.5983	1.43125	3.002215
67242	-837.344	-1183.873	346.5286	1.813193	1.498727
67248	-840.7192	-1187.52	346.8004	2.080453	1.052418
67254	-850.8716	-1197.697	346.825	2.065228	1.043428
67260	-847.3469	-1194.272	346.9252	1.734936	1.248038
67266	-859.3129	-1206.214	346.9013	1.758758	1.248038
67272	-852.7362	-1198.509	345.7725	1.757796	2.064647
67278	-840.7542	-1185.387	344.6325	1.435861	2.97889
67284	-860.5182	-1206.047	345.5292	1.336224	2.490941
67290	-835.7963	-1181.328	345.5315	1.455412	2.414632
67296	-842.6822	-1189.401	346.7185	1.803551	1.360018
67302	-844.286	-1190.805	346.5195	1.885835	1.450671
67308	-848.6516	-1194.789	346.1376	1.424408	2.043664
67314	-848.0267	-1194.142	346.1151	1.599964	1.94148
67320	-843.3012	-1188.1	344.799	1.369021	2.918871
67326	-848.7491	-1194.467	345.7181	1.475122	2.283592
67332	-841.2589	-1185.543	344.2838	1.392344	3.212826
67338	-842.6565	-1187.721	345.0643	1.255222	2.827184
67344	-856.6946	-1203.255	346.5603	1.638334	1.604366
67350	-843.6308	-1189.016	345.3852	1.353049	2.570138
67356	-838.5155	-1183.529	345.0133	1.410402	2.76375
67362	-844.059	-1189.602	345.5427	1.350596	2.473439
67368	-830.7069	-1176.007	345.3003	1.593072	2.473439
67374	-858.8196	-1205.196	346.3761	1.550114	1.797367
67380	-834.786	-1181.258	346.4723	1.600895	1.694331
67386	-834.7829	-1180.555	345.7722	1.427426	2.279456
67392	-835.8823	-1182.282	346.4001	1.791611	1.609394
67398	-832.5677	-1179.087	346.5198	1.573177	1.680334
67404	-837.4538	-1184.097	346.643	1.92323	1.324795
67410	-838.6321	-1185.52	346.888	2.167363	0.870003
67416	-834.6309	-1181.397	346.7663	2.26099	0.9022027
67422	-827.6989	-1174.556	346.8566	2.248498	0.8083783
67428	-836.5326	-1183.38	346.8471	1.92077	1.155756
67434	-848.8641	-1195.633	346.7685	2.338191	0.8062949
67440	-835.2371	-1182.006	346.7685	2.338191	0.8062949
67446	-837.1305	-1183.899	346.7685	2.338191	0.8062949
67452	-837.8008	-1184.569	346.7685	2.338191	0.8062949
67458	-839.8323	-1186.601	346.7685	2.338191	0.8062949
67464	-840.7512	-1187.52	346.7685	2.338191	0.8062949
67470	-845.5134	-1192.282	346.7685	2.338191	0.8062949
67476	-837.0134	-1183.782	346.7685	2.338191	0.8062949
67482	-845.718	-1192.487	346.7685	2.338191	0.8062949
67488	-849.8407	-1196.609	346.7685	2.338191	0.8062949
67494	-853.3649	-1200.133	346.7685	2.338191	0.8062949
67500	-854.8898	-1201.658	346.7685	2.338191	0.8062949
67506	-848.5709	-1195.339	346.7685	2.338191	0.8062949
67512	-849.9134	-1196.925	347.0121	2.17803	0.6778012
67518	-834.8692	-1181.492	346.6224	2.064039	1.22592
67524	-832.5103	-1178.5	345.9894	1.773996	1.908866
67530	-824.7368	-1171.23	346.4935	1.886747	1.469701
67536	-831.6509	-1177.827	346.1758	1.740881	1.803983
67542	-830.7653	-1176.812	346.0464	1.517526	2.042398
67548	-842.7149	-1188.686	345.9711	1.462725	2.127966
67554	-862.2017	-1208.279	346.0771	1.356735	2.127966
67560	-841.568	-1186.501	344.9326	1.512768	2.75052
67566	-839.9675	-1184.505	344.5371	1.24953	3.14725
67572	-851.1658	-1195.511	344.3448	1.406755	3.168102
67578	-827.1698	-1171.987	344.8167	1.354841	2.916766
67584	-837.5859	-1183.194	345.6085	1.273504	2.480532
67590	-855.1004	-1201.174	346.0737	1.458196	2.063564
67596	-855.5929	-1199.542	343.9496	1.2158	3.512811
67602	-829.4252	-1174.868	345.4431	1.326678	2.550565
67608	-830.3792	-1176.096	345.7172	1.446095	2.30267
67614	-839.3727	-1185.882	346.5092	1.442511	1.779681
67620	-843.7077	-1189.11	345.4023	1.23625	2.631877
67626	-838.3904	-1184.348	345.9572	1.598265	2.048022
67632	-844.498	-1190.638	346.1403	1.681705	1.868995
67638	-842.7021	-1188.734	346.0316	1.549179	2.031218
67644	-847.6668	-1193.669	346.0021	1.553203	2.048144
67650	-859.2306	-1205.942	346.7113	1.571339	1.542787
67656	-859.575	-1206.113	346.5383	1.744365	1.542787
67662	-851.2799	-1197.842	346.5622	1.804056	1.480269
67668	-852.9722	-1199.594	346.6215	1.989766	1.288335
67674	-850.8008	-1197.727	346.9261	1.698657	1.277309
67680	-834.1383	-1180.591	346.4526	1.801831	1.563553
67686	-825.1611	-1171.597	346.4357	1.679329	1.66456
67692	-830.3142	-1177.025	346.7105	1.782085	1.383195
67698	-829.9029	-1176.202	346.299	1.647119	1.783514
67704	-836.6968	-1183	346.3033	1.721614	1.728435
67710	-835.6825	-1181.912	346.229	1.615846	1.853381
67716	-813.3079	-1159.233	345.9255	1.508009	2.128152
67722	-818.792	-1164.214	345.4216	1.540417	2.430303
67728	-824.721	-1170.713	345.992	1.674737	1.973934
67734	-831.124	-1177.336	346.212	1.569571	1.896533
67740	-841.4874	-1186.887	345.3997	1.524198	2.454257
67746	-838.3626	-1184.29	345.9271	1.599741	2.0669
67752	-836.6185	-1182.516	345.897	1.583729	2.097275
67758	-841.826	-1187.657	345.8311	1.399264	2.259741
67764	-842.1521	-1188.229	346.0765	1.570529	1.987132
67770	-840.3407	-1186.541	346.2005	1.998898	1.603785
67776	-834.2307	-1180.784	346.5529	1.906696	1.408889
67782	-840.7089	-1186.88	346.1707	1.946291	1.66315
67788	-853.5533	-1199.972	346.4183	1.698722	1.66315
67794	-847.1547	-1193.367	346.2128	1.607229	1.87036
67800	-862.8055	-1209.209	346.4039	2.004365	1.448408
67806	-852.8881	-1199.584	346.6958	1.998039	1.219667
67812	-853.398	-1199.612	346.214	1.69759	1.807469
67818	-852.8244	-1199.11	346.2851	1.711472	1.74835
67824	-850.0799	-1196.404	346.3245	1.896237	1.588258
67830	-846.9776	-1193.903	346.9257	1.746016	1.238327
67836	-843.9697	-1191.085	347.1155	1.970794	0.8324377
67842	-824.0344	-1170.986	346.9512	2.130844	0.8378332
67848	-830.7774	-1177.254	346.4762	1.883471	1.485278
67854	-839.5678	-1186.268	346.7003	2.070659	1.153042
67860	-845.0913	-1191.557	346.4656	2.028558	1.382022
67866	-843.8918	-1190.506	346.6141	1.598719	1.594032
67872	-836.4129	-1181.59	345.177	1.425784	2.653938
67878	-841.0001	-1185.427	344.4267	1.296888	3.184689
67884	-839.4878	-1184.776	345.288	1.333472	2.642424
67890	-815.805	-1160.962	345.1571	1.464403	2.642424
67896	-822.5733	-1167.334	344.7603	1.403612	2.921389
67902	-819.3456	-1164.372	345.0264	1.317239	2.812554
67908	-831.0935	-1176.043	344.95	1.247387	2.901177
67914	-822.8708	-1166.242	343.3717	1.241286	3.832589
67920	-826.3118	-1170.582	344.27	1.369355	3.234577
67926	-822.6698	-1167.353	344.6827	1.245559	3.062822
67932	-826.0115	-1170.573	344.5613	1.306245	3.099104
67938	-822.2067	-1166.024	343.8175	1.009803	3.709067
67944	-829.3563	-1174.166	344.81	1.288658	2.96068
67950	-833.5561	-1179.001	345.4451	1.299467	2.56626
67956	-838.9627	-1184.808	345.8456	1.450733	2.217299
67962	-830.6797	-1176.084	345.4044	1.506869	2.462208
67968	-835.3567	-1179.517	344.1604	1.286489	3.348069
67974	-832.0033	-1177.537	345.5341	1.427218	2.430761
67980	-843.8888	-1189.701	345.8126	1.539258	2.181317
67986	-826.8373	-1172.05	345.2126	1.539258	2.561723
67992	-831.271	-1176.518	345.2474	1.411888	2.619091
67998	-837.895	-1181.97	344.0753	1.257546	3.414967
68004	-833.6583	-1177.362	343.7042	1.181378	3.67533
68010	-852.3229	-1198.295	345.9717	1.569542	2.057394
68016	-854.7159	-1201.031	346.3154	1.587986	1.81315
68022	-847.9316	-1193.789	345.8575	1.464894	2.200434
68028	-858.0478	-1202.951	344.903	1.212252	2.950725
68034	-855.3314	-1201.269	345.9378	1.522168	2.110885
68040	-861.0926	-1206.536	345.4435	1.413287	2.496291
68046	-856.8125	-1202.073	345.2604	1.445781	2.590038
68052	-848.8083	-1194.956	346.1478	1.680027	1.864997
68058	-850.0419	-1195.732	345.6899	1.759699	2.11768
68064	-846.189	-1191.874	345.6847	1.563646	2.248191
68070	-852.7551	-1197.703	344.9475	1.563646	2.710243
68076	-838.1438	-1184.311	346.1668	1.625575	1.889186
68082	-845.6894	-1190.483	344.7931	1.325122	2.948883
68088	-849.4781	-1194.131	344.6532	1.467436	2.947445
68094	-848.2918	-1193.602	345.3102	1.703698	2.397602
68100	-854.8407	-1199.733	344.8924	1.550252	2.752154
68106	-853.7145	-1198.103	344.3887	1.409011	3.140683
68112	-870.2052	-1214.962	344.757	1.601799	2.803293
68118	-859.1752	-1205.31	346.1348	1.428219	2.043015
68124	-856.4461	-1201.572	345.1259	1.351276	2.731047
68130	-844.6861	-1190.662	345.9761	1.60413	2.031599
68136	-848.0758	-1194.477	346.4017	1.715836	1.662811
68142	-859.1869	-1205.97	346.7831	1.646703	1.431935
68148	-834.8546	-1181.467	346.6123	1.862306	1.397257
68154	-835.8982	-1182.084	346.1853	1.862306	1.712478
68160	-844.5442	-1191.191	346.6468	1.862306	1.370254
68166	-836.3092	-1182.572	346.2626	1.610657	1.833911
68172	-844.9275	-1191.253	346.3251	1.789278	1.665064
68178	-838.1249	-1183.99	345.8652	1.496185	2.175137
68184	-844.755	-1190.468	345.7127	1.618079	2.194987
68190	-826.2172	-1172.061	345.844	1.323751	2.299822
68196	-820.4654	-1166.117	345.6515	1.513729	2.301479
68202	-826.908	-1173.244	346.3364	1.685383	1.730671
68208	-822.2028	-1167.707	345.5045	1.444248	2.438667
68214	-825.8502	-1170.655	344.8052	1.420908	2.883808
68220	-835.3098	-1180.099	344.7891	1.341774	2.941266
68226	-841.275	-1187.265	345.9896	1.582211	2.037168
68232	-836.7253	-1182.369	345.6433	1.620553	2.238246
68238	-840.1881	-1185.939	345.7504	1.513362	2.238246
68244	-836.591	-1182.414	345.8227	1.473599	2.217271
68250	-862.2272	-1207.506	345.2786	1.408291	2.601971
68256	-859.0443	-1203.852	344.8081	1.3284	2.937925
68262	-857.631	-1201.571	343.94	1.209022	3.522359
68268	-839.5468	-1183.487	343.94	1.209022	3.522359
68274	-829.5585	-1174.15	344.5918	1.35677	3.050727
68280	-830.9201	-1176.48	345.5594	1.537904	2.344721
68286	-840.0232	-1185.047	345.0241	1.249763	2.854886
68292	-848.8134	-1191.319	342.5053	1.126989	4.390949
68298	-853.2811	-1197.55	344.2688	1.067919	3.412668
68304	-853.5532	-1199.964	346.4109	1.536173	1.782871
68310	-842.1008	-1188.45	346.349	1.582886	1.793391
68316	-838.5934	-1183.849	345.2554	1.451208	2.589802
68322	-838.6756	-1184.101	345.4257	1.359736	2.540832
68328	-825.9492	-1171.088	345.1386	1.320045	2.742374
68334	-824.7048	-1170.271	345.5667	1.455585	2.392302
68340	-828.4867	-1173.557	345.0707	1.494995	2.676772
68346	-830.1122	-1175.584	345.472	1.345796	2.520683
68352	-840.3627	-1185.744	345.3812	1.508939	2.475415
68358	-833.2913	-1178.697	345.406	1.484222	2.475415
68364	-837.2077	-1182.105	344.8973	1.363949	2.862532
68370	-835.678	-1180.691	345.0131	1.504235	2.706476
68376	-833.697	-1179.995	346.2979	1.729902	1.72646
68382	-825.8106	-1172.264	346.4535	1.574223	1.72646
68388	-836.9766	-1183.519	346.5421	1.860647	1.452593
68394	-840.4858	-1187.049	346.5636	1.670916	1.578209
68400	-838.5863	-1184.395	345.8088	1.583214	2.155259
68406	-833.7246	-1180.083	346.3581	1.603996	1.772452
68412	-842.0275	-1187.579	345.5511	1.557954	2.337276
68418	-852.7216	-1198.33	345.6085	1.630111	2.25443
68424	-870.9132	-1216.951	346.0378	1.33254	2.16936
68430	-841.3079	-1183.099	341.7909	1.021589	4.850586
68436	-848.4439	-1192.01	343.5663	1.098437	3.802822
68442	-823.1744	-1168.545	345.3706	1.34811	2.582275
68448	-842.2386	-1188.219	345.9801	1.475061	2.113987
68454	-827.8747	-1174.01	346.1351	1.563452	1.952585
68460	-835.3704	-1181.724	346.3531	1.589658	1.785865
68466	-841.963	-1188.194	346.231	1.731163	1.772403
68472	-836.042	-1182.954	346.9117	1.78914	1.213749
68478	-845.6156	-1192.304	346.6882	1.914455	1.295374
68484	-843.9097	-1190.629	346.719	1.904601	1.278251
68490	-837.6845	-1183.992	346.3077	1.699526	1.740904
68496	-841.449	-1188.214	346.7646	1.802344	1.324223
68502	-845.9724	-1192.311	346.3386	1.727278	1.699526
68508	-844.2055	-1190.531	346.326	1.70208	1.72625
68514	-837.0094	-1183.221	346.2119	1.602331	1.874311
68520	-836.4086	-1182.229	345.8202	1.551312	2.168614
68526	-836.043	-1181.31	345.2675	1.223192	2.722786
68532	-852.9105	-1196.864	343.9534	1.087652	3.585197
68538	-859.1818	-1203.115	343.9334	1.107629	3.585197
68544	-858.0069	-1200.793	342.7857	1.034159	4.284916
68550	-856.9185	-1200.686	343.7675	1.180239	3.639352
68556	-848.6244	-1194.255	345.6303	1.448763	2.356307
68562	-843.2613	-1189.418	346.1572	1.524562	1.96391
68568	-844.018	-1190.147	346.1286	1.722347	1.849178
68574	-828.6239	-1175.339	346.715	1.843256	1.331256
68580	-838.7887	-1184.295	345.5059	1.607696	2.334407
68586	-844.1265	-1189.615	345.4881	1.578362	2.364287
68592	-839.5585	-1184.917	345.3583	1.62797	2.415039
68598	-844.9615	-1190.789	345.8274	1.713195	2.05781
68604	-834.9821	-1181.061	346.079	1.688478	1.906114
68610	-861.2276	-1207.426	346.198	1.70197	1.815506
68616	-853.7031	-1199.398	345.6948	1.464532	2.305221
68622	-850.0034	-1194.556	344.5531	1.438506	3.024962
68628	-846.2249	-1190.449	344.2244	1.355511	3.269681
68634	-836.9055	-1182.078	345.1723	1.340406	2.709269
68640	-850.7359	-1196.379	345.6429	1.543194	2.28813
68646	-856.0576	-1202.375	346.3171	1.773912	1.681678
68652	-845.3127	-1191.444	346.1313	1.577069	1.945994
68658	-840.5699	-1186.557	345.9872	1.721234	1.945994
68664	-838.1575	-1184.417	346.2594	1.643624	1.813375
68670	-837.027	-1183.808	346.7809	1.783298	1.326445
68676	-845.2682	-1191.958	346.6894	1.951796	1.263786
68682	-840.8901	-1187.891	347.0008	2.128012	0.7762904
68688	-836.4801	-1183.459	346.9788	1.952791	1.002984
68694	-834.678	-1181.717	347.0387	1.985696	0.9054071
68700	-844.5404	-1191.269	346.7289	1.789557	1.362841
68706	-851.8671	-1198.534	346.6671	1.585909	1.564645
68712	-836.4171	-1182.414	345.9967	1.621118	2.006618
68718	-830.7224	-1175.875	345.1523	1.488962	2.630212
68724	-824.5479	-1169.87	345.3224	1.318853	2.630212
68730	-822.8625	-1166.984	344.1216	1.306761	3.35892
68736	-823.3297	-1168.801	345.4717	1.462007	2.44812
68742	-837.312	-1179.044	341.7323	1.05219	4.866238
68748	-855.0134	-1198.866	343.8526	1.189052	3.584822
68754	-839.7109	-1183.105	343.3944	1.33192	3.767343
68760	-849.8929	-1195.003	345.1098	1.598945	2.588434
68766	-843.4406	-1190.039	346.5985	1.612445	1.595358
68772	-853.0797	-1195.303	342.2236	1.210048	4.502816
68778	-839.488	-1185.241	345.7527	1.241058	2.410285
68784	-843.7953	-1189.375	345.5801	1.41367	2.410285
68790	-839.6961	-1185.464	345.768	1.659414	2.132175
68796	-829.9689	-1175.822	345.8534	1.351983	2.275783
68802	-834.2253	-1178.884	344.659	1.368717	3.003271
68808	-840.855	-1186.769	345.9145	1.514535	2.131109
68814	-828.8084	-1174.746	345.9377	1.491314	2.131109
68820	-837.7038	-1182.095	344.3908	1.293584	3.2079
68826	-832.3933	-1178.783	346.3896	1.756833	1.642033
68832	-851.683	-1198.25	346.5671	1.795719	1.482898
68838	-843.88	-1190.176	346.2957	1.937736	1.578938
68844	-846.014	-1191.045	345.0311	1.28359	2.830119
68850	-826.388	-1171.572	345.1841	1.430613	2.646592
68856	-831.9677	-1177.78	345.8127	1.491673	2.212093
68862	-825.0912	-1170.539	345.4475	1.586366	2.384961
68868	-825.5354	-1170.25	344.7146	1.423645	2.936861
68874	-838.4496	-1184.059	345.6093	1.708384	2.203505
68880	-851.5714	-1197.457	345.8856	1.346715	2.258509
68886	-848.4225	-1194.888	346.466	1.554206	1.731795
68892	-845.3115	-1191.482	346.1702	1.676286	1.852258
68898	-837.1299	-1183.641	346.5111	1.696139	1.598053
68904	-827.3462	-1173.509	346.163	1.342384	2.081046
68910	-831.9321	-1177.806	345.8744	1.392053	2.236535
68916	-823.1359	-1168.438	345.3025	1.406993	2.587985
68922	-839.9757	-1186.588	346.6119	1.690211	1.528336
68928	-856.889	-1203.354	346.4654	1.773346	1.575082
68934	-837.4712	-1181.602	344.1306	1.187145	3.423833
68940	-830.7638	-1174.732	343.9686	1.241022	3.487017
68946	-832.0786	-1176.248	344.1691	1.263992	3.356155
68952	-819.6343	-1164.711	345.0771	1.339339	2.76816
68958	-824.4926	-1169.587	345.0946	1.376264	2.734907
68964	-821.0995	-1166.142	345.0426	1.216969	2.863528
68970	-821.4705	-1166.88	345.4091	1.372888	2.542953
68976	-824.8952	-1170.337	345.4416	1.34042	2.542953
68982	-834.1602	-1178.994	344.8336	1.110259	3.053546
68988	-823.4542	-1167.707	344.2531	1.23636	3.323004
68994	-828.5759	-1172.919	344.3435	1.350043	3.202471
69000	-848.2642	-1193.083	344.8188	1.218349	2.997635
69006	-846.4344	-1189.343	342.9083	1.094456	4.181247
69012	-841.2187	-1187.13	345.9116	1.573144	2.094594
69018	-844.9342	-1190.445	345.5106	1.517389	2.388695
69024	-842.6466	-1188.005	345.3581	1.322861	2.605672
69030	-840.643	-1186.003	345.3604	1.320506	2.605672
69036	-847.9761	-1192.531	344.555	1.264057	3.127961
69042	-849.3941	-1194.156	344.7616	1.057445	3.127961
69048	-846.4893	-1192.042	345.5525	1.264242	2.521313
69054	-837.2499	-1182.956	345.706	1.277985	2.416459
69060	-827.0571	-1173.259	346.2024	1.593113	1.887025
69066	-835.9268	-1181.976	346.0488	1.555611	2.01552
69072	-845.4535	-1191.363	345.9098	1.784051	1.955774
69078	-834.2322	-1180.853	346.6213	1.876126	1.379453
69084	-833.6597	-1180.224	346.5638	1.933587	1.379453
69090	-838.7963	-1185.295	346.4985	1.711767	1.595866
69096	-856.9686	-1203.414	346.4451	1.943303	1.463536
69102	-847.3648	-1193.863	346.4983	1.870677	1.478276
69108	-843.1158	-1189.221	346.1055	1.72182	1.865352
69114	-839.498	-1185.732	346.2337	1.595154	1.864293
69120	-832.2373	-1178.067	345.8302	1.554344	2.160128
69126	-828.7332	-1174.62	345.8871	1.544372	2.129531
69132	-846.0969	-1191.528	345.4306	1.367445	2.53296
69138	-839.0209	-1182.718	343.6967	1.219431	3.657668
69144	-839.8496	-1185.424	345.5739	1.413274	2.414435
69150	-859.6666	-1205.264	345.5977	1.386433	2.416382
69156	-847.9154	-1193.836	345.921	1.503928	2.133766
69162	-850.6839	-1197.112	346.4284	1.729933	1.633475
69168	-854.7652	-1200.781	346.0154	1.503405	2.072241
69174	-853.7757	-1199.967	346.1914	1.668609	1.842998
69180	-854.5883	-1200.865	346.2766	1.583369	1.842998
69186	-855.4629	-1201.716	346.2533	1.58855	1.855437
69192	-848.1448	-1194.372	346.2275	1.726931	1.777781
69198	-853.7068	-1199.787	346.0801	1.554797	1.99524
69204	-853.3592	-1199.563	346.204	1.758227	1.772322
69210	-860.7792	-1206.205	345.4262	1.414248	2.506509
69216	-844.1045	-1189.495	345.3907	1.406033	2.533821
69222	-850.0713	-1196.147	346.0752	1.513974	2.025643
69228	-835.401	-1181.287	345.8855	1.448043	2.193215
69234	-827.0632	-1172.88	345.8164	1.617327	2.128025
69240	-823.5941	-1169.639	346.0449	1.617327	1.976955
69246	-839.165	-1185.298	346.133	1.684651	1.871964
69252	-849.7676	-1194.685	344.9177	1.704222	2.642127
69258	-847.8375	-1192.755	344.9177	1.704222	2.642127
69264	-848.0872	-1193.005	344.9177	1.704222	2.642127
69270	-851.0954	-1197.084	345.9885	1.525268	2.075532
69276	-844.2517	-1190.257	346.0054	1.731723	1.926611
69282	-851.4782	-1196.396	344.9177	1.704222	2.642127
69288	-846.3839	-1191.302	344.9177	1.704222	2.642127
69294	-840.863	-1185.781	344.9177	1.704222	2.642127
69300	-835.563	-1180.481	344.9177	1.704222	2.642127
69306	-836.0663	-1180.984	344.9177	1.704222	2.642127
69312	-848.2372	-1194.578	346.3409	1.758869	1.6755
69318	-854.8154	-1200.164	345.349	1.568208	2.458442
69324	-847.1971	-1192.115	344.9177	1.704222	2.642127
69330	-852.5215	-1198.624	346.103	1.425299	2.065973
69336	-857.6909	-1203.948	346.2572	1.589931	1.851791
69342	-846.8389	-1191.85	345.0112	1.386381	2.779693
69348	-845.2234	-1188.543	343.3198	1.291835	3.833375
69354	-852.669	-1197.587	344.9177	1.704222	2.642127
69360	-841.2776	-1186.636	345.3584	1.241611	2.655641
69366	-837.0562	-1180.83	343.774	1.163386	3.645356
69372	-833.6403	-1178.857	345.2164	1.411112	2.638707
69378	-828.2859	-1174.525	346.2391	1.55484	1.888135
69384	-823.3487	-1169.415	346.0662	1.727722	1.888135
69390	-854.6163	-1199.534	344.9177	1.704222	2.642127
69396	-855.2134	-1200.131	344.9177	1.704222	2.642127
69402	-851.2992	-1196.217	344.9177	1.704222	2.642127
69408	-846.2433	-1191.161	344.9177	1.704222	2.642127
69414	-834.8049	-1180.786	345.981	1.581773	2.043189
69420	-833.7377	-1179.43	345.6921	1.602933	2.218122
69426	-825.4501	-1171.248	345.7982	1.496842	2.218122
69432	-845.6999	-1190.377	344.6774	1.269074	3.051975
69438	-845.558	-1190.743	345.1851	1.44104	2.639544
69444	-848.1358	-1194.058	345.9221	1.690401	2.01013
69450	-837.1318	-1183.514	346.3825	2.059769	1.422302
69456	-838.4338	-1184.587	346.1532	1.735853	1.82301
69462	-839.2975	-1184.482	345.1843	1.420248	2.652844
69468	-835.0458	-1181.065	346.0194	1.792186	1.876081
69474	-851.0555	-1195.973	344.9177	1.704222	2.642127
69480	-830.9356	-1177.531	346.5949	1.996023	1.304882
69486	-846.2449	-1192.93	346.6856	1.992796	1.232728
69492	-846.5411	-1192.867	346.3256	1.927281	1.564705
69498	-849.3868	-1195.805	346.4185	1.834356	1.564705
69504	-845.1002	-1190.018	344.9177	1.704222	2.642127
69510	-850.3189	-1195.237	344.9177	1.704222	2.642127
69516	-851.7342	-1196.652	344.9177	1.704222	2.642127
69522	-850.3063	-1195.224	344.9177	1.704222	2.642127
69528	-850.1781	-1195.096	344.9177	1.704222	2.642127
69534	-854.2579	-1199.176	344.9177	1.704222	2.642127
69540	-858.4083	-1203.326	344.9177	1.704222	2.642127
69546	-857.2142	-1202.132	344.9177	1.704222	2.642127
69552	-845.0608	-1189.978	344.9177	1.704222	2.642127
69558	-842.1311	-1187.049	344.9177	1.704222	2.642127
69564	-852.753	-1198.187	345.4339	1.569221	2.404364
69570	-849.662	-1195.04	345.3781	1.625031	2.404364
69576	-848.2691	-1193.186	344.9173	1.512217	2.7602
69582	-844.711	-1190.421	345.7097	1.537647	2.248824
69588	-845.245	-1191.816	346.5708	1.728681	1.530281
69594	-844.7661	-1190.777	346.0107	1.871999	1.827417
69600	-837.604	-1183.717	346.1131	1.769531	1.827417
69606	-828.5481	-1174.367	345.8188	1.529542	2.183613
69612	-846.1715	-1191.882	345.7101	1.638285	2.183613
69618	-832.4621	-1179.179	346.7166	1.956594	1.23707
69624	-825.98	-1172.805	346.8249	2.121272	0.9883477
69630	-822.042	-1168.386	346.3437	1.938156	1.54333
69636	-835.414	-1182.019	346.6051	1.758462	1.482295
69642	-840.652	-1187.459	346.8074	1.815813	1.278601
69648	-826.1605	-1172.573	346.4127	1.623107	1.72078
69654	-823.0723	-1169.28	346.208	1.486626	1.955251
69660	-829.9296	-1176.025	346.0951	1.611976	1.946877
69666	-827.0617	-1173.591	346.5291	1.7684	1.531758
69672	-828.765	-1175.349	346.5836	1.809524	1.459924
69678	-832.0953	-1177.992	345.8968	1.722268	2.005808
69684	-835.062	-1180.959	345.8968	1.722268	2.005808
69690	-828.2608	-1173.755	345.4945	1.49264	2.4145
69696	-838.7738	-1184.303	345.529	1.39906	2.451677
69702	-825.9249	-1171.585	345.6601	1.581124	2.252774
69708	-834.6879	-1179.731	345.043	1.134227	2.913312
69714	-853.97	-1198.888	344.9177	1.704222	2.642127
69720	-836.7223	-1180.989	344.2668	1.216889	3.326416
69726	-831.53	-1176.493	344.963	1.291308	2.866765
69732	-847.4534	-1192.371	344.9177	1.704222	2.642127
69738	-848.0745	-1192.992	344.9177	1.704222	2.642127
69744	-849.2351	-1194.153	344.9177	1.704222	2.642127
69750	-851.9452	-1196.863	344.9177	1.704222	2.642127
69756	-847.731	-1192.649	344.9177	1.704222	2.642127
69762	-843.8784	-1188.796	344.9177	1.704222	2.642127
69768	-846.3356	-1191.253	344.9177	1.704222	2.642127
69774	-843.9661	-1189.855	345.8893	1.527889	2.138872
69780	-851.1738	-1196.092	344.9177	1.704222	2.642127
69786	-855.8571	-1200.775	344.9177	1.704222	2.642127
69792	-845.2731	-1191.027	345.7534	1.548739	2.213556
69798	-826.3009	-1172.481	346.18	1.554008	1.928703
69804	-825.1728	-1171.347	346.1741	1.480524	1.98205
69810	-821.9775	-1168.438	346.4602	1.616026	1.692211
69816	-825.4942	-1171.28	345.7857	1.560407	2.185064
69822	-825.916	-1172.02	346.1043	1.495919	2.018329
69828	-832.4996	-1178.631	346.1316	1.642043	1.90193
69834	-865.4996	-1211.925	346.4256	1.99413	1.439661
69840	-836.9352	-1182.961	346.026	1.462643	2.092057
69846	-840.0007	-1184.307	344.3064	1.445227	3.168021
69852	-837.9223	-1181.979	344.0563	1.22788	3.44348
69858	-831.2038	-1174.11	342.9064	1.043619	4.211182
69864	-838.165	-1180.93	342.7654	1.184567	4.211182
69870	-840.4089	-1185.584	345.1756	1.293272	2.73616
69876	-830.6524	-1175.805	345.1524	1.316446	2.73616
69882	-829.9174	-1175.682	345.765	1.468561	2.257675
69888	-830.0407	-1175.847	345.806	1.312373	2.33137
69894	-840.1705	-1186.163	345.9927	1.618539	2.010997
69900	-836.7057	-1182.607	345.9018	1.408916	2.207995
69906	-837.6033	-1181.125	343.5219	1.091373	3.832421
69912	-824.3205	-1170.085	345.7647	1.414924	2.292238
69918	-813.5611	-1159.326	345.7647	1.414924	2.292238
69924	-819.0011	-1164.848	345.8466	1.500037	2.18474
69930	-829.008	-1174.934	345.9256	1.41257	2.190199
69936	-827.8201	-1172.821	345.0007	1.336976	2.816129
69942	-824.0376	-1168.31	344.2728	1.16033	3.356117
69948	-833.4829	-1176.732	343.2493	1.074496	3.998364
69954	-835.3682	-1179.061	343.6928	1.443876	3.529574
69960	-823.304	-1168.413	345.1088	1.296577	2.774952
69966	-837.0735	-1182.775	345.7011	1.468309	2.298799
69972	-830.3543	-1176.787	346.4323	1.671942	1.672306
69978	-826.3678	-1173.133	346.7652	1.732702	1.379058
69984	-830.18	-1176.564	346.3838	1.796869	1.617405
69990	-828.5755	-1174.745	346.1697	1.763132	1.792799
69996	-836.305	-1182.085	345.7797	1.576169	2.178751
70002	-832.7303	-1178.511	345.781	1.714799	2.08738
70008	-823.8319	-1168.168	344.3357	1.347685	3.208521
70014	-819.1135	-1163.449	344.3357	1.347685	3.208521
70020	-821.1763	-1165.512	344.3357	1.347685	3.208521
70026	-818.0259	-1162.362	344.3357	1.347685	3.208521
70032	-825.0432	-1169.379	344.3357	1.347685	3.208521
70038	-819.6018	-1163.937	344.3357	1.347685	3.208521
70044	-819.6265	-1163.962	344.3357	1.347685	3.208521
70050	-822.2248	-1166.561	344.3357	1.347685	3.208521
70056	-822.8082	-1167.144	344.3357	1.347685	3.208521
70062	-823.4394	-1167.775	344.3357	1.347685	3.208521
70068	-826.1849	-1171.162	344.977	1.347685	2.82406
70074	-838.4535	-1182.217	343.7633	1.14215	3.66382
70080	-829.7539	-1173.514	343.7597	1.145798	3.66382
70086	-828.6897	-1173.674	344.9846	1.317048	2.838046
70092	-823.4411	-1167.795	344.3538	1.278122	3.238967
70098	-830.3726	-1172.889	342.516	0.9492791	4.48506
70104	-832.4932	-1178.413	345.9198	1.554563	2.101415
70110	-829.513	-1174.85	345.3368	1.732986	2.362225
70116	-839.5335	-1184.87	345.3368	1.732986	2.362225
70122	-835.9359	-1181.273	345.3368	1.732986	2.362225
70128	-835.8849	-1181.222	345.3368	1.732986	2.362225
70134	-836.2941	-1181.631	345.3368	1.732986	2.362225
70140	-840.0834	-1185.42	345.3368	1.732986	2.362225
70146	-836.7528	-1182.09	345.3368	1.732986	2.362225
70152	-841.2215	-1186.558	345.3368	1.732986	2.362225
70158	-836.5187	-1181.856	345.3368	1.732986	2.362225
70164	-831.6353	-1176.972	345.3368	1.732986	2.362225
70170	-835.1669	-1180.504	345.3368	1.732986	2.362225
70176	-830.6406	-1175.977	345.3368	1.732986	2.362225
70182	-838.6932	-1184.909	346.2162	1.889145	1.67147
70188	-836.3248	-1182.71	346.3849	2.119879	1.373615
70194	-831.9677	-1178.162	346.1938	1.943029	1.648974
70200	-831.9531	-1176.61	344.6566	1.083563	3.174867
70206	-835.1734	-1180.491	345.3174	1.445999	2.554516
70212	-834.6919	-1180.316	345.6241	1.624431	2.248099
70218	-806.7695	-1153.302	346.5324	1.502827	1.721188
70224	-829.5245	-1175.017	345.4929	1.542546	2.383935
70230	-843.6596	-1190.033	346.3736	1.841034	1.592698
70236	-834.7133	-1181.379	346.6658	1.843236	1.370298
70242	-833.5417	-1180.19	346.6478	1.94135	1.306343
70248	-833.7932	-1179.653	345.8595	1.643492	2.082633
70254	-823.1195	-1169.098	345.9787	1.640793	2.005527
70260	-813.3456	-1158.743	345.3975	1.192734	2.661687
70266	-825.3086	-1169.687	344.3782	1.173992	3.286042
70272	-823.8732	-1168.224	344.3512	1.200985	3.286042
70278	-818.7723	-1163.657	344.8847	1.187569	2.97654
70284	-827.0033	-1171.6	344.5971	1.47519	2.97654
70290	-841.2027	-1186.373	345.1707	1.364198	2.695672
70296	-843.06	-1188.345	345.2845	1.437512	2.580224
70302	-835.4237	-1179.545	344.1212	1.278968	3.375502
70308	-845.2878	-1188.436	343.1487	1.316538	3.917385
70314	-836.8031	-1180.085	343.2819	1.096908	3.966881
70320	-832.0281	-1177.325	345.2969	1.555438	2.499119
70326	-842.1843	-1188.219	346.0349	1.749598	1.894554
70332	-836.2458	-1182.711	346.4651	1.749577	1.59266
70338	-829.7599	-1175.594	345.8341	1.749577	2.029305
70344	-840.1902	-1186.795	346.6051	1.716362	1.51391
70350	-843.3484	-1187.812	344.4633	1.284148	3.170534
70356	-859.0666	-1203.708	344.6409	1.323958	3.040942
70362	-839.5569	-1185.528	345.9707	1.587382	2.046282
70368	-838.7912	-1184.694	345.9027	1.655404	2.046282
70374	-837.0584	-1183.208	346.1493	1.757192	1.810974
70380	-834.7776	-1180.893	346.1152	1.771612	1.824596
70386	-842.5814	-1187.839	345.2576	1.431939	2.600354
70392	-840.9039	-1185.855	344.9514	1.502908	2.745046
70398	-828.8119	-1175.114	346.3023	1.599758	1.814031
70404	-835.9265	-1181.241	345.3147	1.399609	2.584993
70410	-833.565	-1176.316	342.7507	1.179541	4.222402
70416	-841.7938	-1187.474	345.6804	1.401935	2.35423
70422	-854.4628	-1199.748	345.2851	1.499582	2.54131
70428	-848.8763	-1191.052	342.1755	1.1489	4.564256
70434	-846.2188	-1190.571	344.3519	1.186219	3.294359
70440	-857.0245	-1201.014	343.9891	1.273908	3.455835
70446	-848.1351	-1193.02	344.8848	1.534378	2.76651
70452	-849.3656	-1193.559	344.1932	1.149295	3.409286
70458	-833.4559	-1176.969	343.5129	1.164715	3.795386
70464	-850.1226	-1195.565	345.4422	1.501965	2.441511
70470	-857.4624	-1203.336	345.8738	1.628598	2.082985
70476	-847.7793	-1193.844	346.0651	1.733418	1.884996
70482	-840.9935	-1186.453	345.4598	1.549439	2.400506
70488	-836.9898	-1183.283	346.2934	1.682922	1.762496
70494	-843.4282	-1189.53	346.1013	1.492688	2.022478
70500	-835.8206	-1182.046	346.2253	1.564005	1.891261
70506	-829.6008	-1175.729	346.1287	1.642558	1.90352
70512	-838.1041	-1183.911	345.8065	1.68109	2.092772
70518	-834.906	-1181.297	346.391	1.684804	1.69252
70524	-840.9333	-1187.206	346.2722	1.791875	1.700796
70530	-838.4371	-1183.853	345.4157	1.519889	2.446918
70536	-841.3494	-1186.718	345.3682	1.567439	2.446918
70542	-835.691	-1181.44	345.7487	1.501178	2.247211
70548	-841.3895	-1187.505	346.1153	1.354778	2.10424
70554	-841.8701	-1187.715	345.845	1.473545	2.20292
70560	-845.1888	-1191.304	346.1148	1.443714	2.04601
70566	-839.0672	-1184.842	345.775	1.417408	2.284113
70572	-859.8002	-1206.341	346.5411	1.578278	1.661458
70578	-842.2418	-1188.604	346.362	1.445744	1.878725
70584	-826.7444	-1172.15	345.4057	1.346904	2.561258
70590	-849.8864	-1196.713	346.8262	1.836455	1.245949
70596	-846.529	-1193.2	346.6707	2.091706	1.160511
70602	-854.7467	-1201.752	347.0057	1.914388	1.014368
70608	-842.4227	-1188.338	345.915	1.643404	2.046049
70614	-829.9679	-1175.432	345.4642	1.362076	2.515365
70620	-834.0188	-1179.56	345.5417	1.398767	2.443888
70626	-843.5948	-1189.154	345.5595	1.450698	2.399925
70632	-833.816	-1179.459	345.6433	1.366884	2.399925
70638	-839.374	-1184.962	345.5877	1.377551	2.428265
70644	-850.1304	-1195.791	345.6604	1.471274	2.32285
70650	-851.0893	-1195.71	344.621	1.293744	3.070927
70656	-851.3906	-1196.019	344.6283	1.332872	3.043157
70662	-842.9681	-1188.854	345.8863	1.364966	2.24634
70668	-852.085	-1194.25	342.1655	1.178852	4.553038
70674	-842.4694	-1187.567	345.0974	1.347124	2.751006
70680	-850.4782	-1195.232	344.7543	1.184513	3.056552
70686	-836.6108	-1181.809	345.1984	1.265912	2.73893
70692	-834.7174	-1180.745	346.0279	1.326259	2.179866
70698	-833.7311	-1179.568	345.8368	1.444014	2.227307
70704	-855.3689	-1200.296	344.9275	1.489133	2.768067
70710	-852.4927	-1198.277	345.7844	1.318842	2.340994
70716	-848.4317	-1193.985	345.5532	1.359819	2.461073
70722	-842.9717	-1189.192	346.2199	1.561356	1.896752
70728	-860.4798	-1206.862	346.3822	1.600501	1.758078
70734	-860.8213	-1206.366	345.5452	1.575689	2.329769
70740	-855.729	-1198.504	342.7746	1.03269	4.292044
70746	-851.918	-1195.396	343.4779	1.107179	3.848618
70752	-859.0714	-1202.358	343.2869	1.164488	3.925331
70758	-850.7687	-1195.873	345.1045	1.186028	2.844762
70764	-839.4708	-1184.112	344.6415	1.358421	3.019987
70770	-855.1172	-1200.197	345.0796	1.498087	2.669398
70776	-847.7647	-1192.463	344.6981	1.48707	2.908568
70782	-851.0751	-1197.135	346.0598	1.785368	1.853201
70788	-847.5745	-1194.448	346.874	1.763429	1.266826
70794	-846.0688	-1191.543	345.4742	1.476065	2.437728
70800	-840.9678	-1187.613	346.6457	1.876443	1.359959
70806	-859.6218	-1206.306	346.6843	1.935183	1.281589
70812	-841.4435	-1186.187	344.7433	1.415537	2.924456
70818	-843.5685	-1188.702	345.1336	1.392203	2.701272
70824	-822.5786	-1168.023	345.4439	1.392203	2.509228
70830	-830.2412	-1173.544	343.303	1.129133	3.936367
70836	-827.3185	-1172.784	345.465	1.237812	2.592113
70842	-824.7892	-1171.075	346.2861	1.603168	1.822844
70848	-829.5563	-1175.993	346.4371	1.616617	1.70818
70854	-841.4996	-1187.895	346.3957	1.745119	1.646076
70860	-823.5825	-1169.624	346.0416	1.545372	2.027153
70866	-831.1423	-1177.664	346.5213	1.504358	1.727968
70872	-833.2823	-1177.343	344.0606	1.274951	3.413402
70878	-843.2883	-1188.808	345.5201	1.563475	2.35348
70884	-826.4486	-1172.062	345.6139	1.590202	2.276611
70890	-831.2358	-1177.588	346.3519	1.648945	1.745338
70896	-841.1335	-1187.701	346.5678	1.761036	1.50842
70902	-833.7353	-1179.799	346.0641	1.394739	2.111625
70908	-835.4656	-1181.736	346.2708	1.566521	1.858536
70914	-828.5719	-1174.949	346.3768	1.460515	1.858536
70920	-833.3817	-1178.954	345.572	1.444741	2.395795
70926	-832.7296	-1177.916	345.1863	1.502702	2.600679
70932	-853.2681	-1199.61	346.3423	1.639156	1.758923
70938	-847.1614	-1193.281	346.1197	1.637846	1.912817
70944	-855.1883	-1200.639	345.4503	1.451867	2.467894
70950	-854.3972	-1200.176	345.7792	1.732402	2.07696
70956	-854.1908	-1199.108	344.917	1.643927	2.679669
70962	-848.9662	-1194.93	345.9638	1.713352	1.966972
70968	-840.7641	-1186.731	345.9665	1.713352	1.965197
70974	-837.8213	-1184.186	346.3648	1.926637	1.536288
70980	-831.2307	-1177.868	346.6374	1.796942	1.428404
70986	-832.8884	-1179.574	346.6858	1.772586	1.409838
70992	-841.6098	-1188.166	346.5561	1.824674	1.469299
70998	-826.4295	-1172.846	346.4165	1.721954	1.647797
71004	-829.1012	-1174.33	345.229	1.329643	2.681106
71010	-838.6796	-1183.177	344.497	1.270585	3.158592
71016	-839.8233	-1185.331	345.5078	1.41982	2.451954
71022	-837.4399	-1182.866	345.4257	1.501878	2.451954
71028	-841.6524	-1187.783	346.131	1.651941	1.895629
71034	-834.1887	-1180.102	345.9132	1.707151	2.00493
71040	-842.22	-1186.487	344.2666	1.397705	3.219823
71046	-833.642	-1178.208	344.5659	1.146457	3.191337
71052	-857.8503	-1204.408	346.5574	1.615643	1.622917
71058	-844.7273	-1190.673	345.9458	1.605379	2.050855
71064	-850.1075	-1195.98	345.8724	1.48675	2.17662
71070	-851.8955	-1197.233	345.3372	1.336399	2.610221
71076	-850.5558	-1195.142	344.5863	1.253589	3.115564
71082	-858.3438	-1203.222	344.8778	1.333752	2.892635
71088	-866.759	-1211.695	344.9358	1.370559	2.835194
71094	-854.3385	-1199.273	344.934	1.140968	2.974908
71100	-843.389	-1189.686	346.2971	1.668337	1.770137
71106	-839.862	-1186.147	346.2846	1.78298	1.698333
71112	-844.5936	-1190.825	346.2317	1.703121	1.791406
71118	-838.1288	-1184.679	346.5497	1.813244	1.482767
71124	-842.7239	-1189.222	346.4977	1.6047	1.673579
71130	-835.6591	-1181.525	345.8654	1.546669	2.142162
71136	-839.5923	-1185.386	345.7942	1.500562	2.218291
71142	-846.1036	-1190.158	344.0546	1.209491	3.455186
71148	-838.6031	-1182.945	344.3423	1.252441	3.26095
71154	-858.5458	-1203.215	344.6691	1.274614	3.053634
71160	-848.9778	-1193.6	344.622	1.154126	3.15347
71166	-837.6744	-1183.239	345.5641	1.325853	2.475557
71172	-836.7831	-1181.701	344.9182	1.338397	2.865354
71178	-834.1995	-1180.505	346.3051	1.525889	1.862857
71184	-830.9092	-1176.954	346.0445	1.737857	1.896025
71190	-839.8526	-1186.379	346.5264	1.474912	1.745037
71196	-842.8141	-1189.171	346.3567	1.670327	1.72698
71202	-850.9268	-1197.314	346.3871	1.639906	1.72698
71208	-838.4382	-1183.915	345.4767	1.539677	2.395994
71214	-832.3353	-1178.706	346.3705	1.453715	1.867525
71220	-839.1259	-1185.137	346.011	1.390888	2.148789
71226	-825.6625	-1171.443	345.7803	1.39877	2.292624
71232	-822.5845	-1168.411	345.8269	1.36184	2.286413
71238	-827.2263	-1173.547	346.321	1.595829	1.803818
71244	-836.5029	-1182.277	345.7737	1.511521	2.224475
71250	-838.5775	-1184.889	346.3116	1.69562	1.740905
71256	-838.4421	-1184.503	346.0606	1.504008	2.041947
71262	-829.6033	-1175.941	346.3373	1.567522	1.812125
71268	-828.957	-1175.354	346.3967	1.508151	1.812125
71274	-842.1192	-1186.835	344.7158	1.204165	3.067811
71280	-836.3397	-1181.438	345.0986	1.312499	2.771444
71286	-832.2491	-1177.456	345.2068	1.347146	2.683992
71292	-832.7753	-1177.629	344.8539	1.281765	2.938395
71298	-835.377	-1180.958	345.5805	1.585908	2.300726
71304	-839.9414	-1185.657	345.7152	1.529771	2.250375
71310	-834.7156	-1179.655	344.9394	1.219842	2.924172
71316	-831.2612	-1176.18	344.9184	1.435861	2.806089
71322	-830.7002	-1174.481	343.7807	1.148884	3.649843
71328	-834.0524	-1177.039	342.987	0.9932854	4.194002
71334	-840.9897	-1183.485	342.4949	1.050363	4.439989
71340	-856.6588	-1202.385	345.7259	1.654967	2.16249
71346	-857.4681	-1203.327	345.8592	1.521689	2.16249
71352	-847.7852	-1194.018	346.233	1.623683	1.84527
71358	-856.4626	-1202.553	346.0902	1.664807	1.914544
71364	-859.8232	-1206.228	346.4052	1.792378	1.605076
71370	-855.124	-1201.577	346.4529	1.659669	1.666345
71376	-844.0921	-1190.5	346.4075	1.575345	1.757934
71382	-830.4026	-1176.963	346.5599	1.593374	1.63711
71388	-834.0964	-1180.478	346.3815	1.624269	1.741889
71394	-839.9126	-1186.191	346.2788	1.688897	1.768496
71400	-824.0451	-1170.536	346.4906	1.646765	1.648563
71406	-823.283	-1169.774	346.4906	1.646765	1.648563
71412	-819.2014	-1165.692	346.4906	1.646765	1.648563
71418	-826.9829	-1173.474	346.4906	1.646765	1.648563
71424	-829.3837	-1175.874	346.4906	1.646765	1.648563
71430	-823.362	-1169.853	346.4906	1.646765	1.648563
71436	-820.488	-1166.979	346.4906	1.646765	1.648563
71442	-820.1231	-1166.614	346.4906	1.646765	1.648563
71448	-818.4858	-1164.976	346.4906	1.646765	1.648563
71454	-825.4921	-1171.983	346.4906	1.646765	1.648563
71460	-832.3512	-1178.842	346.4906	1.646765	1.648563
71466	-832.2856	-1178.776	346.4906	1.646765	1.648563
71472	-827.7149	-1174.206	346.4906	1.646765	1.648563
71478	-822.4666	-1168.957	346.4906	1.646765	1.648563
71484	-819.4061	-1165.897	346.4906	1.646765	1.648563
71490	-815.766	-1162.257	346.4906	1.646765	1.648563
71496	-814.4409	-1160.931	346.4906	1.646765	1.648563
71502	-806.9722	-1153.463	346.4906	1.646765	1.648563
71508	-812.2212	-1158.712	346.4906	1.646765	1.648563
71514	-818.8478	-1165.338	346.4906	1.646765	1.648563
71520	-818.7593	-1165.25	346.4906	1.646765	1.648563
71526	-818.0475	-1164.538	346.4906	1.646765	1.648563
71532	-821.3284	-1167.819	346.4906	1.646765	1.648563
71538	-823.3907	-1169.881	346.4906	1.646765	1.648563
71544	-821.1523	-1167.643	346.4906	1.646765	1.648563
71550	-823.0006	-1169.491	346.4906	1.646765	1.648563
71556	-825.3013	-1171.792	346.4906	1.646765	1.648563
71562	-850.1514	-1195.719	345.5675	1.529766	2.344753
71568	-840.6694	-1186.043	345.374	1.608441	2.417431
71574	-859.58	-1204.051	344.4713	1.269869	3.17427
71580	-860.8901	-1206.562	345.6716	1.504405	2.294607
71586	-847.661	-1193.233	345.5719	1.490313	2.367039
71592	-831.7993	-1178.29	346.4906	1.646765	1.648563
71598	-834.2683	-1180.759	346.4906	1.646765	1.648563
71604	-832.6285	-1179.119	346.4906	1.646765	1.648563
71610	-829.7436	-1176.234	346.4906	1.646765	1.648563
71616	-834.7196	-1181.21	346.4906	1.646765	1.648563
71622	-822.8867	-1169.377	346.4906	1.646765	1.648563
71628	-833.9518	-1180.442	346.4906	1.646765	1.648563
71634	-827.4435	-1173.934	346.4906	1.646765	1.648563
71640	-823.4497	-1169.94	346.4906	1.646765	1.648563
71646	-820.0534	-1166.544	346.4906	1.646765	1.648563
71652	-819.319	-1165.81	346.4906	1.646765	1.648563
71658	-818.5739	-1165.065	346.4906	1.646765	1.648563
71664	-827.0669	-1173.558	346.4906	1.646765	1.648563
71670	-824.6549	-1171.146	346.4906	1.646765	1.648563
71676	-826.7087	-1173.199	346.4906	1.646765	1.648563
71682	-827.2343	-1173.725	346.4906	1.646765	1.648563
71688	-825.5081	-1171.999	346.4906	1.646765	1.648563
71694	-828.8162	-1175.307	346.4906	1.646765	1.648563
71700	-831.4982	-1177.989	346.4906	1.646765	1.648563
71706	-832.3362	-1178.827	346.4906	1.646765	1.648563
71712	-824.0874	-1170.578	346.4906	1.646765	1.648563
71718	-825.898	-1172.389	346.4906	1.646765	1.648563
71724	-843.4264	-1190.133	346.7063	1.631914	1.501396
71730	-834.7635	-1181.254	346.4906	1.646765	1.648563
71736	-832.1526	-1178.643	346.4906	1.646765	1.648563
71742	-834.3257	-1180.816	346.4906	1.646765	1.648563
71748	-831.8557	-1178.346	346.4906	1.646765	1.648563
71754	-824.5156	-1171.006	346.4906	1.646765	1.648563
71760	-822.2693	-1168.76	346.4906	1.646765	1.648563
71766	-832.951	-1179.442	346.4906	1.646765	1.648563
71772	-820.9857	-1167.476	346.4906	1.646765	1.648563
71778	-830.1162	-1176.607	346.4906	1.646765	1.648563
71784	-821.9215	-1168.412	346.4906	1.646765	1.648563
71790	-819.9391	-1166.43	346.4906	1.646765	1.648563
71796	-819.0257	-1165.516	346.4906	1.646765	1.648563
71802	-824.3364	-1170.827	346.4906	1.646765	1.648563
71808	-821.1876	-1167.678	346.4906	1.646765	1.648563
71814	-819.5626	-1166.053	346.4906	1.646765	1.648563
71820	-830.2036	-1176.694	346.4906	1.646765	1.648563
71826	-832.5337	-1179.024	346.4906	1.646765	1.648563
71832	-830.586	-1177.077	346.4906	1.646765	1.648563
71838	-834.1112	-1180.602	346.4906	1.646765	1.648563
71844	-834.9579	-1181.449	346.4906	1.646765	1.648563
71850	-831.4213	-1177.912	346.4906	1.646765	1.648563
71856	-831.2523	-1177.743	346.4906	1.646765	1.648563
71862	-841.3933	-1187.956	346.563	1.662243	1.584928
71868	-846.8268	-1192.547	345.7197	1.748138	2.105686
71874	-846.4862	-1189.906	343.4195	1.183806	3.838158
71880	-832.8117	-1177.133	344.3217	1.27164	3.261795
71886	-835.4498	-1178.821	343.3716	1.020497	3.959308
71892	-847.8763	-1191.297	343.421	0.9797988	3.954301
71898	-849.2233	-1192.379	343.1561	1.052479	4.064121
71904	-848.6994	-1192.855	344.1558	1.263038	3.364517
71910	-837.1611	-1181.733	344.5722	1.293563	3.10015
71916	-853.0483	-1197.169	344.1211	1.363244	3.326027
71922	-848.0493	-1191.975	343.9253	1.058967	3.61814
71928	-857.7321	-1201.272	343.5403	1.150244	3.787929
71934	-867.2727	-1212.337	345.0645	1.318333	2.788688
71940	-856.4049	-1200.449	344.0444	1.43212	3.330645
71946	-853.2345	-1198.513	345.2784	1.399666	2.607453
71952	-850.8731	-1195.215	344.3419	1.142778	3.325807
71958	-851.0964	-1194.827	343.731	1.189794	3.65493
71964	-853.9199	-1198.066	344.1463	1.315648	3.339213
71970	-842.0243	-1187.685	345.6607	1.542664	2.277084
71976	-836.2129	-1182.194	345.9816	1.84679	1.864672
71982	-831.6931	-1178.003	346.3103	1.573453	1.826642
71988	-832.2023	-1178.56	346.358	1.557834	1.804535
71994	-846.514	-1192.965	346.451	1.629154	1.689414
72000	-824.2096	-1169.128	344.9185	1.46481	2.788364
72006	-829.8866	-1174.829	344.9424	1.515114	2.74311
72012	-821.6189	-1166.297	344.6785	1.340072	3.008792
72018	-836.6375	-1180.285	343.647	1.163432	3.718772
72024	-828.1447	-1171.425	343.2807	1.084699	3.974551
72030	-830.6519	-1176.463	345.8107	1.590988	2.148949
72036	-825.0525	-1171.114	346.062	1.605416	1.973516
72042	-823.7549	-1168.832	345.077	1.092306	2.918122
72048	-830.2477	-1173.402	343.1547	1.44507	3.840206
72054	-845.4068	-1188.968	343.5615	1.170371	3.764103
72060	-866.0971	-1209.563	343.4661	1.18512	3.810597
72066	-851.0017	-1193.943	342.9408	0.9920807	4.220867
72072	-832.6691	-1176.554	343.8844	0.900969	3.733234
72078	-839.9487	-1180.767	340.8182	0.8362082	5.491713
72084	-837.0752	-1180.744	343.6688	1.264373	3.647776
72090	-842.9976	-1186.789	343.7912	1.141992	3.647776
72096	-841.2606	-1183.756	342.4958	0.8960909	4.526335
72102	-837.534	-1180.306	342.7725	1.054131	4.2811
72108	-829.7618	-1172.837	343.0755	1.136686	4.06204
72114	-827.3435	-1173.057	345.7136	1.361436	2.358864
72120	-825.1449	-1169.505	344.3597	1.219498	3.270143
72126	-817.213	-1161.381	344.1681	1.015701	3.502086
72132	-822.2638	-1165.659	343.3957	0.9994537	3.957553
72138	-826.8729	-1170.709	343.8358	1.188561	3.59487
72144	-820.6675	-1163.223	342.5557	1.109485	4.372386
72150	-819.1585	-1162.162	343.0038	1.009926	4.175017
72156	-822.8293	-1164.325	341.4957	0.981475	5.037158
72162	-821.367	-1165.643	344.2761	1.144111	3.363697
72168	-837.8501	-1182.034	344.1836	1.236629	3.363697
72174	-821.5767	-1166.986	345.4089	1.283604	2.59854
72180	-822.4764	-1166.34	343.8638	1.158821	3.595918
72186	-821.18	-1165.741	344.5609	1.305722	3.099612
72192	-829.3154	-1174.849	345.5338	1.669033	2.277422
72198	-816.483	-1162.5	346.0171	1.424883	2.122626
72204	-818.1256	-1164.998	346.8722	1.644531	1.364267
72210	-818.8466	-1165.187	346.3401	1.864511	1.6
72216	-818.2275	-1164.234	346.0069	1.485854	2.089385
72222	-812.828	-1158.286	345.4579	1.516141	2.422735
72228	-824.8973	-1170.292	345.3943	1.598893	2.410667
72234	-822.556	-1168.233	345.6774	1.678888	2.178493
72240	-836.0594	-1182.516	346.4571	1.704465	1.631176
72246	-834.686	-1180.852	346.1662	1.673357	1.857009
72252	-848.7202	-1194.514	345.7942	1.23918	2.385258
72258	-835.5542	-1180.098	344.5441	1.334627	3.092432
72264	-833.7415	-1178.075	344.3331	1.429041	3.161794
72270	-825.9562	-1170.955	344.9988	1.35597	2.805739
72276	-827.3701	-1172.631	345.2614	1.457601	2.582121
72282	-835.8224	-1181.246	345.4232	1.59476	2.395033
72288	-832.5487	-1178.602	346.0529	1.705134	1.912519
72294	-824.8274	-1170.14	345.3127	1.333663	2.627047
72300	-831.5621	-1176.812	345.2499	1.396505	2.627047
72306	-827.5944	-1173.181	345.5861	1.463195	2.375199
72312	-832.4163	-1178.668	346.2515	1.483944	1.927775
72318	-833.5153	-1178.883	345.3681	1.260815	2.637815
72324	-827.8438	-1173.895	346.0516	1.518611	2.038229
72330	-827.9152	-1174.077	346.1614	1.490174	1.984097
72336	-833.5468	-1179.503	345.9566	1.529526	2.093724
72342	-833.1703	-1178.495	345.3247	1.415786	2.568778
72348	-824.4446	-1169.957	345.5123	1.505853	2.394911
72354	-829.8077	-1175.592	345.784	1.642829	2.132557
72360	-844.0935	-1189.703	345.6095	1.820019	2.130817
72366	-841.5054	-1187.348	345.8421	1.502245	2.186193
72372	-841.7438	-1187.392	345.6484	1.528625	2.293947
72378	-848.9395	-1195.344	346.4047	1.771733	1.620453
72384	-839.3597	-1185.203	345.8437	1.665925	2.078262
72390	-854.0699	-1200.111	346.0408	1.837262	1.83056
72396	-839.0731	-1185.346	346.2732	1.611586	1.825983
72402	-853.4378	-1199.112	345.6743	1.552282	2.262163
72408	-843.7556	-1189.608	345.8527	1.373884	2.262163
72414	-835.5581	-1181.65	346.0919	1.559428	1.984271
72420	-843.7298	-1189.534	345.8044	1.624651	2.131096
72426	-840.9096	-1186.819	345.9098	1.499047	2.144294
72432	-850.6037	-1196.504	345.9005	1.611843	2.076475
72438	-836.7268	-1182.703	345.976	1.766879	1.92274
72444	-844.3152	-1190.587	346.2713	1.524055	1.88713
72450	-830.3116	-1176.087	345.7751	1.293254	2.363148
72456	-835.666	-1181.28	345.6137	1.522536	2.319959
72462	-825.169	-1170.361	345.1921	1.427862	2.643334
72468	-826.6237	-1172.409	345.7854	1.394983	2.291775
72474	-835.232	-1181.696	346.4644	1.641011	1.671469
72480	-830.1257	-1175.557	345.4317	1.436241	2.489322
72486	-830.1606	-1175.809	345.6482	1.47861	2.32594
72492	-822.342	-1167.122	344.7802	1.308376	2.966739
72498	-832.1272	-1177.734	345.6072	1.590478	2.280681
72504	-830.8565	-1176.897	346.041	1.618098	1.979076
72510	-827.3796	-1172.98	345.6002	1.328995	2.450952
72516	-821.9962	-1167.713	345.7163	1.453764	2.298353
72522	-822.2609	-1167.98	345.7194	1.450668	2.298353
72528	-831.0304	-1176.445	345.4149	1.349629	2.553868
72534	-832.6928	-1177.548	344.8555	1.28907	2.933023
72540	-823.247	-1167.802	344.5545	1.150236	3.195847
72546	-828.3894	-1172.979	344.59	1.190225	3.151088
72552	-820.3728	-1165.458	345.0856	1.190225	2.853714
72558	-822.9825	-1168.839	345.8569	1.487163	2.186412
72564	-823.9938	-1169.465	345.4707	1.429622	2.469038
72570	-828.7883	-1174.932	346.1437	1.718826	1.841247
72576	-841.8018	-1187.399	345.5976	1.273418	2.487426
72582	-831.9909	-1174.576	342.5848	1.212909	4.297441
72588	-820.7056	-1165.745	345.0397	1.1837	2.88542
72594	-824.9164	-1170.7	345.7832	1.421612	2.27615
72600	-828.8218	-1174.555	345.7329	1.358836	2.348254
72606	-824.3478	-1170.93	346.582	1.582422	1.629076
72612	-837.1335	-1183.625	346.4913	1.605223	1.67779
72618	-836.1791	-1182.164	345.9852	1.486391	2.103242
72624	-830.3779	-1176.54	346.1625	1.378614	2.05747
72630	-829.0076	-1175.903	346.8954	1.667177	1.327726
72636	-828.1349	-1173.823	345.688	1.254556	2.442563
72642	-857.4113	-1202.466	345.0545	1.490793	2.689315
72648	-843.4076	-1188.84	345.4329	1.389569	2.517781
72654	-832.2415	-1177.065	344.8232	1.403297	2.88359
72660	-821.7202	-1167.304	345.5838	1.312518	2.471553
72666	-831.3065	-1176.101	344.7949	1.236685	3.000986
72672	-828.8546	-1174.904	346.049	1.442854	2.08992
72678	-816.9295	-1162.413	345.4835	1.517047	2.40601
72684	-821.6117	-1166.343	344.7311	1.291872	3.006126
72690	-830.9888	-1176.068	345.0795	1.239058	2.827789
72696	-829.1109	-1173.964	344.8526	1.312836	2.920454
72702	-815.4133	-1160.573	345.1598	1.418201	2.669203
72708	-823.1745	-1168.316	345.1418	1.436174	2.669203
72714	-822.3274	-1167.104	344.7765	1.487962	2.86059
72720	-824.9462	-1169.768	344.8221	1.442322	2.86059
72726	-830.5773	-1176.168	345.5911	1.489608	2.355288
72732	-828.9048	-1173.961	345.0565	1.252282	2.833726
72738	-832.2522	-1175.377	343.1249	1.353657	3.909736
72744	-828.0325	-1173.788	345.7557	1.473438	2.260508
72750	-817.2502	-1163.082	345.8317	1.62776	2.111219
72756	-834.4268	-1180.521	346.0938	1.62776	1.937106
72762	-831.0769	-1177.51	346.4334	1.528735	1.772417
72768	-822.5952	-1167.353	344.7574	1.480464	2.876718
72774	-825.8594	-1171.065	345.2058	1.412929	2.644079
72780	-848.2064	-1194.296	346.09	1.790151	1.829164
72786	-842.716	-1189.137	346.4213	1.658681	1.689527
72792	-818.5763	-1163.468	344.8918	1.299635	2.904762
72798	-819.5293	-1163.039	343.5101	1.013116	3.884169
72804	-832.8523	-1177.474	344.6218	1.332693	3.047143
72810	-825.94	-1171.136	345.1957	1.539349	2.57217
72816	-832.0623	-1177.21	345.1473	1.34156	2.723918
72822	-819.7234	-1165.604	345.8805	1.671298	2.050447
72828	-830.0191	-1176.479	346.4601	1.85005	1.522393
72834	-838.6648	-1184.484	345.8192	1.790794	2.011806
72840	-832.0422	-1178.16	346.118	1.65804	1.900309
72846	-826.1439	-1172.889	346.7448	1.744833	1.385508
72852	-833.1356	-1179.868	346.7326	1.757061	1.385508
72858	-818.2628	-1164.596	346.333	1.466051	1.884677
72864	-836.8002	-1182.614	345.8142	1.640098	2.114553
72870	-835.1024	-1180.849	345.747	1.501991	2.247784
72876	-857.9429	-1203.482	345.539	1.533654	2.360376
72882	-862.6283	-1208.441	345.813	1.567559	2.162695
72888	-861.3007	-1207.325	346.0239	1.544177	2.039635
72894	-841.7603	-1187.433	345.6732	1.469455	2.315885
72900	-833.2404	-1178.29	345.0501	1.337684	2.785649
72906	-830.6956	-1172.326	341.6309	0.8962531	5.009402
72912	-846.8449	-1190.248	343.4029	1.102326	3.894492
72918	-843.6305	-1188.041	344.4106	1.123225	3.29688
72924	-839.9548	-1183.702	343.747	1.073266	3.713103
72930	-840.8684	-1185.063	344.1943	1.282642	3.330398
72936	-835.0646	-1179.719	344.654	1.193005	3.111311
72942	-840.2527	-1185.974	345.7213	1.523504	2.250483
72948	-834.1557	-1180.434	346.2787	1.533526	1.875686
72954	-840.9457	-1186.455	345.5091	1.268629	2.545631
72960	-838.9018	-1183.825	344.9233	1.220819	2.933305
72966	-837.0948	-1180.675	343.58	1.137956	3.772139
72972	-854.5132	-1198.892	344.3783	1.29402	3.215082
72978	-854.282	-1198.032	343.7498	1.147965	3.668265
72984	-855.1738	-1198.713	343.5391	1.16872	3.777988
72990	-837.1582	-1181.698	344.5399	1.39692	3.057724
72996	-843.0147	-1188.058	345.0429	1.456931	2.717165
73002	-850.0699	-1191.093	341.0233	0.8220894	5.386586
73008	-852.7798	-1194.736	341.9562	0.879077	4.83791
73014	-833.5667	-1179.268	345.7015	1.565951	2.235879
73020	-821.7158	-1168.157	346.4409	1.798537	1.574592
73026	-834.4693	-1180.912	346.4425	1.643252	1.685462
73032	-837.3975	-1184.11	346.7127	1.74344	1.411581
73038	-838.1551	-1185.099	346.9437	1.695079	1.26576
73044	-847.5044	-1191.327	343.8231	1.108381	3.64877
73050	-828.8815	-1173.12	344.2385	1.059515	3.43534
73056	-836.2437	-1180.292	344.0484	1.249684	3.43534
73062	-828.6008	-1175.379	346.7781	1.769696	1.339622
73068	-823.5519	-1170.327	346.7746	1.873811	1.257729
73074	-819.1057	-1165.544	346.4386	1.521174	1.774063
73080	-838.3728	-1183.29	344.9169	1.523816	2.753335
73086	-852.9542	-1198.27	345.3154	1.408127	2.579298
73092	-836.9528	-1182.815	345.8617	1.384121	2.249803
73098	-845.4252	-1191.177	345.7522	1.493635	2.249803
73104	-847.6146	-1193.672	346.0576	1.576779	1.99558
73110	-849.8541	-1196.305	346.4506	1.598565	1.711375
73116	-834.2489	-1180.558	346.3094	1.73971	1.711375
73122	-864.1281	-1209.435	345.3071	1.456993	2.554135
73128	-869.8849	-1215.044	345.1588	1.310313	2.735999
73134	-825.8864	-1170.517	344.631	1.266647	3.081119
73140	-828.1072	-1172.061	343.9542	1.169543	3.537102
73146	-828.041	-1172.745	344.7038	1.29393	3.021296
73152	-829.708	-1174.592	344.8837	1.275753	2.924057
73158	-830.7775	-1174.696	343.9188	1.363359	3.444635
73164	-842.9782	-1188.36	345.3814	1.354152	2.571848
73170	-857.1179	-1203.363	346.2452	1.80747	1.708892
73176	-857.2757	-1203.518	346.2423	1.852275	1.679134
73182	-822.9533	-1165.589	342.6355	1.191267	4.280988
73188	-823.6257	-1167.177	343.5516	1.144623	3.784699
73194	-826.3164	-1169.789	343.4729	1.259237	3.763994
73200	-839.8814	-1183.83	343.9485	1.169357	3.540484
73206	-839.0316	-1182.095	343.0637	1.079724	4.101215
73212	-823.8396	-1169.022	345.182	1.155948	2.816009
73218	-842.8262	-1187.722	344.8959	1.325213	2.886798
73224	-842.3368	-1187.196	344.8596	1.361528	2.886798
73230	-838.3502	-1183.21	344.8596	1.361528	2.886798
73236	-837.6629	-1181.71	344.0472	1.156637	3.49038
73242	-848.2443	-1193.54	345.2962	1.227703	2.702418
73248	-839.0624	-1184.444	345.3821	1.395915	2.545474
73254	-843.9452	-1188.271	344.3255	1.120964	3.348317
73260	-854.6835	-1200.873	346.1892	1.425496	2.00872
73266	-860.6979	-1206.67	345.9721	1.595381	2.040076
73272	-850.0561	-1194.108	344.052	1.137041	3.499008
73278	-835.6887	-1179.449	343.7602	1.088223	3.696847
73284	-842.0462	-1184.755	342.7092	1.149259	4.263092
73290	-842.6603	-1185.496	342.8359	1.022499	4.263092
73296	-835.3136	-1177.511	342.1975	0.9547086	4.660779
73302	-821.1978	-1164.47	343.2722	1.015001	4.019269
73308	-822.4192	-1165.667	343.2479	1.114509	3.976253
73314	-837.7862	-1182.49	344.7039	1.139508	3.113475
73320	-825.8759	-1169.833	343.957	1.119685	3.564474
73326	-825.2808	-1169.358	344.0772	1.109587	3.500361
73332	-824.206	-1169.495	345.2887	1.24775	2.694727
73338	-820.1603	-1164.866	344.7059	1.337922	2.993647
73344	-827.9125	-1172.51	344.5979	1.262988	3.103041
73350	-830.4827	-1174.88	344.3977	1.282839	3.210184
73356	-822.2467	-1166.412	344.1651	1.202335	3.394675
73362	-827.0712	-1171.732	344.6612	1.18737	3.110401
73368	-830.3329	-1175.349	345.0165	1.26545	2.849978
73374	-838.6521	-1183.556	344.9042	1.466362	2.796153
73380	-833.4945	-1179.846	346.352	1.697002	1.711501
73386	-840.351	-1186.306	345.9553	1.61418	2.03872
73392	-835.7216	-1179.413	343.6917	1.368612	3.574013
73398	-834.9242	-1178.685	343.7606	1.257873	3.59831
73404	-835.5947	-1179.879	344.2847	1.368003	3.22667
73410	-852.7759	-1197.213	344.4367	1.040854	3.33003
73416	-840.9695	-1183.846	342.8768	1.15865	4.162652
73422	-838.7208	-1183.47	344.7489	1.381177	2.941776
73428	-843.505	-1189.091	345.5857	1.288013	2.485704
73434	-850.0057	-1192.665	342.659	1.08611	4.32722
73440	-846.5129	-1191.48	344.9675	1.264249	2.880385
73446	-852.5602	-1197.492	344.9322	1.312897	2.872342
73452	-846.2473	-1191.204	344.9563	1.288764	2.872342
73458	-845.191	-1190.061	344.8701	1.37492	2.872342
73464	-845.5357	-1190.077	344.5416	1.265043	3.135382
73470	-841.3771	-1184.822	343.4446	1.069564	3.889325
73476	-841.7725	-1187.37	345.5977	1.346699	2.441386
73482	-837.4532	-1182.828	345.375	1.3762	2.562096
73488	-844.3324	-1189.956	345.6239	1.271865	2.471911
73494	-819.0845	-1164.679	345.5943	1.301472	2.471911
73500	-848.3797	-1193.81	345.4306	1.301472	2.574021
73506	-845.8374	-1190.912	345.0744	1.366182	2.753452
73512	-858.8904	-1202.725	343.835	1.10964	3.641126
73518	-858.1263	-1201.225	343.0991	1.220384	4.000825
73524	-845.6099	-1190.792	345.1822	1.369481	2.685365
73530	-836.8655	-1181.835	344.9693	1.455912	2.762811
73536	-847.1545	-1191.48	344.3255	1.428241	3.166764
73542	-836.1663	-1181.853	345.6868	1.51975	2.275038
73548	-831.5227	-1176.658	345.1355	1.552463	2.601326
73554	-829.5175	-1173.994	344.4769	1.263003	3.175035
73560	-834.0089	-1178.252	344.2435	1.258547	3.31561
73566	-831.9654	-1176.246	344.2807	1.221352	3.31561
73572	-830.7127	-1176.684	345.9711	1.411475	2.16139
73578	-853.3847	-1199.592	346.2068	1.650087	1.84512
73584	-828.0454	-1173.075	345.03	1.370116	2.778128
73590	-825.014	-1169.057	344.0426	0.9876637	3.591451
73596	-820.4215	-1163.211	342.7895	0.9745461	4.3165
73602	-828.4807	-1172.547	344.0665	1.123501	3.498439
73608	-824.8675	-1168.458	343.5902	1.062809	3.809578
73614	-831.8787	-1177.342	345.463	1.1866	2.625065
73620	-832.5989	-1177.843	345.2439	1.405656	2.625065
73626	-828.9656	-1174.467	345.5015	1.458601	2.431503
73632	-834.9626	-1180.484	345.5217	1.438421	2.431503
73638	-841.1644	-1186.501	345.3361	1.471052	2.527285
73644	-844.0025	-1188.339	344.3368	1.021928	3.399798
73650	-847.0725	-1194.134	347.0618	2.109371	0.7115943
73656	-846.6976	-1193.724	347.0261	2.124674	0.7441313
73662	-836.832	-1183.718	346.8864	1.869232	1.166451
73668	-840.5348	-1186.779	346.2438	1.842911	1.684759
73674	-832.7531	-1178.191	345.4383	1.345447	2.541891
73680	-835.9849	-1181.605	345.6205	1.608447	2.260633
73686	-845.1311	-1190.361	345.2299	1.626547	2.496504
73692	-826.8814	-1172.82	345.9383	1.577006	2.074533
73698	-824.1497	-1169.952	345.8018	1.602805	2.147026
73704	-829.488	-1175.589	346.1015	1.757936	1.843376
73710	-847.8372	-1192.558	344.721	1.289549	3.013613
73716	-852.7432	-1198.262	345.5185	1.531755	2.374588
73722	-850.6851	-1194.988	344.3029	1.337528	3.233959
73728	-839.1533	-1184.347	345.1938	1.247644	2.75289
73734	-839.9487	-1183.738	343.7891	1.069856	3.690767
73740	-830.9099	-1175.938	345.028	1.216493	2.872681
73746	-835.5031	-1180.997	345.4935	1.247913	2.5682
73752	-836.2806	-1180.963	344.682	1.31923	3.019208
73758	-828.7402	-1173.894	345.1542	1.350325	2.714322
73764	-840.005	-1184.918	344.9129	1.428606	2.813852
73770	-836.2225	-1179.898	343.6753	1.268772	3.641434
73776	-853.092	-1196.009	342.9174	1.139986	4.150191
73782	-844.345	-1188.273	343.9279	1.164889	3.555093
73788	-839.4327	-1183.458	344.0252	1.211191	3.471374
73794	-835.9037	-1181.757	345.8532	1.462797	2.204595
73800	-832.9565	-1179.138	346.1818	1.603856	1.893749
73806	-831.5017	-1177.489	345.9868	1.798846	1.893749
73812	-838.4069	-1183.273	344.8662	1.270563	2.937751
73818	-838.4667	-1183.775	345.3083	1.610184	2.457667
73824	-834.4288	-1180.23	345.8008	1.57637	2.164878
73830	-837.1837	-1182.968	345.7843	1.428578	2.270973
73836	-843.5696	-1188.109	344.5391	1.351196	3.0855
73842	-834.0564	-1178.453	344.3965	1.280267	3.212415
73848	-837.3253	-1181.868	344.543	1.159559	3.197159
73854	-830.7254	-1173.789	343.0634	1.052293	4.117015
73860	-840.8301	-1184.633	343.8029	1.100148	3.665207
73866	-829.9125	-1173.566	343.6539	1.249162	3.665207
73872	-826.3633	-1168.421	342.0576	0.8782372	4.781779
73878	-843.7882	-1185.909	342.1205	1.104509	4.620008
73884	-839.1859	-1182.708	343.5221	1.059587	3.85058
73890	-838.8441	-1182.044	343.1996	1.095411	4.014781
73896	-831.7112	-1175.415	343.7042	1.254699	3.632874
73902	-826.28	-1169.965	343.6845	1.039035	3.768904
73908	-827.1833	-1172.112	344.9289	1.303978	2.879721
73914	-826.4941	-1171.689	345.1946	1.233837	2.760851
73920	-844.5524	-1189.892	345.34	1.278514	2.644232
73926	-836.5676	-1182.764	346.1963	1.623675	1.870385
73932	-837.3557	-1181.316	343.9606	1.287298	3.464633
73938	-829.5823	-1173.469	343.8871	1.15252	3.585994
73944	-830.6083	-1174.353	343.7443	1.295344	3.585994
73950	-835.5232	-1180.002	344.4787	1.219069	3.199988
73956	-840.701	-1184.088	343.3871	1.109495	3.899403
73962	-838.2081	-1181.954	343.7454	1.137312	3.676989
73968	-826.9134	-1172.683	345.7694	1.282693	2.373404
73974	-830.8939	-1175.819	344.9252	1.367992	2.843176
73980	-836.266	-1182.08	345.8138	1.463268	2.229677
73986	-837.0804	-1181.587	344.507	1.428944	3.058261
73992	-838.9405	-1183.436	344.4953	1.236129	3.180047
73998	-840.0463	-1183.82	343.7736	1.14523	3.656073
74004	-827.7403	-1173.216	345.4761	1.205844	2.605054
74010	-830.8348	-1175.57	344.7352	1.22672	3.042717
74016	-831.2551	-1176.461	345.2059	1.172075	2.791646
74022	-847.843	-1192.839	344.9959	1.41751	2.770016
74028	-834.6496	-1179.333	344.6834	1.20179	3.088534
74034	-846.2764	-1191.088	344.812	1.295744	2.95522
74040	-848.0039	-1192.374	344.3699	1.129935	3.316896
74046	-849.1247	-1193.666	344.5408	1.116831	3.223752
74052	-854.2743	-1199.993	345.7186	1.568416	2.223279
74058	-849.2604	-1195.77	346.5098	1.740032	1.566956
74064	-843.9257	-1190.076	346.1507	1.675255	1.86628
74070	-842.2981	-1187.842	345.5441	1.462707	2.402072
74076	-838.4052	-1182.195	343.7893	1.119446	3.661913
74082	-842.424	-1186.147	343.7233	1.194085	3.656949
74088	-860.1903	-1203.455	343.2648	1.108078	3.970283
74094	-848.5747	-1190.671	342.0959	1.099945	4.636358
74100	-859.6391	-1202.819	343.1797	1.076497	4.036966
74106	-854.3121	-1199.035	344.723	1.21428	3.057467
74112	-846.2527	-1190.267	344.0139	1.277261	3.439346
74118	-846.7043	-1191.263	344.5589	1.230223	3.145792
74124	-852.8962	-1197.314	344.4183	1.370817	3.145792
74130	-843.9637	-1188.289	344.3255	1.270506	3.260223
74136	-846.8932	-1192.614	345.7209	1.431191	2.309865
74142	-841.8992	-1183.88	341.9804	0.9584272	4.78014
74148	-860.1948	-1204.263	344.0684	1.259769	3.417731
74154	-838.8544	-1182.866	344.0114	1.316717	3.417731
74160	-831.6278	-1176.507	344.8795	1.292275	2.916608
74166	-824.6289	-1169.551	344.9218	1.373428	2.841914
74172	-812.8068	-1158.659	345.852	1.606789	2.111645
74178	-824.5573	-1170.569	346.0113	1.493012	2.081761
74184	-833.5583	-1177.725	344.1667	1.488891	3.224942
74190	-822.3875	-1167.654	345.2667	1.254131	2.704326
74196	-825.1592	-1170.384	345.2252	1.295592	2.704326
74202	-842.7015	-1188.636	345.9347	1.381077	2.204719
74208	-847.5884	-1193.428	345.8398	1.476016	2.204719
74214	-836.7344	-1183.352	346.6172	1.62398	1.573326
74220	-859.1561	-1205.702	346.5456	1.85604	1.453458
74226	-853.6629	-1200.209	346.5456	1.85604	1.453458
74232	-845.6385	-1192.367	346.7288	1.768683	1.379372
74238	-836.3768	-1183.263	346.8859	1.996575	1.050898
74244	-833.8781	-1181.095	347.2172	1.890806	0.8045469
74250	-834.123	-1181.104	346.9813	1.957173	0.9960968
74256	-831.5082	-1178.29	346.7819	1.692018	1.397825
74262	-826.1833	-1173.035	346.8521	1.738782	1.304961
74268	-825.7208	-1172.532	346.8115	1.844259	1.251657
74274	-836.0867	-1182.876	346.7891	1.604797	1.459369
74280	-845.1451	-1191.014	345.8689	1.418299	2.223146
74286	-849.4734	-1195.419	345.9459	1.338071	2.225276
74292	-848.3471	-1193.99	345.6428	1.310995	2.43545
74298	-845.311	-1190.092	344.7812	1.456881	2.876562
74304	-838.8934	-1182.533	343.6392	1.203449	3.700168
74310	-853.2168	-1198.488	345.2707	1.573284	2.50433
74316	-847.9444	-1193.834	345.89	1.538429	2.131524
74322	-834.328	-1180.427	346.0992	1.622216	1.937243
74328	-832.3351	-1177.464	345.1286	1.233798	2.801131
74334	-842.7371	-1186.263	343.5255	1.094553	3.828513
74340	-848.2163	-1192.286	344.0692	1.073221	3.526198
74346	-845.6964	-1189.574	343.8771	1.160335	3.587257
74352	-848.9491	-1193.811	344.8623	1.170297	3.000401
74358	-836.3368	-1181.407	345.07	1.317474	2.785837
74364	-835.5475	-1179.905	344.3573	1.401606	3.163699
74370	-842.8084	-1186.478	343.6699	1.362329	3.590337
74376	-829.1759	-1174.592	345.4165	1.39362	2.525481
74382	-834.3151	-1179.574	345.2584	1.551646	2.525481
74388	-835.266	-1180.866	345.5997	1.426338	2.389907
74394	-841.7793	-1186.711	344.9313	1.263324	2.902825
74400	-849.459	-1196.024	346.5653	1.69286	1.560803
74406	-826.9554	-1173.221	346.2652	1.611595	1.831439
74412	-827.0274	-1172.478	345.4502	1.520535	2.424791
74418	-834.7798	-1180.475	345.6951	1.510764	2.275466
74424	-832.9689	-1178.759	345.7897	1.416143	2.275466
74430	-820.1737	-1165.381	345.2071	1.416143	2.641348
74436	-836.0327	-1181.286	345.2535	1.416143	2.612688
74442	-828.5502	-1174.5	345.9494	1.550919	2.084367
74448	-845.3088	-1191.527	346.2179	1.717286	1.791137
74454	-835.8293	-1182.482	346.6529	1.898637	1.336585
74460	-840.536	-1186.723	346.1871	1.838314	1.728129
74466	-844.378	-1190.273	345.8949	1.7549	1.985269
74472	-852.5695	-1198.872	346.302	1.621507	1.799199
74478	-851.3995	-1197.784	346.3849	1.784361	1.625595
74484	-842.4738	-1188.857	346.3828	1.616388	1.746548
74490	-838.7577	-1183.658	344.9002	1.456421	2.804625
74496	-828.4327	-1173.546	345.1135	1.312119	2.762554
74502	-849.0538	-1195.369	346.3148	1.475586	1.890564
74508	-853.7856	-1199.93	346.1446	1.64578	1.890564
74514	-846.7281	-1192.006	345.2777	1.537991	2.521957
74520	-849.7815	-1195.623	345.8417	1.572201	2.141011
74526	-834.8024	-1180.608	345.8059	1.734484	2.057943
74532	-824.0171	-1169.675	345.6576	1.5366	2.282913
74538	-825.7673	-1171.428	345.6607	1.60854	2.234735
74544	-821.8477	-1167.299	345.4511	1.606365	2.369998
74550	-825.679	-1172.14	346.4608	1.697513	1.633481
74556	-829.7617	-1175.682	345.9207	1.781693	1.950014
74562	-819.851	-1165.497	345.646	1.505447	2.310236
74568	-826.8408	-1172.191	345.3501	1.338637	2.600843
74574	-852.7164	-1196.711	343.9951	1.213904	3.487367
74580	-859.5325	-1203.528	343.9951	1.213904	3.487367
74586	-850.0472	-1194.042	343.9951	1.213904	3.487367
74592	-854.1712	-1198.166	343.9951	1.213904	3.487367
74598	-845.1069	-1189.102	343.9951	1.213904	3.487367
74604	-839.4416	-1183.186	343.744	1.255286	3.609422
74610	-840.8437	-1186.202	345.3579	1.368596	2.577479
74616	-832.9364	-1177.719	344.7823	1.121991	3.077191
74622	-829.1878	-1174.406	345.2185	1.285938	2.714386
74628	-844.3611	-1189.811	345.4494	1.091855	2.691749
74634	-836.2512	-1180.514	344.2625	1.203382	3.336874
74640	-814.668	-1160.317	345.6495	1.493765	2.315467
74646	-827.6268	-1173.405	345.7778	1.671229	2.118016
74652	-839.2988	-1185.768	346.4691	1.474286	1.785419
74658	-838.8906	-1183.524	344.6331	1.326382	3.044183
74664	-835.7303	-1180.287	344.5566	1.188909	3.171678
74670	-826.2404	-1170.899	344.6589	1.086568	3.171678
74676	-820.515	-1164.413	343.898	1.034924	3.647904
74682	-825.9734	-1170.722	344.7489	1.144816	3.083503
74688	-833.6827	-1178.382	344.6991	1.194568	3.083503
74694	-823.1924	-1168.007	344.8147	1.401811	2.889591
74700	-825.4978	-1171.517	346.0189	1.665499	1.962125
74706	-821.6636	-1167.715	346.0512	1.627456	1.965943
74712	-828.3511	-1175.171	346.8195	1.746111	1.325356
74718	-822.281	-1169.236	346.955	1.644606	1.297872
74724	-829.1764	-1175.146	345.9699	1.568923	2.058983
74730	-830.9874	-1176.811	345.8236	1.352961	2.294203
74736	-841.5082	-1185.495	343.9868	1.075625	3.572755
74742	-851.7638	-1196.595	344.8312	1.111645	3.054114
74748	-847.0601	-1191.891	344.8312	1.111645	3.054114
74754	-858.3396	-1202.966	344.6259	1.100087	3.183268
74760	-852.6488	-1197.48	344.8312	1.111645	3.054114
74766	-856.0085	-1200.84	344.8312	1.111645	3.054114
74772	-851.5033	-1194.395	342.8914	0.9798403	4.255815
74778	-846.7007	-1191.419	344.7186	1.175941	3.082969
74784	-843.6053	-1188.437	344.8312	1.111645	3.054114
74790	-846.0299	-1190.861	344.8312	1.111645	3.054114
74796	-848.4117	-1193.243	344.8312	1.111645	3.054114
