Iteration	Posterior	Likelihood	Prior	rate_log_sd	tree_length
0	-821.212	-1164.485	343.273	1.165069	3.932985
6	-827.4762	-1172.529	345.0523	1.305196	2.804085
12	-824.8733	-1170.435	345.5618	1.601854	2.302458
18	-832.2356	-1178.486	346.2501	1.63583	1.82517
24	-824.2492	-1170.435	346.1853	1.701858	1.824309
30	-838.4113	-1184.703	346.2914	1.701858	1.750648
36	-820.466	-1166.525	346.0592	1.678712	1.926128
42	-820.6408	-1166.502	345.8614	1.596167	2.112463
48	-827.2095	-1172.366	345.1564	1.488742	2.6278
54	-831.0008	-1176.268	345.267	1.475489	2.567501
60	-837.7038	-1183.794	346.0899	1.594221	1.962291
66	-854.0607	-1199.582	345.5218	1.388556	2.46276
72	-830.8491	-1176.391	345.5417	1.368672	2.46276
78	-844.0916	-1189.474	345.3823	1.353696	2.571557
84	-830.6001	-1176.242	345.6423	1.460739	2.341078
90	-839.0501	-1184.733	345.6832	1.419858	2.341078
96	-821.4149	-1167.801	346.3857	1.734577	1.660797
102	-826.4809	-1171.55	345.0687	1.394235	2.739794
108	-811.6151	-1156.453	344.8381	1.4018	2.875481
114	-832.8201	-1177.603	344.7834	1.4018	2.90854
120	-834.5426	-1180.252	345.7099	1.584889	2.218255
126	-835.3344	-1181.105	345.7708	1.632357	2.147993
132	-835.3215	-1181.197	345.8756	1.42711	2.213168
138	-821.3724	-1165.97	344.5981	1.307502	3.076394
144	-817.7145	-1162.871	345.1567	1.331667	2.724234
150	-835.0621	-1180.719	345.6565	1.544619	2.278481
156	-839.4061	-1185.46	346.0544	1.49764	2.050267
162	-837.9528	-1184.303	346.3498	1.653012	1.743987
168	-829.3621	-1175.677	346.3144	1.483834	1.885192
174	-825.3783	-1171.067	345.6887	1.494577	2.289896
180	-817.8938	-1164.372	346.4781	1.651663	1.653997
186	-835.5837	-1181.459	345.8755	1.693107	2.039286
192	-845.1232	-1190.865	345.7422	1.536411	2.228682
198	-850.4438	-1196.297	345.8534	1.650378	2.082098
204	-848.2678	-1193.573	345.305	1.630919	2.446731
210	-843.6926	-1189.694	346.001	1.464901	2.106976
216	-842.558	-1188.2	345.6415	1.72566	2.171398
222	-838.1495	-1182.323	344.173	1.289546	3.338839
228	-835.3157	-1180.65	345.3339	1.282726	2.645377
234	-835.5903	-1180.967	345.3764	1.328314	2.590969
240	-832.4747	-1176.943	344.468	1.24526	3.190797
246	-828.4582	-1172.668	344.2097	1.181097	3.381
252	-839.9232	-1183.723	343.8002	1.220956	3.596755
258	-829.2495	-1174.459	345.2097	1.333515	2.690601
264	-839.3525	-1182.736	343.3837	1.360966	3.75676
270	-857.8525	-1204.236	346.3836	1.934119	1.516746
276	-865.1896	-1212.053	346.8633	1.917295	1.144511
282	-829.5843	-1175.098	345.5132	1.513608	2.389401
288	-837.1814	-1182.03	344.8489	1.239501	2.966884
294	-829.237	-1174.718	345.4808	1.527302	2.401256
300	-829.724	-1175.534	345.8103	1.281252	2.348389
306	-820.8286	-1165.849	345.0208	1.196697	2.889037
312	-846.0074	-1191.893	345.8853	1.316974	2.277771
318	-853.1637	-1199.443	346.279	1.615376	1.819386
324	-830.1528	-1176.357	346.2042	1.688125	1.820796
330	-827.2928	-1171.877	344.5839	1.296093	3.091664
336	-839.981	-1185.708	345.7266	1.389614	2.332717
342	-831.5553	-1176.609	345.0532	1.431538	2.726427
348	-833.7259	-1178.837	345.1116	1.365272	2.731252
354	-822.8541	-1168.636	345.7817	1.436027	2.267834
360	-841.7031	-1187.123	345.4201	1.389647	2.525663
366	-826.7679	-1172.143	345.3754	1.434406	2.525663
372	-844.5866	-1189.547	344.9607	1.222779	2.909588
378	-842.6461	-1187.443	344.7974	1.157093	3.047166
384	-837.9005	-1180.151	342.2508	1.027136	4.590321
390	-825.5293	-1169.436	343.9067	0.9461801	3.694224
396	-821.2496	-1164.84	343.5899	1.263047	3.694224
402	-832.8243	-1177.1	344.2757	1.29771	3.273523
408	-828.2291	-1174.137	345.908	1.605783	2.075536
414	-830.6085	-1176.919	346.3104	1.577997	1.823465
420	-865.9755	-1211.259	345.2834	1.503819	2.539709
426	-848.293	-1193.097	344.8045	1.390787	2.902457
432	-835.0408	-1180.183	345.1422	1.366665	2.711642
438	-832.3162	-1177.712	345.3955	1.421299	2.521274
444	-826.3939	-1172.097	345.7036	1.488664	2.284188
450	-823.3299	-1168.323	344.9928	1.487284	2.729286
456	-833.3591	-1178.405	345.0463	1.433825	2.729286
462	-825.0326	-1169.292	344.2598	1.347329	3.253648
468	-828.1806	-1173.926	345.7458	1.430792	2.294228
474	-824.6833	-1170.598	345.9145	1.396545	2.207775
480	-818.2685	-1163.968	345.7	1.597961	2.216244
486	-833.9743	-1178.444	344.47	1.254712	3.184032
492	-826.1134	-1172.701	346.5874	1.673435	1.558863
498	-824.2996	-1169.764	345.4642	1.606751	2.361494
504	-827.1579	-1172.501	345.3426	1.397219	2.569167
510	-835.9149	-1181.769	345.8536	1.380013	2.257659
516	-819.4139	-1164.622	345.2079	1.513395	2.580709
522	-844.3832	-1188.3	343.9163	1.403736	3.422439
528	-837.6805	-1183.586	345.9056	1.518295	2.134476
534	-851.6191	-1197.372	345.7533	1.767199	2.071124
540	-843.1104	-1189.569	346.4589	1.753975	1.593975
546	-824.5028	-1170.693	346.1901	2.022772	1.593975
552	-834.4731	-1181.281	346.8076	1.921349	1.189643
558	-824.5551	-1170.672	346.1169	1.890706	1.740608
564	-832.2669	-1178.364	346.097	1.660843	1.912597
570	-830.8499	-1177.13	346.2799	1.687026	1.769094
576	-829.2286	-1174.839	345.6105	1.429889	2.380815
582	-841.4921	-1186.067	344.5746	1.377473	3.048616
588	-843.0988	-1188.631	345.5321	1.385476	2.458248
594	-848.7565	-1194.378	345.622	1.420502	2.379477
600	-854.6574	-1199.658	345.0005	1.556097	2.682343
606	-846.0323	-1191.125	345.0929	1.463702	2.682343
612	-832.8553	-1178.348	345.4928	1.527433	2.393599
618	-836.5751	-1182.282	345.7066	1.626716	2.193378
624	-867.0313	-1211.982	344.9504	1.607639	2.681463
630	-853.3136	-1197.89	344.5768	1.298462	3.094508
636	-854.1863	-1198.067	343.8805	1.236358	3.541105
642	-851.2987	-1194.714	343.4153	1.134811	3.86873
648	-832.988	-1177.609	344.6208	1.356149	3.033748
654	-835.9902	-1180.971	344.9807	1.366755	2.81022
660	-847.9287	-1193.639	345.7099	1.373673	2.353463
666	-854.6853	-1199.715	345.0293	1.578192	2.651023
672	-851.2338	-1195.272	344.0379	1.152701	3.498101
678	-836.6986	-1181.584	344.8854	1.358194	2.873215
684	-838.5148	-1184.474	345.9587	1.49185	2.117026
690	-846.4145	-1191.421	345.0068	1.265002	2.856139
696	-845.305	-1190.306	345.0006	1.385374	2.78675
702	-853.8118	-1198.584	344.7727	1.501164	2.854907
708	-862.0078	-1206.218	344.21	1.473807	3.208272
714	-854.5853	-1199.388	344.8029	1.491533	2.842442
720	-856.9439	-1200.829	343.8854	1.284663	3.510093
726	-857.3926	-1199.611	342.2185	0.9316465	4.661963
732	-851.0107	-1196.591	345.58	1.650316	2.259783
738	-839.6827	-1185.227	345.5441	1.480398	2.390881
744	-844.4377	-1189.236	344.7982	1.449726	2.870594
750	-850.0665	-1195.108	345.0418	1.47268	2.708183
756	-845.63	-1190.753	345.1225	1.391991	2.708183
762	-838.8897	-1184.191	345.3015	1.391877	2.597984
768	-839.9517	-1184.413	344.4615	1.264335	3.183371
774	-846.7436	-1192.376	345.6321	1.333103	2.428312
780	-847.6325	-1192.415	344.782	1.245527	3.003386
786	-843.8366	-1188.175	344.3381	1.060191	3.376571
792	-840.8318	-1182.321	341.489	0.936296	5.065909
798	-844.4913	-1187.658	343.1671	1.257774	3.940509
804	-834.1787	-1178.592	344.4129	1.381221	3.142789
810	-829.6318	-1174.747	345.1151	1.465154	2.667777
816	-830.474	-1175.617	345.1429	1.274636	2.767508
822	-838.5198	-1183.349	344.8292	1.305163	2.939162
828	-833.761	-1179.558	345.7974	1.566365	2.173585
834	-830.7136	-1176.141	345.427	1.522033	2.438475
840	-837.342	-1182.342	345.0004	1.29106	2.844222
846	-830.2921	-1173.718	343.4257	0.9586418	3.963736
852	-833.9195	-1176.615	342.6957	1.147194	4.271888
858	-830.779	-1175.854	345.0754	1.275248	2.80827
864	-834.5807	-1178.745	344.1643	1.108541	3.450066
870	-839.1515	-1184.157	345.0058	1.483067	2.723925
876	-838.1255	-1183.613	345.4871	1.443902	2.449814
882	-845.6148	-1190.544	344.9289	1.45464	2.788223
888	-839.024	-1183.906	344.882	1.166038	2.991106
894	-845.2579	-1189.892	344.6339	1.211652	3.112201
900	-835.1586	-1178.775	343.6161	1.203419	3.713547
906	-846.9316	-1191.74	344.808	1.284403	2.964446
912	-836.4332	-1180.132	343.6985	1.247322	3.640468
918	-840.5882	-1186.228	345.6402	1.260343	2.468922
924	-853.3121	-1196.957	343.6446	1.37973	3.594889
930	-845.7275	-1190.379	344.6518	1.258503	3.073544
936	-855.8225	-1200.192	344.3693	1.187181	3.283528
942	-842.3696	-1187.254	344.8839	1.159271	2.994028
948	-829.5785	-1175.271	345.6925	1.390323	2.353924
954	-845.0953	-1190.527	345.4313	1.390323	2.518273
960	-836.2502	-1181.663	345.4123	1.409312	2.518273
966	-838.0437	-1183.6	345.556	1.409312	2.428253
972	-843.3758	-1189.348	345.9722	1.53991	2.076627
978	-854.3275	-1200.836	346.5085	1.667774	1.620585
984	-847.2694	-1191.792	344.5223	1.233922	3.165304
990	-840.7173	-1185.55	344.8324	1.333362	2.920245
996	-845.7528	-1191.66	345.9071	1.44762	2.179477
1002	-838.5095	-1184.052	345.5425	1.48219	2.390752
1008	-840.2373	-1186.507	346.2693	1.67637	1.783838
1014	-833.9743	-1179.489	345.5147	1.349994	2.491352
1020	-843.2501	-1187.832	344.5818	1.384512	3.040111
1026	-850.8999	-1195.485	344.5848	1.24009	3.124478
1032	-827.9879	-1173.673	345.6847	1.378593	2.366316
1038	-837.6776	-1184.254	346.5761	1.564384	1.646341
1044	-851.7751	-1198.141	346.3658	1.604694	1.766587
1050	-847.118	-1193.229	346.111	1.675263	1.893312
1056	-858.6881	-1205.019	346.3304	1.591217	1.800536
1062	-833.0386	-1178.075	345.0364	1.481472	2.706157
1068	-833.2188	-1178.829	345.6101	1.29732	2.464608
1074	-852.2717	-1198.629	346.357	1.644109	1.745163
1080	-883.5648	-1229.089	345.5243	1.749327	2.231945
1086	-859.8445	-1204.71	344.8656	1.527522	2.782412
1092	-842.4846	-1188.606	346.1219	1.621844	1.922187
1098	-838.2179	-1184.598	346.3804	1.844656	1.585111
1104	-826.1936	-1173.043	346.8492	1.899436	1.172639
1110	-815.2263	-1161.495	346.269	1.457358	1.933908
1116	-811.5043	-1157.694	346.1898	1.626844	1.872649
1122	-822.9962	-1168.554	345.5578	1.626844	2.289081
1128	-838.0464	-1183.428	345.3814	1.600992	2.417488
1134	-852.6654	-1198.629	345.9639	1.465611	2.130794
1140	-818.2161	-1163.082	344.8655	1.307392	2.915974
1146	-813.0743	-1158.039	344.9645	1.354742	2.827365
1152	-820.2761	-1166.675	346.3989	1.728908	1.655437
1158	-816.7206	-1162.965	346.2446	1.515261	1.911246
1164	-827.5712	-1173.842	346.2707	1.551997	1.868537
1170	-830.0516	-1176.374	346.3226	1.711129	1.72228
1176	-837.8931	-1184.28	346.3865	1.686655	1.694411
1182	-828.9039	-1174.845	345.9411	1.438643	2.163231
1188	-818.5322	-1164.286	345.7535	1.626252	2.163231
1194	-827.1818	-1171.407	344.2248	1.449536	3.213849
1200	-830.6438	-1176.359	345.7152	1.337185	2.373252
1206	-834.1437	-1179.325	345.1812	1.430123	2.648698
1212	-820.4329	-1165.488	345.0554	1.236967	2.843668
1218	-818.2408	-1163.543	345.3021	1.282735	2.664976
1224	-836.627	-1182.529	345.9023	1.55514	2.112551
1230	-837.7724	-1183.981	346.2091	1.48475	1.955764
1236	-829.527	-1174.817	345.2904	1.284668	2.670995
1242	-831.6014	-1177.238	345.6367	1.495511	2.32253
1248	-838.5399	-1184.139	345.599	1.432043	2.386727
1254	-843.7096	-1189.478	345.7684	1.463662	2.258674
1260	-833.1806	-1178.797	345.6167	1.477836	2.346466
1266	-831.6939	-1176.732	345.0376	1.360789	2.779195
1272	-831.9649	-1176.981	345.0166	1.343439	2.802573
1278	-843.8694	-1188.982	345.1123	1.391651	2.714632
1284	-833.2124	-1178.979	345.7661	1.493236	2.241102
1290	-838.6646	-1183.813	345.1484	1.259426	2.773458
1296	-848.9374	-1193.728	344.7907	1.254009	2.993096
1302	-840.0073	-1184.15	344.1426	1.105869	3.464301
1308	-841.782	-1186.516	344.7342	1.494603	2.882194
1314	-838.9688	-1184.922	345.9534	1.333262	2.223525
1320	-830.2918	-1174.26	343.9679	1.305607	3.449673
1326	-826.2762	-1171.23	344.9542	1.376401	2.820439
1332	-821.8374	-1166.822	344.9844	1.32912	2.830798
1338	-829.9316	-1174.615	344.6834	1.181623	3.100573
1344	-846.1625	-1191.918	345.7553	1.441553	2.28123
1350	-835.6836	-1181.839	346.1552	1.721002	1.831866
1356	-830.5357	-1176.268	345.7318	1.642359	2.166836
1362	-836.7833	-1181.747	344.9636	1.450913	2.769348
1368	-837.9428	-1182.935	344.9926	1.176933	2.917978
1374	-863.7745	-1209.065	345.2901	1.165978	2.743941
1380	-847.9735	-1194.753	346.7793	1.915842	1.218553
1386	-841.1682	-1187.951	346.7825	1.787327	1.321951
1392	-838.9398	-1185.05	346.1102	1.662656	1.902421
1398	-832.7422	-1179.033	346.291	1.608802	1.815596
1404	-848.0687	-1193.979	345.9107	1.559435	2.104195
1410	-826.2058	-1171.69	345.4841	1.245469	2.575576
1416	-825.1601	-1169.959	344.7987	1.189541	3.026949
1422	-826.5596	-1170.932	344.3721	1.303547	3.213114
1428	-830.4784	-1175.504	345.026	1.318308	2.812127
1434	-822.8091	-1167.389	344.5794	1.324482	3.07738
1440	-834.3876	-1178.845	344.4575	1.582278	2.996053
1446	-825.3556	-1171.148	345.7922	1.699766	2.089896
1452	-820.5547	-1166.186	345.6308	1.657783	2.222278
1458	-824.8907	-1171.188	346.2976	1.657783	1.777086
1464	-834.3568	-1180.708	346.3513	1.574633	1.797532
1470	-824.5451	-1169.656	345.111	1.407511	2.705758
1476	-841.0284	-1186.613	345.5846	1.434711	2.394154
1482	-832.1928	-1176.968	344.7754	1.18113	3.045959
1488	-835.358	-1180.12	344.7615	1.415389	2.913518
1494	-832.5253	-1177.749	345.2236	1.533068	2.558745
1500	-841.2845	-1186.298	345.0134	1.197063	2.893243
1506	-848.5082	-1194.195	345.6869	1.165236	2.499235
1512	-850.8492	-1196.988	346.1389	1.612755	1.916819
1518	-827.2592	-1172.007	344.7479	1.593756	2.813702
1524	-830.0748	-1175.991	345.9157	1.439302	2.179312
1530	-829.2873	-1175.346	346.0591	1.621364	1.964756
1536	-820.1901	-1166.55	346.3595	1.465873	1.866705
1542	-826.9905	-1172.919	345.9281	1.557738	2.093876
1548	-829.0237	-1173.632	344.6083	1.415628	3.005578
1554	-849.479	-1192.712	343.2335	1.103885	3.990589
1560	-850.3428	-1196.334	345.9908	1.753672	1.92165
1566	-840.1361	-1185.833	345.697	1.561552	2.241643
1572	-831.1713	-1177.629	346.4577	1.666756	1.657846
1578	-826.7209	-1171.942	345.2207	1.38237	2.65377
1584	-828.268	-1174.026	345.7577	1.542609	2.214692
1590	-822.416	-1167.04	344.6235	1.177829	3.138489
1596	-826.8971	-1171.486	344.5894	1.21197	3.138489
1602	-842.9947	-1186.545	343.5504	1.39684	3.639624
1608	-839.9032	-1184.804	344.9012	1.292035	2.903694
1614	-841.3782	-1187.412	346.0341	1.540593	2.035299
1620	-845.4592	-1192.072	346.613	1.733217	1.495385
1626	-841.1573	-1187.136	345.979	1.606233	2.028294
1632	-831.9912	-1177.929	345.9378	1.428299	2.172096
1638	-843.9418	-1188.872	344.9299	1.514843	2.750882
1644	-850.8607	-1196.68	345.8189	1.598415	2.138759
1650	-839.3255	-1185.502	346.1767	1.598415	1.900904
1656	-840.5975	-1186.681	346.0832	1.518232	2.01751
1662	-833.7471	-1180.274	346.5274	1.651122	1.618894
1668	-826.0485	-1171.699	345.6503	1.590703	2.252896
1674	-832.019	-1178.138	346.1195	1.513526	1.996512
1680	-835.977	-1181.541	345.5642	1.487871	2.373457
1686	-829.6886	-1175.709	346.0199	1.385735	2.14637
1692	-809.3224	-1155.063	345.7402	1.564242	2.212015
1698	-803.3766	-1148.954	345.5774	1.399993	2.420644
1704	-830.7711	-1176.455	345.6842	1.419761	2.340496
1710	-827.0452	-1172.564	345.5191	1.548003	2.363924
1716	-835.1868	-1179.626	344.4397	1.374727	3.130719
1722	-844.1899	-1185.886	341.6962	1.640357	4.557391
1728	-847.6583	-1188.547	340.8888	1.125884	5.293154
1734	-840.4832	-1185.91	345.427	1.374271	2.530947
1740	-825.1647	-1170.885	345.7198	1.333167	2.372842
1746	-833.3861	-1178.117	344.7308	1.308219	2.996535
1752	-829.7823	-1174.876	345.0934	1.29939	2.782596
1758	-846.6594	-1191.705	345.0452	1.261973	2.834673
1764	-829.642	-1175.09	345.448	1.567598	2.396491
1770	-827.8544	-1173.604	345.7498	1.401253	2.310533
1776	-827.6462	-1171.982	344.3359	1.378265	3.190267
1782	-828.3103	-1173.488	345.1782	1.489275	2.614039
1788	-824.6651	-1170.02	345.3553	1.357995	2.585619
1794	-828.8302	-1173.761	344.931	1.389003	2.826898
1800	-839.4593	-1184.82	345.3605	1.622052	2.417372
1806	-850.8107	-1195.907	345.0968	1.370143	2.737332
1812	-841.5324	-1188.279	346.7462	2.00376	1.171457
1818	-847.4992	-1193.575	346.0756	1.55307	1.99939
1824	-829.8733	-1171.397	341.5232	1.163166	4.92084
1830	-850.1	-1195.917	345.8173	1.702605	2.071462
1836	-844.6419	-1189.192	344.5502	1.256471	3.135348
1842	-825.0047	-1168.009	343.0047	1.191958	4.070922
1848	-827.9978	-1171.361	343.3628	1.095487	3.921389
1854	-832.7579	-1178.517	345.7595	1.193779	2.435825
1860	-840.0139	-1184.556	344.5425	1.20464	3.170719
1866	-844.4455	-1188.982	344.5364	1.398965	3.058628
1872	-836.8805	-1181.598	344.7177	1.314537	3.000598
1878	-839.699	-1184.391	344.6919	1.125878	3.12873
1884	-841.6051	-1185.94	344.335	1.132003	3.336204
1890	-829.105	-1173.503	344.3981	1.149685	3.288623
1896	-834.0477	-1178.403	344.3551	1.19271	3.288623
1902	-834.0913	-1180.196	346.1048	1.647471	1.916356
1908	-843.1749	-1189.653	346.478	1.779975	1.560948
1914	-833.0957	-1179.802	346.7067	1.727742	1.428348
1920	-835.0146	-1181.601	346.5864	1.814789	1.453813
1926	-832.9631	-1179.449	346.4857	1.94228	1.433279
1932	-832.2092	-1178.838	346.6287	1.799323	1.433279
1938	-822.0658	-1168.635	346.5688	1.686924	1.562642
1944	-821.8654	-1167.833	345.9676	1.464097	2.129392
1950	-827.1974	-1170.359	343.162	0.9853227	4.099012
1956	-835.9314	-1180.462	344.5309	0.9881203	3.305577
1962	-833.8695	-1178.873	345.0035	1.12904	2.940297
1968	-843.6951	-1187.941	344.2457	0.9995968	3.466191
1974	-841.6794	-1185.312	343.6331	1.035467	3.800623
1980	-847.4998	-1191.852	344.3522	1.235303	3.265207
1986	-841.9544	-1186.432	344.4777	1.133417	3.251295
1992	-831.5731	-1175.114	343.5406	1.148052	3.789045
1998	-829.3613	-1174.523	345.1615	1.263731	2.762793
2004	-830.7629	-1176.1	345.3371	1.400506	2.570577
2010	-833.5314	-1178.293	344.7621	1.400506	2.922183
2016	-841.7331	-1182.488	340.7544	1.213626	5.318946
2022	-832.0951	-1174.555	342.4602	1.038448	4.466279
2028	-843.5688	-1188.052	344.4831	1.176169	3.222774
2034	-835.1796	-1179.138	343.958	1.376038	3.414267
2040	-826.6345	-1172.025	345.3909	1.376038	2.552327
2046	-828.98	-1173.076	344.0958	1.203818	3.434431
2052	-832.101	-1177.803	345.702	1.317143	2.394263
2058	-835.2801	-1181.408	346.1281	1.562075	1.958236
2064	-832.4996	-1178.574	346.0743	1.639464	1.942398
2070	-848.9352	-1194.825	345.8902	1.464041	2.179769
2076	-851.5682	-1197.409	345.8409	1.513423	2.179769
2082	-837.2526	-1182.725	345.4724	1.458792	2.449708
2088	-837.0077	-1182.287	345.2789	1.489195	2.551648
2094	-843.2668	-1187.443	344.1759	1.228926	3.37274
2100	-843.2967	-1187.601	344.3043	1.100539	3.37274
2106	-832.3043	-1176.484	344.1794	1.225435	3.37274
2112	-838.236	-1182.846	344.6105	1.226619	3.117211
2118	-848.8022	-1193.429	344.6273	1.12385	3.168313
2124	-841.3553	-1185.974	344.6184	1.347833	3.040148
2130	-849.4843	-1194.414	344.9295	1.182164	2.952847
2136	-831.679	-1177.214	345.5353	1.310632	2.503124
2142	-838.488	-1181.988	343.5002	1.065268	3.859865
2148	-838.0679	-1181.021	342.9527	0.9215508	4.254129
2154	-842.0411	-1187.64	345.5987	1.662196	2.240124
2160	-838.4238	-1184.704	346.2798	1.531166	1.876532
2166	-842.4894	-1188.639	346.15	1.422233	2.036925
2172	-851.151	-1195.04	343.8895	1.165429	3.577137
2178	-832.8393	-1176.756	343.9166	1.293006	3.487028
2184	-818.216	-1161.978	343.7618	1.111205	3.682584
2190	-811.5011	-1156.314	344.8131	1.338692	2.928693
2196	-813.9875	-1158.254	344.2667	1.239652	3.313052
2202	-819.0199	-1163.33	344.3102	1.220362	3.298785
2208	-839.408	-1183.203	343.7947	1.150514	3.640801
2214	-834.4759	-1178.373	343.8968	1.14262	3.586123
2220	-838.4394	-1182.146	343.7064	1.237776	3.641408
2226	-820.0511	-1163.809	343.7579	1.16964	3.651027
2232	-832.3108	-1178.616	346.3048	1.479318	1.894771
2238	-829.5755	-1176.03	346.4544	1.607059	1.702667
2244	-831.8889	-1174.744	342.8553	1.239066	4.129141
2250	-825.9861	-1169.028	343.0421	1.210336	4.039084
2256	-814.8412	-1159.957	345.1163	1.167775	2.848706
2262	-821.518	-1166.398	344.88	1.19224	2.976587
2268	-824.0394	-1169.73	345.6911	1.409823	2.342408
2274	-842.048	-1187.509	345.4607	1.36647	2.514836
2280	-839.1984	-1184.239	345.0404	1.191599	2.880267
2286	-846.1903	-1189.001	342.8103	1.140256	4.210841
2292	-848.0203	-1193.784	345.7637	1.302595	2.364437
2298	-835.3734	-1180.966	345.5927	1.43169	2.390984
2304	-840.0188	-1183.763	343.7444	1.162895	3.662791
2310	-860.4441	-1205.134	344.6896	1.252188	3.054774
2316	-868.4624	-1213.125	344.6627	1.284473	3.051511
2322	-857.3587	-1202.518	345.159	1.132322	2.84431
2328	-853.1039	-1197.684	344.5806	1.14994	3.180588
2334	-846.3956	-1190.83	344.4339	1.14994	3.267384
2340	-846.3825	-1191.532	345.1493	1.251329	2.77784
2346	-852.882	-1197.286	344.404	1.061298	3.337229
2352	-872.5903	-1216.772	344.1819	1.396011	3.270869
2358	-868.054	-1212.733	344.6793	1.282639	3.042713
2364	-854.0129	-1198.87	344.8571	1.05029	3.075339
2370	-846.7797	-1192.036	345.2564	1.357611	2.647042
2376	-839.8331	-1184.831	344.9981	1.248221	2.871587
2382	-837.2026	-1182.502	345.2997	1.446078	2.565461
2388	-830.6721	-1175.925	345.2533	1.492555	2.565461
2394	-841.8369	-1187.148	345.3112	1.434586	2.565461
2400	-822.6902	-1168.174	345.4835	1.412328	2.471853
2406	-828.9822	-1174.588	345.6062	1.320164	2.452748
2412	-819.4385	-1165.004	345.566	1.360319	2.452748
2418	-819.9444	-1165.55	345.6059	1.508808	2.333645
2424	-836.4132	-1181.488	345.0747	1.291938	2.798511
2430	-835.9349	-1181.188	345.2534	1.345141	2.656527
2436	-834.5001	-1179.486	344.9857	1.467762	2.745545
2442	-834.705	-1179.343	344.6385	1.193812	3.12009
2448	-843.188	-1188.332	345.1441	1.200012	2.812209
2454	-831.5019	-1177.051	345.5489	1.26467	2.523328
2460	-851.4267	-1193.523	342.0964	0.7530628	4.83
2466	-851.5156	-1193.473	341.9578	0.8068705	4.877281
2472	-861.3923	-1204.507	343.1151	1.007547	4.113042
2478	-854.979	-1198.649	343.6697	0.8685059	3.875532
2484	-851.1437	-1197.313	346.1697	1.519339	1.958982
2490	-833.9525	-1178.608	344.6551	1.313321	3.038815
2496	-834.8544	-1177.424	342.5691	0.9633252	4.44721
2502	-856.5715	-1199.437	342.8655	1.09147	4.207247
2508	-854.1397	-1196.304	342.1642	0.8035723	4.763959
2514	-841.2566	-1185.937	344.6799	1.348926	3.00261
2520	-840.0411	-1184.512	344.4708	1.109276	3.269581
2526	-841.1013	-1185.286	344.1843	1.203445	3.382775
2532	-841.3225	-1185.495	344.1725	1.110733	3.444001
2538	-832.2393	-1175.604	343.3644	1.133592	3.898627
2544	-846.4934	-1190.152	343.6591	1.19031	3.696237
2550	-829.4637	-1173.71	344.2466	1.340824	3.265283
2556	-826.0451	-1170.639	344.594	1.35382	3.051173
2562	-827.1213	-1171.74	344.6192	1.328555	3.051173
2568	-835.6313	-1182.083	346.452	1.512527	1.770716
2574	-845.9206	-1192.148	346.2272	1.259945	2.093018
2580	-838.3208	-1184.453	346.1321	1.48517	2.006989
2586	-835.8573	-1181.734	345.8769	1.614464	2.090236
2592	-843.9713	-1188.368	344.3962	1.365714	3.161922
2598	-848.4024	-1192.84	344.4379	0.9961656	3.355576
2604	-841.0201	-1187.384	346.3638	1.691717	1.706898
2610	-841.1276	-1187.974	346.8467	1.550281	1.457041
2616	-848.2437	-1195.065	346.8217	1.86499	1.225692
2622	-839.7297	-1185.801	346.0715	1.437176	2.07886
2628	-828.3637	-1174.055	345.6917	1.445295	2.319489
2634	-833.2265	-1178.898	345.6718	1.647472	2.202423
2640	-834.1277	-1180.044	345.9161	1.403197	2.202423
2646	-836.0477	-1182.212	346.1647	1.66697	1.862395
2652	-822.8334	-1168.886	346.0524	1.669166	1.937155
2658	-830.1387	-1175.444	345.3051	1.366293	2.611617
2664	-840.843	-1186.754	345.9107	1.695162	2.014598
2670	-840.8971	-1187.117	346.2199	1.822555	1.716084
2676	-836.2124	-1182.832	346.6193	1.885492	1.373674
2682	-841.494	-1187.966	346.4716	1.716637	1.61192
2688	-836.4239	-1181.116	344.6918	1.406959	2.96063
2694	-837.5465	-1184.187	346.6404	1.780757	1.438528
2700	-829.605	-1176.014	346.4092	1.780757	1.610638
2706	-837.8363	-1183.939	346.1031	1.780757	1.826588
2712	-828.986	-1175.412	346.4264	1.78176	1.597396
2718	-823.7381	-1170.371	346.6325	1.726027	1.486103
2724	-824.367	-1170.84	346.4733	1.780566	1.564003
2730	-830.7779	-1177.358	346.5799	1.719757	1.530191
2736	-830.4962	-1176.91	346.4139	1.781491	1.60672
2742	-820.6903	-1166.488	345.7973	1.3658	2.302825
2748	-826.3585	-1171.645	345.2861	1.377443	2.616437
2754	-833.564	-1177.32	343.7563	1.142726	3.667531
2760	-839.7388	-1182.7	342.9612	0.9612396	4.226808
2766	-837.0298	-1180.889	343.8587	1.136036	3.612074
2772	-818.2035	-1162.696	344.4923	1.198488	3.204143
2778	-833.3219	-1175.997	342.6755	1.042812	4.34234
2784	-838.8629	-1181.945	343.0821	1.188063	4.028975
2790	-831.0126	-1175.207	344.194	1.293617	3.324117
2796	-832.4986	-1176.614	344.1151	1.227862	3.409028
2802	-828.3412	-1173.214	344.8727	1.230105	2.958203
2808	-819.11	-1163.215	344.105	1.181239	3.442251
2814	-817.7411	-1160.94	343.1991	1.108911	4.007368
2820	-815.9892	-1159.108	343.1192	1.188856	4.007368
2826	-820.0145	-1165.005	344.9903	1.188856	2.91217
2832	-819.4671	-1164.651	345.1839	1.307348	2.722465
2838	-825.7965	-1170.98	345.1839	1.307348	2.722465
2844	-831.8231	-1177.274	345.4509	1.27524	2.57769
2850	-837.2166	-1182.648	345.4317	1.294428	2.57769
2856	-827.9543	-1173.066	345.1118	1.140227	2.868093
2862	-830.473	-1174.778	344.3053	1.34775	3.226502
2868	-838.7286	-1182.953	344.224	1.112573	3.412808
2874	-853.8222	-1198.139	344.3173	1.134102	3.345399
2880	-845.096	-1190.441	345.3448	1.250233	2.658692
2886	-850.0301	-1193.712	343.6821	0.9510712	3.820977
2892	-832.0165	-1176.642	344.6255	1.324137	3.050038
2898	-837.4621	-1182.831	345.3686	1.340094	2.588523
2904	-834.6874	-1179.812	345.1242	1.387292	2.710067
2910	-829.4784	-1173.637	344.1582	1.214643	3.391545
2916	-825.5842	-1169.887	344.3029	1.048559	3.404037
2922	-822.0581	-1165.468	343.4096	0.8187579	4.052854
2928	-828.6993	-1170.756	342.0572	0.933072	4.751408
2934	-822.5128	-1167.023	344.5104	1.205627	3.189174
2940	-831.0449	-1176.455	345.4102	1.414814	2.516193
2946	-828.7218	-1174.976	346.2542	1.5985	1.847984
2952	-831.827	-1177.623	345.7958	1.536538	2.194019
2958	-827.1375	-1172.955	345.8174	1.610666	2.13177
2964	-836.8222	-1183.236	346.4142	1.730422	1.643346
2970	-835.9503	-1182.698	346.7479	1.694239	1.422391
2976	-823.7365	-1168.878	345.1411	1.45843	2.655947
2982	-826.0804	-1170.028	343.9475	1.353364	3.43369
2988	-829.5175	-1173.185	343.6673	1.17669	3.699365
2994	-831.5758	-1175.314	343.7383	1.185141	3.653437
3000	-825.3596	-1171.285	345.9256	1.521798	2.119085
3006	-841.4787	-1186.449	344.9698	1.42458	2.781626
3012	-829.59	-1173.805	344.2149	1.344888	3.281556
3018	-831.0688	-1175.362	344.2929	1.266906	3.281556
3024	-829.8933	-1175.094	345.201	1.270388	2.734574
3030	-828.9006	-1174.512	345.6113	1.309329	2.456329
3036	-838.5193	-1184.275	345.7561	1.537182	2.219255
3042	-837.234	-1181.905	344.671	1.412099	2.970014
3048	-831.8728	-1175.936	344.063	1.319373	3.385906
3054	-849.8027	-1191.934	342.1308	0.969959	4.689613
3060	-846.8421	-1191.039	344.197	1.05922	3.459784
3066	-848.4533	-1192.086	343.6324	1.279669	3.660016
3072	-852.8298	-1198.46	345.6304	1.394191	2.390838
3078	-844.1133	-1189.957	345.844	1.579945	2.134434
3084	-830.0345	-1175.609	345.5747	1.26587	2.506452
3090	-832.6212	-1178.338	345.7165	1.48038	2.281246
3096	-846.2124	-1190.667	344.4546	1.488968	3.053681
3102	-841.3437	-1186.568	345.2241	1.488968	2.585794
3108	-832.8288	-1178.573	345.7446	1.61707	2.174995
3114	-833.3048	-1178.527	345.222	1.538102	2.556566
3120	-850.1496	-1195.832	345.6823	1.408193	2.349045
3126	-861.0101	-1205.143	344.1327	1.210277	3.409008
3132	-842.5656	-1186.639	344.0739	1.340716	3.367033
3138	-848.2452	-1192.958	344.7131	1.345989	2.984457
3144	-841.291	-1184.241	342.95	1.227725	4.081681
3150	-847.8563	-1189.408	341.5513	1.304642	4.826379
3156	-850.1136	-1194.51	344.3966	1.129842	3.301246
3162	-850.9393	-1195.115	344.1757	1.314223	3.322723
3168	-848.059	-1192.21	344.151	1.206654	3.400437
3174	-845.4306	-1190.246	344.8151	1.145963	3.043203
3180	-849.1881	-1194.52	345.3315	1.1256	2.743356
3186	-856.8408	-1202.583	345.7426	1.46325	2.275452
3192	-846.8824	-1193.358	346.4758	1.714021	1.610708
3198	-835.3388	-1182.009	346.6701	1.672178	1.49834
3204	-830.1883	-1175.504	345.3152	1.507259	2.517742
3210	-833.8654	-1179.2	345.3349	1.42267	2.558184
3216	-829.6244	-1174.798	345.1731	1.47914	2.623403
3222	-831.5773	-1177.396	345.8191	1.611852	2.129828
3228	-820.6301	-1166.547	345.9167	1.534452	2.116674
3234	-823.6434	-1169.452	345.8082	1.642949	2.116674
3240	-822.122	-1168.336	346.2143	1.783573	1.747437
3246	-834.6104	-1180.134	345.5239	1.635267	2.305344
3252	-826.2002	-1172.043	345.8427	1.725047	2.039901
3258	-833.3878	-1179.69	346.3024	1.62621	1.795704
3264	-847.0493	-1191.901	344.8515	1.30796	2.924033
3270	-833.2565	-1179.519	346.2622	1.597154	1.843412
3276	-844.9716	-1190.584	345.6129	1.597154	2.272793
3282	-829.7404	-1175.419	345.679	1.619553	2.215851
3288	-827.3212	-1172.448	345.1271	1.540738	2.613794
3294	-839.3662	-1184.43	345.0642	1.349	2.770161
3300	-832.8997	-1175.827	342.9274	1.158235	4.134125
3306	-832.7568	-1176.232	343.4755	1.195257	3.799322
3312	-825.4728	-1168.313	342.8399	1.099167	4.217374
3318	-835.8896	-1179.858	343.9684	1.076102	3.583165
3324	-836.9205	-1182.743	345.8225	1.516196	2.189854
3330	-836.2905	-1182.59	346.3	1.517469	1.872081
3336	-846.2443	-1192.433	346.1889	1.620544	1.877571
3342	-844.7882	-1189.235	344.4465	1.369666	3.12967
3348	-850.1771	-1195.459	345.2824	1.585624	2.489318
3354	-844.7416	-1188.282	343.5406	1.347491	3.67386
3360	-839.86	-1183.555	343.6947	1.209013	3.664864
3366	-831.3795	-1174.604	343.2245	1.208674	3.935782
3372	-834.3758	-1177.286	342.9104	1.203146	4.118267
3378	-835.6756	-1179.881	344.205	1.120421	3.419301
3384	-832.6039	-1178.268	345.6636	1.490923	2.308286
3390	-854.5093	-1197.839	343.3294	1.300147	3.823079
3396	-847.836	-1193.943	346.1068	1.482553	2.025559
3402	-852.3142	-1198.63	346.316	1.628427	1.784742
3408	-869.3845	-1215.557	346.1723	1.542733	1.941515
3414	-851.8276	-1198.293	346.4655	1.707974	1.622547
3420	-837.4165	-1183.639	346.2226	1.76213	1.756659
3426	-832.2591	-1177.591	345.332	1.737256	2.362571
3432	-844.3657	-1190.503	346.1374	1.39287	2.064681
3438	-846.5069	-1192.4	345.8934	1.462333	2.178839
3444	-845.8152	-1192.381	346.5655	1.890327	1.411872
3450	-844.5801	-1191.048	346.4681	1.834909	1.527689
3456	-842.4466	-1188.957	346.5108	1.765301	1.547613
3462	-856.6109	-1203.058	346.4476	1.657447	1.671736
3468	-838.4041	-1184.503	346.0992	1.657447	1.913415
3474	-836.7385	-1182.523	345.7841	1.485642	2.234397
3480	-832.1633	-1177.85	345.6868	1.582989	2.234397
3486	-829.5142	-1175.091	345.5767	1.431094	2.401436
3492	-838.0071	-1183.439	345.432	1.388326	2.519069
3498	-824.2259	-1169.887	345.6615	1.248333	2.463101
3504	-821.2119	-1165.893	344.6809	1.520761	2.898572
3510	-828.4006	-1173.065	344.664	1.354423	3.008853
3516	-833.5646	-1178.689	345.1246	1.312808	2.755393
3522	-821.3401	-1166.812	345.472	1.633661	2.339429
3528	-828.6479	-1174.098	345.45	1.574194	2.391099
3534	-835.1796	-1181.033	345.8531	1.580154	2.128375
3540	-824.2956	-1169.12	344.8245	1.484748	2.833417
3546	-827.5142	-1172.75	345.2358	1.445395	2.605542
3552	-829.8855	-1174.428	344.5421	1.254085	3.141565
3558	-825.2754	-1170.07	344.795	1.61154	2.774227
3564	-847.1922	-1189.388	342.1961	1.155664	4.548874
3570	-849.1342	-1193.918	344.7838	1.4446	2.882443
3576	-834.8996	-1179.992	345.0928	1.329045	2.764864
3582	-850.2343	-1195.025	344.7906	1.467975	2.864159
3588	-841.7439	-1187.836	346.0923	1.454748	2.053601
3594	-839.0084	-1183.995	344.9871	1.202665	2.905791
3600	-846.8401	-1191.628	344.7878	1.47407	2.862184
3606	-834.8728	-1181.559	346.686	1.795201	1.392109
3612	-837.8504	-1181.269	343.419	1.128911	3.869982
3618	-841.8996	-1184.959	343.0589	1.164569	4.055603
3624	-846.852	-1190.47	343.6179	1.199756	3.714596
3630	-839.7922	-1183.968	344.176	1.252089	3.359114
3636	-843.0836	-1188.968	345.8841	1.446421	2.195168
3642	-837.9769	-1184.44	346.4629	1.805684	1.553145
3648	-835.2867	-1181.737	346.4504	1.786571	1.576371
3654	-837.2444	-1183.099	345.8547	1.611163	2.106977
3660	-828.9064	-1173.936	345.0301	1.404098	2.757367
3666	-828.5313	-1173.953	345.4213	1.508354	2.450628
3672	-859.5348	-1206.101	346.5666	1.544025	1.667698
3678	-831.8732	-1177.914	346.041	1.619512	1.978134
3684	-826.9041	-1172.803	345.8993	1.560973	2.110696
3690	-826.9244	-1172.885	345.9603	1.499922	2.110696
3696	-846.2805	-1192.349	346.0682	1.721041	1.891328
3702	-849.7263	-1195.748	346.0214	1.69877	1.938061
3708	-826.7046	-1173.003	346.2988	1.69877	1.747656
3714	-824.4515	-1170.827	346.3759	1.621636	1.747656
3720	-817.8913	-1164.186	346.2951	1.789609	1.686181
3726	-817.8585	-1163.855	345.996	1.429214	2.13357
3732	-809.0536	-1154.59	345.5366	1.343372	2.481839
3738	-830.0047	-1176.095	346.0902	1.492362	2.030077
3744	-829.4687	-1174.759	345.29	1.272472	2.678732
3750	-819.5817	-1164.749	345.1674	1.39508	2.678732
3756	-820.7664	-1164.922	344.1555	1.171999	3.418104
3762	-841.6925	-1185.54	343.8473	1.375723	3.479167
3768	-818.4572	-1164.84	346.3833	1.559099	1.786153
3774	-843.4881	-1188.495	345.0067	1.311415	2.828061
3780	-830.7589	-1177.144	346.385	1.540901	1.797596
3786	-822.2074	-1168.824	346.6167	2.029033	1.260021
3792	-820.6748	-1167.447	346.772	2.029033	1.126265
3798	-841.8645	-1188.503	346.6389	1.814161	1.413949
3804	-826.205	-1172.541	346.3364	1.635038	1.765887
3810	-822.0946	-1168.33	346.2351	1.635038	1.836053
3816	-838.5965	-1184.398	345.8013	1.730645	2.063565
3822	-832.2261	-1178.196	345.9701	1.561837	2.063565
3828	-827.3153	-1173.185	345.8693	1.662648	2.063565
3834	-825.7294	-1171.995	346.2652	1.776994	1.716265
3840	-832.3145	-1178.725	346.4107	1.844121	1.563286
3846	-823.1832	-1168.624	345.4409	1.463351	2.466587
3852	-840.9793	-1185.65	344.6702	1.317506	3.027278
3858	-836.1173	-1181.201	345.084	1.462881	2.688295
3864	-833.7521	-1178.255	344.5031	1.263447	3.159206
3870	-861.1431	-1207.158	346.0148	1.62842	1.989674
3876	-853.9109	-1199.598	345.687	1.682447	2.1699
3882	-830.4909	-1176.439	345.9486	1.558348	2.080047
3888	-834.9329	-1181.389	346.4559	1.586782	1.715913
3894	-843.2637	-1189.393	346.1294	1.505828	1.995042
3900	-846.8321	-1192.45	345.6175	1.434598	2.373405
3906	-847.2393	-1193.542	346.3028	1.634738	1.789475
3912	-850.1755	-1194.706	344.5309	1.506743	2.997356
3918	-851.1654	-1195.518	344.3526	1.425573	3.152271
3924	-841.0695	-1187.944	346.8742	1.77721	1.255238
3930	-841.0432	-1187.572	346.5286	1.958739	1.387335
3936	-849.6664	-1196.45	346.7832	1.774715	1.331503
3942	-838.9744	-1184.968	345.9933	1.487591	2.097114
3948	-839.5971	-1184.718	345.121	1.139823	2.862769
3954	-838.1508	-1182.999	344.8484	1.222592	2.977313
3960	-843.2179	-1188.077	344.8587	1.340876	2.899874
3966	-833.772	-1179.961	346.1888	1.611106	1.884062
3972	-855.5726	-1202.122	346.5495	1.703474	1.564637
3978	-854.3805	-1198.361	343.9806	1.232695	3.484883
3984	-850.8794	-1197.502	346.6226	1.84081	1.405954
3990	-841.8278	-1188.352	346.524	1.903569	1.433598
3996	-840.8972	-1187.622	346.725	1.828277	1.335225
4002	-848.277	-1194.859	346.5819	1.930996	1.367282
4008	-844.5859	-1190.942	346.3557	1.861068	1.591147
4014	-833.8935	-1180.187	346.2931	1.894907	1.612067
4020	-823.5371	-1169.032	345.4946	1.421066	2.45945
4026	-839.3261	-1184.812	345.4855	1.430154	2.45945
4032	-844.4588	-1190.294	345.8356	1.430154	2.237006
4038	-828.1385	-1173.856	345.7179	1.547843	2.237006
4044	-831.7733	-1178.15	346.377	1.478831	1.845877
4050	-827.8352	-1174.445	346.6098	1.755428	1.481094
4056	-835.4181	-1181.752	346.334	1.755428	1.682806
4062	-837.1097	-1183.925	346.8154	1.843914	1.24873
4068	-825.2257	-1171.953	346.7276	1.902661	1.272758
4074	-832.786	-1179.916	347.1295	1.741752	1.06151
4080	-840.949	-1187.791	346.8421	2.045309	1.046171
4086	-844.0869	-1190.771	346.6836	1.84056	1.358346
4092	-832.107	-1178.619	346.5116	1.713543	1.585003
4098	-839.7549	-1185.501	345.7462	1.539725	2.224017
4104	-841.7751	-1187.361	345.586	1.699844	2.224017
4110	-837.7339	-1182.751	345.0166	1.332457	2.809225
4116	-828.0204	-1171.419	343.3991	1.245266	3.814551
4122	-832.153	-1174.871	342.7176	1.178591	4.241697
4128	-829.8566	-1174.281	344.4249	1.143197	3.27665
4134	-830.9464	-1175.065	344.1187	1.203229	3.421369
4140	-840.0619	-1185.138	345.0762	1.207466	2.84895
4146	-836.1727	-1181.443	345.2701	1.163687	2.757595
4152	-836.1234	-1179.405	343.2814	0.9240973	4.065868
4158	-837.2129	-1182.065	344.8519	1.160491	3.012514
4164	-826.1915	-1171.826	345.6343	1.264287	2.470144
4170	-847.0862	-1192.059	344.9726	1.313948	2.847227
4176	-836.612	-1182.001	345.3894	1.304853	2.597428
4182	-851.311	-1197.04	345.7295	1.06578	2.534706
4188	-837.8305	-1183.559	345.7285	1.098008	2.515217
4194	-831.013	-1177.172	346.1594	1.464797	2.002397
4200	-828.8955	-1174.967	346.0711	1.51767	2.025924
4206	-831.2876	-1177.201	345.9137	1.459175	2.167687
4212	-836.1102	-1181.217	345.1068	1.562401	2.612971
4218	-841.3584	-1187.894	346.5358	1.6584	1.60754
4224	-833.3791	-1178.638	345.2586	1.424107	2.604584
4230	-834.71	-1180.198	345.4877	1.443113	2.449928
4236	-829.8569	-1175.194	345.3367	1.441403	2.545397
4242	-831.0611	-1175.613	344.5522	1.449463	3.018911
4248	-841.8385	-1187.745	345.9061	1.555812	2.10962
4254	-828.6995	-1174.521	345.821	1.765707	2.02729
4260	-816.364	-1162.582	346.2177	1.834586	1.709197
4266	-823.3207	-1168.93	345.6096	1.594488	2.27661
4272	-837.341	-1182.562	345.2207	1.481207	2.592708
4278	-830.5789	-1175.648	345.0692	1.45332	2.703253
4284	-829.9608	-1175.775	345.8145	1.565724	2.162898
4290	-837.189	-1182.581	345.3924	1.53874	2.449727
4296	-830.0907	-1175.518	345.4269	1.487404	2.460271
4302	-831.9703	-1177.247	345.2768	1.662856	2.444339
4308	-836.3291	-1182.614	346.2854	1.66346	1.781629
4314	-823.5693	-1170.011	346.4416	1.888442	1.507507
4320	-839.8504	-1186.807	346.9567	1.931237	1.04565
4326	-837.8761	-1184.406	346.5302	1.632677	1.630223
4332	-826.4987	-1172.928	346.4294	1.733488	1.630223
4338	-831.3924	-1177.694	346.3017	1.667471	1.767516
4344	-824.6155	-1170.516	345.9004	1.494199	2.153596
4350	-832.1397	-1177.351	345.2113	1.371154	2.666479
4356	-814.7725	-1159.974	345.2012	1.305304	2.713124
4362	-832.489	-1176.687	344.198	0.9399433	3.528816
4368	-859.0586	-1202.396	343.3374	1.183792	3.885319
4374	-855.9406	-1201.243	345.302	1.43284	2.572287
4380	-832.072	-1178.305	346.233	1.380836	2.009276
4386	-828.5447	-1173.973	345.4285	1.263371	2.598893
4392	-834.0915	-1178.532	344.4406	1.064452	3.313834
4398	-830.6466	-1175.858	345.2117	1.252767	2.738819
4404	-823.5667	-1169.362	345.7949	1.426421	2.265576
4410	-840.7154	-1187.262	346.5471	1.521579	1.697572
4416	-847.9653	-1193.995	346.0292	1.764606	1.888192
4422	-852.6857	-1197.579	344.8932	1.310094	2.897612
4428	-838.7131	-1184.461	345.7482	1.484224	2.258445
4434	-829.6888	-1175.734	346.0448	1.410487	2.11391
4440	-825.2825	-1171.761	346.4786	1.634538	1.665929
4446	-827.1378	-1173.985	346.8475	1.701002	1.339005
4452	-833.7144	-1179.636	345.922	1.633395	2.04806
4458	-823.2221	-1167.738	344.5161	1.316807	3.1197
4464	-826.4062	-1171.22	344.814	1.235168	2.990413
4470	-827.4264	-1172.742	345.3156	1.47677	2.536543
4476	-840.8138	-1185.52	344.7058	1.472638	2.9126
4482	-848.6043	-1194.259	345.6546	1.363889	2.394711
4488	-850.2748	-1195.115	344.8405	1.394525	2.878419
4494	-840.7603	-1186.393	345.6327	1.405525	2.382226
4500	-851.6563	-1197.745	346.0887	1.489166	2.033168
4506	-831.5359	-1177.363	345.827	1.487962	2.20526
4512	-838.9147	-1184.159	345.2444	1.530158	2.547613
4518	-858.8863	-1204.686	345.7998	1.271426	2.36128
4524	-832.9893	-1177.515	344.5253	1.271426	3.141258
4530	-837.0346	-1181.996	344.9616	1.530879	2.721712
4536	-833.4625	-1179.315	345.8521	1.398432	2.246793
4542	-839.8843	-1185.627	345.7429	1.568463	2.207549
4548	-835.3472	-1180.773	345.4254	1.886032	2.207549
4554	-852.226	-1197.651	345.4254	1.886032	2.207549
4560	-845.0224	-1190.448	345.4254	1.886032	2.207549
4566	-837.2679	-1182.693	345.4254	1.886032	2.207549
4572	-858.5611	-1202.867	344.3056	1.214466	3.304984
4578	-843.697	-1189.71	346.0126	1.383483	2.152624
4584	-845.3351	-1190.382	345.0473	1.621539	2.613177
4590	-843.5069	-1187.305	343.7985	1.17189	3.626206
4596	-831.8608	-1176.246	344.3848	1.216542	3.257035
4602	-860.0735	-1203.781	343.7079	1.126736	3.704793
4608	-847.8146	-1192.873	345.0587	1.152505	2.892827
4614	-840.1943	-1184.056	343.8618	1.06195	3.653254
4620	-840.2291	-1185.468	345.2387	1.106455	2.811587
4626	-829.6744	-1174.466	344.7916	1.207828	3.020277
4632	-833.0075	-1177.776	344.7683	1.254478	3.006259
4638	-837.9406	-1183.315	345.3744	1.324653	2.594481
4644	-846.6604	-1190.354	343.6936	0.9240624	3.82991
4650	-849.4186	-1192.911	343.4923	1.207027	3.782861
4656	-848.8598	-1194.253	345.3929	1.41449	2.527161
4662	-842.0491	-1186.905	344.8561	1.44846	2.836248
4668	-850.22	-1193.988	343.768	1.468431	3.471384
4674	-832.4098	-1178.795	346.3853	1.674171	1.704081
4680	-831.1475	-1176.917	345.7695	1.453758	2.264298
4686	-844.683	-1189.256	344.5731	1.324295	3.081285
4692	-841.1909	-1186.198	345.0067	1.263246	2.85727
4698	-833.6857	-1178.477	344.7915	1.261896	2.987914
4704	-843.5485	-1188.137	344.5885	1.034544	3.244212
4710	-847.3411	-1191.232	343.8909	1.165794	3.576077
4716	-853.9605	-1197.72	343.7597	1.232008	3.613817
4722	-847.6594	-1192.649	344.9893	1.419806	2.772628
4728	-851.607	-1197.487	345.8803	1.608446	2.091989
4734	-841.6507	-1185.778	344.1271	1.203738	3.416124
4740	-846.0473	-1187.536	341.4888	1.035344	5.011046
4746	-833.5155	-1175.014	341.4989	1.033632	5.006387
4752	-828.7468	-1170.011	341.2645	0.8394098	5.243864
4758	-831.9115	-1173.065	341.1537	0.9284035	5.25593
4764	-824.37	-1166.763	342.3931	0.8622608	4.602988
4770	-832.6265	-1175.189	342.5627	1.014545	4.421958
4776	-846.9209	-1189.912	342.9915	0.8661418	4.263524
4782	-845.8594	-1189.692	343.8324	0.9856063	3.714426
4788	-831.1677	-1174.826	343.6583	1.159701	3.714426
4794	-860.737	-1205.793	345.0556	1.454471	2.710882
4800	-863.2994	-1205.697	342.3975	1.23892	4.38859
4806	-859.0382	-1201.775	342.7364	0.9000417	4.38859
4812	-840.9431	-1186.146	345.2033	1.549217	2.561297
4818	-835.0033	-1179.5	344.4962	1.433456	3.062023
4824	-842.4832	-1186.128	343.6448	1.409053	3.577751
4830	-846.1548	-1189.343	343.1881	1.212563	3.954413
4836	-830.3441	-1174.853	344.5085	1.13227	3.233753
4842	-827.7674	-1173.335	345.5674	1.694912	2.239229
4848	-837.8962	-1184.248	346.3516	1.670109	1.730727
4854	-844.7851	-1190.771	345.9861	1.663332	1.985517
4860	-848.8302	-1195.18	346.35	1.814502	1.629087
4866	-849.4632	-1195.65	346.1869	1.630925	1.871868
4872	-833.6979	-1178.31	344.6119	1.592876	2.896695
4878	-841.8112	-1187.362	345.5508	1.561618	2.335097
4884	-841.7469	-1187.457	345.7104	1.666356	2.165195
4890	-850.0212	-1195.839	345.8182	1.666356	2.094767
4896	-847.4989	-1193.331	345.8324	1.467757	2.21479
4902	-829.6271	-1175.859	346.2316	1.527937	1.911473
4908	-835.3763	-1181.526	346.1494	1.646298	1.886931
4914	-845.3754	-1190.979	345.6036	1.641835	2.250096
4920	-852.6149	-1198.519	345.9036	1.503149	2.145652
4926	-862.8507	-1208.632	345.7808	1.528093	2.20914
4932	-845.6937	-1190.668	344.9747	1.539024	2.708644
4938	-846.1671	-1191.02	344.8524	1.296786	2.930263
4944	-841.0162	-1184.955	343.9384	1.186413	3.536466
4950	-840.1503	-1183.826	343.6758	1.057142	3.763493
4956	-841.3978	-1185.042	343.6441	1.324942	3.626986
4962	-845.5069	-1191.262	345.7556	1.345262	2.342491
4968	-845.1146	-1190.553	345.4386	1.439948	2.482693
4974	-848.3158	-1193.584	345.2683	1.320756	2.662378
4980	-849.538	-1194.122	344.584	1.292961	3.093479
4986	-823.8303	-1169.404	345.5741	1.433466	2.401576
4992	-840.6657	-1187.029	346.3637	1.550378	1.805749
4998	-836.9727	-1183.039	346.0665	1.567487	1.995832
5004	-847.6595	-1193.535	345.8752	1.620445	2.087428
5010	-842.2429	-1187.642	345.3994	1.473328	2.486323
5016	-848.7096	-1194.825	346.1157	1.696436	1.875731
5022	-852.5598	-1198.518	345.9578	1.714331	1.970313
5028	-852.3556	-1198.316	345.9606	1.711597	1.970313
5034	-846.5286	-1192.188	345.6595	1.480667	2.317446
5040	-845.3549	-1190.875	345.5199	1.372008	2.474313
5046	-824.1821	-1169.591	345.4092	1.455708	2.491247
5052	-829.6306	-1175.65	346.0198	1.678185	1.95301
5058	-839.9375	-1185.266	345.3286	1.352759	2.60542
5064	-819.6916	-1166.062	346.3699	1.426059	1.886767
5070	-810.3632	-1156.111	345.7477	1.539193	2.223397
5076	-798.6385	-1144.332	345.6937	1.38422	2.357018
5082	-814.8609	-1160.08	345.2195	1.38335	2.653876
5088	-823.0781	-1169.795	346.7167	1.521624	1.575417
5094	-819.053	-1165.569	346.5164	1.823839	1.499859
5100	-826.3829	-1173.323	346.9404	1.760439	1.213737
5106	-811.5805	-1158.007	346.4262	1.747689	1.622303
5112	-819.0993	-1166.024	346.9242	1.937061	1.07092
5118	-823.3481	-1170.03	346.6819	1.741047	1.437138
5124	-832.6232	-1178.873	346.2502	1.694773	1.784308
5130	-842.3986	-1188.775	346.3763	1.576655	1.778789
5136	-834.977	-1180.071	345.094	1.57881	2.610716
5142	-847.6985	-1193.605	345.907	1.270137	2.293873
5148	-841.8525	-1187.558	345.7054	1.456131	2.303816
5154	-841.2137	-1185.837	344.6229	1.272896	3.082213
5160	-840.639	-1186.491	345.8519	1.472246	2.199273
5166	-839.572	-1184.956	345.3844	1.436776	2.518565
5172	-846.9436	-1189.195	342.2515	1.302265	4.435186
5178	-838.0861	-1180.835	342.7486	1.072945	4.283944
5184	-842.8159	-1186.286	343.47	1.100517	3.856989
5190	-838.7656	-1183.066	344.3	1.15095	3.345687
5196	-840.8495	-1184.858	344.0086	1.204617	3.484935
5202	-841.7798	-1185.45	343.6707	1.183869	3.693257
5208	-842.873	-1187.223	344.3496	1.313455	3.220542
5214	-847.147	-1189.855	342.7076	1.066994	4.31054
5220	-859.6191	-1205.466	345.8464	1.537262	2.160656
5226	-842.4495	-1188.17	345.7207	1.478619	2.27965
5232	-844.124	-1188.954	344.8299	1.284172	2.951381
5238	-845.7206	-1191.206	345.4851	1.472369	2.433142
5244	-845.8096	-1186.88	341.0699	0.81141	5.366761
5250	-844.1386	-1189.579	345.4405	1.529553	2.425261
5256	-839.3279	-1184.712	345.3843	1.326561	2.587122
5262	-830.8984	-1175.318	344.4195	1.257399	3.212343
5268	-836.7436	-1181.495	344.7513	1.335702	2.967704
5274	-839.9499	-1185.128	345.1777	1.518652	2.596117
5280	-834.6799	-1180.407	345.7266	1.495221	2.26522
5286	-842.8595	-1188.322	345.463	1.527853	2.412137
5292	-847.125	-1192.249	345.1236	1.300554	2.763452
5298	-846.7921	-1193.199	346.4073	1.360468	1.905904
5304	-836.1027	-1182.105	346.002	1.383739	2.159319
5310	-846.0809	-1192.14	346.0592	1.696476	1.914113
5316	-843.23	-1188.981	345.7506	1.693851	2.121033
5322	-850.1739	-1195.364	345.1898	1.426897	2.645334
5328	-859.0983	-1203.792	344.6938	1.253858	3.051275
5334	-850.3681	-1194.782	344.4142	1.250159	3.219752
5340	-858.5576	-1202.56	344.0023	1.111917	3.542643
5346	-863.0974	-1206.765	343.6671	1.233373	3.666689
5352	-858.0112	-1202.523	344.512	1.165118	3.212227
5358	-863.8803	-1209.041	345.1604	1.164807	2.823733
5364	-852.2953	-1198.34	346.045	1.757168	1.882503
5370	-835.3875	-1181.228	345.8402	1.649512	2.091329
5376	-837.9197	-1183.872	345.9525	1.618508	2.037739
5382	-833.0104	-1179.111	346.1009	1.628071	1.932099
5388	-825.3859	-1171.247	345.8609	1.485593	2.184851
5394	-823.9761	-1170.188	346.2118	1.619054	1.862942
5400	-818.1803	-1164.178	345.9976	1.586642	2.028956
5406	-821.4002	-1167.362	345.9623	1.632853	2.021681
5412	-821.9916	-1168.027	346.0358	1.559339	2.021681
5418	-824.4342	-1170.78	346.3458	1.699656	1.713988
5424	-836.6266	-1181.188	344.5617	1.373499	3.058711
5430	-832.1978	-1178.432	346.2337	1.653381	1.82438
5436	-838.1999	-1184.675	346.4748	1.771434	1.569623
5442	-834.6949	-1180.208	345.5129	1.613284	2.326395
5448	-847.1253	-1192.82	345.6943	1.390144	2.352891
5454	-836.3013	-1180.865	344.5642	1.211688	3.153638
5460	-846.9118	-1193.848	346.9357	1.925723	1.070768
5466	-834.0127	-1180.731	346.7179	1.777337	1.381129
5472	-833.7844	-1180.032	346.2476	1.635735	1.826987
5478	-838.3361	-1183.759	345.4228	1.493676	2.458942
5484	-857.8833	-1203.506	345.6222	1.510633	2.322112
5490	-839.6114	-1184.882	345.2703	1.321887	2.660447
5496	-821.1081	-1167.366	346.258	1.530834	1.891628
5502	-834.207	-1178.717	344.5104	1.258433	3.157852
5508	-827.4572	-1172.554	345.0966	1.243478	2.81471
5514	-838.9818	-1184.196	345.2139	1.126124	2.81471
5520	-844.3945	-1190.002	345.6076	1.546022	2.308861
5526	-850.7779	-1197.098	346.3204	1.416639	1.926707
5532	-837.3481	-1182.51	345.1617	1.455076	2.645291
5538	-843.1144	-1188.244	345.1298	1.441572	2.673255
5544	-843.9856	-1189.59	345.6043	1.347233	2.436905
5550	-839.6501	-1184.699	345.0492	1.283852	2.818935
5556	-839.0518	-1183.574	344.5217	1.082803	3.255147
5562	-826.7502	-1171.168	344.4174	1.075578	3.320943
5568	-841.7193	-1185.818	344.099	1.090596	3.498687
5574	-845.5282	-1189.066	343.5381	1.175234	3.774809
5580	-861.6342	-1203.465	341.8313	0.9311693	4.878494
5586	-872.1272	-1215.816	343.6886	1.173579	3.688881
5592	-824.2553	-1169.184	344.9291	1.22588	2.926767
5598	-827.0659	-1170.615	343.5491	1.06857	3.829864
5604	-829.8568	-1173.425	343.5681	1.073681	3.816015
5610	-821.7341	-1165.593	343.8586	1.163483	3.596225
5616	-831.3988	-1174.715	343.316	1.213545	3.880493
5622	-837.6986	-1181.33	343.631	0.9028607	3.878024
5628	-833.0711	-1178.11	345.0391	1.145547	2.908883
5634	-836.0173	-1180.807	344.7893	1.228197	3.009457
5640	-841.8954	-1186.884	344.9882	1.312261	2.83877
5646	-842.4072	-1187.381	344.9741	1.280753	2.866428
5652	-836.6531	-1181.817	345.1643	1.523475	2.601475
5658	-847.8347	-1193.874	346.0396	1.581877	2.004192
5664	-849.8689	-1195.995	346.1263	1.668987	1.887238
5670	-850.1383	-1196.737	346.5984	1.911322	1.36979
5676	-861.5459	-1207.823	346.2775	1.697402	1.76347
5682	-835.6196	-1182.223	346.6032	1.685726	1.538098
5688	-837.4157	-1184.009	346.5938	1.695147	1.538098
5694	-844.22	-1188.273	344.0534	1.177547	3.474539
5700	-838.3103	-1182.534	344.2234	1.170445	3.379209
5706	-852.067	-1194.818	342.7512	1.08126	4.277808
5712	-845.6047	-1187.195	341.5901	1.121187	4.907016
5718	-854.9447	-1197.81	342.8653	1.213481	4.138007
5724	-842.4989	-1187.288	344.7894	1.201299	3.025511
5730	-847.5316	-1192.124	344.5925	1.267548	3.103579
5736	-830.414	-1175.612	345.1984	1.525307	2.579195
5742	-836.4945	-1182.792	346.2973	1.580656	1.830662
5748	-837.6885	-1183.869	346.1809	1.642007	1.868402
5754	-861.0791	-1207.182	346.1031	1.719785	1.868402
5760	-842.5153	-1186.172	343.6564	1.387012	3.58383
5766	-840.0072	-1183.783	343.7761	1.448813	3.4781
5772	-834.3457	-1179.372	345.026	1.51377	2.692708
5778	-845.253	-1191.21	345.9572	1.59047	2.053136
5784	-844.0856	-1190.406	346.3202	1.809553	1.654057
5790	-852.4147	-1198.766	346.3508	1.911007	1.558146
5796	-842.5801	-1189.338	346.7584	1.877116	1.268477
5802	-812.7696	-1156.818	344.0482	1.217418	3.454301
5808	-816.489	-1160.528	344.0394	1.226208	3.454301
5814	-820.1878	-1165.259	345.0714	1.312378	2.788097
5820	-840.3491	-1184.69	344.3412	1.367747	3.193368
5826	-842.5113	-1188.27	345.7583	1.637167	2.153003
5832	-840.2723	-1184.685	344.4127	1.386754	3.139618
5838	-835.0504	-1179.381	344.3311	1.343818	3.213559
5844	-838.9133	-1184.462	345.5492	1.644041	2.283578
5850	-843.8302	-1188.921	345.0906	1.232836	2.824817
5856	-840.7496	-1184.61	343.86	1.299258	3.516402
5862	-855.807	-1200.592	344.7853	1.617711	2.776371
5868	-844.5474	-1189.145	344.598	1.251746	3.109677
5874	-840.8727	-1186.403	345.5303	1.396591	2.452414
5880	-834.2581	-1179.915	345.6569	1.593337	2.247008
5886	-838.0458	-1183.755	345.7088	1.541349	2.247008
5892	-831.6044	-1176.436	344.8314	1.548592	2.79038
5898	-832.6015	-1177.18	344.5781	1.424466	3.018384
5904	-827.7133	-1172.792	345.0792	1.425567	2.714193
5910	-843.021	-1188.746	345.7254	1.602627	2.19676
5916	-841.8854	-1187.567	345.682	1.439074	2.32959
5922	-839.3352	-1184.395	345.0602	1.50538	2.676846
5928	-844.3713	-1188.566	344.1951	1.50538	3.19836
5934	-833.3404	-1177.763	344.4223	1.246028	3.217445
5940	-841.7372	-1187.327	345.5901	1.55044	2.317215
5946	-846.6299	-1191.545	344.9147	1.419872	2.818026
5952	-852.6491	-1197.204	344.5544	1.224923	3.151617
5958	-855.5975	-1198.291	342.6939	1.027968	4.340329
5964	-838.0883	-1182.74	344.652	1.202755	3.106692
5970	-820.8175	-1167.042	346.2245	1.556475	1.896926
5976	-828.7481	-1174.897	346.149	1.721033	1.836139
5982	-833.4899	-1179.479	345.9887	1.696318	1.961686
5988	-834.8179	-1181.021	346.2029	1.684815	1.823979
5994	-828.9625	-1174.826	345.8634	1.488475	2.181338
6000	-822.4823	-1168.769	346.2868	1.559538	1.852391
6006	-819.2067	-1165.757	346.55	1.863852	1.444168
6012	-822.6449	-1169.265	346.6201	1.992589	1.287225
6018	-820.9497	-1167.577	346.6276	2.105658	1.18595
6024	-832.8551	-1179.458	346.6028	1.913395	1.364629
6030	-843.6308	-1190.341	346.7099	1.865807	1.317245
6036	-833.3613	-1179.804	346.4424	1.822897	1.555596
6042	-833.1434	-1178.401	345.2572	1.434872	2.598807
6048	-825.0003	-1170.618	345.6175	1.445682	2.366371
6054	-826.307	-1172.132	345.8254	1.52603	2.181646
6060	-830.9539	-1176.582	345.6279	1.583503	2.271897
6066	-827.9474	-1173.609	345.6615	1.549939	2.271897
6072	-833.983	-1179.382	345.3986	1.611111	2.400238
6078	-820.4561	-1166.142	345.6856	1.407978	2.347123
6084	-826.5617	-1171.59	345.0281	1.405003	2.757988
6090	-826.9632	-1171.932	344.969	1.258393	2.883057
6096	-818.3684	-1164.005	345.6368	1.374388	2.399287
6102	-832.8142	-1178.932	346.1181	1.374388	2.08953
6108	-818.9364	-1165.197	346.2601	1.5782	1.857862
6114	-826.314	-1172.497	346.1827	1.655623	1.857862
6120	-846.1018	-1192.498	346.396	1.610339	1.7415
6126	-837.7937	-1183.934	346.1399	1.679624	1.870719
6132	-829.3816	-1173.714	344.3326	1.380286	3.191008
6138	-837.7752	-1183.701	345.9262	1.380286	2.210727
6144	-844.6982	-1190.751	346.0533	1.4918	2.05489
6150	-856.6803	-1201.892	345.2117	1.551075	2.554931
6156	-854.761	-1201.001	346.2398	1.656259	1.818231
6162	-850.962	-1196.839	345.8775	1.39982	2.229536
6168	-850.3561	-1195.371	345.0148	1.265382	2.851085
6174	-870.7008	-1216.394	345.6931	1.103128	2.534126
6180	-834.3816	-1179.362	344.9804	1.182165	2.922164
6186	-818.9442	-1164.058	345.1133	1.049267	2.922164
6192	-820.0343	-1163.064	343.0298	1.180868	4.062919
6198	-829.3647	-1173.758	344.3934	1.495501	3.08636
6204	-828.1153	-1172.931	344.8153	1.268005	2.969889
6210	-824.9411	-1167.561	342.62	0.8992097	4.454662
6216	-835.2429	-1178.762	343.5193	1.055675	3.854439
6222	-832.943	-1177.365	344.4218	1.365774	3.146676
6228	-828.5259	-1173.846	345.3202	1.448369	2.551312
6234	-822.8021	-1168.316	345.514	1.556173	2.361987
6240	-833.8158	-1179.319	345.5031	1.49288	2.408874
6246	-822.606	-1168.051	345.445	1.520504	2.428087
6252	-829.0805	-1175.562	346.4816	1.542936	1.728733
6258	-827.0456	-1171.484	344.4385	1.369781	3.134398
6264	-834.2351	-1177.934	343.6992	1.352617	3.578936
6270	-834.9298	-1180.408	345.4787	1.352617	2.512248
6276	-821.8047	-1167.162	345.3574	1.386971	2.566388
6282	-818.1489	-1163.553	345.4039	1.450901	2.497537
6288	-827.644	-1171.227	343.5832	1.296674	3.678646
6294	-844.0053	-1188.578	344.5728	1.106046	3.211204
6300	-843.2494	-1188.752	345.5029	1.480041	2.417151
6306	-831.3496	-1177.216	345.8667	1.460526	2.197333
6312	-832.6534	-1176.895	344.2416	1.236767	3.32953
6318	-836.3776	-1180.286	343.9088	1.021069	3.649667
6324	-849.6236	-1191.619	341.9955	0.952233	4.775137
6330	-844.7012	-1187.2	342.4984	0.9722509	4.481997
6336	-847.5118	-1190.676	343.1643	1.302102	3.916705
6342	-848.9612	-1192.266	343.3044	0.9423743	4.042344
6348	-849.2106	-1193.37	344.1589	1.095212	3.461042
6354	-842.3269	-1186.731	344.404	1.378432	3.149762
6360	-850.4925	-1194.133	343.6403	1.251103	3.67195
6366	-845.8002	-1189.942	344.1422	1.28274	3.360933
6372	-855.231	-1199.84	344.6091	1.381739	3.025405
6378	-836.2983	-1180.95	344.6519	1.282293	3.059291
6384	-829.0862	-1174.225	345.1383	1.466187	2.652857
6390	-827.0162	-1173.649	346.6328	1.96116	1.302461
6396	-834.8036	-1181.225	346.4211	1.818789	1.574237
6402	-837.2468	-1183.85	346.6029	1.824631	1.433658
6408	-833.1278	-1179.235	346.1069	1.580436	1.960118
6414	-836.9361	-1181.258	344.3222	1.230084	3.285989
6420	-834.2505	-1177.226	342.9754	1.000035	4.196762
6426	-830.1288	-1175.14	345.0116	1.18051	2.904383
6432	-829.5118	-1175.558	346.0464	1.441171	2.092788
6438	-835.618	-1180.164	344.5461	1.464822	3.013399
6444	-839.9657	-1184.874	344.9084	1.403765	2.831654
6450	-831.724	-1177.745	346.0207	1.53294	2.049221
6456	-840.9761	-1187.004	346.0282	1.620208	1.9862
6462	-838.3663	-1184.683	346.3162	1.742968	1.704269
6468	-844.583	-1189.699	345.1157	1.288584	2.775593
6474	-848.2314	-1194.15	345.9186	1.337479	2.243238
6480	-846.9585	-1192.322	345.3634	1.363418	2.577228
6486	-846.9459	-1192.369	345.4235	1.17652	2.65561
6492	-838.0513	-1181.368	343.3164	1.129359	3.928559
6498	-843.0849	-1186.371	343.2862	1.159584	3.928559
6504	-837.5114	-1181.39	343.8787	1.191454	3.56826
6510	-830.0357	-1173.963	343.9272	1.046022	3.624561
6516	-846.6347	-1192.458	345.8232	1.262475	2.352127
6522	-854.2345	-1198.75	344.5153	1.258866	3.154641
6528	-838.1925	-1183.871	345.6787	1.354754	2.385247
6534	-820.3308	-1166.185	345.8546	1.580649	2.127059
6540	-817.3464	-1162.821	345.4749	1.293503	2.551426
6546	-832.5365	-1176.935	344.3983	1.128541	3.301025
6552	-826.9227	-1172.995	346.0718	1.422871	2.088067
6558	-810.7257	-1156.441	345.7149	1.354497	2.362464
6564	-809.6755	-1155.139	345.4638	1.39348	2.496001
6570	-835.9852	-1179.395	343.4099	1.298031	3.777934
6576	-841.0989	-1185.984	344.8849	1.349005	2.879073
6582	-835.5011	-1180.826	345.3253	1.66378	2.413278
6588	-812.5675	-1158.252	345.6841	1.458151	2.316137
6594	-835.6749	-1180.888	345.2135	1.388885	2.65417
6600	-825.413	-1170.338	344.9246	1.213742	2.936797
6606	-822.7859	-1168.875	346.0891	1.71153	1.883582
6612	-845.0395	-1191.03	345.9906	1.685836	1.967428
6618	-843.708	-1190.234	346.5265	1.72225	1.567764
6624	-834.9024	-1181.128	346.2256	1.652442	1.830573
6630	-829.3839	-1175.881	346.4971	1.61467	1.6669
6636	-834.0826	-1179.477	345.3942	1.462232	2.496556
6642	-827.8923	-1172.451	344.5583	1.289584	3.110817
6648	-838.0867	-1183.364	345.277	1.581236	2.495427
6654	-828.9522	-1174.396	345.444	1.585845	2.387494
6660	-826.9476	-1173.598	346.6508	1.966163	1.283652
6666	-843.796	-1190.356	346.5601	1.966163	1.356686
6672	-827.9632	-1174.109	346.1453	1.953552	1.676085
6678	-834.4568	-1180.308	345.8508	1.43964	2.221054
6684	-836.7574	-1183.649	346.8914	2.090185	0.9518019
6690	-829.9898	-1176.881	346.8914	2.090185	0.9518019
6696	-830.6945	-1177.586	346.8914	2.090185	0.9518019
6702	-831.0802	-1175.319	344.2387	1.423635	3.220984
6708	-832.5443	-1177.448	344.9036	1.32079	2.884869
6714	-833.0787	-1178.51	345.4312	1.363	2.535383
6720	-828.8109	-1175.702	346.8914	2.090185	0.9518019
6726	-829.8343	-1176.726	346.8914	2.090185	0.9518019
6732	-837.6118	-1184.503	346.8914	2.090185	0.9518019
6738	-840.4846	-1187.376	346.8914	2.090185	0.9518019
6744	-838.4572	-1183.282	344.8251	1.619745	2.750828
6750	-826.2637	-1171.869	345.6055	1.502659	2.33784
6756	-814.8171	-1160.181	345.364	1.453918	2.5206
6762	-829.7172	-1175.342	345.6245	1.61334	2.25497
6768	-821.0462	-1166.866	345.8193	1.590624	2.143579
6774	-823.0586	-1167.18	344.1209	1.333299	3.343742
6780	-835.6374	-1181.3	345.6622	1.359788	2.392452
6786	-841.599	-1185.616	344.0174	1.10982	3.535081
6792	-868.1757	-1209.282	341.1067	0.9259867	5.283245
6798	-863.4662	-1206.1	342.6337	0.8850251	4.454961
6804	-872.2991	-1215.024	342.7253	0.8850251	4.403325
6810	-852.6073	-1196.104	343.4963	1.057025	3.866843
6816	-839.2774	-1182.629	343.3518	1.08296	3.93486
6822	-841.2714	-1187.173	345.9012	1.523975	2.133636
6828	-838.5737	-1185.064	346.4904	1.782737	1.549812
6834	-840.8574	-1186.627	345.7696	1.580423	2.182518
6840	-840.2212	-1185.371	345.1493	1.50448	2.622445
6846	-859.3476	-1205.11	345.7626	1.417227	2.292116
6852	-842.8355	-1188.716	345.8801	1.546128	2.132914
6858	-842.458	-1188.712	346.2535	1.576455	1.863547
6864	-828.4509	-1174.748	346.2971	1.566886	1.840297
6870	-831.5898	-1178.195	346.6055	1.671022	1.547263
6876	-832.7696	-1179.076	346.3063	1.910651	1.591046
6882	-829.1615	-1175.837	346.6755	1.8981	1.31891
6888	-840.0128	-1186.179	346.1663	1.771975	1.789009
6894	-830.5884	-1175.892	345.3039	1.620221	2.454102
6900	-832.27	-1177.616	345.346	1.672945	2.394376
6906	-834.7325	-1180.436	345.7038	1.415231	2.330902
6912	-829.2589	-1174.285	345.0261	1.371981	2.779351
6918	-833.7209	-1178.623	344.9017	1.342425	2.872929
6924	-827.1111	-1172.836	345.7247	1.451065	2.29474
6930	-845.5201	-1189.37	343.8503	1.120192	3.626151
6936	-836.3458	-1179.486	343.1398	1.548633	3.789167
6942	-830.3266	-1175.452	345.125	1.559822	2.603261
6948	-830.186	-1175.724	345.5376	1.785258	2.200148
6954	-828.0862	-1174.302	346.216	1.828805	1.714439
6960	-826.7138	-1173.239	346.5249	1.62768	1.637615
6966	-815.3798	-1161.177	345.7973	1.657793	2.114088
6972	-833.8978	-1180	346.1021	1.529065	1.997757
6978	-847.6388	-1194.137	346.4977	1.521008	1.732805
6984	-831.2712	-1177.975	346.7042	1.76803	1.399106
6990	-830.2322	-1177.163	346.9307	1.948089	1.054425
6996	-826.2062	-1172.822	346.6158	2.020032	1.268163
7002	-823.6453	-1170.337	346.6919	1.943907	1.268163
7008	-819.7523	-1165.941	346.1884	1.680453	1.836912
7014	-815.5916	-1161.967	346.3754	1.513096	1.823385
7020	-814.5826	-1160.867	346.2844	1.666182	1.780462
7026	-820.5787	-1166.982	346.4031	1.677953	1.688767
7032	-835.1647	-1181.202	346.0373	1.677953	1.941405
7038	-828.5884	-1173.8	345.2114	1.348108	2.680538
7044	-838.4156	-1184.462	346.046	1.524826	2.037819
7050	-831.8785	-1177.68	345.802	1.524826	2.197542
7056	-823.1484	-1169.09	345.9413	1.673851	2.008387
7062	-827.7877	-1174.585	346.7974	1.616032	1.444432
7068	-828.3259	-1175.116	346.7903	1.878896	1.240406
7074	-831.0844	-1176.833	345.749	1.597536	2.184812
7080	-838.4736	-1183.291	344.8174	1.437292	2.866492
7086	-831.6726	-1176.878	345.2054	1.46406	2.612795
7092	-838.5408	-1183.767	345.2257	1.542305	2.551684
7098	-819.0035	-1164.899	345.8955	1.41257	2.209703
7104	-835.0485	-1179.948	344.8999	1.359123	2.863895
7110	-830.3598	-1175.38	345.0205	1.325488	2.811079
7116	-825.1169	-1169.709	344.592	1.28599	3.092831
7122	-841.9105	-1187.975	346.0648	1.475194	2.058256
7128	-836.3791	-1182.719	346.3403	1.759879	1.675142
7134	-828.2914	-1173.966	345.6741	1.574588	2.247964
7140	-827.1392	-1172.878	345.7389	1.313191	2.373421
7146	-823.0537	-1167.142	344.0883	1.33471	3.36209
7152	-827.5448	-1172.681	345.1363	1.451123	2.663411
7158	-817.4839	-1162.883	345.3993	1.196189	2.658421
7164	-813.6255	-1158.924	345.2984	1.297125	2.658421
7170	-825.1815	-1171.331	346.1492	1.730824	1.829224
7176	-802.4813	-1148.271	345.7894	1.564143	2.180237
7182	-821.1132	-1166.814	345.7012	1.49379	2.2824
7188	-819.0053	-1164.748	345.7425	1.524063	2.236472
7194	-816.9447	-1160.78	343.8354	1.156854	3.613496
7200	-825.2849	-1171.322	346.0368	1.497655	2.061868
7206	-837.5854	-1184.004	346.4189	1.731322	1.639344
7212	-826.3145	-1171.867	345.5524	1.364307	2.458804
7218	-830.5009	-1175.555	345.0539	1.284454	2.815728
7224	-839.4266	-1185.641	346.2147	1.636402	1.849121
7230	-820.0333	-1165.162	345.129	1.529398	2.619613
7236	-822.1657	-1167.183	345.0176	1.456126	2.733158
7242	-831.2853	-1176.108	344.8226	1.456126	2.851924
7248	-827.5219	-1174.303	346.7813	1.700347	1.391804
7254	-834.2348	-1181.358	347.1235	1.700347	1.105593
7260	-832.9153	-1179.379	346.4632	1.953206	1.442157
7266	-842.4776	-1189.405	346.9278	1.953206	1.052257
7272	-835.0484	-1181.958	346.9094	1.783636	1.22037
7278	-839.4091	-1186.114	346.7047	1.988323	1.22037
7284	-836.8849	-1182.654	345.7691	1.584487	2.180193
7290	-858.5052	-1204.326	345.8205	1.316211	2.319655
7296	-839.0336	-1183.25	344.2161	1.263273	3.328927
7302	-839.0891	-1183.423	344.3335	1.09077	3.361347
7308	-832.5707	-1176.902	344.331	1.254677	3.266279
7314	-823.0283	-1169.599	346.5703	1.666534	1.57651
7320	-829.2434	-1174.847	345.6039	1.589184	2.283635
7326	-826.9272	-1172.147	345.2193	1.577063	2.534038
7332	-827.6096	-1173.119	345.5095	1.564741	2.359399
7338	-832.0455	-1178.421	346.3756	1.544746	1.801433
7344	-830.2549	-1176.698	346.443	1.684036	1.656013
7350	-847.1446	-1193.463	346.3179	1.635917	1.778167
7356	-839.5163	-1185.9	346.3834	1.57043	1.778167
7362	-831.6005	-1176.898	345.2974	1.434621	2.574002
7368	-829.866	-1175.833	345.967	1.386913	2.180024
7374	-823.5099	-1169.346	345.8364	1.49997	2.191372
7380	-831.6092	-1176.82	345.2109	1.289808	2.716665
7386	-826.0658	-1170.479	344.4136	1.288201	3.19762
7392	-839.4403	-1185.28	345.8398	1.532355	2.16814
7398	-829.349	-1174.17	344.821	1.265465	2.96799
7404	-830.8222	-1175.445	344.623	1.494835	2.949151
7410	-821.5261	-1167.586	346.0594	1.834564	1.819644
7416	-816.8998	-1163.027	346.1269	1.561645	1.959306
7422	-807.632	-1154.242	346.6105	1.765231	1.473155
7428	-813.9569	-1160.431	346.4738	1.879186	1.490274
7434	-810.8498	-1156.754	345.9041	1.504824	2.144209
7440	-844.1597	-1188.166	344.0065	1.257481	3.455285
7446	-842.3676	-1187.556	345.1881	1.382146	2.673933
7452	-838.885	-1183.182	344.2971	1.514391	3.132464
7458	-830.3388	-1174.081	343.7423	1.217604	3.632268
7464	-854.8853	-1196.715	341.8293	0.9648109	4.860879
7470	-835.7791	-1180.271	344.4921	1.44811	3.055714
7476	-824.5483	-1169.983	345.4344	1.495303	2.450592
7482	-828.2466	-1173.113	344.8667	1.574207	2.753228
7488	-823.0606	-1168.891	345.8307	1.551142	2.161877
7494	-825.6948	-1170.443	344.7486	1.353504	2.958589
7500	-847.6325	-1193.705	346.0726	1.506481	2.032344
7506	-840.1389	-1186.699	346.5602	1.806433	1.479992
7512	-842.5847	-1188.128	345.543	1.488296	2.386573
7518	-846.1207	-1191.678	345.557	1.474348	2.386573
7524	-851.466	-1197.153	345.6866	1.417806	2.340199
7530	-836.5912	-1182.318	345.7271	1.554889	2.226554
7536	-832.7631	-1178.141	345.378	1.382301	2.556458
7542	-833.1525	-1178.77	345.6178	1.62216	2.253568
7548	-845.8437	-1191.141	345.297	1.561188	2.495448
7554	-848.4551	-1194.865	346.4098	1.80156	1.595067
7560	-819.3972	-1164.039	344.6419	1.275638	3.069247
7566	-822.8738	-1166.932	344.0583	1.275638	3.414299
7572	-815.6784	-1160.941	345.2627	1.444545	2.589416
7578	-823.0017	-1168.393	345.3911	1.328252	2.581864
7584	-828.2634	-1173.768	345.5043	1.215084	2.581864
7590	-843.2043	-1188.43	345.2252	1.143681	2.797146
7596	-835.3435	-1179.7	344.3563	1.151367	3.312287
7602	-840.5104	-1186.792	346.2816	1.538935	1.870006
7608	-835.0165	-1181.223	346.2068	1.736206	1.785725
7614	-831.6015	-1177.941	346.3393	1.73713	1.692037
7620	-825.109	-1171.736	346.6271	1.786631	1.444203
7626	-830.9306	-1177.216	346.2854	1.691063	1.762417
7632	-815.5997	-1161.933	346.3335	1.479764	1.874964
7638	-836.4077	-1182.676	346.2682	1.755629	1.729236
7644	-834.9634	-1180.782	345.8188	1.626209	2.120663
7650	-828.071	-1173.319	345.2476	1.544448	2.53672
7656	-823.2611	-1169.1	345.8391	1.661274	2.084323
7662	-823.9946	-1169.381	345.3862	1.526329	2.461378
7668	-831.1305	-1176.795	345.6643	1.522107	2.287892
7674	-826.2606	-1170.141	343.8807	1.181795	3.572705
7680	-830.0787	-1174.75	344.6714	1.280005	3.048994
7686	-829.1213	-1173.851	344.7294	1.222075	3.048994
7692	-856.9526	-1201.976	345.0232	1.006871	3.001908
7698	-872.0958	-1217.814	345.7184	1.006871	2.578242
7704	-851.6479	-1197.423	345.7753	1.493612	2.234943
7710	-844.3057	-1190.629	346.3229	1.373878	1.953782
7716	-845.9348	-1191.539	345.6037	1.632566	2.255928
7722	-836.9369	-1183.341	346.4045	1.674402	1.690333
7728	-845.5515	-1192.087	346.5358	1.759064	1.533732
7734	-838.345	-1184.523	346.1778	1.472147	1.985172
7740	-856.2093	-1202.572	346.3629	1.418838	1.896386
7746	-845.0064	-1191.286	346.2795	1.483312	1.909284
7752	-833.3166	-1178.724	345.4076	1.484179	2.47444
7758	-838.3805	-1185.129	346.7482	1.539208	1.539239
7764	-847.229	-1193.961	346.7324	1.541324	1.549344
7770	-836.7806	-1183.03	346.2499	1.655794	1.811534
7776	-838.7798	-1184.657	345.8771	1.730673	2.013301
7782	-836.9338	-1183.115	346.1808	1.769878	1.780358
7788	-840.7108	-1186.437	345.726	1.698332	2.134165
7794	-841.6198	-1187.888	346.2679	1.826106	1.679551
7800	-850.2842	-1197.137	346.853	1.826106	1.23208
7806	-852.5436	-1199.23	346.6865	2.252114	0.9960036
7812	-855.1364	-1201.086	345.9494	1.743814	1.956223
7818	-839.0577	-1184.584	345.5263	1.568707	2.346182
7824	-850.7492	-1195.448	344.6987	1.670391	2.797016
7830	-842.3767	-1188.989	346.6125	1.816987	1.43213
7836	-849.0489	-1195.747	346.6981	1.849983	1.339358
7842	-837.142	-1183.695	346.5527	1.804415	1.487214
7848	-847.4384	-1193.728	346.2894	1.586462	1.832103
7854	-867.2615	-1212.671	345.409	1.477352	2.477811
7860	-854.9262	-1197.125	342.199	1.0483	4.607489
7866	-861.7861	-1205.621	343.8344	1.184316	3.59816
7872	-861.436	-1205.191	343.7552	1.101079	3.692285
7878	-846.8385	-1192.49	345.6511	1.457308	2.337653
7884	-844.0729	-1188.987	344.9145	1.446258	2.802091
7890	-838.0948	-1183.706	345.6116	1.463159	2.359041
7896	-850.1205	-1194.471	344.351	1.297765	3.229007
7902	-837.2775	-1180.476	343.1984	1.06049	4.035418
7908	-830.586	-1173.788	343.2021	1.056784	4.035418
7914	-847.2805	-1191.367	344.0867	1.070963	3.517312
7920	-837.7875	-1183.831	346.0431	1.279501	2.200281
7926	-834.0542	-1179.725	345.6706	1.280551	2.437133
7932	-843.5774	-1188.176	344.599	1.171325	3.156935
7938	-842.0767	-1186.302	344.2256	1.233176	3.341074
7944	-837.6627	-1182.374	344.7112	1.408011	2.948345
7950	-842.2	-1187.439	345.2386	1.276432	2.707893
7956	-841.4418	-1187.035	345.5929	1.50423	2.344832
7962	-839.609	-1185.858	346.2493	1.512135	1.910207
7968	-849.2898	-1193.31	344.0201	1.221854	3.468119
7974	-833.4779	-1178.614	345.1365	1.224345	2.802059
7980	-834.0824	-1180.163	346.0801	1.531911	2.010508
7986	-841.7851	-1186.152	344.3671	1.076338	3.350053
7992	-835.6723	-1179.785	344.1132	1.330319	3.350053
7998	-837.1576	-1181.183	344.025	1.141923	3.511939
8004	-839.5293	-1182.882	343.3526	0.9742599	3.996586
8010	-832.828	-1177.845	345.0171	1.416104	2.75794
8016	-846.7095	-1191.168	344.4583	1.212441	3.216009
8022	-849.6926	-1193.779	344.086	1.255624	3.409836
8028	-846.5695	-1190.781	344.2111	1.246156	3.341983
8034	-847.7541	-1194.193	346.4392	1.528712	1.76841
8040	-856.0935	-1201.882	345.7881	1.639856	2.131839
8046	-851.8834	-1198.104	346.2204	1.606713	1.865546
8052	-851.9646	-1196.254	344.2895	1.128591	3.364992
8058	-858.1475	-1202.52	344.3723	1.277445	3.228435
8064	-857.1439	-1203.382	346.2379	1.551456	1.891218
8070	-846.4788	-1190.629	344.1503	1.35796	3.311941
8076	-843.6266	-1188.177	344.5501	1.177836	3.182122
8082	-845.0089	-1188.907	343.8976	1.271879	3.510417
8088	-844.6765	-1190.044	345.3673	1.294642	2.617443
8094	-833.814	-1178.481	344.6674	1.171623	3.116089
8100	-831.9017	-1176.513	344.6113	1.227671	3.116089
8106	-835.0397	-1178.501	343.4613	1.169427	3.822401
8112	-830.037	-1173.856	343.8192	1.123728	3.642115
8118	-841.3443	-1185.755	344.4103	1.168601	3.270296
8124	-837.4097	-1181.845	344.4348	1.144125	3.270296
8130	-837.5713	-1182.897	345.3258	1.480074	2.528081
8136	-831.619	-1177.42	345.8009	1.31689	2.331684
8142	-841.3091	-1186.708	345.3991	1.280987	2.606236
8148	-829.1396	-1174.783	345.6438	1.527176	2.297798
8154	-835.8819	-1181.215	345.3333	1.292247	2.639888
8160	-843.6863	-1187.339	343.6526	1.057178	3.776844
8166	-846.5969	-1190.178	343.5807	0.9812078	3.861952
8172	-832.8443	-1178.276	345.4314	1.390467	2.51812
8178	-843.172	-1189.467	346.2948	1.676082	1.766285
8184	-843.0036	-1189.133	346.1294	1.64463	1.90163
8190	-846.4498	-1192.801	346.3516	1.727903	1.689886
8196	-850.1336	-1196.652	346.5184	1.727903	1.569529
8202	-825.4242	-1171.785	346.3612	1.454061	1.873603
8208	-844.173	-1189.568	345.3954	1.448874	2.504134
8214	-845.0183	-1191.077	346.0587	1.581541	1.991667
8220	-837.882	-1183.902	346.0202	1.577861	2.01975
8226	-834.6747	-1180.529	345.8544	1.43854	2.219472
8232	-825.6654	-1169.986	344.3203	1.24546	3.27804
8238	-828.6618	-1174.38	345.7178	1.404143	2.329056
8244	-835.6248	-1181.18	345.5549	1.396423	2.437008
8250	-835.7894	-1179.83	344.0406	1.375496	3.36613
8256	-842.4682	-1187.819	345.3512	1.527632	2.482522
8262	-837.7004	-1183.338	345.6374	1.411875	2.375238
8268	-834.627	-1179.993	345.366	1.299158	2.615465
8274	-830.6407	-1175.952	345.3116	1.353525	2.615465
8280	-837.6518	-1184.008	346.3566	1.440197	1.886206
8286	-849.2671	-1195.436	346.1684	1.499231	1.97334
8292	-857.5615	-1202.673	345.112	1.386823	2.717829
8298	-850.6376	-1195.537	344.8998	1.428394	2.821891
8304	-858.5911	-1203.635	345.0443	1.340439	2.787492
8310	-847.7675	-1193.457	345.6894	1.631165	2.201613
8316	-843.7712	-1189.997	346.2255	1.615723	1.855895
8322	-842.9159	-1188.939	346.0227	1.506897	2.065101
8328	-837.9957	-1182.547	344.5515	1.552697	2.957339
8334	-841.3874	-1185.604	344.2171	1.242103	3.340789
8340	-841.2194	-1186.66	345.4404	1.319428	2.556737
8346	-845.6374	-1190.395	344.7575	1.257501	3.010929
8352	-842.6438	-1188.586	345.9419	1.377643	2.202279
8358	-839.2049	-1185.02	345.8156	1.44524	2.240174
8364	-843.0666	-1187.441	344.3747	1.476098	3.109064
8370	-841.8597	-1185.734	343.8747	1.228558	3.549034
8376	-843.723	-1187.188	343.4648	1.149389	3.83191
8382	-842.9497	-1188.946	345.9968	1.505739	2.082917
8388	-841.6627	-1187.437	345.7744	1.468972	2.251391
8394	-848.9008	-1194.217	345.3166	1.508897	2.515849
8400	-858.6037	-1203.188	344.5846	1.190739	3.153987
8406	-845.3892	-1188.89	343.5005	1.187428	3.789472
8412	-853.9546	-1199.819	345.8647	1.546468	2.14279
8418	-856.2632	-1202.49	346.227	1.604245	1.862693
8424	-837.3863	-1182.457	345.071	1.153271	2.88491
8430	-823.7575	-1168.464	344.7066	1.2802	3.027807
8436	-836.6844	-1180.772	344.0871	1.312221	3.376011
8442	-836.4608	-1181.376	344.9153	1.366828	2.849858
8448	-832.3056	-1177.916	345.6099	1.42699	2.383029
8454	-838.6445	-1183.871	345.2268	1.447979	2.609488
8460	-829.3879	-1171.641	342.2527	1.044215	4.579682
8466	-838.1631	-1182.225	344.062	1.298752	3.398634
8472	-837.0231	-1180.043	343.0197	1.090176	4.120334
8478	-840.1264	-1184.433	344.3063	1.110429	3.365762
8484	-843.8725	-1187.16	343.2878	1.55969	3.697346
8490	-839.8263	-1184.615	344.7884	1.225697	3.011447
8496	-841.6091	-1185.606	343.9965	1.212802	3.487216
8502	-838.4379	-1182.22	343.7822	1.139536	3.654415
8508	-852.1922	-1194.039	341.8466	0.8730235	4.902357
8514	-828.7956	-1172.876	344.0801	1.016985	3.552613
8520	-837.4736	-1181.435	343.9613	1.05721	3.598291
8526	-823.3559	-1168.668	345.3119	1.381702	2.597845
8532	-841.4622	-1187.653	346.191	1.425079	2.007756
8538	-838.3125	-1184.337	346.0246	1.591561	2.007756
8544	-842.5604	-1187.204	344.6433	1.080952	3.184286
8550	-843.2354	-1188.503	345.2673	1.229912	2.718777
8556	-842.7977	-1187.472	344.6746	1.371176	2.992492
8562	-841.7878	-1186.608	344.8201	1.259705	2.972042
8568	-854.7263	-1197.735	343.009	1.243278	4.039207
8574	-833.1295	-1175.532	342.4022	0.880154	4.587831
8580	-841.5252	-1183.97	342.445	1.131977	4.422112
8586	-829.7961	-1174.827	345.0309	1.145178	2.914037
8592	-828.035	-1172.271	344.2356	1.145178	3.386847
8598	-836.3096	-1180.629	344.3195	1.246795	3.27776
8604	-836.5443	-1180.495	343.9502	1.609133	3.281815
8610	-838.2249	-1182.53	344.3046	1.254726	3.281815
8616	-839.2151	-1182.337	343.1218	1.295055	3.94513
8622	-840.6123	-1185.698	345.0855	1.631162	2.583566
8628	-822.5101	-1168.242	345.732	1.721847	2.114863
8634	-848.7756	-1194.705	345.9298	1.085392	2.39678
8640	-825.8853	-1170.762	344.8765	1.450618	2.822551
8646	-832.1062	-1176.926	344.8196	1.450618	2.857083
8652	-822.9469	-1167.542	344.595	1.294343	3.086079
8658	-828.6047	-1173.42	344.8154	1.248149	2.98177
8664	-825.7982	-1170.332	344.5333	1.381063	3.071133
8670	-822.0892	-1166.012	343.9229	1.203132	3.535777
8676	-822.7717	-1169.128	346.3567	1.532944	1.822588
8682	-817.5174	-1163.403	345.8856	1.76309	1.986033
8688	-818.9598	-1165.166	346.2057	1.544932	1.917487
8694	-822.5829	-1168.539	345.9557	1.562541	2.07258
8700	-824.29	-1170.227	345.9371	1.477673	2.140398
8706	-815.5974	-1159.989	344.3919	1.348708	3.174573
8712	-840.4944	-1185.586	345.0921	1.268347	2.8023
8718	-851.5521	-1196.32	344.7677	1.197732	3.040645
8724	-848.3016	-1192.893	344.5914	1.185847	3.152848
8730	-850.5748	-1194.917	344.3418	1.435405	3.152848
8736	-847.0593	-1191.448	344.3883	1.172924	3.280698
8742	-841.4139	-1186.368	344.9539	1.353149	2.834759
8748	-849.4607	-1194.333	344.872	1.435091	2.834759
8754	-850.3542	-1195.274	344.9194	1.387693	2.834759
8760	-844.9969	-1190.369	345.3717	1.282666	2.622131
8766	-848.256	-1193.677	345.4215	1.436542	2.495522
8772	-862.2242	-1205.557	343.3323	1.258854	3.845128
8778	-846.5701	-1191.688	345.1176	1.436801	2.683693
8784	-844.269	-1188.566	344.2967	1.102917	3.37579
8790	-832.8088	-1176.367	343.5578	1.153508	3.775973
8796	-833.2663	-1178.922	345.6561	1.204682	2.493849
8802	-844.0689	-1188.773	344.7039	1.283269	3.027588
8808	-855.9999	-1201.766	345.7658	1.336285	2.341706
8814	-847.9026	-1193.341	345.4384	1.258157	2.595994
8820	-850.6498	-1196.012	345.3627	1.333873	2.595994
8826	-855.0508	-1200.452	345.4013	1.295314	2.595994
8832	-844.8141	-1190.224	345.4103	1.490496	2.468759
8838	-850.0043	-1195.525	345.5205	1.380322	2.468759
8844	-833.1143	-1177.038	343.9241	1.51404	3.353207
8850	-854.6537	-1200.091	345.4372	1.548889	2.415142
8856	-848.523	-1194.212	345.6885	1.261005	2.438158
8862	-855.4145	-1200.04	344.6255	1.206131	3.120454
8868	-872.5734	-1216.87	344.297	1.165037	3.339164
8874	-830.413	-1176.01	345.5965	1.336534	2.448504
8880	-825.1685	-1171.247	346.0785	1.411339	2.091252
8886	-840.3224	-1186.354	346.0316	1.458241	2.091252
8892	-851.9266	-1197.879	345.9519	1.545135	2.086532
8898	-838.6845	-1185.049	346.3643	1.440212	1.880937
8904	-841.1275	-1187.126	345.9987	1.408544	2.145356
8910	-841.7783	-1187.716	345.938	1.596327	2.061985
8916	-841.394	-1186.983	345.5886	1.455953	2.378211
8922	-841.5172	-1186.556	345.0388	1.374558	2.770075
8928	-836.6477	-1182.429	345.7816	1.42794	2.273092
8934	-850.0559	-1194.918	344.8622	1.277593	2.935925
8940	-856.3681	-1202.644	346.276	1.727501	1.7435
8946	-854.9015	-1201.403	346.5017	1.828931	1.50708
8952	-861.1364	-1204.108	342.9714	1.124639	4.128196
8958	-833.9248	-1178.805	344.8804	1.139413	3.008034
8964	-831.4458	-1176.899	345.4527	1.332095	2.541231
8970	-847.0876	-1191.727	344.6393	1.30411	3.053818
8976	-845.3174	-1190.607	345.2892	1.28842	2.669431
8982	-850.5865	-1194.11	343.5236	1.25639	3.736365
8988	-853.6716	-1198.666	344.9941	1.45928	2.745624
8994	-848.5	-1193.483	344.9829	1.194557	2.913173
9000	-842.6372	-1187.509	344.8722	1.305254	2.913173
9006	-845.213	-1189.581	344.368	1.104413	3.333013
9012	-845.7131	-1191.15	345.4369	1.300513	2.570691
9018	-835.7218	-1180.171	344.449	1.300513	3.169274
9024	-832.0958	-1177.214	345.1184	1.45979	2.669076
9030	-829.0812	-1174.209	345.1277	1.450513	2.669076
9036	-834.8031	-1179.554	344.751	1.405462	2.92587
9042	-821.8534	-1167.285	345.4319	1.497041	2.451125
9048	-815.9932	-1161.347	345.354	1.377556	2.574312
9054	-832.9623	-1178.014	345.0518	1.467932	2.704978
9060	-825.7476	-1171.387	345.6391	1.514624	2.308808
9066	-847.7549	-1193.422	345.6666	1.487129	2.308808
9072	-845.288	-1191.379	346.0906	1.607537	1.952889
9078	-844.0526	-1190.128	346.0755	1.607537	1.96302
9084	-839.489	-1186.059	346.5702	1.490277	1.703369
9090	-850.4955	-1195.857	345.3613	1.401392	2.554961
9096	-850.0423	-1195.812	345.7693	1.299999	2.36251
9102	-834.1101	-1179.343	345.2324	1.385141	2.644838
9108	-842.6869	-1187.92	345.2329	1.481252	2.585082
9114	-831.3693	-1177.178	345.809	1.474358	2.225672
9120	-844.6259	-1190.004	345.3783	1.399442	2.545623
9126	-842.304	-1187.702	345.3984	1.46288	2.493524
9132	-841.8832	-1187.289	345.4055	1.455801	2.493524
9138	-845.6229	-1190.996	345.3733	1.275174	2.625762
9144	-843.5946	-1188.719	345.1243	1.524179	2.625762
9150	-847.0442	-1190.589	343.5448	1.138036	3.792355
9156	-846.2049	-1190.284	344.079	1.269529	3.40578
9162	-852.0398	-1196.365	344.3254	1.296092	3.245135
9168	-854.2735	-1197.444	343.1702	1.171281	3.988211
9174	-846.5405	-1189.314	342.7736	1.111388	4.24803
9180	-845.9843	-1190.386	344.4018	1.425059	3.123336
9186	-847.5488	-1192.839	345.29	1.605514	2.472052
9192	-830.4983	-1174.759	344.2604	1.187137	3.34767
9198	-848.4754	-1191.37	342.8943	1.182104	4.139346
9204	-837.7335	-1183.857	346.1239	1.675236	1.884611
9210	-830.6087	-1176.867	346.2584	1.643827	1.813973
9216	-832.7372	-1179.13	346.3924	1.944443	1.502407
9222	-856.5623	-1203.079	346.5164	1.929057	1.419834
9228	-835.3288	-1181.845	346.5164	1.929057	1.419834
9234	-861.9101	-1206.214	344.3043	1.428364	3.179306
9240	-825.8343	-1172.383	346.5483	1.773083	1.513963
9246	-843.0817	-1189.63	346.5483	1.773083	1.513963
9252	-838.3752	-1184.513	346.1375	1.429965	2.040034
9258	-840.2763	-1185.838	345.5613	1.541521	2.341239
9264	-834.1226	-1180.756	346.6332	1.643998	1.546772
9270	-835.6013	-1182.22	346.6185	1.451149	1.696864
9276	-834.4204	-1179.953	345.5324	1.736838	2.234736
9282	-845.4687	-1191.615	346.1468	1.589984	1.926861
9288	-843.9336	-1188.96	345.0266	1.412206	2.754524
9294	-848.8752	-1193.842	344.9664	1.307914	2.854622
9300	-870.2654	-1216.326	346.0606	1.39212	2.115629
9306	-853.9766	-1199.622	345.6456	1.504873	2.310872
9312	-847.1884	-1192.224	345.0356	1.629369	2.615584
9318	-840.236	-1185.273	345.0366	1.354909	2.783391
9324	-860.6122	-1206.474	345.8621	1.342504	2.276283
9330	-831.897	-1177.42	345.5232	1.575348	2.343942
9336	-831.8094	-1177.673	345.8634	1.455173	2.202923
9342	-830.755	-1176.884	346.1288	1.451302	2.031686
9348	-853.0157	-1197.98	344.9644	1.219502	2.909327
9354	-852.2556	-1198.765	346.5095	1.433748	1.785543
9360	-845.705	-1191.946	346.2407	1.489361	1.931402
9366	-837.4973	-1184.442	346.9448	1.627522	1.319963
9372	-837.4038	-1181.36	343.9559	1.075084	3.591042
9378	-849.1852	-1193.688	344.5031	1.190687	3.202367
9384	-842.2608	-1189.225	346.964	1.897779	1.070414
9390	-836.0448	-1182.113	346.0678	1.552312	2.005061
9396	-841.1001	-1186.632	345.5323	1.23099	2.554628
9402	-836.6871	-1182.02	345.3327	1.35006	2.604574
9408	-848.6786	-1193.409	344.73	1.324281	2.987329
9414	-845.1862	-1189.813	344.627	1.075023	3.197487
9420	-834.2683	-1178.351	344.0831	1.100291	3.502304
9426	-845.7802	-1187.734	341.9542	1.197157	4.661269
9432	-835.4518	-1180.431	344.9794	1.142675	2.946619
9438	-847.4833	-1191.478	343.9952	1.096766	3.555606
9444	-845.5147	-1189.743	344.2285	1.068819	3.435742
9450	-844.0849	-1187.973	343.8876	0.8116679	3.782941
9456	-839.0164	-1182.042	343.0261	0.9248129	4.210681
9462	-844.8992	-1186.634	341.7351	0.9519616	4.920483
9468	-850.1665	-1192.504	342.3378	1.057498	4.524419
9474	-842.6252	-1186.989	344.3638	1.223326	3.26545
9480	-841.4685	-1185.861	344.3929	1.239857	3.238476
9486	-842.2018	-1186.901	344.6994	1.152536	3.108394
9492	-851.97	-1196.442	344.4722	1.324781	3.14109
9498	-853.7896	-1198.719	344.9289	1.369318	2.840091
9504	-855.9303	-1200.94	345.0098	1.497319	2.71275
9510	-848.283	-1193.373	345.09	1.417054	2.71275
9516	-853.2157	-1199.33	346.1146	1.344115	2.111679
9522	-867.0991	-1211.296	344.1967	1.285472	3.327317
9528	-854.9529	-1199.53	344.5772	1.320526	3.081086
9534	-850.3168	-1195.801	345.4845	1.282073	2.552577
9540	-852.9133	-1197.131	344.2173	1.356248	3.273478
9546	-849.0175	-1194.154	345.1363	1.357784	2.7207
9552	-862.603	-1207.797	345.1943	1.357784	2.685095
9558	-859.6876	-1205.721	346.0337	1.789514	1.868146
9564	-857.8187	-1202.136	344.317	1.279635	3.259836
9570	-851.0231	-1197.392	346.369	1.54849	1.803422
9576	-870.2561	-1216.25	345.994	1.798362	1.889195
9582	-853.6337	-1198.562	344.9283	1.2906	2.888149
9588	-856.2289	-1201.451	345.2223	1.423797	2.627237
9594	-845.6494	-1192.527	346.8778	1.813724	1.221675
9600	-862.6413	-1208.264	345.6229	1.469331	2.347977
9606	-851.3805	-1196.736	345.3553	1.484001	2.507254
9612	-847.5279	-1194.255	346.7274	2.342823	0.8522238
9618	-842.2391	-1189.106	346.8669	2.097484	0.9697576
9624	-844.9414	-1191.794	346.8527	2.121146	0.9599094
9630	-833.2007	-1180.305	347.1046	1.869225	0.9599094
9636	-838.3073	-1185.131	346.8238	2.118384	0.9923777
9642	-817.3899	-1164.196	346.8063	1.938167	1.17619
9648	-818.3587	-1165.245	346.8865	1.867361	1.168004
9654	-823.5002	-1169.174	345.6736	1.631993	2.211294
9660	-814.179	-1159.899	345.7197	1.216922	2.446273
9666	-825.9199	-1170.118	344.1977	1.120533	3.423501
9672	-826.6538	-1171.519	344.8653	1.388933	2.866784
9678	-827.0905	-1172.764	345.6734	1.370349	2.378692
9684	-832.1513	-1178.177	346.0258	1.496308	2.070031
9690	-827.3271	-1172.431	345.1043	1.453344	2.681703
9696	-834.2971	-1180.064	345.7666	1.500767	2.235971
9702	-831.1352	-1176.283	345.148	1.286943	2.75686
9708	-844.271	-1189.822	345.5509	1.40246	2.435758
9714	-826.9846	-1173.109	346.1243	1.458752	2.029749
9720	-821.5087	-1168.209	346.7005	1.803839	1.37401
9726	-830.5387	-1176.862	346.3232	1.763696	1.684608
9732	-832.0647	-1178.244	346.1793	1.655032	1.860552
9738	-834.8028	-1181.149	346.346	1.595406	1.786853
9744	-841.6825	-1187.488	345.8057	1.571094	2.165169
9750	-847.6486	-1194.067	346.4186	1.674546	1.680194
9756	-858.5927	-1204.354	345.7612	1.591854	2.180549
9762	-854.0928	-1199.79	345.6971	1.5905	2.222945
9768	-854.1459	-1199.569	345.4234	1.410857	2.510399
9774	-854.2701	-1199.369	345.0989	1.620702	2.581738
9780	-844.2115	-1189.168	344.9562	1.309821	2.859638
9786	-826.8487	-1171.4	344.5511	1.349007	3.079671
9792	-838.7433	-1183.391	344.6479	1.319654	3.039329
9798	-837.1129	-1181.83	344.7171	1.19823	3.07059
9804	-845.4425	-1189.136	343.6935	1.351429	3.582923
9810	-831.0435	-1176.109	345.0653	1.173094	2.876356
9816	-822.0154	-1167.352	345.3368	1.425367	2.555286
9822	-820.7722	-1165.867	345.0948	1.424051	2.705523
9828	-824.6566	-1170.45	345.7932	1.590656	2.160539
9834	-830.8117	-1176.725	345.9128	1.496449	2.144004
9840	-833.5358	-1178.762	345.2266	1.496449	2.579596
9846	-835.61	-1181.422	345.8119	1.576942	2.157324
9852	-828.4262	-1174.541	346.1144	1.943727	1.705067
9858	-825.5431	-1172.096	346.5532	1.83241	1.465651
9864	-826.5016	-1172.719	346.2171	1.590293	1.878938
9870	-827.6682	-1173.673	346.0046	1.725704	1.931264
9876	-844.0668	-1189.017	344.9505	1.624444	2.671051
9882	-846.6744	-1191.636	344.9613	1.705726	2.614261
9888	-840.6051	-1185.373	344.7679	1.441248	2.894086
9894	-862.3058	-1208.683	346.3774	1.641681	1.73259
9900	-849.1453	-1194.642	345.4967	1.54884	2.377567
9906	-843.3275	-1189.05	345.723	1.556154	2.228373
9912	-847.1232	-1191.8	344.6768	1.369318	2.992257
9918	-840.5724	-1185.49	344.918	1.415714	2.818545
9924	-843.7833	-1189.734	345.9502	1.594975	2.054791
9930	-838.3857	-1184.299	345.9136	1.571222	2.094567
9936	-844.5843	-1190.553	345.9687	1.547323	2.074074
9942	-847.7454	-1193.431	345.686	1.610377	2.217257
9948	-848.8359	-1193.856	345.0198	1.455729	2.732096
9954	-853.0307	-1198.002	344.9715	1.504026	2.732096
9960	-848.3443	-1193.401	345.057	1.418531	2.732096
9966	-848.5661	-1192.537	343.9706	1.229467	3.49261
9972	-844.1596	-1187.735	343.5758	1.210327	3.732831
9978	-854.0975	-1198.469	344.3717	1.319907	3.20362
9984	-828.7576	-1173.007	344.249	1.358665	3.25328
9990	-820.6647	-1164.784	344.1188	1.277074	3.378018
9996	-834.0769	-1178.264	344.1869	1.198881	3.383923
10002	-832.2836	-1176.346	344.062	1.323796	3.383923
10008	-832.9462	-1177.284	344.3375	1.329064	3.218468
10014	-839.4691	-1183.597	344.128	1.440262	3.276586
10020	-841.7999	-1185	343.2	1.140312	3.988931
10026	-840.1416	-1184.405	344.2634	1.340198	3.255724
10032	-853.1532	-1198.659	345.5058	1.464608	2.425011
10038	-843.2489	-1189.128	345.8789	1.434494	2.206255
10044	-828.6766	-1174.679	346.0025	1.498261	2.08408
10050	-828.2667	-1174.203	345.9361	1.680156	2.007686
10056	-833.0357	-1179.21	346.1748	1.442284	2.007134
10062	-838.1237	-1184.303	346.1797	1.508534	1.959516
10068	-839.2641	-1185.248	345.984	1.654167	1.993032
10074	-827.6868	-1173.518	345.8308	1.525195	2.178653
10080	-828.338	-1174.445	346.1068	1.66373	1.904014
10086	-825.7597	-1172.235	346.4756	1.721721	1.605262
10092	-818.8474	-1165.312	346.4645	1.732892	1.605262
10098	-816.8192	-1163.574	346.7553	1.708226	1.405901
10104	-836.516	-1183.397	346.8813	1.934545	1.112844
10110	-840.5741	-1187.304	346.7304	1.892896	1.278537
10116	-845.0342	-1191.537	346.5028	1.914978	1.441091
10122	-830.3052	-1176.488	346.1825	1.690299	1.834246
10128	-825.6466	-1170.889	345.242	1.481675	2.579182
10134	-832.7396	-1176.094	343.354	0.9245823	4.024155
10140	-847.8191	-1191.877	344.0575	1.099248	3.517828
10146	-851.078	-1196.128	345.0496	1.108845	2.9247
10152	-836.9865	-1182.683	345.6961	1.561168	2.242453
10158	-838.3301	-1183.859	345.5289	1.378757	2.464487
10164	-839.2985	-1184.335	345.0364	1.498396	2.695745
10170	-836.4218	-1181.535	345.1131	1.54491	2.619865
10176	-843.1439	-1188.714	345.5697	1.574496	2.314907
10182	-844.1403	-1190.16	346.0196	1.73092	1.917584
10188	-853.2756	-1199.625	346.3493	1.878584	1.583006
10194	-855.8621	-1202.539	346.677	1.766081	1.421662
10200	-850.5108	-1196.259	345.7479	1.264473	2.398525
10206	-843.5617	-1188.077	344.5154	1.191268	3.19473
10212	-841.8748	-1187.365	345.4902	1.36321	2.498423
10218	-847.4234	-1192.434	345.0101	1.482058	2.721895
10224	-840.2788	-1184.554	344.2752	1.292662	3.276817
10230	-854.8647	-1199.508	344.6434	1.258314	3.078725
10236	-840.5667	-1184.637	344.0706	1.252945	3.420405
10242	-832.0441	-1176.81	344.7664	1.307884	2.975368
10248	-842.4563	-1188.425	345.9686	1.26633	2.256805
10254	-840.0112	-1185.743	345.7322	1.486588	2.267186
10260	-832.6067	-1178.17	345.5636	1.480184	2.378674
10266	-851.8888	-1196.843	344.9539	1.357107	2.832371
10272	-846.8825	-1192.628	345.7453	1.391982	2.319282
10278	-845.1367	-1190.739	345.6019	1.588878	2.285132
10284	-827.2458	-1173.636	346.3906	1.719762	1.667927
10290	-844.2624	-1190.735	346.4722	1.638178	1.667927
10296	-842.5483	-1188.032	345.4832	1.400256	2.479604
10302	-852.9219	-1198.393	345.4708	1.412659	2.479604
10308	-845.1352	-1190.365	345.2302	1.419535	2.624993
10314	-837.7729	-1183.814	346.0414	1.618777	1.978357
10320	-840.7284	-1187.187	346.4582	1.642494	1.674771
10326	-843.1022	-1189.803	346.7007	1.610411	1.521652
10332	-841.3411	-1187.65	346.3089	1.600266	1.809146
10338	-849.4907	-1195.86	346.3696	1.515499	1.825755
10344	-839.826	-1185.945	346.119	1.304871	2.134464
10350	-843.2632	-1189.341	346.0779	1.345976	2.134464
10356	-853.6011	-1199.378	345.777	1.350841	2.32532
10362	-858.2651	-1204.87	346.6047	1.597122	1.602054
10368	-840.6449	-1186.013	345.3685	1.209225	2.669373
10374	-840.8069	-1185.733	344.9259	1.328886	2.86646
10380	-827.6121	-1172.876	345.2644	1.371413	2.633587
10386	-839.6407	-1185.088	345.4474	1.519138	2.427438
10392	-837.3157	-1183.138	345.822	1.301986	2.327782
10398	-847.3734	-1193.506	346.1325	1.44587	2.032821
10404	-849.0784	-1195.393	346.3145	1.533099	1.85151
10410	-850.6617	-1197.469	346.8077	1.443635	1.565843
10416	-836.1969	-1182.122	345.9251	1.417887	2.187102
10422	-840.3712	-1186.429	346.0576	1.419984	2.099326
10428	-839.2029	-1184.438	345.2347	1.409765	2.628219
10434	-830.9798	-1175.815	344.835	1.167294	3.018546
10440	-835.0797	-1179.619	344.5391	1.346993	3.088038
10446	-831.6767	-1177.409	345.7328	1.691727	2.134064
10452	-834.4026	-1179.529	345.1265	1.425286	2.685289
10458	-832.5284	-1177.051	344.5228	1.482139	3.016939
10464	-835.3134	-1181.781	346.4681	1.446188	1.805624
10470	-842.2012	-1188.649	346.448	1.463093	1.807819
10476	-825.189	-1170.918	345.7289	1.552267	2.227049
10482	-846.7199	-1193.332	346.6121	1.641086	1.564456
10488	-847.4977	-1193.852	346.3547	2.016811	1.476357
10494	-869.8892	-1213.809	343.92	1.125064	3.582836
10500	-860.4882	-1203.661	343.1728	1.226688	3.955043
10506	-860.8926	-1206.242	345.3494	1.486285	2.509477
10512	-860.3175	-1206.649	346.3312	1.661533	1.751027
10518	-852.1278	-1198.174	346.0458	1.620062	1.974541
10524	-848.7019	-1194.712	346.0106	1.609587	2.005066
10530	-851.7482	-1198.389	346.641	2.081236	1.195477
10536	-856.7905	-1203.538	346.7471	2.037857	1.140589
10542	-849.4671	-1194.362	344.8947	1.232893	2.943257
10548	-840.6378	-1185.523	344.8853	1.281572	2.919591
10554	-829.2982	-1174.147	344.8484	1.318489	2.919591
10560	-831.1591	-1174.134	342.9748	1.226753	4.068123
10566	-843.8342	-1186.865	343.0308	1.170736	4.068123
10572	-827.8502	-1171.764	343.9136	1.053869	3.627906
10578	-836.9599	-1180.362	343.402	1.111908	3.889465
10584	-835.7752	-1180.22	344.4445	1.362338	3.135217
10590	-845.8578	-1189.908	344.0498	1.098544	3.52275
10596	-853.3143	-1198.387	345.0731	1.303105	2.792682
10602	-852.4166	-1198.967	346.55	1.581967	1.652418
10608	-845.1445	-1191.695	346.55	1.581967	1.652418
10614	-849.3858	-1195.936	346.55	1.581967	1.652418
10620	-860.0899	-1206.526	346.4363	1.567606	1.743219
10626	-861.8902	-1207.595	345.7053	1.38895	2.346655
10632	-851.7574	-1196.61	344.8526	1.434819	2.846647
10638	-850.2965	-1195.626	345.3295	1.390914	2.581237
10644	-844.2019	-1190.752	346.55	1.581967	1.652418
10650	-853.5746	-1198.621	345.0465	1.464917	2.710114
10656	-856.0408	-1201.571	345.5302	1.380645	2.462492
10662	-866.5363	-1211.78	345.2436	1.405071	2.625613
10668	-843.4192	-1188.469	345.0494	1.478648	2.699912
10674	-850.183	-1195.232	345.0494	1.478648	2.699912
10680	-846.1882	-1192.738	346.55	1.581967	1.652418
10686	-841.461	-1188.011	346.55	1.581967	1.652418
10692	-845.8043	-1192.354	346.55	1.581967	1.652418
10698	-845.5772	-1192.127	346.55	1.581967	1.652418
10704	-845.0435	-1191.594	346.55	1.581967	1.652418
10710	-846.5843	-1193.134	346.55	1.581967	1.652418
10716	-845.0811	-1191.631	346.55	1.581967	1.652418
10722	-839.0002	-1185.55	346.55	1.581967	1.652418
10728	-833.8159	-1180.366	346.55	1.581967	1.652418
10734	-837.8683	-1184.418	346.55	1.581967	1.652418
10740	-847.6861	-1192.735	345.0494	1.478648	2.699912
10746	-846.8793	-1191.929	345.0494	1.478648	2.699912
10752	-835.4077	-1181.958	346.55	1.581967	1.652418
10758	-836.6358	-1183.186	346.55	1.581967	1.652418
10764	-846.0671	-1192.617	346.55	1.581967	1.652418
10770	-844.868	-1191.418	346.55	1.581967	1.652418
10776	-848.687	-1195.237	346.55	1.581967	1.652418
10782	-831.041	-1176.09	345.0494	1.478648	2.699912
10788	-835.9807	-1181.03	345.0494	1.478648	2.699912
10794	-840.3633	-1185.413	345.0494	1.478648	2.699912
10800	-841.5792	-1188.129	346.55	1.581967	1.652418
10806	-837.4955	-1184.046	346.55	1.581967	1.652418
10812	-835.9769	-1182.527	346.55	1.581967	1.652418
10818	-844.6853	-1191.235	346.55	1.581967	1.652418
10824	-836.1493	-1181.199	345.0494	1.478648	2.699912
10830	-845.7727	-1192.323	346.55	1.581967	1.652418
10836	-843.7379	-1190.288	346.55	1.581967	1.652418
10842	-854.6746	-1199.724	345.0494	1.478648	2.699912
10848	-841.2591	-1186.308	345.0494	1.478648	2.699912
10854	-847.0416	-1193.592	346.55	1.581967	1.652418
10860	-842.2885	-1188.839	346.55	1.581967	1.652418
10866	-842.385	-1188.935	346.55	1.581967	1.652418
10872	-845.8194	-1190.869	345.0494	1.478648	2.699912
10878	-841.1691	-1186.218	345.0494	1.478648	2.699912
10884	-845.5862	-1190.636	345.0494	1.478648	2.699912
10890	-838.4817	-1183.531	345.0494	1.478648	2.699912
10896	-846.9652	-1192.015	345.0494	1.478648	2.699912
10902	-840.5715	-1187.122	346.55	1.581967	1.652418
10908	-849.2915	-1195.842	346.55	1.581967	1.652418
10914	-843.8785	-1190.429	346.55	1.581967	1.652418
10920	-842.5828	-1187.632	345.0494	1.478648	2.699912
10926	-822.5176	-1167.567	345.0494	1.478648	2.699912
10932	-830.3763	-1175.426	345.0494	1.478648	2.699912
10938	-828.727	-1173.776	345.0494	1.478648	2.699912
10944	-842.5176	-1189.068	346.55	1.581967	1.652418
10950	-837.4949	-1182.544	345.0494	1.478648	2.699912
10956	-835.1968	-1180.246	345.0494	1.478648	2.699912
10962	-851.5559	-1198.106	346.55	1.581967	1.652418
10968	-849.6609	-1196.211	346.55	1.581967	1.652418
10974	-839.819	-1184.868	345.0494	1.478648	2.699912
10980	-843.9768	-1189.026	345.0494	1.478648	2.699912
10986	-833.9172	-1178.967	345.0494	1.478648	2.699912
10992	-838.0738	-1183.123	345.0494	1.478648	2.699912
10998	-841.0345	-1186.084	345.0494	1.478648	2.699912
11004	-838.0889	-1183.138	345.0494	1.478648	2.699912
11010	-837.861	-1182.91	345.0494	1.478648	2.699912
11016	-838.1784	-1183.228	345.0494	1.478648	2.699912
11022	-837.2236	-1182.273	345.0494	1.478648	2.699912
11028	-833.3542	-1178.404	345.0494	1.478648	2.699912
11034	-834.1918	-1179.241	345.0494	1.478648	2.699912
11040	-853.9696	-1200.52	346.55	1.581967	1.652418
11046	-846.1123	-1192.14	346.0276	1.345927	2.167259
11052	-854.8048	-1201.398	346.5928	1.456559	1.711218
11058	-846.7372	-1192.256	345.5192	1.623747	2.315652
11064	-843.8898	-1190.3	346.4103	1.700135	1.667854
11070	-848.7764	-1193.924	345.1481	1.40249	2.686072
11076	-843.0353	-1188.059	345.0234	1.371887	2.781058
11082	-843.7773	-1188.827	345.0494	1.478648	2.699912
11088	-838.2565	-1183.306	345.0494	1.478648	2.699912
11094	-844.3636	-1189.413	345.0494	1.478648	2.699912
11100	-823.898	-1170.021	346.1231	1.510082	1.99637
11106	-822.8199	-1168.864	346.0439	1.42055	2.107941
11112	-833.8121	-1179.848	346.0358	1.400683	2.126217
11118	-843.1518	-1188.497	345.3455	1.373059	2.58238
11124	-847.3517	-1192.766	345.4145	1.279456	2.597646
11130	-841.3118	-1187.253	345.9413	1.524513	2.107045
11136	-863.6929	-1209.473	345.7802	1.685652	2.107045
11142	-830.601	-1175.65	345.0494	1.478648	2.699912
11148	-823.6796	-1168.729	345.0494	1.478648	2.699912
11154	-823.2722	-1168.322	345.0494	1.478648	2.699912
11160	-834.534	-1179.373	344.8388	1.323561	2.922328
11166	-835.844	-1179.434	343.5898	1.249388	3.702148
11172	-833.1452	-1178.195	345.0494	1.478648	2.699912
11178	-831.5893	-1176.639	345.0494	1.478648	2.699912
11184	-832.0291	-1177.078	345.0494	1.478648	2.699912
11190	-826.7235	-1171.773	345.0494	1.478648	2.699912
11196	-832.0911	-1177.14	345.0494	1.478648	2.699912
11202	-829.0722	-1174.122	345.0494	1.478648	2.699912
11208	-822.4839	-1167.533	345.0494	1.478648	2.699912
11214	-820.1335	-1165.183	345.0494	1.478648	2.699912
11220	-824.7023	-1169.752	345.0494	1.478648	2.699912
11226	-824.0179	-1169.067	345.0494	1.478648	2.699912
11232	-830.5929	-1175.642	345.0494	1.478648	2.699912
11238	-830.2585	-1175.308	345.0494	1.478648	2.699912
11244	-832.7164	-1177.766	345.0494	1.478648	2.699912
11250	-836.8308	-1181.88	345.0494	1.478648	2.699912
11256	-839.6464	-1184.696	345.0494	1.478648	2.699912
11262	-834.5872	-1179.637	345.0494	1.478648	2.699912
11268	-835.3871	-1180.436	345.0494	1.478648	2.699912
11274	-836.083	-1181.132	345.0494	1.478648	2.699912
11280	-833.9846	-1179.034	345.0494	1.478648	2.699912
11286	-831.7886	-1176.838	345.0494	1.478648	2.699912
11292	-830.2109	-1175.26	345.0494	1.478648	2.699912
11298	-829.7088	-1174.758	345.0494	1.478648	2.699912
11304	-830.9873	-1176.037	345.0494	1.478648	2.699912
11310	-833.2495	-1178.299	345.0494	1.478648	2.699912
11316	-825.226	-1170.275	345.0494	1.478648	2.699912
11322	-826.9609	-1172.01	345.0494	1.478648	2.699912
11328	-827.787	-1172.836	345.0494	1.478648	2.699912
11334	-831.9589	-1177.008	345.0494	1.478648	2.699912
11340	-827.6873	-1172.737	345.0494	1.478648	2.699912
11346	-834.0516	-1179.101	345.0494	1.478648	2.699912
11352	-836.6103	-1182.126	345.516	1.455964	2.424011
11358	-833.4308	-1177.538	344.1076	1.305854	3.36767
11364	-847.8246	-1192.373	344.5484	1.354713	3.077876
11370	-836.3307	-1180.808	344.4769	1.239094	3.189217
11376	-835.1035	-1178.897	343.7938	1.146213	3.643839
11382	-834.7692	-1179.819	345.0494	1.478648	2.699912
11388	-837.0654	-1182.115	345.0494	1.478648	2.699912
11394	-840.2577	-1184.347	344.0889	1.195127	3.443527
11400	-841.4534	-1186.995	345.542	1.317268	2.49479
11406	-839.7352	-1184.941	345.2059	1.220232	2.762262
11412	-851.8503	-1197.89	346.0398	1.467112	2.080044
11418	-846.2967	-1192.582	346.2849	1.737728	1.730068
11424	-836.9319	-1181.981	345.0494	1.478648	2.699912
11430	-836.9204	-1181.97	345.0494	1.478648	2.699912
11436	-836.3891	-1181.438	345.0494	1.478648	2.699912
11442	-838.0545	-1183.104	345.0494	1.478648	2.699912
11448	-831.2185	-1176.268	345.0494	1.478648	2.699912
11454	-833.7382	-1178.788	345.0494	1.478648	2.699912
11460	-825.7559	-1170.805	345.0494	1.478648	2.699912
11466	-830.5013	-1175.551	345.0494	1.478648	2.699912
11472	-831.0408	-1176.09	345.0494	1.478648	2.699912
11478	-832.7908	-1177.84	345.0494	1.478648	2.699912
11484	-830.8312	-1175.881	345.0494	1.478648	2.699912
11490	-832.9965	-1178.046	345.0494	1.478648	2.699912
11496	-826.0054	-1171.055	345.0494	1.478648	2.699912
11502	-835.5058	-1180.555	345.0494	1.478648	2.699912
11508	-840.7132	-1185.763	345.0494	1.478648	2.699912
11514	-840.5327	-1185.582	345.0494	1.478648	2.699912
11520	-835.7837	-1180.833	345.0494	1.478648	2.699912
11526	-845.5481	-1190.597	345.0494	1.478648	2.699912
11532	-841.1797	-1186.229	345.0494	1.478648	2.699912
11538	-841.3308	-1186.38	345.0494	1.478648	2.699912
11544	-846.8903	-1191.94	345.0494	1.478648	2.699912
11550	-834.4946	-1179.544	345.0494	1.478648	2.699912
11556	-838.3629	-1183.412	345.0494	1.478648	2.699912
11562	-849.7083	-1194.515	344.8067	1.301265	2.955092
11568	-837.2188	-1181.974	344.7552	1.424991	2.911525
11574	-841.1341	-1186.641	345.5074	1.377216	2.478906
11580	-830.6886	-1176.056	345.3677	1.51689	2.478906
11586	-834.8734	-1179.645	344.7711	1.631061	2.776898
11592	-843.8378	-1188.886	345.0485	1.323214	2.795449
11598	-833.6613	-1179.311	345.6499	1.54782	2.28069
11604	-838.1353	-1183.618	345.4829	1.50694	2.412784
11610	-828.2212	-1172.613	344.392	1.388712	3.15076
11616	-830.2595	-1175.47	345.2106	1.492968	2.591662
11622	-855.9108	-1200.96	345.0494	1.478648	2.699912
11628	-849.4847	-1194.534	345.0494	1.478648	2.699912
11634	-853.6765	-1198.726	345.0494	1.478648	2.699912
11640	-861.9575	-1206.915	344.9579	1.399562	2.804147
11646	-848.2631	-1194.599	346.3359	1.413606	1.918294
11652	-839.9884	-1186.409	346.4202	1.55275	1.764874
11658	-834.7792	-1180.481	345.7014	1.296269	2.407863
11664	-838.3301	-1183.947	345.6165	1.381135	2.407863
11670	-853.4518	-1199.112	345.66	1.439619	2.343272
11676	-862.6415	-1208.719	346.0775	1.424647	2.083183
11682	-855.9455	-1202.186	346.2404	1.70243	1.78582
11688	-840.9597	-1187.529	346.5692	2.028604	1.299361
11694	-838.9291	-1185.868	346.9389	2.085428	0.9055017
11700	-848.0593	-1194.57	346.5105	1.91516	1.43506
11706	-849.6398	-1196.222	346.5826	1.653164	1.577281
11712	-838.8238	-1185.653	346.8289	1.744619	1.318993
11718	-844.1461	-1190.565	346.419	1.770559	1.610959
11724	-849.5106	-1196.226	346.7151	1.708872	1.436375
11730	-849.1792	-1195.79	346.611	1.708872	1.515078
11736	-854.704	-1201.521	346.8168	1.857757	1.235946
11742	-836.8311	-1183.649	346.8176	1.740151	1.331649
11748	-842.3727	-1188.27	345.8973	1.435679	2.193559
11754	-844.2743	-1189.275	345.001	1.370231	2.795726
11760	-839.0852	-1183.682	344.5972	1.175406	3.155597
11766	-841.4725	-1186.484	345.0117	1.279807	2.844177
11772	-839.2002	-1184.017	344.8172	1.292323	2.954169
11778	-845.9149	-1190.328	344.4133	1.087118	3.31653
11784	-845.1954	-1190.843	345.6476	1.4102	2.369781
11790	-849.7422	-1194.937	345.1946	1.361529	2.682664
11796	-839.8906	-1184.928	345.0378	1.415289	2.745818
11802	-848.1965	-1192.614	344.4179	1.498864	3.069699
11808	-845.6537	-1190.952	345.2985	1.464422	2.554816
11814	-832.7151	-1177.988	345.2729	1.490086	2.554816
11820	-844.155	-1188.036	343.881	1.470581	3.403993
11826	-840.4556	-1183.753	343.2975	1.195693	3.901368
11832	-839.1177	-1183.628	344.5099	1.275425	3.148051
11838	-830.1328	-1174.347	344.2141	1.263644	3.329906
11844	-838.2	-1183.091	344.891	1.362713	2.867068
11850	-849.8445	-1192.317	342.4726	1.095122	4.427342
11856	-839.701	-1184.149	344.4479	1.332543	3.150934
11862	-828.1015	-1172.415	344.3134	1.098797	3.368436
11868	-832.8653	-1178.247	345.3821	1.380896	2.554786
11874	-834.1447	-1179.511	345.3662	1.396853	2.554786
11880	-836.7444	-1182.111	345.3662	1.321857	2.601296
11886	-829.018	-1173.272	344.254	1.222166	3.330819
11892	-832.3315	-1176.833	344.5018	1.073381	3.272512
11898	-844.9548	-1189.9	344.9452	1.242829	2.906827
11904	-852.5915	-1196.874	344.2826	1.252209	3.296288
11910	-833.7432	-1179.533	345.7897	1.505217	2.218177
11916	-841.667	-1187.83	346.1634	1.59512	1.912146
11922	-831.8891	-1177.323	345.4342	1.423084	2.496025
11928	-837.9428	-1183.086	345.1427	1.285333	2.76108
11934	-825.919	-1171.395	345.4761	1.324673	2.531293
11940	-834.995	-1180.37	345.3753	1.42544	2.531293
11946	-833.6318	-1178.401	344.7691	1.357003	2.944136
11952	-836.1445	-1181.035	344.8903	1.235822	2.944136
11958	-830.8838	-1175.033	344.1496	1.264042	3.367554
11964	-834.8357	-1180	345.1641	1.330762	2.720215
11970	-834.4871	-1179.617	345.1297	1.353887	2.727149
11976	-830.7344	-1176.453	345.7181	1.450812	2.299087
11982	-827.7164	-1172.632	344.9157	1.541504	2.743308
11988	-826.0708	-1172.268	346.1971	1.673933	1.83544
11994	-826.552	-1172.816	346.2645	1.741895	1.741487
12000	-827.0977	-1172.396	345.2987	1.486731	2.540807
12006	-819.0519	-1164.358	345.3056	1.479891	2.540807
12012	-831.4615	-1176.677	345.216	1.50666	2.57986
12018	-841.5703	-1187.829	346.2588	1.687107	1.783689
12024	-837.4252	-1183.184	345.7588	1.342253	2.342326
12030	-843.0046	-1187.899	344.8947	1.26434	2.924297
12036	-842.4647	-1187.428	344.9629	1.301448	2.860645
12042	-841.5159	-1186.836	345.3204	1.416009	2.571302
12048	-848.582	-1193.575	344.9926	1.391065	2.788149
12054	-832.4545	-1176.176	343.7216	1.170216	3.671724
12060	-832.6538	-1176.375	343.7216	1.170216	3.671724
12066	-826.6907	-1170.412	343.7216	1.170216	3.671724
12072	-832.2206	-1175.942	343.7216	1.170216	3.671724
12078	-837.9641	-1181.686	343.7216	1.170216	3.671724
12084	-831.9604	-1175.682	343.7216	1.170216	3.671724
12090	-834.7869	-1178.509	343.7216	1.170216	3.671724
12096	-831.3339	-1175.055	343.7216	1.170216	3.671724
12102	-822.6249	-1166.347	343.7216	1.170216	3.671724
12108	-843.5407	-1187.226	343.685	1.206862	3.671724
12114	-833.4482	-1177.743	344.2944	1.399629	3.202208
12120	-832.3982	-1178.294	345.8957	1.461902	2.177646
12126	-837.5131	-1182.66	345.1467	1.461902	2.650357
12132	-844.0123	-1189.317	345.305	1.30361	2.650357
12138	-854.4992	-1199.736	345.2368	1.371831	2.650357
12144	-832.7623	-1177.666	344.9037	1.248273	2.928551
12150	-833.6046	-1178.734	345.129	1.165493	2.842398
12156	-829.2354	-1174.479	345.2432	1.051241	2.842398
12162	-856.6716	-1201.7	345.0286	1.265466	2.842623
12168	-839.3946	-1185.627	346.232	1.43506	1.973727
12174	-836.9554	-1182.732	345.777	1.331111	2.337865
12180	-823.5029	-1169.28	345.777	1.331111	2.337865
12186	-834.8105	-1180.588	345.777	1.331111	2.337865
12192	-829.7983	-1175.575	345.777	1.331111	2.337865
12198	-835.3778	-1181.155	345.777	1.331111	2.337865
12204	-837.4095	-1183.187	345.777	1.331111	2.337865
12210	-827.7734	-1173.55	345.777	1.331111	2.337865
12216	-819.7779	-1165.555	345.777	1.331111	2.337865
12222	-843.7855	-1189.595	345.8096	1.560151	2.169713
12228	-835.7778	-1181.263	345.4854	1.420814	2.465365
12234	-829.4403	-1175.144	345.7035	1.358082	2.367434
12240	-838.2292	-1182.133	343.9039	1.087419	3.614073
12246	-846.1283	-1189.195	343.0672	1.01684	4.135054
12252	-844.4594	-1188.142	343.6827	1.309491	3.613528
12258	-836.6103	-1181.484	344.8739	1.324807	2.900359
12264	-846.9393	-1193.172	346.2332	1.480484	1.94245
12270	-841.2413	-1187.85	346.6084	1.831193	1.424401
12276	-838.0735	-1183.543	345.4693	1.469047	2.445164
12282	-844.7585	-1189.797	345.0383	1.367858	2.774427
12288	-834.4128	-1179.109	344.6967	1.338072	2.999093
12294	-818.9624	-1164.914	345.9516	1.456404	2.144848
12300	-820.6098	-1166.531	345.9208	1.448831	2.169775
12306	-827.933	-1173.73	345.7969	1.49175	2.222234
12312	-838.8525	-1184.644	345.7916	1.516248	2.209832
12318	-829.6457	-1175.389	345.7429	1.525691	2.23518
12324	-835.3901	-1181.434	346.0441	1.765837	1.877208
12330	-846.4228	-1192.787	346.3645	1.784765	1.640007
12336	-847.458	-1194.088	346.6298	1.680072	1.522541
12342	-837.5414	-1183.21	345.6688	1.660202	2.196147
12348	-839.4937	-1185.186	345.6922	1.567742	2.240712
12354	-839.161	-1185.255	346.0942	1.638909	1.929367
12360	-853.4042	-1199.842	346.4375	1.692172	1.65406
12366	-853.1261	-1199.418	346.2921	1.664596	1.77619
12372	-838.1888	-1183.714	345.5248	1.579919	2.340044
12378	-828.7414	-1175.195	346.4531	1.726246	1.618292
12384	-833.9066	-1180.424	346.517	1.662377	1.618292
12390	-837.7782	-1184.291	346.5129	1.629868	1.64469
12396	-828.2818	-1174.035	345.7531	1.488223	2.252741
12402	-830.2695	-1176.078	345.8086	1.55038	2.176728
12408	-833.0148	-1178.946	345.9317	1.659264	2.024486
12414	-829.5885	-1175.426	345.8377	1.796998	1.995351
12420	-839.3707	-1184.568	345.1971	1.48615	2.604233
12426	-831.5361	-1175.599	344.0627	1.191541	3.460983
12432	-843.3941	-1186.55	343.1558	1.096483	4.039189
12438	-844.4123	-1188.234	343.8215	1.151755	3.62454
12444	-842.6249	-1186.948	344.3231	1.185813	3.311575
12450	-838.1154	-1183.81	345.695	1.31743	2.398542
12456	-840.6415	-1186.351	345.7098	1.509486	2.266884
12462	-835.4223	-1181.49	346.0677	1.719425	1.892752
12468	-829.0871	-1174.869	345.7818	1.703805	2.094035
12474	-826.9656	-1172.772	345.8061	1.632274	2.125008
12480	-816.3046	-1161.365	345.06	1.408512	2.73639
12486	-815.15	-1160.817	345.6668	1.493432	2.30467
12492	-825.4569	-1171.053	345.5963	1.563862	2.30467
12498	-835.225	-1181.094	345.8688	1.61568	2.094786
12504	-834.3296	-1180.212	345.8822	1.58664	2.105034
12510	-846.2152	-1191.584	345.3685	1.354889	2.579406
12516	-839.9727	-1185.177	345.2043	1.29814	2.715581
12522	-831.4354	-1176.415	344.9796	1.355033	2.817973
12528	-846.761	-1190.085	343.3243	1.03912	3.975673
12534	-848.7209	-1192.846	344.1255	1.338929	3.337726
12540	-837.531	-1182.362	344.8313	1.322754	2.927293
12546	-838.3449	-1182.394	344.0494	1.238081	3.441518
12552	-853.2168	-1198.849	345.6327	1.591083	2.263971
12558	-848.4132	-1194.086	345.6731	1.538145	2.272033
12564	-833.5954	-1179.758	346.1625	1.679783	1.855117
12570	-826.5969	-1172.104	345.5072	1.805604	2.206665
12576	-836.583	-1182.246	345.6627	1.650106	2.206665
12582	-822.8857	-1169.297	346.411	1.832655	1.571481
12588	-832.174	-1178.233	346.0587	1.885654	1.784769
12594	-851.1446	-1197.531	346.3864	1.885654	1.550596
12600	-850.1418	-1194.987	344.8451	1.380115	2.884344
12606	-842.1273	-1187.973	345.8457	1.732061	2.033258
12612	-838.5722	-1184.582	346.0094	1.630588	1.991841
12618	-836.0561	-1182.224	346.168	1.665984	1.860792
12624	-835.4762	-1181.671	346.1946	1.884367	1.690291
12630	-834.1332	-1180.303	346.1701	2.052918	1.586607
12636	-846.4048	-1192.876	346.4708	1.711473	1.616192
12642	-850.6275	-1193.696	343.0689	1.248616	4.001953
12648	-856.5093	-1201.359	344.8501	1.223574	2.975727
12654	-853.953	-1196.463	342.5096	1.32861	4.27453
12660	-831.7267	-1177.581	345.8543	1.502921	2.177846
12666	-833.6444	-1179.58	345.9351	1.716776	1.983898
12672	-848.738	-1193.898	345.1603	1.471076	2.636336
12678	-855.9019	-1200.784	344.8826	1.511425	2.781859
12684	-854.6495	-1200.507	345.8576	1.846955	1.94857
12690	-847.0343	-1191.361	344.3264	1.299314	3.242645
12696	-848.8373	-1194.109	345.2717	1.353481	2.640141
12702	-840.8048	-1186.851	346.0459	1.595185	1.991093
12708	-832.6639	-1178.615	345.9514	1.493529	2.120695
12714	-830.538	-1177.032	346.4938	1.568883	1.701784
12720	-844.6875	-1189.56	344.873	1.64963	2.703238
12726	-838.3526	-1183.001	344.6484	1.571192	2.887772
12732	-848.892	-1193.95	345.0578	1.252266	2.832953
12738	-839.9758	-1184.153	344.1773	1.261209	3.352964
12744	-856.1686	-1202.489	346.3208	1.540685	1.84201
12750	-849.6913	-1195.699	346.0078	1.511531	2.071871
12756	-843.6805	-1188.043	344.3627	1.186305	3.287902
12762	-842.5848	-1188.147	345.5626	1.419674	2.417558
12768	-838.9641	-1184.372	345.4083	1.43597	2.504147
12774	-844.8596	-1190.588	345.7287	1.553714	2.226238
12780	-850.3385	-1196.246	345.9077	1.571186	2.098457
12786	-845.4029	-1190.704	345.3013	1.52403	2.515974
12792	-840.7209	-1186.916	346.1948	1.453247	1.986425
12798	-835.1987	-1179.46	344.2611	1.212358	3.33244
12804	-821.9478	-1166.23	344.2819	1.191505	3.33244
12810	-833.0394	-1176.398	343.359	1.015825	3.969183
12816	-831.6087	-1175.487	343.8781	1.033051	3.660541
12822	-827.0545	-1171.211	344.1566	1.010889	3.511573
12828	-825.4605	-1169.826	344.365	1.105465	3.334156
12834	-821.6362	-1167.485	345.849	1.323062	2.297098
12840	-825.0123	-1169.283	344.2706	1.312249	3.267963
12846	-835.7848	-1181.401	345.6163	1.399153	2.396605
12852	-847.7001	-1193.329	345.6291	1.399478	2.388322
12858	-841.954	-1186.409	344.455	1.330402	3.147991
12864	-837.9061	-1181.694	343.7879	1.130748	3.65618
12870	-817.9208	-1161.858	343.9367	1.193777	3.533134
12876	-830.4484	-1175.532	345.0835	1.300016	2.788227
12882	-835.8101	-1179.69	343.8795	1.291144	3.50974
12888	-838.5274	-1182.507	343.9799	1.223441	3.490703
12894	-848.538	-1194.295	345.7571	1.393067	2.311102
12900	-849.0275	-1194.337	345.3093	1.365316	2.609567
12906	-852.21	-1197.439	345.2287	1.445976	2.609567
12912	-849.9503	-1195.664	345.7138	1.712269	2.133028
12918	-855.4713	-1200.722	345.2505	1.500818	2.562029
12924	-843.7117	-1187.822	344.1099	1.258596	3.394092
12930	-863.4132	-1209.937	346.5234	1.92714	1.415956
12936	-853.8801	-1200.035	346.1548	1.855426	1.73876
12942	-857.6262	-1203.342	345.7153	1.77233	2.09272
12948	-859.8099	-1206.359	346.5491	1.495506	1.714587
12954	-837.3873	-1183.745	346.3579	1.686745	1.714587
12960	-832.093	-1178.21	346.1172	1.686745	1.88129
12966	-829.4883	-1175.328	345.8399	1.631418	2.103438
12972	-828.9008	-1175.12	346.2193	1.579018	1.885175
12978	-843.0019	-1189.119	346.1169	1.681347	1.885175
12984	-853.934	-1199.153	345.2186	1.473078	2.599057
12990	-829.6627	-1175.594	345.931	1.548878	2.097812
12996	-839.4195	-1185.107	345.6877	1.689808	2.164696
13002	-842.9517	-1188.738	345.7866	1.538737	2.198548
13008	-833.8879	-1179.648	345.7606	1.564701	2.198548
13014	-845.1591	-1190.998	345.8387	1.640338	2.098342
13020	-841.5092	-1187.198	345.6887	1.790351	2.098342
13026	-838.5405	-1184.914	346.3732	1.845719	1.589608
13032	-830.1954	-1176.452	346.2567	1.65866	1.804839
13038	-817.1533	-1163.62	346.4666	1.996156	1.406479
13044	-821.321	-1168.132	346.8105	1.788569	1.298275
13050	-833.5666	-1179.817	346.25	1.642562	1.820596
13056	-849.8189	-1196.155	346.3357	1.633087	1.767743
13062	-845.6858	-1191.107	345.4212	1.474421	2.472
13068	-833.2079	-1177.305	344.0969	1.247239	3.40834
13074	-851.7856	-1195.942	344.1569	1.187301	3.40834
13080	-833.8581	-1178.731	344.8732	1.368792	2.874222
13086	-836.846	-1182.719	345.8732	1.3924	2.237075
13092	-836.9765	-1183.701	346.7243	1.737889	1.40688
13098	-852.5977	-1198.487	345.8888	1.659803	2.052531
13104	-869.3879	-1215.258	345.8701	1.434055	2.212229
13110	-868.6973	-1214.679	345.9813	1.920445	1.814264
13116	-848.4477	-1194.787	346.3397	1.816672	1.634945
13122	-857.3002	-1203.434	346.1335	1.766326	1.815575
13128	-849.6246	-1196.104	346.4794	1.911142	1.461915
13134	-843.5628	-1189.456	345.8935	1.653379	2.05365
13140	-842.4214	-1187.895	345.4738	1.63272	2.33885
13146	-860.6277	-1203.726	343.0986	1.329499	3.938687
13152	-848.6663	-1193.872	345.2061	1.299655	2.713536
13158	-858.6452	-1204.507	345.8619	1.579944	2.122727
13164	-841.2426	-1186.472	345.2294	1.350388	2.668077
13170	-841.9276	-1188.219	346.2913	1.389551	1.964489
13176	-842.2311	-1187.645	345.4138	1.221711	2.633726
13182	-833.9724	-1179.094	345.1215	1.568396	2.600109
13188	-825.2452	-1170.523	345.2782	1.406307	2.60346
13194	-840.0391	-1184.837	344.7978	1.443087	2.874859
13200	-832.8123	-1177.196	344.384	1.322042	3.195061
13206	-835.9251	-1180.348	344.4231	1.242	3.219346
13212	-839.2708	-1184.295	345.0247	1.711203	2.571621
13218	-838.676	-1183.701	345.0247	1.711203	2.571621
13224	-836.3636	-1181.388	345.0247	1.711203	2.571621
13230	-830.7648	-1175.79	345.0247	1.711203	2.571621
13236	-835.3372	-1180.362	345.0247	1.711203	2.571621
13242	-843.3694	-1190.005	346.6357	1.760431	1.457687
13248	-834.5932	-1180.979	346.3861	1.85183	1.575689
13254	-837.9605	-1184.395	346.4349	1.833944	1.552988
13260	-834.3267	-1179.351	345.0247	1.711203	2.571621
13266	-843.3982	-1188.423	345.0247	1.711203	2.571621
13272	-847.2139	-1193.346	346.1323	1.839689	1.765513
13278	-848.9978	-1195.691	346.6936	1.907398	1.296726
13284	-843.5678	-1190.017	346.4492	1.68168	1.653221
13290	-833.8893	-1178.914	345.0247	1.711203	2.571621
13296	-838.4728	-1183.498	345.0247	1.711203	2.571621
13302	-839.8411	-1184.866	345.0247	1.711203	2.571621
13308	-844.6539	-1189.679	345.0247	1.711203	2.571621
13314	-840.6023	-1185.627	345.0247	1.711203	2.571621
13320	-833.2997	-1178.324	345.0247	1.711203	2.571621
13326	-835.1247	-1180.149	345.0247	1.711203	2.571621
13332	-835.5709	-1180.596	345.0247	1.711203	2.571621
13338	-834.4051	-1179.43	345.0247	1.711203	2.571621
13344	-829.4053	-1174.43	345.0247	1.711203	2.571621
13350	-830.875	-1175.9	345.0247	1.711203	2.571621
13356	-830.1753	-1175.2	345.0247	1.711203	2.571621
13362	-840.6634	-1187.176	346.5127	1.642297	1.635901
13368	-847.0261	-1192.97	345.9438	1.764145	1.946313
13374	-840.3176	-1186.309	345.9918	1.741884	1.928961
13380	-849.5723	-1195.65	346.0777	1.941443	1.732519
13386	-842.2492	-1188.323	346.0735	1.741043	1.874097
13392	-823.9031	-1169.179	345.276	1.620468	2.471479
13398	-839.2646	-1184.187	344.9227	1.431081	2.806356
13404	-835.1194	-1180.19	345.0705	1.357471	2.761153
13410	-837.3798	-1182.145	344.7651	1.419134	2.909086
13416	-830.7976	-1174.741	343.9437	1.117876	3.573269
13422	-833.5017	-1178.019	344.5168	1.246679	3.161
13428	-833.2173	-1177.041	343.8232	1.163599	3.616671
13434	-831.6764	-1176.041	344.3643	1.013746	3.388492
13440	-827.4957	-1171.484	343.988	1.092354	3.562364
13446	-830.6663	-1175.478	344.812	1.200462	3.012463
13452	-830.5666	-1177.253	346.6861	1.640806	1.509858
13458	-828.2749	-1174.691	346.4165	1.716984	1.651374
13464	-829.034	-1175.32	346.2863	1.662086	1.781988
13470	-818.8399	-1165.12	346.2806	1.667785	1.781988
13476	-844.5054	-1190.02	345.5141	1.317847	2.511848
13482	-823.1161	-1168.434	345.3182	1.430384	2.563756
13488	-832.7022	-1178.964	346.2621	1.57907	1.855914
13494	-839.8818	-1185.368	345.4858	1.404481	2.475384
13500	-815.8775	-1161.018	345.1406	1.360482	2.716407
13506	-821.1717	-1166.478	345.3065	1.440135	2.564929
13512	-825.4057	-1169.906	344.5008	1.280767	3.150291
13518	-815.1644	-1159.796	344.6315	1.323898	3.046623
13524	-837.8065	-1182.953	345.1461	1.4104	2.682385
13530	-845.2951	-1190.559	345.2639	1.065967	2.820884
13536	-848.9645	-1193.533	344.5684	1.157952	3.183058
13542	-843.4584	-1188.578	345.1192	1.149956	2.857733
13548	-831.7915	-1176.824	345.0328	1.346729	2.7907
13554	-832.2968	-1174.344	342.0477	1.111341	4.656973
13560	-829.3173	-1173.531	344.2139	1.158171	3.391953
13566	-834.8932	-1178.989	344.0954	1.068887	3.51344
13572	-833.937	-1175.985	342.0477	1.111341	4.656973
13578	-830.8148	-1172.862	342.0477	1.111341	4.656973
13584	-838.5939	-1180.642	342.0477	1.111341	4.656973
13590	-839.0561	-1181.104	342.0477	1.111341	4.656973
13596	-839.7654	-1181.813	342.0477	1.111341	4.656973
13602	-826.2839	-1168.332	342.0477	1.111341	4.656973
13608	-830.5185	-1172.566	342.0477	1.111341	4.656973
13614	-829.0252	-1171.073	342.0477	1.111341	4.656973
13620	-831.3213	-1173.369	342.0477	1.111341	4.656973
13626	-829.9874	-1172.035	342.0477	1.111341	4.656973
13632	-833.1101	-1175.158	342.0477	1.111341	4.656973
13638	-835.5196	-1177.567	342.0477	1.111341	4.656973
13644	-832.9465	-1174.994	342.0477	1.111341	4.656973
13650	-852.1554	-1197.478	345.3227	1.127558	2.747548
13656	-863.7044	-1206.189	342.4844	1.276606	4.318197
13662	-852.5064	-1196.809	344.3022	1.025171	3.418187
13668	-839.9839	-1185.139	345.155	1.240386	2.780991
13674	-843.2888	-1188.745	345.4562	1.432689	2.476242
13680	-838.8049	-1184.748	345.9433	1.543772	2.09306
13686	-850.4597	-1196.861	346.4016	1.352336	1.915256
13692	-822.083	-1167.7	345.6167	1.42605	2.379344
13698	-833.6373	-1179.414	345.7764	1.266394	2.379344
13704	-863.9153	-1209.175	345.2594	1.465592	2.578411
13710	-842.0022	-1187.767	345.7652	1.742261	2.079661
13716	-829.7305	-1175.446	345.7151	1.492645	2.27428
13722	-847.3904	-1192.888	345.4973	1.566282	2.366152
13728	-833.6683	-1179.183	345.5149	1.626389	2.316771
13734	-833.6834	-1179.274	345.5906	1.752076	2.187294
13740	-849.0804	-1195.286	346.2055	1.857258	1.701734
13746	-835.0603	-1180.215	345.1545	1.53151	2.602531
13752	-828.3301	-1173.414	345.0843	1.55278	2.632813
13758	-843.0805	-1189.167	346.0866	1.577002	1.976075
13764	-837.392	-1183.213	345.8214	1.563562	2.159843
13770	-839.9945	-1186.002	346.0079	1.766714	1.901287
13776	-829.8393	-1176.09	346.2504	1.667902	1.802813
13782	-835.0351	-1179.31	344.2753	1.267992	3.291319
13788	-845.2849	-1188.936	343.6516	1.034883	3.790266
13794	-843.7192	-1187.228	343.5085	1.177972	3.790266
13800	-842.0424	-1184.624	342.5816	1.051145	4.390675
13806	-837.6043	-1181.858	344.2541	1.315305	3.275902
13812	-843.4181	-1189.315	345.8973	1.468429	2.172315
13818	-832.0469	-1178.331	346.2839	1.625199	1.809163
13824	-828.1412	-1174.279	346.1376	1.764926	1.813714
13830	-842.8872	-1188.052	345.1646	1.382322	2.688311
13836	-836.332	-1180.45	344.1181	1.384703	3.315161
13842	-826.9417	-1170.405	343.4637	1.307031	3.741696
13848	-831.4834	-1174.22	342.7364	1.169186	4.236353
13854	-826.6101	-1169.805	343.195	0.9887465	4.078261
13860	-823.4978	-1166.921	343.4232	1.190385	3.832237
13866	-834.8327	-1180.244	345.4115	1.602854	2.397309
13872	-847.3172	-1193.127	345.8097	1.602854	2.14184
13878	-854.7148	-1199.875	345.16	1.439252	2.656123
13884	-853.4145	-1197.798	344.3833	1.277851	3.221686
13890	-857.885	-1201.999	344.1142	1.514539	3.240857
13896	-840.194	-1185.776	345.5817	1.606245	2.286928
13902	-850.3742	-1195.66	345.2856	1.326158	2.648404
13908	-844.4337	-1189.582	345.1481	1.58307	2.574557
13914	-833.4378	-1178.787	345.3495	1.512787	2.492908
13920	-829.7208	-1175.103	345.3819	1.692321	2.359369
13926	-827.4216	-1174.002	346.5802	1.850559	1.431171
13932	-831.6091	-1177.747	346.1379	1.89404	1.723523
13938	-838.8978	-1185.239	346.3414	1.792611	1.650958
13944	-865.1555	-1208.257	343.1014	0.6748683	4.309612
13950	-846.3229	-1190.613	344.2901	1.259625	3.287516
13956	-849.8582	-1195.313	345.4551	1.568443	2.391509
13962	-857.2116	-1203.21	345.9985	1.536813	2.061314
13968	-848.6136	-1193.533	344.9196	1.621834	2.691675
13974	-842.4507	-1188.194	345.7436	1.287213	2.386873
13980	-839.5574	-1185.861	346.3041	1.726405	1.724535
13986	-843.8447	-1189.986	346.1411	1.392766	2.062307
13992	-832.2796	-1176.978	344.6988	1.371071	2.977985
13998	-829.9295	-1175.044	345.1148	1.532533	2.626482
14004	-846.7968	-1193.306	346.5092	1.561496	1.69613
14010	-849.0436	-1195.398	346.3544	1.842879	1.605315
14016	-846.7564	-1192.828	346.0717	1.873618	1.784132
14022	-842.1911	-1188.955	346.764	1.823764	1.307474
14028	-848.5013	-1195.056	346.5544	2.031861	1.308718
14034	-834.719	-1180.546	345.8273	1.688226	2.074353
14040	-845.8491	-1192.429	346.5796	1.654988	1.578153
14046	-851.5825	-1198.485	346.902	1.816997	1.198201
14052	-848.3912	-1193.267	344.8759	1.326706	2.897984
14058	-847.6146	-1191.349	343.7344	1.372965	3.546615
14064	-830.9791	-1176.025	345.0454	1.326859	2.795084
14070	-856.5167	-1200.501	343.9845	1.089534	3.565987
14076	-835.6689	-1180.904	345.2353	1.363478	2.656407
14082	-841.4147	-1186.464	345.0493	1.198724	2.870535
14088	-847.2142	-1190.784	343.5702	0.9767309	3.870509
14094	-849.9453	-1191.019	341.0737	0.8953658	5.318339
14100	-868.3526	-1212.335	343.9819	1.366201	3.405999
14106	-846.0266	-1190.353	344.3262	1.297807	3.243673
14112	-851.6845	-1197.825	346.1408	1.710631	1.848901
14118	-838.3015	-1184.284	345.9828	1.592405	2.034909
14124	-832.2416	-1178.375	346.1334	1.588531	1.936901
14130	-861.8561	-1205.735	343.8787	1.067761	3.640102
14136	-864.209	-1204.725	340.5158	0.8549821	5.6475
14142	-848.5796	-1193.421	344.8415	1.464628	2.835288
14148	-844.8691	-1189.45	344.5805	1.207714	3.146288
14154	-845.4901	-1191.087	345.5974	1.393709	2.41199
14160	-833.5954	-1179.85	346.2545	1.693441	1.782281
14166	-844.9632	-1191.341	346.3781	1.635189	1.736666
14172	-846.1106	-1192.72	346.6093	1.920566	1.353825
14178	-845.6271	-1192.182	346.5552	1.71285	1.553566
14184	-843.0291	-1187.374	344.345	1.401828	3.170879
14190	-845.7212	-1189.864	344.1427	1.182444	3.419478
14196	-835.8545	-1181.179	345.3244	1.43211	2.558817
14202	-839.4793	-1184.611	345.1316	1.373588	2.713929
14208	-844.2173	-1189.797	345.5792	1.386428	2.427999
14214	-847.3583	-1192.413	345.0549	1.331958	2.786202
14220	-846.4938	-1191.988	345.4937	1.532807	2.389609
14226	-840.6452	-1186.354	345.709	1.317527	2.389609
14232	-834.4522	-1180.455	346.0032	1.589988	2.022999
14238	-843.1933	-1188.421	345.2279	1.568828	2.533797
14244	-836.0632	-1182.024	345.9607	1.583525	2.055463
14250	-840.4549	-1185.723	345.2686	1.499319	2.551727
14256	-833.7031	-1178.041	344.3381	1.325451	3.220233
14262	-835.0108	-1179.398	344.3877	1.275874	3.220233
14268	-827.5355	-1171.729	344.1936	1.242112	3.354642
14274	-841.0738	-1183.988	342.9141	1.261632	4.082818
14280	-861.1906	-1203.931	342.7406	0.9325106	4.367884
14286	-851.7396	-1195.812	344.0724	1.423844	3.319043
14292	-837.4919	-1181.386	343.8938	1.200487	3.554253
14298	-834.2196	-1179.869	345.6497	1.45858	2.337789
14304	-841.5721	-1186.245	344.6726	1.24203	3.070991
14310	-838.1669	-1182.77	344.6027	1.311895	3.070991
14316	-840.7895	-1185.392	344.6027	1.311895	3.070991
14322	-836.7126	-1180.971	344.2583	1.182723	3.351493
14328	-845.935	-1191.196	345.2608	1.250894	2.709914
14334	-850.509	-1196.992	346.4825	1.880037	1.483072
14340	-847.9817	-1194.525	346.5436	2.013023	1.332573
14346	-845.2102	-1192.244	347.0333	1.829916	1.069077
14352	-830.3377	-1177.054	346.7163	1.954594	1.239027
14358	-822.7645	-1169.453	346.6882	1.982697	1.239027
14364	-833.3348	-1179.782	346.4472	1.622678	1.696738
14370	-831.4387	-1177.088	345.6491	1.498369	2.312793
14376	-821.3294	-1166.223	344.8937	1.471508	2.799411
14382	-817.868	-1162.202	344.3337	1.381019	3.189957
14388	-821.1751	-1165.754	344.5794	1.381019	3.043637
14394	-828.3282	-1173.341	345.0131	1.348857	2.801383
14400	-822.3812	-1168.493	346.1114	1.578754	1.958238
14406	-827.1529	-1173.317	346.1642	1.632623	1.886151
14412	-824.8411	-1170.416	345.575	1.636	2.272203
14418	-814.1641	-1159.957	345.7931	1.417827	2.272203
14424	-817.1906	-1163.436	346.2454	1.562229	1.878823
14430	-833.8113	-1180.024	346.2131	1.463232	1.967519
14436	-832.428	-1177.575	345.1475	1.309217	2.743575
14442	-828.0712	-1173.303	345.232	1.474618	2.589802
14448	-832.2337	-1176.912	344.678	1.332524	3.013598
14454	-830.627	-1175.331	344.7044	1.306115	3.013598
14460	-818.8562	-1162.15	343.2936	1.300825	3.843227
14466	-826.69	-1171.042	344.3516	1.290897	3.232743
14472	-828.6461	-1172.989	344.3431	1.299392	3.232743
14478	-831.7974	-1176.655	344.8575	1.210231	2.979307
14484	-831.9196	-1177.177	345.2578	1.310522	2.675161
14490	-839.7353	-1184.567	344.8315	1.390195	2.886455
14496	-831.2748	-1175.569	344.2946	1.381116	3.213061
14502	-829.0706	-1175.448	346.3772	1.78968	1.627357
14508	-851.8561	-1198.913	347.0572	1.96231	0.9108496
14514	-867.619	-1214.417	346.7976	2.221963	0.9108496
14520	-863.0715	-1207.242	344.1703	1.383321	3.285233
14526	-868.778	-1213.245	344.4667	1.151655	3.246963
14532	-859.543	-1205.499	345.9555	1.396731	2.181109
14538	-859.253	-1204.417	345.1639	1.271237	2.756793
14544	-843.1893	-1189.389	346.2002	1.47372	1.969168
14550	-846.7553	-1192.702	345.9467	1.471853	2.137935
14556	-846.4375	-1192.392	345.9544	1.535407	2.091262
14562	-846.9531	-1193.632	346.6794	2.119954	1.127722
14568	-841.6287	-1188.576	346.947	1.998556	0.989033
14574	-833.8745	-1180.99	347.1155	1.718337	1.096372
14580	-836.8028	-1183.577	346.7742	1.726495	1.376854
14586	-845.3098	-1191.202	345.8923	1.267201	2.305135
14592	-844.6224	-1189.658	345.0357	1.377528	2.77013
14598	-843.618	-1188.462	344.8439	1.342098	2.908054
14604	-840.2262	-1186.382	346.1556	1.283959	2.124198
14610	-834.2075	-1179.569	345.3611	1.297315	2.619597
14616	-849.7649	-1194.927	345.1618	1.258682	2.765693
14622	-827.8617	-1173.504	345.642	1.284428	2.452668
14628	-822.4036	-1168.06	345.6568	1.432087	2.350079
14634	-829.4577	-1174.852	345.3947	1.432087	2.515083
14640	-834.6117	-1179.119	344.5074	1.21474	3.18555
14646	-831.9654	-1176.732	344.7664	1.224733	3.025222
14652	-822.0489	-1167.014	344.9655	1.025627	3.025222
14658	-828.2895	-1172.092	343.8029	0.8700125	3.798073
14664	-832.3481	-1177.679	345.3305	1.139301	2.735552
14670	-815.0074	-1160.772	345.7646	1.274698	2.381545
14676	-825.186	-1171.467	346.281	1.385147	1.974349
14682	-834.9517	-1179.983	345.0315	1.418565	2.747653
14688	-838.1926	-1184.408	346.2156	1.678994	1.819211
14694	-841.3629	-1187.362	345.9988	1.47387	2.102553
14700	-838.2147	-1183.392	345.1768	1.252797	2.760154
14706	-828.2761	-1173.438	345.1621	1.33896	2.716408
14712	-839.6593	-1184.613	344.9539	1.167494	2.947016
14718	-855.1206	-1199.102	343.9816	1.167494	3.522289
14724	-841.1502	-1184.718	343.568	1.185386	3.751736
14730	-832.3967	-1177.024	344.6269	1.152908	3.151296
14736	-845.6681	-1190.206	344.5376	1.197265	3.177975
14742	-841.6564	-1185.471	343.8145	1.01384	3.708454
14748	-841.3765	-1185.048	343.6713	1.157028	3.708454
14754	-829.9735	-1175.355	345.3817	1.349943	2.574278
14760	-854.5386	-1200.466	345.927	1.426507	2.18029
14766	-841.3807	-1186.816	345.4352	1.459698	2.472442
14772	-831.5388	-1176.5	344.9611	1.3527	2.830677
14778	-843.3539	-1187.565	344.2109	1.168275	3.387794
14784	-841.7769	-1185.421	343.6438	1.101795	3.756194
14790	-832.1665	-1176.659	344.4921	1.176433	3.21731
14796	-836.316	-1181.239	344.9232	1.19545	2.948659
14802	-823.029	-1167.954	344.9254	1.475176	2.777846
14808	-836.5367	-1181.745	345.2085	1.302899	2.71012
14814	-837.8537	-1182.382	344.5287	1.160851	3.204882
14820	-831.1188	-1176.157	345.0379	1.091437	2.942235
14826	-828.2036	-1172.459	344.2549	1.124224	3.387812
14832	-838.7565	-1182.437	343.6809	1.100326	3.735638
14838	-837.7778	-1181.909	344.1316	1.135754	3.453307
14844	-854.1953	-1199.422	345.2269	1.485854	2.585989
14850	-845.2237	-1188.041	342.817	0.952198	4.313609
14856	-837.5413	-1180.266	342.7249	1.049453	4.310672
14862	-843.0111	-1185.108	342.097	1.280774	4.534223
14868	-841.5465	-1186.73	345.1831	1.390861	2.671704
14874	-844.4302	-1190.506	346.0758	1.419952	2.087392
14880	-839.4182	-1185.281	345.8633	1.576449	2.124111
14886	-824.7606	-1170.355	345.5942	1.524356	2.331204
14892	-831.0236	-1176.788	345.7643	1.524356	2.222246
14898	-827.5764	-1173.337	345.7604	1.528262	2.222246
14904	-819.5077	-1165.303	345.795	1.331937	2.325862
14910	-838.6637	-1184.181	345.5172	1.500797	2.395016
14916	-852.5314	-1198.136	345.6042	1.500797	2.339833
14922	-857.8806	-1202.496	344.6153	1.115003	3.180695
14928	-867.6883	-1211.826	344.1373	1.428239	3.278197
14934	-852.7005	-1197.554	344.8533	1.2573	2.95348
14940	-859.346	-1204.388	345.042	1.399828	2.752675
14946	-848.0237	-1192.205	344.1814	1.145922	3.418171
14952	-825.8394	-1171.036	345.1964	1.239502	2.756293
14958	-833.0718	-1177.584	344.5119	1.32569	3.116941
14964	-836.5168	-1182.125	345.6081	1.432049	2.380962
14970	-836.5479	-1181.316	344.7684	1.302536	2.977332
14976	-844.898	-1189.791	344.8933	1.177655	2.977332
14982	-839.0692	-1184.541	345.4713	1.55307	2.390945
14988	-833.4337	-1179.271	345.8371	1.432219	2.234714
14994	-836.5585	-1182.775	346.2161	1.560549	1.899853
15000	-848.9089	-1192.46	343.5516	1.024091	3.854037
15006	-845.3311	-1189.982	344.6509	1.063681	3.190006
15012	-849.1278	-1193.927	344.7993	1.236005	2.99874
15018	-842.104	-1187.506	345.4019	1.31612	2.582709
15024	-841.6034	-1187.937	346.3332	1.73841	1.695512
15030	-837.0689	-1182.954	345.8852	1.727681	2.009939
15036	-826.2154	-1172.144	345.9281	1.715274	1.989574
15042	-819.538	-1166.283	346.7445	1.755828	1.377124
15048	-833.3414	-1179.79	346.4484	1.637883	1.685063
15054	-825.3315	-1171.515	346.1832	1.641333	1.867252
15060	-843.1006	-1188.182	345.0811	1.274538	2.805242
15066	-836.9224	-1181.991	345.0691	1.286521	2.805242
15072	-842.3971	-1185.403	343.0055	1.024904	4.165547
15078	-845.5666	-1189.993	344.4265	1.364679	3.144529
15084	-836.5816	-1181.805	345.2232	1.342783	2.676579
15090	-832.2931	-1177.741	345.4477	1.389576	2.508513
15096	-830.557	-1176.928	346.3707	1.470636	1.855762
15102	-839.0748	-1184.842	345.7676	1.470636	2.254669
15108	-839.627	-1185.325	345.6981	1.540161	2.254669
15114	-845.1812	-1190.503	345.3215	1.525762	2.502273
15120	-843.9979	-1187.771	343.7734	1.201459	3.623581
15126	-840.3535	-1183.732	343.3785	1.160415	3.875108
15132	-840.3171	-1183.96	343.6426	0.9917597	3.820265
15138	-831.7298	-1175.389	343.6596	0.9747776	3.820265
15144	-828.1652	-1173.3	345.1352	1.321722	2.743466
15150	-842.478	-1188.297	345.8189	1.559856	2.163856
15156	-852.0646	-1197.661	345.5961	1.488498	2.352811
15162	-852.9879	-1199.332	346.344	1.693263	1.719753
15168	-848.28	-1194.483	346.2034	1.627408	1.862991
15174	-837.7113	-1183.466	345.7551	1.527199	2.226353
15180	-849.0457	-1194.197	345.1512	1.313428	2.738735
15186	-851.4146	-1196.529	345.114	1.350669	2.738735
15192	-845.2339	-1190.369	345.1346	1.329984	2.738735
15198	-831.7644	-1177.925	346.1609	1.53202	1.95638
15204	-835.0413	-1180.928	345.8865	1.613245	2.084729
15210	-822.4477	-1168.528	346.0803	1.453756	2.062139
15216	-837.6585	-1183.7	346.0418	1.492267	2.062139
15222	-845.7897	-1192.034	346.2439	1.679326	1.799447
15228	-833.1155	-1179.501	346.3851	1.773373	1.633429
15234	-846.2795	-1192.744	346.4641	1.773373	1.576036
15240	-839.9841	-1185.614	345.6298	1.630756	2.24031
15246	-833.8964	-1180.318	346.4212	1.760408	1.616722
15252	-833.4013	-1179.019	345.6179	1.456431	2.359311
15258	-832.8258	-1178.565	345.7394	1.65468	2.153911
15264	-831.9234	-1177.335	345.4121	1.624848	2.382993
15270	-821.5811	-1166.824	345.2426	1.246871	2.723529
15276	-830.3123	-1176.118	345.8062	1.57986	2.159155
15282	-827.2797	-1172.733	345.4536	1.568451	2.392462
15288	-840.4555	-1187.368	346.9127	1.741128	1.253257
15294	-836.6818	-1183.407	346.7249	1.838026	1.327505
15300	-842.3754	-1188.748	346.3722	1.863773	1.577111
15306	-848.175	-1194.571	346.3956	1.801233	1.605686
15312	-862.4754	-1208.974	346.4988	1.599773	1.676291
15318	-856.2024	-1203.26	347.0573	1.74737	1.122909
15324	-840.162	-1186.894	346.7323	1.642537	1.47381
15330	-849.4865	-1195.555	346.0688	1.543174	2.010539
15336	-834.3907	-1181.02	346.6295	1.61457	1.571213
15342	-839.2952	-1186.211	346.9155	1.769067	1.227514
15348	-843.252	-1190.136	346.8843	2.024068	1.025895
15354	-837.0826	-1184.237	347.1545	1.896508	0.8751128
15360	-837.8801	-1184.897	347.0171	2.060374	0.8434504
15366	-838.9732	-1186.011	347.0376	1.811108	1.082643
15372	-840.8784	-1187.53	346.6514	1.877727	1.354442
15378	-829.5041	-1175.894	346.3899	1.717898	1.669756
15384	-825.3227	-1171.562	346.239	1.740862	1.760007
15390	-826.333	-1172.913	346.58	1.813866	1.459408
15396	-832.1848	-1178.497	346.3117	1.69584	1.740657
15402	-832.9071	-1179.423	346.5158	1.69584	1.594912
15408	-852.0646	-1198.67	346.6052	1.567184	1.62336
15414	-844.0419	-1190.564	346.5219	1.740398	1.557759
15420	-832.8674	-1179.186	346.3187	1.507295	1.866252
15426	-840.0425	-1185.922	345.8794	1.604108	2.095422
15432	-836.9748	-1183.128	346.153	1.53253	1.961324
15438	-834.5404	-1180.902	346.3619	1.350723	1.943167
15444	-827.7198	-1172.636	344.9163	1.362677	2.851817
15450	-840.5603	-1183.793	343.2327	0.9327537	4.088695
15456	-843.6228	-1188.392	344.7687	1.196003	3.041044
15462	-841.3531	-1185.406	344.0531	1.184357	3.47077
15468	-848.8033	-1193.28	344.477	1.192531	3.216717
15474	-846.1409	-1192.175	346.0339	1.460021	2.088558
15480	-838.3852	-1184.13	345.7449	1.515161	2.240662
15486	-844.9893	-1190.791	345.8015	1.392122	2.283314
15492	-842.7322	-1188.933	346.2011	1.791125	1.751379
15498	-833.6967	-1179.938	346.2414	1.646472	1.823822
15504	-829.8018	-1175.918	346.1158	1.611401	1.933342
15510	-862.1507	-1207.126	344.9756	1.304612	2.851058
15516	-853.675	-1198.506	344.8311	1.250192	2.971112
15522	-857.647	-1202.692	345.0446	1.376719	2.765182
15528	-853.4654	-1198.522	345.0564	1.364914	2.765182
15534	-844.1726	-1189.013	344.84	1.040484	3.09138
15540	-837.2804	-1180.098	342.8175	0.9671282	4.30488
15546	-838.7141	-1182.836	344.1222	1.031349	3.519728
15552	-834.8293	-1181.225	346.3953	1.800634	1.606282
15558	-839.9614	-1186.622	346.6605	1.535492	1.606282
15564	-838.444	-1184.878	346.4336	1.605538	1.718412
15570	-839.7634	-1185.405	345.6414	1.511145	2.309553
15576	-835.1978	-1180.436	345.2381	1.337001	2.670949
15582	-822.7292	-1168.603	345.8741	1.433117	2.210279
15588	-831.3393	-1176.963	345.6239	1.487219	2.335971
15594	-825.4564	-1171.238	345.7814	1.329646	2.335971
15600	-832.2409	-1178.223	345.982	1.433137	2.140207
15606	-822.2805	-1168.128	345.8475	1.481088	2.196395
15612	-817.9435	-1163.534	345.5902	1.341285	2.4495
15618	-821.7832	-1167.022	345.2391	1.536526	2.546963
15624	-824.9703	-1170.209	345.2391	1.536526	2.546963
15630	-825.879	-1171.118	345.2391	1.536526	2.546963
15636	-830.7588	-1175.998	345.2391	1.536526	2.546963
15642	-828.2898	-1173.529	345.2391	1.536526	2.546963
15648	-831.6924	-1176.931	345.2391	1.536526	2.546963
15654	-833.8843	-1179.123	345.2391	1.536526	2.546963
15660	-842.3195	-1187.559	345.2391	1.536526	2.546963
15666	-835.2579	-1180.497	345.2391	1.536526	2.546963
15672	-823.9922	-1169.231	345.2391	1.536526	2.546963
15678	-825.6235	-1170.863	345.2391	1.536526	2.546963
15684	-826.0388	-1171.278	345.2391	1.536526	2.546963
15690	-835.2435	-1180.483	345.2391	1.536526	2.546963
15696	-833.5485	-1178.788	345.2391	1.536526	2.546963
15702	-830.8302	-1176.069	345.2391	1.536526	2.546963
15708	-836.6542	-1181.893	345.2391	1.536526	2.546963
15714	-835.3279	-1180.538	345.2097	1.565872	2.546963
15720	-837.816	-1184.411	346.5953	1.817805	1.444696
15726	-827.8558	-1174.31	346.4538	1.648752	1.673472
15732	-828.7759	-1175.463	346.687	1.753797	1.423467
15738	-836.6795	-1182.976	346.2968	1.637451	1.791786
15744	-831.006	-1177.758	346.7519	1.696912	1.41724
15750	-837.2169	-1183.709	346.492	1.903458	1.458192
15756	-834.7932	-1181.457	346.6643	1.910355	1.318033
15762	-828.2252	-1173.494	345.2692	1.381867	2.624159
15768	-820.8208	-1165.739	344.9183	1.345272	2.861146
15774	-829.6152	-1174.609	344.9938	1.349178	2.812926
15780	-831.7442	-1177.26	345.5161	1.329417	2.503387
15786	-814.5735	-1159.621	345.0475	1.366998	2.769336
15792	-826.8764	-1173.232	346.3557	1.583254	1.78854
15798	-826.6813	-1172.626	345.9446	1.584763	2.06524
15804	-836.423	-1181.936	345.5134	1.483287	2.40848
15810	-838.1622	-1183.111	344.9484	1.440265	2.785111
15816	-839.9943	-1186.042	346.0479	1.55421	2.017075
15822	-838.0469	-1184.497	346.4498	1.622342	1.695132
15828	-842.4057	-1188.595	346.1891	1.755337	1.78469
15834	-844.3195	-1190.227	345.9073	1.625549	2.062972
15840	-836.0533	-1182.478	346.425	1.648268	1.694303
15846	-827.0927	-1172.904	345.8118	1.550403	2.174635
15852	-826.1838	-1172.449	346.2648	1.544826	1.877438
15858	-846.8719	-1192.901	346.0291	1.372878	2.148788
15864	-836.6687	-1182.226	345.5571	1.547173	2.340322
15870	-845.3452	-1191.452	346.1069	1.589198	1.95423
15876	-841.619	-1188.463	346.8437	1.609183	1.414087
15882	-827.9778	-1173.294	345.316	1.5326	2.501417
15888	-833.7818	-1179.535	345.753	1.613871	2.171611
15894	-844.0028	-1189.648	345.6451	1.552937	2.280492
15900	-848.6581	-1194.533	345.8751	1.605626	2.097223
15906	-830.7836	-1177.589	346.8056	1.603266	1.447911
15912	-832.6861	-1178.89	346.2039	1.421426	2.001624
15918	-837.8489	-1182.973	345.1239	1.420739	2.689681
15924	-840.3397	-1184.364	344.0243	1.269852	3.437641
15930	-828.5347	-1172.565	344.0303	1.20284	3.473312
15936	-834.6483	-1178.12	343.4722	1.027547	3.897638
15942	-840.0123	-1185.006	344.9932	1.391724	2.787375
15948	-842.3458	-1187.785	345.4397	1.49888	2.445059
15954	-846.4999	-1191.512	345.0117	1.407111	2.766757
15960	-833.147	-1176.723	343.5763	1.237753	3.716687
15966	-843.276	-1186.93	343.6543	1.102306	3.749883
15972	-842.2488	-1187.009	344.7598	1.098916	3.104363
15978	-845.2532	-1190.018	344.7648	1.17955	3.053241
15984	-833.9856	-1177.113	343.1273	1.271085	3.955669
15990	-828.3449	-1172.272	343.9274	1.318503	3.465827
15996	-823.3419	-1166.194	342.8519	1.097526	4.21148
16002	-845.1827	-1190.552	345.3691	1.184931	2.6839
16008	-825.9318	-1171.284	345.3519	1.730323	2.354291
16014	-834.8499	-1178.827	343.9773	1.048125	3.594275
16020	-838.4819	-1183.714	345.2317	1.525849	2.558188
16026	-837.8698	-1183.606	345.736	1.476281	2.271383
16032	-847.3605	-1191.238	343.8774	1.152948	3.591394
16038	-846.5061	-1190.409	343.9027	1.103283	3.605576
16044	-836.1265	-1181.897	345.7701	1.524367	2.218503
16050	-832.1938	-1176.768	344.5738	1.237648	3.13249
16056	-842.2326	-1186.965	344.732	1.21517	3.051544
16062	-841.8182	-1186.941	345.1224	1.24444	2.79843
16068	-836.9357	-1180.672	343.7366	1.040818	3.737842
16074	-832.4103	-1177.755	345.3446	1.371464	2.583936
16080	-834.3448	-1179.994	345.6492	1.211744	2.49375
16086	-828.9008	-1174.248	345.3476	1.368499	2.583922
16092	-829.3738	-1175.636	346.2626	1.529403	1.88944
16098	-847.2428	-1193.519	346.2762	1.721625	1.74745
16104	-844.5602	-1191.303	346.7432	1.781993	1.357531
16110	-839.7517	-1186.487	346.735	1.787584	1.359625
16116	-846.5742	-1193.086	346.5122	1.712046	1.585665
16122	-843.6622	-1187.91	344.2474	1.039174	3.442074
16128	-841.5737	-1186.349	344.7756	1.52579	2.838215
16134	-827.1161	-1172.57	345.4541	1.466527	2.456294
16140	-828.6779	-1173.724	345.0464	1.358622	2.775133
16146	-841.4731	-1186.643	345.1703	1.415999	2.664064
16152	-849.394	-1194.592	345.1976	1.427972	2.639889
16158	-836.3153	-1181.85	345.5347	1.618817	2.30893
16164	-848.1275	-1193.027	344.8991	1.269243	2.918709
16170	-849.6151	-1195.819	346.2042	1.698547	1.813614
16176	-839.0005	-1184.981	345.9804	1.674066	1.982149
16182	-836.7961	-1182.878	346.0819	1.572602	1.982149
16188	-843.1934	-1189.457	346.264	1.560662	1.86719
16194	-837.7429	-1184.097	346.3544	1.725674	1.689502
16200	-832.4359	-1176.923	344.4872	1.606302	2.963799
16206	-836.8556	-1181.474	344.6182	1.448289	2.980022
16212	-848.6041	-1194.278	345.6742	1.361505	2.383779
16218	-833.1801	-1179.413	346.2326	1.548023	1.897144
16224	-840.6652	-1186.418	345.7532	1.717471	2.103872
16230	-838.0836	-1183.973	345.8894	1.581253	2.103872
16236	-841.6527	-1187.242	345.5897	1.470738	2.368154
16242	-829.8754	-1175.588	345.7131	1.527283	2.253339
16248	-824.0229	-1169.224	345.2012	1.352268	2.684249
16254	-835.1544	-1180.379	345.2244	1.364939	2.662236
16260	-843.4396	-1189.593	346.1535	1.615453	1.90507
16266	-844.7844	-1190.696	345.9115	1.544405	2.11355
16272	-855.558	-1201.811	346.2526	1.510059	1.909355
16278	-857.0312	-1203.359	346.3282	1.736619	1.700327
16284	-847.1576	-1193.976	346.8183	1.780772	1.298262
16290	-841.115	-1187.922	346.8073	1.712501	1.361831
16296	-839.4825	-1186.011	346.5289	1.646533	1.621145
16302	-837.7971	-1184.193	346.3955	1.702606	1.676669
16308	-837.7519	-1183.109	345.3567	1.471171	2.514368
16314	-839.1993	-1185.077	345.8778	1.444099	2.200765
16320	-840.8314	-1187.36	346.5289	1.612176	1.645919
16326	-843.1538	-1188.084	344.9301	1.258368	2.906569
16332	-840.7749	-1186.12	345.3451	1.57277	2.458039
16338	-854.934	-1200.522	345.5879	1.381703	2.425553
16344	-855.6503	-1201.325	345.6747	1.450217	2.327154
16350	-842.7487	-1187.743	344.9947	1.309981	2.83617
16356	-843.8841	-1189.226	345.3423	1.451726	2.535506
16362	-850.1362	-1196.168	346.0321	1.592422	2.002177
16368	-842.8564	-1187.779	344.9228	1.296683	2.887826
16374	-844.5422	-1189.973	345.4306	1.620313	2.374201
16380	-846.7592	-1191.603	344.8435	1.612455	2.744021
16386	-847.797	-1192.589	344.7919	1.498451	2.844888
16392	-847.3275	-1192.531	345.2035	1.243937	2.749276
16398	-834.0485	-1179.002	344.9534	1.311636	2.860268
16404	-831.9771	-1176.972	344.995	1.253455	2.870281
16410	-851.6476	-1195.492	343.8449	1.160277	3.606007
16416	-837.7894	-1181.288	343.4983	1.089609	3.847013
16422	-837.6225	-1181.675	344.0524	1.26389	3.424689
16428	-833.6867	-1178.691	345.0041	1.365151	2.796939
16434	-839.5481	-1184.81	345.2616	1.279988	2.691546
16440	-856.3356	-1200.901	344.5656	1.328886	3.083038
16446	-844.8505	-1188.975	344.1245	1.271108	3.378151
16452	-838.101	-1183.884	345.7832	1.42579	2.27347
16458	-840.7714	-1186.677	345.9056	1.427551	2.193479
16464	-843.7355	-1189.325	345.5893	1.351473	2.443646
16470	-836.416	-1181.627	345.2107	1.579171	2.538068
16476	-827.508	-1173.951	346.4431	1.6347	1.691103
16482	-842.0094	-1188.476	346.4662	1.582663	1.711561
16488	-833.5595	-1179.916	346.3561	1.573231	1.795223
16494	-840.6307	-1186.993	346.3621	1.626842	1.753707
16500	-840.8721	-1186.444	345.5721	1.684362	2.242999
16506	-842.5284	-1188.885	346.3565	1.684362	1.717209
16512	-848.6419	-1195.07	346.4284	1.54122	1.767215
16518	-849.9284	-1196.471	346.543	1.475596	1.732912
16524	-842.3358	-1188.207	345.8712	1.61756	2.091997
16530	-846.0267	-1192.577	346.5505	1.590384	1.646048
16536	-838.5411	-1184.996	346.4549	1.474609	1.795104
16542	-843.0781	-1189.443	346.3648	1.637475	1.744353
16548	-839.3847	-1185.937	346.5526	1.700311	1.564689
16554	-845.9088	-1192.105	346.1964	1.542404	1.925505
16560	-830.503	-1177.27	346.7671	1.751475	1.362749
16566	-841.2736	-1187.286	346.0126	1.582002	2.022064
16572	-854.1182	-1200.632	346.5143	1.737555	1.565475
16578	-855.3144	-1202.007	346.6923	1.776576	1.401686
16584	-833.7779	-1180.185	346.4067	1.489801	1.817883
16590	-831.5009	-1176.886	345.3848	1.59037	2.422037
16596	-833.5967	-1179.47	345.8738	1.471065	2.185913
16602	-836.3523	-1181.228	344.8759	1.339243	2.890436
16608	-815.9579	-1160.827	344.869	1.346147	2.890436
16614	-816.1819	-1161.351	345.1691	1.489965	2.619226
16620	-816.7591	-1161.242	344.4827	1.295977	3.151997
16626	-821.0046	-1166.912	345.9072	1.345485	2.245435
16632	-819.371	-1165.812	346.4412	1.695992	1.64871
16638	-824.7747	-1170.948	346.1733	1.580852	1.915135
16644	-822.0358	-1168.304	346.2682	1.485883	1.915135
16650	-837.2758	-1182.727	345.4507	1.309373	2.5566
16656	-827.5733	-1172.553	344.98	1.385446	2.79923
16662	-839.8351	-1185.594	345.7585	1.406492	2.301582
16668	-823.0744	-1168.704	345.6294	1.535601	2.301582
16674	-829.3539	-1173.672	344.3186	1.486201	3.136459
16680	-821.9252	-1167.669	345.7434	1.659074	2.148434
16686	-828.5811	-1174.382	345.8011	1.224719	2.390074
16692	-840.284	-1186.139	345.8549	1.396225	2.246423
16698	-836.8229	-1181.439	344.6165	1.38181	3.020929
16704	-830.6056	-1176.636	346.0303	1.44608	2.100078
16710	-836.0363	-1181.769	345.7324	1.644853	2.164885
16716	-835.7796	-1181.875	346.0953	1.494699	2.025151
16722	-836.8511	-1183.434	346.583	1.641919	1.585199
16728	-831.2511	-1176.407	345.1561	1.571158	2.576988
16734	-838.7948	-1183.685	344.89	1.414181	2.836507
16740	-828.3593	-1174.153	345.7936	1.454919	2.248111
16746	-828.73	-1175.004	346.2743	1.699592	1.76424
16752	-849.8152	-1194.972	345.1565	1.478027	2.634368
16758	-843.1158	-1188.037	344.921	1.309731	2.881013
16764	-840.7883	-1185.576	344.7873	1.321175	2.954755
16770	-827.2564	-1173.987	346.7302	1.981649	1.204371
16776	-818.5918	-1164.746	346.1539	1.599094	1.915921
16782	-821.398	-1167.323	345.9255	1.580317	2.080781
16788	-812.8985	-1158.098	345.1992	1.511974	2.586949
16794	-815.1141	-1159.694	344.5804	1.317013	3.081276
16800	-825.4761	-1171.603	346.1265	1.521286	1.986626
16806	-824.3049	-1170.663	346.3579	1.664969	1.729891
16812	-817.4759	-1164.41	346.9342	1.842264	1.148173
16818	-827.9496	-1173.95	346.0007	1.841534	1.855192
16824	-845.0939	-1191.481	346.3871	1.865054	1.565228
16830	-838.1073	-1183.821	345.7139	1.440806	2.308166
16836	-827.8686	-1173.355	345.4859	1.648345	2.321206
16842	-826.0297	-1170.763	344.7337	1.388875	2.946266
16848	-819.6283	-1161.616	341.9874	1.148248	4.670086
16854	-850.0216	-1196.628	346.606	2.051855	1.249931
16860	-821.6971	-1167.51	345.8134	1.176054	2.413028
16866	-811.7627	-1157.389	345.6265	1.362968	2.413028
16872	-819.0478	-1164.2	345.1519	1.371489	2.702717
16878	-829.7185	-1175.868	346.1497	1.569074	1.938978
16884	-824.8758	-1170.749	345.8732	1.480423	2.180233
16890	-828.4344	-1174.464	346.0297	1.688412	1.939473
16896	-827.4422	-1172.987	345.5449	1.646172	2.284932
16902	-819.5469	-1164.907	345.3602	1.333853	2.597588
16908	-835.2559	-1180.31	345.0546	1.238076	2.843506
16914	-833.1704	-1179.382	346.2116	1.435599	1.987027
16920	-842.359	-1188.461	346.1017	1.54553	1.987027
16926	-845.6609	-1191.788	346.1266	1.520562	1.987027
16932	-844.8829	-1191.106	346.2235	1.870827	1.679332
16938	-850.8472	-1195.499	344.6518	1.569551	2.886667
16944	-833.5088	-1179.718	346.2087	1.767545	1.762551
16950	-830.2153	-1176.413	346.1973	1.778934	1.762551
16956	-831.5183	-1178.121	346.6023	1.837927	1.423866
16962	-821.7355	-1167.658	345.9229	1.668654	2.024077
16968	-827.4288	-1173.291	345.8625	1.545773	2.144661
16974	-832.5526	-1178.278	345.7253	1.682919	2.144661
16980	-836.8142	-1182.793	345.9786	1.667548	1.987714
16986	-845.7499	-1192.262	346.5121	1.796794	1.523289
16992	-841.0905	-1187.413	346.3229	1.763159	1.685202
16998	-843.6249	-1189.402	345.7771	1.763159	2.058037
17004	-835.8041	-1182.003	346.1993	1.868512	1.69819
17010	-836.3072	-1182.494	346.1872	1.714746	1.814106
17016	-838.1639	-1184.232	346.0685	1.814353	1.827281
17022	-837.1789	-1182.865	345.6857	1.814353	2.08456
17028	-848.9033	-1195.035	346.1322	1.729133	1.842107
17034	-845.8456	-1192.116	346.2706	1.804775	1.692838
17040	-855.2075	-1201.654	346.4461	2.091809	1.347478
17046	-861.0711	-1207.729	346.6577	1.914039	1.320401
17052	-850.7196	-1195.862	345.1424	1.300094	2.752289
17058	-853.5944	-1199.253	345.6587	1.518388	2.293907
17064	-851.8171	-1197.007	345.1899	1.504411	2.597429
17070	-849.6238	-1195.694	346.0705	1.596814	1.973565
17076	-843.9984	-1189.731	345.7329	1.499286	2.258572
17082	-840.6043	-1186.725	346.1209	1.499286	2.00506
17088	-825.9121	-1171.525	345.6129	1.659966	2.232421
17094	-817.0194	-1162.412	345.3929	1.49252	2.478392
17100	-826.0259	-1171.949	345.923	1.640287	2.042817
17106	-840.9317	-1187.098	346.1667	1.39656	2.042817
17112	-847.226	-1191.216	343.9904	1.148998	3.527946
17118	-845.4788	-1190.005	344.5265	1.119664	3.230525
17124	-846.7005	-1191.069	344.3686	1.165214	3.29688
17130	-856.7232	-1202.765	346.0419	1.603891	1.987946
17136	-857.9771	-1203.78	345.8028	1.42883	2.258933
17142	-836.0945	-1181.35	345.2553	1.237913	2.721247
17148	-832.2161	-1177.175	344.9593	1.375757	2.817764
17154	-814.0229	-1159.024	345.0013	1.333749	2.817764
17160	-828.2653	-1173.288	345.0225	1.259923	2.849699
17166	-824.2136	-1168.819	344.6058	1.249285	3.106541
17172	-834.5664	-1179.113	344.547	1.209038	3.165418
17178	-834.121	-1177.261	343.1399	1.183694	3.998484
17184	-840.5269	-1184.098	343.5706	1.048861	3.828844
17190	-822.6649	-1168.045	345.3803	1.380244	2.556343
17196	-832.5363	-1177.249	344.7124	1.288953	3.019128
17202	-823.7145	-1168.948	345.2335	1.458401	2.598913
17208	-823.4451	-1168.816	345.3712	1.422322	2.535779
17214	-827.4209	-1173.128	345.7075	1.541048	2.248091
17220	-832.7074	-1178.303	345.5954	1.286021	2.480902
17226	-832.575	-1177.335	344.7597	1.28268	2.994479
17232	-825.7469	-1172.14	346.3934	1.682869	1.692178
17238	-818.4783	-1164.905	346.427	1.868315	1.533353
17244	-813.4511	-1159.47	346.0192	1.683332	1.949925
17250	-837.5774	-1182.875	345.2979	1.176985	2.732433
17256	-850.9196	-1195.97	345.0503	1.184084	2.878789
17262	-842.3118	-1187.049	344.7368	1.119744	3.10563
17268	-842.1399	-1187.682	345.5422	1.224273	2.552603
17274	-825.4493	-1171.13	345.6811	1.572487	2.244823
17280	-825.1456	-1171.215	346.0695	1.61309	1.963331
17286	-832.3055	-1178.405	346.0999	1.582645	1.963331
17292	-829.3661	-1175.576	346.2102	1.668369	1.830261
17298	-823.2404	-1169.053	345.8125	1.627219	2.124112
17304	-836.1832	-1181.725	345.5418	1.412405	2.435224
17310	-830.5996	-1175.982	345.3827	1.331989	2.584792
17316	-839.9982	-1185.791	345.7924	1.495584	2.222652
17322	-826.1379	-1170.507	344.3688	1.177491	3.289547
17328	-830.2165	-1176.219	346.002	1.46414	2.106801
17334	-838.337	-1182.25	343.9133	1.238058	3.521012
17340	-847.6328	-1191.878	344.2448	1.19978	3.349388
17346	-859.1332	-1202.013	342.8801	1.050825	4.221975
17352	-846.0498	-1190.024	343.9737	1.08352	3.575771
17358	-845.6646	-1189.522	343.8576	1.218596	3.564733
17364	-854.878	-1199.234	344.3561	1.036019	3.3802
17370	-842.7215	-1187.421	344.6996	1.22804	3.063205
17376	-834.0737	-1179.429	345.3552	1.379319	2.572498
17382	-848.9614	-1191.861	342.8995	0.8723075	4.312126
17388	-850.9822	-1195.139	344.1564	1.145338	3.433151
17394	-835.8533	-1181.821	345.9681	1.571441	2.058559
17400	-829.6296	-1174.714	345.0844	1.55532	2.63118
17406	-829.7655	-1175.77	346.0048	1.725025	1.931558
17412	-838.3301	-1183.56	345.2302	1.568565	2.532504
17418	-839.2199	-1184.971	345.7514	1.337826	2.349886
17424	-833.8871	-1179.649	345.7619	1.337482	2.343408
17430	-845.5233	-1191.359	345.8361	1.297713	2.321487
17436	-827.2286	-1173.719	346.4906	1.711108	1.602138
17442	-830.1411	-1176.569	346.428	1.852981	1.544009
17448	-838.631	-1185.074	346.4431	1.590436	1.722381
17454	-832.398	-1177.769	345.3707	1.733548	2.340326
17460	-832.4181	-1178.5	346.0822	1.656205	1.925739
17466	-832.1552	-1178.12	345.9645	1.757651	1.936734
17472	-815.1461	-1160.143	344.9965	1.162982	2.924076
17478	-827.0929	-1170.477	343.3843	1.069802	3.923773
17484	-831.1878	-1175.763	344.5754	1.234292	3.133547
17490	-832.249	-1177.896	345.6466	1.547107	2.283258
17496	-837.8972	-1182.446	344.5491	1.397239	3.052064
17502	-842.2498	-1186.748	344.4978	1.237212	3.177923
17508	-846.2179	-1190.844	344.6258	1.25069	3.093735
17514	-836.0738	-1181.335	345.2611	1.23395	2.720122
17520	-832.4931	-1177.584	345.0906	1.153894	2.872671
17526	-827.1656	-1172.108	344.9427	1.301771	2.872671
17532	-838.4744	-1183.142	344.6672	1.189582	3.105519
17538	-844.9729	-1190.2	345.2274	1.414849	2.629612
17544	-835.5636	-1180.207	344.6433	1.249091	3.084286
17550	-826.3921	-1170.205	343.8126	0.9915024	3.722425
17556	-827.1423	-1171.946	344.8036	1.155575	3.044371
17562	-847.2782	-1193.223	345.9443	1.566975	2.077147
17568	-833.6647	-1180.425	346.7603	1.567657	1.509053
17574	-837.0366	-1182.783	345.7461	1.808451	2.048639
17580	-826.9166	-1171.376	344.4596	1.196726	3.224539
17586	-831.8606	-1177.4	345.5398	1.346658	2.477735
17592	-837.9709	-1182.749	344.7783	1.416329	2.902858
17598	-830.0693	-1175.034	344.9642	1.33679	2.838407
17604	-835.1838	-1180.937	345.7533	1.285554	2.381777
17610	-838.2044	-1184.177	345.9721	1.652575	2.002048
17616	-835.7032	-1182.127	346.424	1.973068	1.456957
17622	-825.8713	-1172.365	346.4936	2.136096	1.273208
17628	-829.6031	-1176.508	346.9052	1.925606	1.09921
17634	-834.6431	-1181.223	346.5799	2.053575	1.270124
17640	-839.067	-1185.73	346.6635	2.032571	1.217807
17646	-837.6708	-1184.254	346.5827	1.888431	1.39994
17652	-848.1725	-1193.905	345.7326	1.344114	2.35781
17658	-835.3032	-1180.905	345.6021	1.474664	2.35781
17664	-832.4406	-1177.753	345.3129	1.598701	2.462016
17670	-836.6334	-1182.636	346.0022	1.664332	1.974102
17676	-826.622	-1173.195	346.573	1.721598	1.533917
17682	-840.6769	-1187.09	346.4135	1.52171	1.791119
17688	-851.3375	-1197.359	346.021	1.526325	2.053379
17694	-825.9247	-1171.929	346.0041	1.299747	2.212456
17700	-812.0777	-1157.686	345.6085	1.537611	2.313645
17706	-822.2877	-1168.38	346.0919	1.451469	2.056001
17712	-833.5901	-1179.013	345.4229	1.600399	2.391675
17718	-832.2718	-1176.889	344.6172	1.209613	3.123358
17724	-852.155	-1197.18	345.0254	1.217401	2.873727
17730	-838.0941	-1182.905	344.8108	1.363795	2.914914
17736	-834.0253	-1178.126	344.1005	1.256698	3.400683
17742	-832.2842	-1177.6	345.3155	1.533162	2.501389
17748	-837.7695	-1182.915	345.1451	1.703578	2.501389
17754	-837.6043	-1182.597	344.9926	1.289511	2.849918
17760	-823.59	-1168.639	345.0494	1.404613	2.745208
17766	-825.956	-1171.255	345.2988	1.578814	2.483284
17772	-823.5448	-1169.547	346.0023	1.590442	2.023274
17778	-825.7339	-1171.218	345.4842	1.452062	2.446527
17784	-833.3166	-1178.129	344.8119	1.462931	2.854287
17790	-831.02	-1175.84	344.8204	1.379584	2.899619
17796	-829.4711	-1175.354	345.883	1.377826	2.24016
17802	-824.2107	-1169.28	345.0695	1.418834	2.724258
17808	-829.1556	-1175.43	346.2742	1.635573	1.808733
17814	-830.5701	-1175.756	345.1864	1.260682	2.749494
17820	-831.892	-1177.114	345.2219	1.320676	2.690962
17826	-852.5857	-1197.173	344.5873	1.257289	3.112736
17832	-845.3511	-1189.668	344.3173	1.1263	3.349966
17838	-839.8339	-1182.669	342.8356	1.029347	4.259385
17844	-828.2055	-1174.086	345.8805	1.598663	2.09825
17850	-855.4941	-1198.545	343.0513	1.037893	4.132073
17856	-867.3775	-1210.017	342.6396	1.049013	4.359159
17862	-835.9317	-1180.996	345.0641	1.310044	2.793948
17868	-828.708	-1174.077	345.3694	1.396729	2.552873
17874	-815.1738	-1160.591	345.4177	1.348428	2.552873
17880	-818.9236	-1163.518	344.5939	1.240008	3.11911
17886	-810.4985	-1156.021	345.5226	1.442578	2.428306
17892	-830.6882	-1175.846	345.1577	1.329982	2.72461
17898	-841.2138	-1186.857	345.6428	1.424665	2.363694
17904	-821.7782	-1166.139	344.3607	1.384194	3.172063
17910	-824.099	-1168.464	344.3647	1.380166	3.172063
17916	-830.6778	-1175.813	345.1354	1.336248	2.734452
17922	-841.8628	-1186.501	344.6382	1.336248	3.035215
17928	-846.0276	-1189.99	343.9619	1.363248	3.419461
17934	-834.0983	-1179.536	345.4378	1.25611	2.597658
17940	-828.6305	-1174.233	345.6027	1.461569	2.365726
17946	-825.2158	-1170.818	345.6027	1.461569	2.365726
17952	-833.2772	-1178.875	345.5981	1.466165	2.365726
17958	-832.0595	-1177.64	345.5803	1.380641	2.43099
17964	-839.5901	-1185.427	345.8365	1.60744	2.121376
17970	-861.6672	-1205.595	343.9276	1.188633	3.541484
17976	-848.1261	-1191.746	343.6198	1.207823	3.70886
17982	-852.9403	-1198.252	345.3113	1.302655	2.647047
17988	-863.6151	-1208.482	344.8673	1.318592	2.908093
17994	-828.9039	-1173.612	344.7079	1.369314	2.973607
18000	-830.4351	-1176.543	346.1077	1.500728	2.01286
18006	-833.2267	-1178.903	345.6759	1.486697	2.303155
18012	-851.8736	-1196.895	345.0211	1.230771	2.868183
18018	-860.9158	-1205.729	344.8134	1.528522	2.81355
18024	-845.8018	-1190.811	345.0091	1.400722	2.772228
18030	-845.5823	-1191.038	345.4554	1.295516	2.562312
18036	-842.514	-1187.458	344.9436	1.39006	2.818574
18042	-841.1127	-1185.719	344.6058	1.199451	3.136172
18048	-845.5469	-1189.031	343.4841	1.050915	3.877353
18054	-842.1089	-1187.265	345.1557	1.541135	2.595858
18060	-825.4662	-1169.113	343.6464	1.18185	3.708479
18066	-816.2567	-1160.563	344.3061	1.047583	3.402746
18072	-856.2638	-1201.794	345.5299	1.526841	2.370453
18078	-863.7374	-1208.221	344.4838	1.113468	3.259452
18084	-833.388	-1179.308	345.9196	1.663786	2.029512
18090	-846.6989	-1192.876	346.177	1.527688	1.948518
18096	-840.0202	-1185.454	345.4334	1.329305	2.554953
18102	-850.1358	-1195.451	345.3152	1.189098	2.714429
18108	-824.9764	-1170.219	345.243	1.436375	2.606645
18114	-833.6383	-1178.174	344.5361	1.22351	3.16332
18120	-839.7586	-1183.017	343.2581	0.9440292	4.067791
18126	-839.024	-1184.497	345.4731	1.142799	2.645851
18132	-839.1015	-1185.251	346.1497	1.593248	1.922726
18138	-839.771	-1185.268	345.4967	1.2754	2.549136
18144	-849.3395	-1194.571	345.2313	1.716561	2.439231
18150	-839.176	-1183.845	344.6686	1.349547	3.009049
18156	-826.4745	-1171.701	345.2264	1.30711	2.696525
18162	-841.7508	-1187.77	346.0196	1.621133	1.99133
18168	-836.263	-1181.923	345.6597	1.356911	2.395902
18174	-835.5076	-1181.861	346.3535	1.568153	1.800526
18180	-820.2456	-1165.604	345.3581	1.460515	2.520149
18186	-825.957	-1171.667	345.7105	1.441431	2.309957
18192	-850.9297	-1197.406	346.4764	1.599746	1.692268
18198	-848.849	-1194.813	345.9641	1.774085	1.925917
18204	-833.9069	-1180.021	346.1144	1.658719	1.902295
18210	-835.5777	-1181.387	345.8088	1.519258	2.196752
18216	-837.583	-1183.391	345.8078	1.520256	2.196752
18222	-848.3208	-1194.933	346.6125	1.703268	1.518196
18228	-835.3671	-1181.992	346.6248	1.842657	1.402788
18234	-846.3112	-1192.334	346.0225	1.816406	1.857421
18240	-838.0641	-1184.619	346.5551	1.755817	1.521819
18246	-836.604	-1183.023	346.4192	1.695373	1.664906
18252	-859.7699	-1206.609	346.8388	1.567134	1.450184
18258	-840.9281	-1187.232	346.304	1.534323	1.857841
18264	-828.4634	-1173.97	345.5067	1.321933	2.513891
18270	-817.6013	-1163.315	345.7136	1.597722	2.207563
18276	-817.1868	-1163.243	346.0562	1.570823	2.000509
18282	-820.5734	-1166.906	346.3328	1.294234	2.000509
18288	-820.6888	-1166.463	345.7743	1.424582	2.279926
18294	-829.6886	-1175.482	345.7937	1.428468	2.264995
18300	-830.9001	-1177.722	346.8221	2.032225	1.077457
18306	-837.1348	-1183.542	346.4072	1.865738	1.54998
18312	-836.7448	-1183.012	346.2667	1.820212	1.68463
18318	-831.2151	-1177.744	346.5293	1.847392	1.472441
18324	-846.4112	-1191.8	345.389	1.374061	2.554727
18330	-841.3657	-1186.651	345.2856	1.507516	2.536051
18336	-843.342	-1188.334	344.9918	1.285653	2.85271
18342	-833.6678	-1177.801	344.1327	1.107224	3.469326
18348	-832.427	-1176.947	344.5203	1.04176	3.28024
18354	-847.7967	-1194.175	346.3783	1.727891	1.670877
18360	-846.0284	-1190.175	344.147	1.227994	3.390283
18366	-842.3416	-1186.545	344.2038	1.403265	3.25365
18372	-838.5647	-1183.516	344.9513	1.304263	2.865984
18378	-840.1873	-1184.752	344.5648	1.005457	3.275409
18384	-831.6135	-1176.164	344.5506	1.139714	3.204399
18390	-820.3604	-1165.764	345.4037	1.258786	2.617107
18396	-829.2759	-1172.684	343.4077	1.239302	3.812989
18402	-827.9661	-1171.708	343.7415	1.041086	3.734851
18408	-835.4315	-1179.444	344.0123	1.18636	3.493431
18414	-832.3203	-1175.005	342.6849	0.8919646	4.422167
18420	-832.225	-1177.743	345.5183	1.251014	2.550859
18426	-831.1963	-1175.566	344.3698	1.111349	3.327877
18432	-828.6556	-1173.704	345.0487	1.316773	2.799226
18438	-834.89	-1179.655	344.7651	1.285857	2.989368
18444	-840.0403	-1185.69	345.6492	1.332158	2.418108
18450	-848.0036	-1192.622	344.6186	1.346775	3.040624
18456	-848.2333	-1192.322	344.089	1.371827	3.339855
18462	-844.438	-1188.582	344.1441	1.254533	3.376385
18468	-830.6172	-1174.884	344.2666	1.254533	3.30436
18474	-836.4744	-1180.347	343.873	1.044146	3.657046
18480	-848.6303	-1192.416	343.7854	1.340128	3.536069
18486	-833.2012	-1178.993	345.7923	1.477653	2.234286
18492	-836.18	-1182.495	346.3147	1.525883	1.85628
18498	-841.1196	-1187.892	346.7727	1.717089	1.385435
18504	-841.2983	-1187.831	346.5323	1.419766	1.779433
18510	-834.9577	-1180.916	345.9583	1.520186	2.098697
18516	-836.6047	-1181.982	345.3769	1.363557	2.56882
18522	-834.797	-1180.328	345.5315	1.163633	2.596917
18528	-834.3989	-1178.966	344.5673	1.302755	3.097578
18534	-831.764	-1176.224	344.4603	1.198015	3.223387
18540	-827.8061	-1172.237	344.4304	1.341937	3.155723
18546	-832.3024	-1176.744	344.4419	1.33043	3.155723
18552	-827.3607	-1172.936	345.5757	1.326166	2.468103
18558	-828.6589	-1173.353	344.6945	1.16363	3.104695
18564	-847.5992	-1193.102	345.5032	1.405826	2.463579
18570	-841.5541	-1187.096	345.5422	1.565319	2.33823
18576	-830.3489	-1176.748	346.3992	1.52597	1.798078
18582	-850.1343	-1195.659	345.5249	1.473034	2.407674
18588	-842.8483	-1188.825	345.9767	1.512112	2.091939
18594	-830.7015	-1174.82	344.1186	1.180258	3.434891
18600	-842.38	-1186.924	344.5444	1.347963	3.084253
18606	-840.5866	-1184.024	343.4375	1.367742	3.721759
18612	-842.6544	-1184.951	342.2962	1.201183	4.466974
18618	-837.2429	-1182.394	345.1512	1.355079	2.713216
18624	-838.9224	-1183.518	344.5952	1.446712	2.994763
18630	-843.0188	-1188.048	345.0293	1.690068	2.581875
18636	-831.2388	-1176.229	344.9899	1.450025	2.75383
18642	-821.8966	-1164.959	343.062	0.9760388	4.161197
18648	-813.174	-1157.891	344.7165	1.34717	2.981699
18654	-829.9088	-1174.59	344.6813	1.325023	3.016139
18660	-830.4856	-1175.689	345.2038	1.320806	2.702023
18666	-845.1	-1190.984	345.8836	1.320806	2.276381
18672	-834.8321	-1181.283	346.4505	1.594102	1.714611
18678	-833.8034	-1180.026	346.2228	1.371757	2.022063
18684	-843.5356	-1190.121	346.5854	1.629458	1.592544
18690	-835.4871	-1181.809	346.3221	1.623279	1.784069
18696	-847.9005	-1193.947	346.0467	1.522109	2.039176
18702	-855.607	-1198.336	342.7286	0.9003196	4.392816
18708	-848.9908	-1194.652	345.6612	1.346299	2.401637
18714	-838.4035	-1184.609	346.2052	1.58147	1.893081
18720	-837.0716	-1182.895	345.8237	1.458876	2.226166
18726	-841.2233	-1185.686	344.463	1.254349	3.188394
18732	-843.4208	-1188.684	345.2631	1.274545	2.694008
18738	-837.9763	-1181.845	343.8686	1.234183	3.549272
18744	-840.8119	-1184.771	343.9587	1.092447	3.579313
18750	-838.4755	-1181.871	343.3956	1.040825	3.933892
18756	-846.1768	-1189.53	343.3534	1.08309	3.933892
18762	-828.4167	-1172.885	344.468	1.170096	3.235293
18768	-831.6027	-1175.474	343.8712	1.01696	3.673858
18774	-856.0132	-1201.502	345.4888	1.358401	2.502329
18780	-852.5818	-1198.734	346.1521	1.756005	1.809916
18786	-862.9286	-1208.744	345.8151	1.421007	2.25607
18792	-853.4889	-1198.991	345.5019	1.428845	2.44996
18798	-854.7063	-1198.924	344.2179	1.128921	3.406748
18804	-844.8847	-1191.67	346.7851	1.705629	1.384701
18810	-850.1171	-1195.447	345.3301	1.468752	2.532477
18816	-842.7071	-1187.571	344.864	1.428074	2.843838
18822	-823.0324	-1168.538	345.5061	1.364782	2.487518
18828	-840.2013	-1185.267	345.0653	1.256074	2.826048
18834	-841.7558	-1187.224	345.4677	1.445611	2.460942
18840	-823.8529	-1168.842	344.989	1.161717	2.929344
18846	-822.481	-1165.953	343.4721	1.001962	3.912342
18852	-830.5953	-1176.213	345.6174	1.486851	2.34031
18858	-819.7657	-1164.673	344.9076	1.370294	2.852474
18864	-832.2859	-1178.581	346.2955	1.684681	1.759816
18870	-821.4967	-1167.53	346.033	1.65857	1.957274
18876	-828.2616	-1174.519	346.2579	1.754875	1.737011
18882	-825.7586	-1172.086	346.3276	1.685134	1.737011
18888	-827.8534	-1174.451	346.5979	1.787603	1.465756
18894	-830.6448	-1176.249	345.604	1.414404	2.394712
18900	-838.005	-1183.082	345.0773	1.58506	2.617183
18906	-829.8198	-1175.73	345.9107	1.472769	2.160829
18912	-837.8299	-1182.482	344.6519	1.158527	3.133112
18918	-850.1332	-1194.887	344.7537	1.42711	2.911178
18924	-835.5658	-1179.601	344.0354	1.155235	3.498112
18930	-862.0218	-1206.016	343.9937	1.165972	3.516155
18936	-853.0523	-1198.632	345.5797	1.392425	2.423919
18942	-859.5674	-1204.019	344.4519	1.263371	3.189637
18948	-850.9011	-1195.565	344.6635	1.378166	2.994913
18954	-847.367	-1191.06	343.6933	1.260118	3.63603
18960	-828.0697	-1174.089	346.0194	1.516758	2.060784
18966	-824.5903	-1170.352	345.7613	1.431738	2.283673
18972	-821.2648	-1164.614	343.3489	1.03599	3.963417
18978	-824.6728	-1168.214	343.541	1.275807	3.715089
18984	-819.3521	-1164.279	344.9271	1.167612	2.963032
18990	-819.4582	-1162.694	343.2357	1.271635	3.893246
18996	-823.0796	-1169.074	345.9945	1.496835	2.090287
19002	-819.8044	-1163.452	343.6478	1.206112	3.693637
19008	-814.5694	-1158.218	343.6489	1.239687	3.673605
19014	-827.3582	-1172.485	345.1264	1.332142	2.742438
19020	-831.0013	-1176.911	345.9093	1.258723	2.299669
19026	-837.8034	-1183.348	345.5447	1.351215	2.47184
19032	-839.955	-1185.206	345.2509	1.37592	2.639138
19038	-839.5749	-1185.38	345.8053	1.442777	2.248369
19044	-828.2516	-1173.286	345.0346	1.329624	2.800006
19050	-830.9055	-1177.336	346.4303	1.698578	1.654656
19056	-841.8663	-1188.108	346.2417	1.4326	1.968916
19062	-852.1671	-1198.711	346.5439	1.799254	1.497701
19068	-847.8318	-1194.65	346.8181	1.854974	1.237183
19074	-838.0263	-1184.964	346.9377	1.897551	1.095082
19080	-848.3608	-1194.621	346.2606	1.689099	1.78105
19086	-841.4487	-1187.772	346.323	1.588774	1.807314
19092	-841.2398	-1187.426	346.1858	1.725984	1.807314
19098	-840.345	-1186.412	346.0668	1.682182	1.918591
19104	-854.7543	-1199.74	344.9853	1.425947	2.771336
19110	-842.5805	-1188.154	345.5733	1.557242	2.323598
19116	-847.1647	-1192.445	345.2801	1.460407	2.568739
19122	-839.6461	-1184.59	344.9437	1.322168	2.859722
19128	-840.3652	-1185.301	344.9361	1.329792	2.859722
19134	-833.956	-1178.54	344.5839	1.235544	3.127721
19140	-866.2737	-1212.114	345.8408	1.425039	2.236944
19146	-855.8015	-1201.724	345.923	1.490967	2.140952
19152	-835.7289	-1181.484	345.7548	1.635886	2.156132
19158	-838.7274	-1184.807	346.0792	1.541076	2.004965
19164	-839.4186	-1186.078	346.6594	1.5602	1.589082
19170	-842.6497	-1189.601	346.9511	1.892498	1.087388
19176	-842.2006	-1188.505	346.304	1.685802	1.753063
19182	-849.4647	-1195.071	345.6068	1.472349	2.356278
19188	-845.1913	-1191.252	346.061	1.443619	2.081558
19194	-842.3133	-1188.221	345.9079	1.294459	2.277714
19200	-852.6777	-1197.551	344.8731	1.11368	3.027824
19206	-843.0593	-1187.71	344.6504	1.33641	3.027824
19212	-839.7285	-1183.427	343.6981	0.9852673	3.792076
19218	-858.6991	-1203.687	344.9877	1.250142	2.876686
19224	-828.5984	-1174.062	345.4636	1.255109	2.582265
19230	-834.8561	-1179.829	344.9732	1.311785	2.848149
19236	-848.0213	-1193.106	345.0852	1.311785	2.780042
19242	-841.0545	-1185.501	344.4462	1.112019	3.282487
19248	-846.4501	-1189.299	342.8493	0.948957	4.297167
19254	-853.1836	-1199.875	346.6919	1.696918	1.463217
19260	-830.452	-1173.937	343.4847	1.089111	3.855097
19266	-826.5572	-1171.12	344.5624	1.062512	3.243102
19272	-826.7037	-1171.232	344.5278	1.342536	3.097407
19278	-828.095	-1172.292	344.1969	1.401071	3.259052
19284	-819.4563	-1164.21	344.7535	1.42997	2.909542
19290	-837.351	-1181.334	343.9834	1.202926	3.500627
19296	-837.5634	-1183.283	345.7199	1.675902	2.152758
19302	-828.9476	-1175.404	346.4568	1.703988	1.631715
19308	-823.6168	-1169.926	346.3094	1.851375	1.631715
19314	-844.0896	-1190.365	346.2754	1.813648	1.683105
19320	-852.2863	-1198.404	346.118	1.46231	2.031562
19326	-832.5107	-1178.044	345.5334	1.538903	2.360581
19332	-848.2232	-1193.706	345.4827	1.589623	2.360581
19338	-842.3091	-1188.161	345.8516	1.585241	2.126027
19344	-842.1199	-1186.893	344.7734	1.378381	2.928706
19350	-833.7761	-1179.053	345.2767	1.233282	2.71097
19356	-839.0381	-1183.601	344.5625	1.244033	3.135403
19362	-849.692	-1196.78	347.0882	1.884278	0.9613708
19368	-852.8641	-1199.813	346.9485	2.284973	0.5656812
19374	-849.1941	-1196.209	347.0153	2.041327	0.8684479
19380	-837.6786	-1184.567	346.8883	2.123902	0.9188933
19386	-840.3842	-1187.342	346.9582	1.906478	1.067703
19392	-827.9454	-1174.769	346.8235	1.759772	1.311114
19398	-832.9606	-1180.05	347.0892	1.98395	0.8487169
19404	-840.9665	-1188.008	347.0415	2.081223	0.7847124
19410	-837.7512	-1184.747	346.9958	2.197052	0.672499
19416	-827.9452	-1174.948	347.0033	2.232937	0.5530274
19422	-833.6211	-1180.634	347.0131	2.171661	0.6877761
19428	-829.6237	-1176.569	346.9449	2.171314	0.7936786
19434	-832.3427	-1179.188	346.8451	2.046948	1.041706
19440	-845.0443	-1191.947	346.9026	1.643554	1.340934
19446	-837.9474	-1184.095	346.1473	1.779188	1.797165
19452	-849.0809	-1194.062	344.981	1.841777	2.51755
19458	-834.1205	-1179.599	345.4781	1.508218	2.414973
19464	-851.8722	-1198.236	346.3633	1.500109	1.840637
19470	-851.8287	-1197.617	345.7881	1.290441	2.356629
19476	-841.8008	-1188.064	346.2634	1.553774	1.872316
19482	-853.2784	-1199.506	346.228	1.589177	1.872316
19488	-842.9399	-1189.464	346.5242	1.651315	1.621081
19494	-842.5752	-1189.044	346.4686	1.73029	1.604167
19500	-838.1765	-1184.057	345.8809	1.6913	2.036957
19506	-851.9215	-1198.107	346.1855	1.435283	2.00464
19512	-839.8319	-1186.106	346.2738	1.588848	1.841161
19518	-844.2525	-1190.201	345.9482	1.690038	1.99304
19524	-847.8267	-1194.389	346.562	1.811113	1.475148
19530	-838.172	-1184.872	346.6995	1.643668	1.49764
19536	-849.9087	-1195.573	345.6644	1.643668	2.209697
19542	-842.6826	-1188.644	345.9614	1.541987	2.082358
19548	-843.3338	-1189.411	346.0771	1.402012	2.098307
19554	-837.0831	-1182.534	345.4513	1.355811	2.527322
19560	-830.9776	-1176.348	345.3703	1.436805	2.527322
19566	-838.8493	-1182.346	343.4962	0.9646736	3.919917
19572	-841.5757	-1185.937	344.3609	1.220277	3.26892
19578	-842.3982	-1186.334	343.936	1.240501	3.506348
19584	-849.0935	-1193.043	343.9498	1.130537	3.562338
19590	-841.0657	-1185.589	344.523	1.300754	3.125152
19596	-845.379	-1190.418	345.0388	1.474453	2.708961
19602	-839.8551	-1185.021	345.1656	1.494786	2.618377
19608	-833.7456	-1179.178	345.4322	1.663738	2.345598
19614	-838.6724	-1183.967	345.2947	1.442896	2.570586
19620	-869.0786	-1214.96	345.8818	1.464259	2.185125
19626	-847.77	-1193.286	345.5161	1.507415	2.391492
19632	-847.4742	-1193.329	345.8544	1.487901	2.187569
19638	-834.9244	-1180.726	345.8015	1.348853	2.310936
19644	-845.2051	-1191.19	345.9848	1.754209	1.925355
19650	-840.4694	-1186.575	346.106	1.838246	1.784855
19656	-848.1655	-1193.986	345.82	1.584168	2.147313
19662	-850.5463	-1196.528	345.982	1.566573	2.052594
19668	-847.7431	-1191.81	344.0671	1.17272	3.469391
19674	-849.5699	-1196.133	346.5636	2.436162	0.9324668
19680	-862.7112	-1208.912	346.2009	1.656516	1.844767
19686	-859.1032	-1205.43	346.327	1.603569	1.794355
19692	-846.5966	-1192.447	345.8504	1.306083	2.307052
19698	-835.7769	-1181.729	345.9519	1.306083	2.241998
19704	-839.4383	-1184.773	345.3343	1.303876	2.632079
19710	-844.3351	-1189.57	345.2353	1.435746	2.611792
19716	-841.3724	-1186.853	345.4803	1.342648	2.517462
19722	-828.3917	-1174.726	346.334	1.513966	1.851273
19728	-831.8337	-1175.469	343.6354	1.14977	3.733382
19734	-833.9615	-1176.724	342.7622	1.152105	4.23143
19740	-838.2383	-1183.366	345.1273	1.385995	2.708919
19746	-832.9555	-1178.396	345.4407	1.30271	2.566986
19752	-835.0542	-1178.469	343.4144	0.9821421	3.956745
19758	-833.4835	-1176.704	343.2202	1.175097	3.957449
19764	-839.2236	-1182.663	343.4396	1.14275	3.850169
19770	-833.4067	-1178.087	344.6805	0.9796082	3.222298
19776	-835.3589	-1179.044	343.6855	1.108347	3.728354
19782	-824.9875	-1168.498	343.51	1.143717	3.80915
19788	-825.9026	-1170.549	344.6459	1.302533	3.050772
19794	-825.7584	-1171.411	345.6527	1.472421	2.327051
19800	-838.8353	-1182.979	344.1437	1.215688	3.399436
19806	-846.8671	-1190.931	344.0638	1.295497	3.399436
19812	-834.5624	-1177.106	342.5439	0.9860954	4.448621
19818	-839.3965	-1182.166	342.7699	1.154791	4.22553
19824	-839.1823	-1183.071	343.8884	1.01362	3.665822
19830	-842.0782	-1185.049	342.9704	1.00949	4.194206
19836	-840.8041	-1184.323	343.5191	1.016556	3.877031
19842	-835.3873	-1179.234	343.8463	1.02831	3.681675
19848	-832.2559	-1174.36	342.1041	1.065121	4.651289
19854	-837.8629	-1183.88	346.0169	1.69622	1.942789
19860	-832.5729	-1178.486	345.9134	1.601204	2.074947
19866	-828.6217	-1174.177	345.5556	1.604702	2.304608
19872	-837.4918	-1183.098	345.6066	1.552766	2.305228
19878	-850.9403	-1196.645	345.7048	1.229629	2.447626
19884	-841.2977	-1185.14	343.8425	1.22539	3.56957
19890	-854.2447	-1199.121	344.8765	1.285745	2.922375
19896	-848.4154	-1191.49	343.075	1.219518	4.015083
19902	-849.1823	-1191.65	342.4674	1.041816	4.460305
19908	-847.1265	-1189.954	342.8276	1.342561	4.085996
19914	-840.5896	-1183.73	343.1401	1.030084	4.085996
19920	-849.5991	-1195.443	345.8443	1.606029	2.117154
19926	-851.1761	-1196.94	345.7637	1.337577	2.342241
19932	-853.1059	-1198.436	345.3302	1.409281	2.569393
19938	-855.3988	-1201.173	345.7745	1.440435	2.269628
19944	-849.0905	-1194.772	345.6816	1.413568	2.346107
19950	-856.0223	-1201.441	345.4192	1.344492	2.554365
19956	-855.0506	-1200.687	345.6361	1.379504	2.396517
19962	-851.5087	-1197.99	346.4815	1.287135	1.905307
19968	-862.4533	-1208.502	346.0491	1.331794	2.16251
19974	-840.0698	-1185.433	345.3628	1.522558	2.478421
19980	-849.4345	-1195.545	346.1102	1.595649	1.947698
19986	-827.3833	-1172.917	345.5332	1.370721	2.466791
19992	-830.2283	-1176.81	346.5814	1.606017	1.612513
19998	-831.2009	-1177.005	345.8041	1.588008	2.155202
20004	-833.8112	-1179.93	346.119	1.588008	1.946909
20010	-855.4205	-1200.957	345.5362	1.584554	2.329793
20016	-851.7125	-1196.311	344.5983	1.265828	3.101097
20022	-864.1961	-1210.231	346.0345	1.528104	2.043312
20028	-849.2608	-1194.747	345.4858	1.593366	2.356256
20034	-838.2098	-1184.072	345.8623	1.568993	2.129627
20040	-834.67	-1180.24	345.5704	1.589455	2.30489
20046	-838.8587	-1184.853	345.9943	1.712094	1.947362
20052	-844.4423	-1190.94	346.4973	1.779221	1.547326
20058	-838.7847	-1185.051	346.2665	1.734505	1.745222
20064	-844.482	-1189.302	344.8203	1.386752	2.895345
20070	-842.0773	-1188.185	346.1073	1.417827	2.068009
20076	-848.4459	-1194.013	345.5676	1.386389	2.435356
20082	-843.5519	-1189.888	346.3362	1.845885	1.616353
20088	-848.8777	-1194.254	345.3768	1.522805	2.469491
20094	-841.6591	-1187.318	345.6593	1.392257	2.373747
20100	-835.5777	-1178.923	343.3454	1.168038	3.88974
20106	-842.0705	-1185.327	343.2565	1.256991	3.88974
20112	-839.6365	-1183.414	343.7772	1.206667	3.618386
20118	-843.236	-1187.614	344.3779	1.366616	3.172262
20124	-834.536	-1180.55	346.0145	1.66466	1.965621
20130	-833.305	-1179.33	346.0245	1.679177	1.949186
20136	-834.7489	-1180.446	345.6966	1.760271	2.112878
20142	-861.0725	-1206.708	345.6353	1.318866	2.435231
20148	-846.472	-1191.367	344.8948	1.426159	2.826282
20154	-840.4595	-1185.426	344.9669	1.354127	2.826282
20160	-848.8317	-1192.98	344.1487	1.307633	3.342508
20166	-850.8345	-1194.336	343.5011	1.279343	3.736081
20172	-851.2735	-1196.904	345.6302	1.232638	2.492563
20178	-857.3087	-1202.68	345.3713	1.3967	2.551664
20184	-827.4641	-1173.293	345.8292	1.810751	1.991843
20190	-841.4049	-1186.873	345.468	1.441268	2.463422
20196	-853.8995	-1200.351	346.4519	1.931333	1.467421
20202	-837.6986	-1183.339	345.6403	1.645	2.224394
20208	-826.2896	-1171.128	344.8386	1.571233	2.772225
20214	-833.6432	-1179.322	345.6784	1.574588	2.245201
20220	-832.6873	-1178.075	345.3876	1.518827	2.465247
20226	-842.8039	-1187.395	344.5914	1.196037	3.146801
20232	-826.9135	-1172.459	345.545	1.480208	2.390418
20238	-840.5632	-1186.368	345.8045	1.428656	2.257959
20244	-842.2431	-1186.96	344.717	1.199999	3.069578
20250	-834.5682	-1179.285	344.717	1.199999	3.069578
20256	-847.3179	-1192.035	344.717	1.199999	3.069578
20262	-841.4683	-1185.839	344.3707	1.447478	3.128468
20268	-847.4903	-1192.115	344.625	1.37641	3.019078
20274	-843.4467	-1188.929	345.4827	1.584745	2.363671
20280	-847.3327	-1192.095	344.7624	1.466907	2.881887
20286	-845.2577	-1190.63	345.3719	1.513846	2.478183
20292	-846.0299	-1189.614	343.5839	1.479329	3.572271
20298	-845.6412	-1191.421	345.7793	1.486807	2.23675
20304	-845.8304	-1191.293	345.4623	1.618404	2.355282
20310	-848.2175	-1193.585	345.3676	1.467879	2.509655
20316	-847.5033	-1192.142	344.6383	1.267598	3.076176
20322	-844.6015	-1188.558	343.9563	1.139828	3.553163
20328	-841.1192	-1185.455	344.3358	1.347941	3.208298
20334	-841.8143	-1186.082	344.2678	1.28772	3.284116
20340	-855.9603	-1201.081	345.1211	1.263865	2.787371
20346	-849.8584	-1195.253	345.3943	1.398985	2.535915
20352	-840.2645	-1184.868	344.6036	1.414455	3.009122
20358	-841.2464	-1185.177	343.9309	1.212015	3.525943
20364	-852.5573	-1198.506	345.9488	1.31722	2.236795
20370	-843.3966	-1188.686	345.2893	1.573073	2.492801
20376	-830.5007	-1176.174	345.6729	1.645943	2.202734
20382	-836.9652	-1181.534	344.5687	1.366817	3.058488
20388	-847.4283	-1192.18	344.7519	1.488803	2.874952
20394	-833.5333	-1179.53	345.9969	1.77322	1.904327
20400	-846.9086	-1191.749	344.8405	1.506765	2.810307
20406	-834.4109	-1179.679	345.268	1.336889	2.652657
20412	-832.1695	-1177.365	345.196	1.408899	2.652657
20418	-827.3447	-1172.527	345.1827	1.369249	2.685206
20424	-839.5611	-1185.093	345.5317	1.558444	2.349293
20430	-835.7257	-1181.363	345.6374	1.446419	2.353334
20436	-832.1469	-1177.666	345.519	1.493449	2.398509
20442	-826.0178	-1171.296	345.2781	1.329994	2.650678
20448	-851.6244	-1195.338	343.7136	1.233591	3.639642
20454	-849.6376	-1196.173	346.5351	1.879035	1.443935
20460	-835.0433	-1178.724	343.6807	1.188009	3.685108
20466	-845.1888	-1187.484	342.295	1.064591	4.544464
20472	-828.9512	-1175.652	346.7005	1.717583	1.440913
20478	-837.6837	-1183.837	346.1537	1.517464	1.970982
20484	-854.0864	-1198.864	344.7777	1.402509	2.911519
20490	-841.6001	-1186.435	344.8351	1.279716	2.950936
20496	-831.5633	-1176.696	345.133	1.310405	2.751691
20502	-854.4876	-1200.078	345.5903	1.532504	2.328535
20508	-854.8581	-1201.016	346.1581	1.625564	1.895089
20514	-842.2387	-1185.753	343.5142	1.281153	3.727498
20520	-841.4585	-1186.634	345.1755	1.489059	2.615786
20526	-841.9511	-1185.587	343.6356	1.22012	3.692602
20532	-852.0858	-1196.11	344.0247	1.417062	3.351082
20538	-855.9936	-1200.252	344.2579	1.183814	3.351082
20544	-832.5426	-1177.473	344.9306	1.431098	2.801544
20550	-848.0596	-1193.371	345.3113	1.434126	2.565692
20556	-845.2118	-1190.587	345.3749	1.246255	2.64261
20562	-837.0584	-1181.83	344.7719	1.442344	2.891
20568	-829.6014	-1174.276	344.6746	1.353225	3.003259
20574	-840.8232	-1185.696	344.873	1.422731	2.841619
20580	-840.7268	-1186.15	345.4234	1.510953	2.447714
20586	-851.578	-1194.087	342.5091	1.144065	4.379171
20592	-831.6592	-1175.633	343.9736	1.201944	3.506919
20598	-838.1273	-1183.372	345.2449	1.517441	2.555173
20604	-844.1275	-1188.652	344.5247	1.58501	2.954047
20610	-842.5743	-1187.015	344.4409	1.290749	3.179926
20616	-835.0737	-1180.593	345.519	1.351297	2.487848
20622	-826.9933	-1171.946	344.9525	1.384156	2.81675
20628	-823.268	-1168.581	345.3134	1.425051	2.570024
20634	-841.3005	-1185.459	344.158	1.232118	3.381377
20640	-835.9453	-1180.413	344.4674	1.270666	3.176122
20646	-836.7427	-1181.765	345.0227	1.446448	2.736004
20652	-823.107	-1169.462	346.3554	1.507717	1.84089
20658	-835.5086	-1181.429	345.9205	1.648888	2.038818
20664	-818.8229	-1164.707	345.8844	1.33218	2.268623
20670	-823.6174	-1169.739	346.1219	1.378475	2.084363
20676	-831.4888	-1177.647	346.1585	1.576732	1.927892
20682	-825.7737	-1172.287	346.5131	1.551075	1.700754
20688	-844.8459	-1191.164	346.3183	1.536429	1.846649
20694	-865.576	-1211.557	345.9813	1.496859	2.098945
20700	-849.725	-1195.998	346.2726	1.633105	1.811571
20706	-851.6515	-1197.821	346.1694	1.699508	1.836903
20712	-853.5377	-1200.634	347.096	1.695427	1.134816
20718	-848.7861	-1195.468	346.6824	1.78613	1.402016
20724	-851.0783	-1197.481	346.4028	1.840821	1.571486
20730	-855.0718	-1201.712	346.6398	1.840821	1.392599
20736	-858.7473	-1205.756	347.0086	2.09777	0.8066843
20742	-851.2498	-1196.159	344.9093	1.354468	2.86099
20748	-834.5597	-1177.392	342.8325	1.070648	4.237761
20754	-842.3146	-1187.521	345.2059	1.134142	2.814686
20760	-830.2666	-1175.068	344.8015	1.267652	2.978448
20766	-824.3904	-1169.28	344.8896	1.267652	2.925369
20772	-849.6894	-1194.426	344.7371	1.093201	3.12127
20778	-856.8506	-1200.992	344.1417	1.351869	3.320611
20784	-842.8359	-1186.087	343.2508	1.198662	3.92643
20790	-833.2688	-1176.634	343.3651	1.069437	3.934999
20796	-839.7929	-1181.932	342.1389	1.027129	4.653071
20802	-834.6777	-1178.247	343.5697	1.110536	3.793894
20808	-844.2775	-1188.591	344.3135	1.249855	3.279485
20814	-834.733	-1179.38	344.6473	1.262517	3.073853
20820	-843.7505	-1187.898	344.1478	1.231578	3.387703
20826	-851.6989	-1196.788	345.0892	1.268682	2.803874
20832	-860.7619	-1207.263	346.5011	1.623803	1.6575
20838	-854.0453	-1200.15	346.1044	1.510424	2.008591
20844	-839.6688	-1185.319	345.6498	1.570927	2.26594
20850	-848.137	-1194.585	346.4479	1.487769	1.790767
20856	-860.4561	-1206.36	345.9036	1.70622	2.011924
20862	-871.2287	-1217.459	346.2299	1.772965	1.743959
20868	-846.7208	-1193.553	346.8319	1.893069	1.193086
20874	-845.9555	-1190.809	344.8537	1.358968	2.891949
20880	-850.6463	-1196.76	346.1137	1.613241	1.93348
20886	-854.8933	-1201.411	346.5179	1.510572	1.725937
20892	-840.6331	-1186.132	345.4989	1.47601	2.42217
20898	-824.8947	-1170.884	345.9896	1.474461	2.108208
20904	-842.7478	-1188.187	345.4391	1.271395	2.587356
20910	-850.2896	-1195.527	345.2375	1.338424	2.670465
20916	-863.1971	-1208.167	344.9696	1.623677	2.65982
20922	-847.1449	-1193.122	345.9771	1.579983	2.04692
20928	-853.8315	-1199.533	345.7016	1.427898	2.324253
20934	-859.7824	-1205.397	345.6148	1.618787	2.257709
20940	-847.7783	-1193.588	345.81	1.49108	2.214211
20946	-845.7394	-1191.005	345.2653	1.430654	2.596367
20952	-839.9019	-1185.759	345.8576	1.617888	2.100692
20958	-839.251	-1185.6	346.3494	1.530731	1.829135
20964	-837.6264	-1183.21	345.5839	1.339134	2.454806
20970	-834.6295	-1179.529	344.8998	1.217513	2.949461
20976	-837.7795	-1182.52	344.7406	1.414347	2.926802
20982	-838.486	-1183.212	344.7263	1.39194	2.948875
20988	-836.9669	-1182.206	345.2393	1.477455	2.583488
20994	-826.5083	-1171.427	344.9185	1.471011	2.784584
21000	-848.7556	-1195.014	346.2587	1.753133	1.737654
21006	-850.2493	-1196.378	346.1288	1.673616	1.882327
21012	-864.0489	-1209.559	345.5105	1.628394	2.318259
21018	-867.5824	-1213.434	345.8516	1.324381	2.294579
21024	-852.9266	-1199.35	346.4233	1.56542	1.753828
21030	-848.5785	-1194.993	346.4142	1.811261	1.584838
21036	-844.2849	-1190.969	346.6837	1.765479	1.416975
21042	-844.2339	-1190.534	346.2998	1.709122	1.739669
21048	-841.5552	-1186.521	344.9661	1.307762	2.854876
21054	-841.9164	-1186.418	344.5011	1.202861	3.196316
21060	-841.4951	-1184.779	343.284	1.041284	3.997479
21066	-841.5436	-1185.338	343.7942	1.029043	3.711409
21072	-843.9391	-1187.655	343.7156	1.275954	3.613899
21078	-834.1482	-1178.515	344.3673	1.183489	3.286878
21084	-856.1742	-1201.512	345.3376	1.146574	2.726782
21090	-856.4949	-1200.298	343.8028	1.040398	3.699858
21096	-847.8835	-1192.611	344.7276	1.292812	3.007658
21102	-851.8804	-1194.603	342.7222	1.302397	4.168821
21108	-828.1858	-1172.413	344.2276	1.257085	3.32583
21114	-845.5015	-1189.325	343.8232	1.156894	3.620595
21120	-825.5862	-1170.928	345.3416	1.318971	2.618258
21126	-834.6871	-1180.309	345.6214	1.47919	2.342628
21132	-845.9059	-1191.236	345.3298	1.455539	2.540902
21138	-860.0312	-1206.141	346.1097	1.396175	2.080727
21144	-852.2061	-1198.112	345.9054	1.53228	2.125443
21150	-852.5889	-1198.816	346.2271	1.795293	1.730236
21156	-846.3595	-1192.815	346.4551	1.748691	1.600603
21162	-845.9016	-1192.249	346.347	1.950982	1.531414
21168	-864.3534	-1209.964	345.6103	1.655722	2.236789
21174	-848.0391	-1194.179	346.1395	1.517582	1.980416
21180	-828.1311	-1173.335	345.204	1.387499	2.660863
21186	-826.5805	-1172.39	345.8097	1.373086	2.290216
21192	-835.847	-1180.735	344.8876	1.283827	2.916838
21198	-837.0527	-1182.502	345.4495	1.464764	2.460315
21204	-826.9536	-1172.714	345.7604	1.503744	2.238024
21210	-850.6063	-1195.148	344.5413	1.232485	3.154869
21216	-856.6056	-1200.728	344.1225	1.304346	3.359806
21222	-835.3229	-1181.358	346.0347	1.534376	2.03901
21228	-835.0107	-1179.188	344.1769	1.29126	3.335565
21234	-834.9684	-1179.717	344.7484	1.29126	2.996162
21240	-838.2129	-1183.392	345.1788	1.298056	2.731244
21246	-851.84	-1197.783	345.9425	1.735801	1.966173
21252	-850.08	-1196.241	346.1615	1.576216	1.926229
21258	-847.2305	-1193.702	346.4714	1.38206	1.84746
21264	-840.764	-1186.411	345.6473	1.32021	2.426837
21270	-838.2322	-1182.204	343.9713	1.218213	3.498751
21276	-851.8636	-1197.95	346.0863	1.36887	2.114004
21282	-835.1966	-1181.575	346.3783	1.540794	1.802261
21288	-828.812	-1174.927	346.1153	1.528286	1.98944
21294	-836.6874	-1181.496	344.8082	1.231879	2.995913
21300	-833.9977	-1179.654	345.6567	1.339236	2.408919
21306	-836.6755	-1181.646	344.9701	1.339236	2.833349
21312	-846.2216	-1191.356	345.1341	1.4284	2.678716
21318	-829.054	-1175.541	346.4869	1.620664	1.669889
21324	-841.9423	-1187.898	345.9561	1.530243	2.093594
21330	-843.1524	-1188.528	345.3757	1.513601	2.475981
21336	-839.7569	-1184.764	345.0074	1.601721	2.65
21342	-833.0959	-1177.581	344.4852	1.221325	3.194829
21348	-841.0793	-1186.395	345.3153	1.452679	2.551708
21354	-852.5397	-1198.789	346.2497	1.604633	1.846866
21360	-853.4616	-1200.057	346.5958	1.434282	1.724841
21366	-834.2322	-1180.482	346.2503	1.687391	1.789426
21372	-846.4814	-1192.58	346.0986	1.986724	1.685766
21378	-844.7015	-1191.085	346.3839	1.709202	1.680214
21384	-850.2152	-1196.59	346.3752	1.837252	1.594305
21390	-848.8603	-1195.169	346.3088	1.784402	1.680126
21396	-834.4005	-1180.671	346.2703	1.83464	1.671789
21402	-841.0376	-1186.6	345.5625	1.746726	2.208958
21408	-850.582	-1196.983	346.4014	1.556734	1.77519
21414	-849.442	-1196.323	346.8814	2.18426	0.8577154
21420	-843.245	-1189.141	345.896	1.496035	2.155267
21426	-838.0571	-1183.16	345.1028	1.31376	2.768119
21432	-846.3797	-1190.351	343.9715	1.215058	3.500492
21438	-838.9401	-1181.767	342.8271	1.109808	4.218595
21444	-860.3644	-1206.894	346.5296	1.733247	1.557359
21450	-834.0858	-1179.385	345.2988	1.561393	2.494181
21456	-832.321	-1178.206	345.8846	1.499558	2.160377
21462	-831.8913	-1177.011	345.1194	1.330227	2.747913
21468	-833.5709	-1178.084	344.5129	1.267368	3.151056
21474	-842.817	-1188.515	345.6977	1.419797	2.331872
21480	-861.5197	-1207.368	345.8485	1.851763	1.951437
21486	-845.9353	-1192.787	346.8516	1.792158	1.261622
21492	-853.6585	-1199.508	345.8495	1.613095	2.109119
21498	-838.424	-1184.858	346.4339	1.617428	1.70985
21504	-830.013	-1176.279	346.2662	1.597613	1.840356
21510	-840.9472	-1187.283	346.336	1.885763	1.58749
21516	-847.3465	-1193.433	346.0863	1.583683	1.971758
21522	-833.9708	-1180.37	346.3993	1.707616	1.670362
21528	-831.5982	-1178.095	346.4966	1.755208	1.565492
21534	-842.0074	-1188.408	346.401	1.717515	1.662103
21540	-831.3323	-1177.595	346.2627	1.818222	1.68887
21546	-828.9919	-1175.489	346.4973	1.695273	1.608747
21552	-824.8371	-1170.964	346.127	1.390036	2.073393
21558	-840.2668	-1187.065	346.7987	2.135103	1.000818
21564	-832.9848	-1179.014	346.0291	1.476848	2.080653
21570	-823.2073	-1168.345	345.1377	1.455754	2.659672
21576	-829.9913	-1175.867	345.8761	1.299048	2.295148
21582	-819.072	-1164.863	345.7913	1.469616	2.240097
21588	-824.601	-1169.871	345.2697	1.568157	2.508178
21594	-830.1273	-1176.125	345.9981	1.763766	1.909879
21600	-821.0682	-1166.815	345.7467	1.488341	2.256721
21606	-835.6514	-1181.87	346.2186	1.528775	1.919731
21612	-848.2883	-1194.806	346.5174	1.81885	1.502849
21618	-836.9485	-1183.796	346.8473	1.918552	1.157525
21624	-830.638	-1177.086	346.4478	1.935014	1.46776
21630	-840.5454	-1187.018	346.4729	1.909962	1.46776
21636	-846.9157	-1193.141	346.2251	1.974572	1.60362
21642	-846.1412	-1191.587	345.4454	1.328623	2.547928
21648	-838.4333	-1183.628	345.1952	1.161915	2.804353
21654	-825.2374	-1172.109	346.8714	2.09804	0.9645691
21660	-832.0965	-1178.265	346.168	1.518465	1.960711
21666	-841.3122	-1187.891	346.5789	1.76162	1.499693
21672	-829.3378	-1175.939	346.6011	1.842604	1.421239
21678	-833.6369	-1179.997	346.3606	1.898753	1.559984
21684	-836.835	-1182.828	345.9933	1.540956	2.062016
21690	-850.621	-1196.29	345.6694	1.622123	2.220396
21696	-823.8594	-1169.656	345.7964	1.51041	2.210479
21702	-834.4156	-1179.517	345.1016	1.56227	2.616254
21708	-836.7278	-1182.079	345.3509	1.56227	2.460979
21714	-831.1701	-1176.926	345.7555	1.695341	2.116841
21720	-826.1336	-1171.98	345.8461	1.344353	2.285313
21726	-833.8314	-1179.117	345.2852	1.436981	2.580129
21732	-827.9105	-1172.776	344.8653	1.436981	2.837678
21738	-834.306	-1180.09	345.7838	1.359142	2.315711
21744	-838.8001	-1184.438	345.638	1.62862	2.236444
21750	-849.6699	-1194.49	344.8205	1.501037	2.825958
21756	-833.973	-1179.52	345.5465	1.407452	2.435388
21762	-847.3527	-1191.818	344.4654	1.4968	3.042577
21768	-858.587	-1204.063	345.4757	1.4795	2.434575
21774	-847.1412	-1192.52	345.3788	1.539183	2.457956
21780	-846.3839	-1191.557	345.1735	1.535988	2.588014
21786	-836.4543	-1182.48	346.0252	1.599557	2.001996
21792	-807.9816	-1154.149	346.1675	1.561075	1.932386
21798	-821.6791	-1168.234	346.5548	1.61921	1.62221
21804	-817.3349	-1163.517	346.1822	1.540295	1.936508
21810	-814.2017	-1157.823	343.6217	1.153915	3.738875
21816	-807.6395	-1151.513	343.8738	1.49121	3.396096
21822	-807.2038	-1151.078	343.8738	1.49121	3.396096
21828	-828.3114	-1172.84	344.5288	1.128913	3.223711
21834	-849.4032	-1194.913	345.5099	1.709498	2.266789
21840	-840.1016	-1185.243	345.1413	1.33946	2.72886
21846	-835.2552	-1181.15	345.8952	1.575084	2.104123
21852	-818.8118	-1164.119	345.3076	1.305768	2.647412
21858	-832.6977	-1178.485	345.787	1.41761	2.276277
21864	-826.5758	-1172.481	345.9048	1.495746	2.149695
21870	-835.7476	-1181.438	345.6907	1.548232	2.254272
21876	-840.3336	-1186.158	345.8249	1.518036	2.187143
21882	-841.3012	-1186.628	345.327	1.344865	2.61131
21888	-831.3039	-1176.196	344.8925	1.184874	2.973475
21894	-836.515	-1181.808	345.2929	1.351545	2.628217
21900	-832.2702	-1177.756	345.486	1.336316	2.517857
21906	-851.3571	-1196.848	345.4907	1.331626	2.517857
21912	-826.9215	-1172.896	345.9743	1.574934	2.052143
21918	-822.2056	-1168.484	346.2781	1.625728	1.81282
21924	-840.5205	-1186.334	345.8139	1.592478	2.145868
21930	-836.4514	-1182.312	345.8601	1.546269	2.145868
21936	-822.4195	-1168.373	345.9538	1.452615	2.145868
21942	-819.6206	-1165.704	346.083	1.570769	1.982653
21948	-833.1467	-1179.153	346.0059	1.366417	2.168083
21954	-829.1428	-1175.526	346.3833	1.905435	1.53824
21960	-832.4194	-1179.265	346.8451	1.855005	1.214336
21966	-832.918	-1179.73	346.812	1.835161	1.258843
21972	-820.4085	-1166.792	346.3834	1.835161	1.58981
21978	-817.2257	-1163.817	346.5912	1.627389	1.58981
21984	-819.1409	-1165.276	346.1351	1.52307	1.979658
21990	-815.1072	-1160.55	345.4432	1.464807	2.464212
21996	-815.0069	-1159.649	344.6419	1.25708	3.080318
22002	-828.2535	-1173.792	345.5381	1.267302	2.5284
22008	-831.3103	-1175.909	344.5983	1.281968	3.091509
22014	-837.1476	-1181.128	343.9799	1.291047	3.451175
22020	-833.4258	-1176.95	343.5238	1.155241	3.79457
22026	-832.0506	-1176.104	344.0537	1.174832	3.475956
22032	-824.1015	-1168.083	343.9812	1.247353	3.475956
22038	-834.6166	-1179.874	345.2572	1.361911	2.643854
22044	-847.4727	-1191.965	344.492	1.396895	3.086361
22050	-847.3655	-1192.896	345.5309	1.42608	2.43345
22056	-839.0366	-1183.933	344.8968	1.364074	2.862758
22062	-832.3217	-1176.315	343.9935	1.205355	3.493315
22068	-832.5414	-1176.27	343.7288	1.24698	3.623066
22074	-836.1556	-1179.204	343.0482	1.107416	4.094291
22080	-839.3905	-1185.541	346.1508	1.721803	1.834333
22086	-852.5595	-1198.781	346.2217	1.800298	1.730516
22092	-846.993	-1192.798	345.805	1.8206	2.001436
22098	-840.9795	-1187.321	346.3415	1.618593	1.773836
22104	-842.7686	-1188.581	345.8127	1.496905	2.208706
22110	-828.7997	-1174.373	345.5736	1.540772	2.333896
22116	-830.3222	-1176.227	345.9052	1.641061	2.054099
22122	-834.8894	-1181.359	346.4693	1.644388	1.665537
22128	-832.804	-1179.168	346.3636	1.811306	1.621553
22134	-851.1236	-1196.962	345.8382	1.592327	2.130112
22140	-844.9919	-1189.946	344.9545	1.345037	2.839304
22146	-837.3932	-1183.288	345.8952	1.425602	2.201468
22152	-844.5791	-1189.661	345.0822	1.521791	2.653181
22158	-844.2204	-1188.894	344.6734	1.230539	3.077371
22164	-832.4549	-1176.429	343.9737	1.196635	3.509937
22170	-838.8973	-1183.484	344.5868	1.21022	3.141096
22176	-828.486	-1173.945	345.4586	1.321916	2.543868
22182	-843.3104	-1188.54	345.2292	1.376983	2.651829
22188	-852.2036	-1196.87	344.6661	1.38234	2.99085
22194	-853.3788	-1197.257	343.8778	1.112809	3.614495
22200	-839.4383	-1184.824	345.3854	1.380335	2.5531
22206	-846.7394	-1192.246	345.5068	1.496196	2.404501
22212	-857.6464	-1204.061	346.4144	1.744265	1.633273
22218	-844.7746	-1190.845	346.0705	1.530847	2.01761
22224	-850.4176	-1194.038	343.6207	1.325559	3.640177
22230	-849.9754	-1194.356	344.3803	1.448155	3.122367
22236	-851.3308	-1195.866	344.5348	1.273983	3.134079
22242	-844.1788	-1188.948	344.7693	1.408183	2.913158
22248	-823.9817	-1169.226	345.2445	1.451497	2.596375
22254	-821.8673	-1167.715	345.8476	1.474725	2.200463
22260	-834.5539	-1180.516	345.9621	1.414421	2.165361
22266	-832.9183	-1179.445	346.5268	1.694088	1.588163
22272	-852.1078	-1198.083	345.9751	1.737371	1.94323
22278	-858.8006	-1204.902	346.1013	1.823695	1.798211
22284	-837.5516	-1183.945	346.3934	1.651039	1.714696
22290	-841.5639	-1187.722	346.158	1.842742	1.745422
22296	-843.733	-1190.138	346.4049	1.666399	1.695722
22302	-847.8027	-1193.529	345.7265	1.666399	2.154689
22308	-859.5955	-1203.959	344.3638	1.182071	3.289803
22314	-846.2531	-1189.531	343.2774	1.213352	3.902761
22320	-844.7636	-1188.238	343.4742	1.093047	3.858893
22326	-850.0596	-1194.897	344.8377	1.327509	2.920584
22332	-864.6712	-1209.528	344.8569	1.308293	2.920584
22338	-859.2447	-1203.534	344.2891	1.214199	3.314844
22344	-843.3458	-1188.027	344.6808	1.229382	3.073626
22350	-831.5427	-1176.14	344.5976	1.312657	3.073626
22356	-834.1864	-1180.028	345.8414	1.596908	2.125052
22362	-825.9725	-1172.65	346.6777	1.626929	1.526463
22368	-823.7043	-1170.043	346.339	1.50074	1.856862
22374	-829.1845	-1175.185	346.0009	1.637614	1.992806
22380	-837.8282	-1182.904	345.0757	1.710344	2.540468
22386	-826.0768	-1171.3	345.2234	1.597484	2.518742
22392	-823.442	-1169.638	346.196	1.617109	1.875043
22398	-845.2971	-1190.857	345.5598	1.36588	2.453145
22404	-849.2717	-1194.006	344.7344	1.302182	2.997962
22410	-842.873	-1188.884	346.0111	1.430088	2.123188
22416	-846.4541	-1189.768	343.3138	1.051545	3.9746
22422	-848.872	-1194.325	345.4533	1.409136	2.492771
22428	-846.0893	-1192.387	346.2975	1.489192	1.893026
22434	-843.8771	-1190.068	346.1913	1.51291	1.948823
22440	-837.4306	-1182.968	345.5371	1.587803	2.327191
22446	-845.5897	-1187.151	341.5613	1.039794	4.968315
22452	-842.6667	-1186.548	343.8812	0.9818451	3.688388
22458	-841.6293	-1185.51	343.8812	0.9818451	3.688388
22464	-839.1448	-1183.026	343.8812	0.9818451	3.688388
22470	-835.4097	-1179.291	343.8812	0.9818451	3.688388
22476	-836.5037	-1180.385	343.8812	0.9818451	3.688388
22482	-857.3489	-1201.435	344.0856	1.291213	3.389186
22488	-846.6162	-1190.801	344.1843	1.143585	3.417846
22494	-829.3973	-1173.278	343.8812	0.9818451	3.688388
22500	-840.6357	-1185.888	345.2519	1.325455	2.669595
22506	-844.333	-1189.908	345.5753	1.446916	2.392341
22512	-838.8348	-1184.111	345.2759	1.452799	2.576101
22518	-824.2175	-1169.758	345.5408	1.187886	2.576101
22524	-835.3198	-1179.201	343.8812	0.9818451	3.688388
22530	-834.0052	-1177.886	343.8812	0.9818451	3.688388
22536	-829.5296	-1173.411	343.8812	0.9818451	3.688388
22542	-834.9723	-1178.853	343.8812	0.9818451	3.688388
22548	-835.027	-1178.908	343.8812	0.9818451	3.688388
22554	-851.2058	-1197.268	346.0618	1.547787	2.012105
22560	-852.3343	-1197.69	345.3557	1.633623	2.413121
22566	-860.2266	-1206.323	346.0962	1.573272	1.972094
22572	-837.8209	-1181.702	343.8812	0.9818451	3.688388
22578	-837.2538	-1181.135	343.8812	0.9818451	3.688388
22584	-830.2585	-1174.14	343.8812	0.9818451	3.688388
22590	-832.4858	-1178.721	346.2355	1.583707	1.870886
22596	-848.0262	-1194.207	346.1806	1.583707	1.908216
22602	-829.5163	-1173.397	343.8812	0.9818451	3.688388
22608	-824.1336	-1168.015	343.8812	0.9818451	3.688388
22614	-821.9117	-1165.793	343.8812	0.9818451	3.688388
22620	-821.1044	-1167.592	346.4874	1.688318	1.620963
22626	-820.0568	-1166.055	345.9981	1.599663	2.019954
22632	-827.6617	-1173.941	346.2791	1.66176	1.7872
22638	-821.8444	-1168.209	346.3644	1.641438	1.741872
22644	-819.3958	-1165.954	346.5579	1.811752	1.477757
22650	-842.7393	-1189.094	346.3552	1.755487	1.667676
22656	-837.5338	-1183.629	346.0953	1.638242	1.929032
22662	-844.5508	-1191.161	346.6099	1.5977	1.597844
22668	-839.9559	-1186.214	346.2576	1.558803	1.872795
22674	-837.5286	-1183.746	346.2174	1.563612	1.896908
22680	-828.2047	-1174.031	345.8263	1.533529	2.176158
22686	-828.9718	-1174.99	346.0184	1.341454	2.176158
22692	-842.1053	-1185.986	343.8812	0.9818451	3.688388
22698	-832.9821	-1176.863	343.8812	0.9818451	3.688388
22704	-853.3677	-1199.196	345.8286	1.643176	2.103146
22710	-832.1098	-1175.991	343.8812	0.9818451	3.688388
22716	-838.5792	-1182.46	343.8812	0.9818451	3.688388
22722	-856.9533	-1202.258	345.3043	1.644733	2.438456
22728	-842.5979	-1187.861	345.2631	1.577911	2.506163
22734	-847.5753	-1193.129	345.5537	1.554599	2.337719
22740	-848.6438	-1194.747	346.1035	1.47473	2.032951
22746	-846.7293	-1192.78	346.0509	1.527341	2.032951
22752	-859.2219	-1204.8	345.5777	1.527266	2.339876
22758	-861.0428	-1206.786	345.7431	1.814075	2.046864
22764	-858.8787	-1204.601	345.722	1.636326	2.177165
22770	-852.7559	-1199.179	346.4229	1.65275	1.692652
22776	-857.3587	-1202.412	345.0538	1.578957	2.635449
22782	-854.5238	-1201.093	346.5689	1.586583	1.635531
22788	-844.5198	-1189.834	345.3143	1.693655	2.401318
22794	-851.7974	-1196.288	344.4909	1.460471	3.049015
22800	-844.5883	-1188.47	343.8812	0.9818451	3.688388
22806	-856.1994	-1200.081	343.8812	0.9818451	3.688388
22812	-833.6681	-1178.308	344.6401	1.194048	3.118963
22818	-824.7721	-1167.665	342.8925	1.029589	4.227002
22824	-828.1499	-1172.339	344.1887	1.292796	3.327718
22830	-834.9394	-1180.216	345.2765	1.488518	2.553536
22836	-834.0086	-1179.977	345.9681	1.568285	2.060606
22842	-857.7045	-1201.586	343.8812	0.9818451	3.688388
22848	-856.3349	-1200.216	343.8812	0.9818451	3.688388
22854	-846.2682	-1191.638	345.3698	1.20857	2.668977
22860	-845.1455	-1188.967	343.8219	1.189581	3.602381
22866	-828.4499	-1170.509	342.0588	1.009473	4.707755
22872	-844.1154	-1187.997	343.8812	0.9818451	3.688388
22878	-834.4904	-1178.372	343.8812	0.9818451	3.688388
22884	-829.7429	-1174.65	344.9066	1.201192	2.955164
22890	-827.9832	-1171.994	344.0109	1.478756	3.322911
22896	-818.947	-1164.864	345.917	1.425262	2.187592
22902	-826.6701	-1172.334	345.6642	1.33329	2.407976
22908	-830.3685	-1176.416	346.0472	1.471018	2.072603
22914	-818.8021	-1164.458	345.6555	1.385601	2.380364
22920	-818.9337	-1164.624	345.6904	1.350722	2.380364
22926	-811.6917	-1155.845	344.1537	1.280364	3.35557
22932	-834.8942	-1179.459	344.565	1.440248	3.016796
22938	-828.2316	-1173.086	344.8546	1.150606	3.016796
22944	-849.7248	-1193.606	343.8812	0.9818451	3.688388
22950	-839.2394	-1183.537	344.298	1.318017	3.248347
22956	-845.0502	-1189.383	344.333	1.283099	3.248347
22962	-841.4108	-1185.292	343.8812	0.9818451	3.688388
22968	-837.2118	-1181.093	343.8812	0.9818451	3.688388
22974	-841.27	-1185.151	343.8812	0.9818451	3.688388
22980	-841.5804	-1187.581	346.0008	1.272261	2.232307
22986	-853.3257	-1196.93	343.604	1.432852	3.587635
22992	-831.0868	-1174.968	343.8812	0.9818451	3.688388
22998	-835.15	-1179.031	343.8812	0.9818451	3.688388
23004	-830.9337	-1174.815	343.8812	0.9818451	3.688388
23010	-825.0316	-1168.913	343.8812	0.9818451	3.688388
23016	-835.1178	-1178.999	343.8812	0.9818451	3.688388
23022	-828.7367	-1172.618	343.8812	0.9818451	3.688388
23028	-832.9762	-1176.857	343.8812	0.9818451	3.688388
23034	-840.0928	-1183.974	343.8812	0.9818451	3.688388
23040	-834.5972	-1178.478	343.8812	0.9818451	3.688388
23046	-833.4891	-1177.37	343.8812	0.9818451	3.688388
23052	-830.6983	-1174.579	343.8812	0.9818451	3.688388
23058	-831.6022	-1175.483	343.8812	0.9818451	3.688388
23064	-819.9514	-1163.833	343.8812	0.9818451	3.688388
23070	-825.8925	-1169.774	343.8812	0.9818451	3.688388
23076	-831.5469	-1175.428	343.8812	0.9818451	3.688388
23082	-835.8611	-1179.742	343.8812	0.9818451	3.688388
23088	-834.5487	-1178.43	343.8812	0.9818451	3.688388
23094	-835.4078	-1179.289	343.8812	0.9818451	3.688388
23100	-849.8991	-1194.07	344.1705	1.115505	3.442384
23106	-847.8025	-1192.177	344.3743	1.243532	3.24728
23112	-839.4379	-1183.319	343.8812	0.9818451	3.688388
23118	-844.83	-1188.711	343.8812	0.9818451	3.688388
23124	-834.4603	-1178.666	344.206	1.231848	3.353376
23130	-842.1799	-1186.281	344.1015	1.055446	3.517768
23136	-836.8134	-1181.195	344.3811	1.233946	3.248958
23142	-831.7106	-1176.991	345.2805	1.303233	2.665642
23148	-833.3922	-1177.761	344.3685	1.281031	3.228542
23154	-844.9715	-1188.853	343.8812	0.9818451	3.688388
23160	-832.9232	-1176.804	343.8812	0.9818451	3.688388
23166	-833.5327	-1177.414	343.8812	0.9818451	3.688388
23172	-835.7439	-1179.625	343.8812	0.9818451	3.688388
23178	-832.4946	-1176.376	343.8812	0.9818451	3.688388
23184	-834.2721	-1179.099	344.8269	1.256743	2.969692
23190	-831.9828	-1175.864	343.8812	0.9818451	3.688388
23196	-830.6797	-1174.561	343.8812	0.9818451	3.688388
23202	-831.9017	-1175.783	343.8812	0.9818451	3.688388
23208	-828.1649	-1172.046	343.8812	0.9818451	3.688388
23214	-843.2559	-1188.977	345.7212	1.439328	2.304466
23220	-829.1769	-1173.058	343.8812	0.9818451	3.688388
23226	-840.1832	-1184.064	343.8812	0.9818451	3.688388
23232	-833.0644	-1178.685	345.6211	1.225072	2.502969
23238	-834.1812	-1178.585	344.4037	1.19495	3.25864
23244	-818.4522	-1162.921	344.4684	1.130208	3.25864
23250	-824.4036	-1168.285	343.8812	0.9818451	3.688388
23256	-825.3882	-1169.269	343.8812	0.9818451	3.688388
23262	-822.7613	-1166.643	343.8812	0.9818451	3.688388
23268	-824.1625	-1168.044	343.8812	0.9818451	3.688388
23274	-831.2303	-1175.111	343.8812	0.9818451	3.688388
23280	-824.3313	-1168.212	343.8812	0.9818451	3.688388
23286	-829.3611	-1173.242	343.8812	0.9818451	3.688388
23292	-825.1226	-1169.004	343.8812	0.9818451	3.688388
23298	-830.3471	-1174.228	343.8812	0.9818451	3.688388
23304	-833.494	-1177.375	343.8812	0.9818451	3.688388
23310	-855.0017	-1201.575	346.5734	1.57215	1.64269
23316	-848.7418	-1193.941	345.1992	1.211762	2.771498
23322	-832.3717	-1177.053	344.6813	1.281087	3.042419
23328	-839.4455	-1183.382	343.9366	1.074728	3.602421
23334	-841.5757	-1186.944	345.3687	1.234861	2.653459
23340	-838.6422	-1182.523	343.8812	0.9818451	3.688388
23346	-835.5278	-1179.409	343.8812	0.9818451	3.688388
23352	-840.9417	-1184.823	343.8812	0.9818451	3.688388
23358	-837.7195	-1181.601	343.8812	0.9818451	3.688388
23364	-837.0471	-1180.928	343.8812	0.9818451	3.688388
23370	-832.8262	-1176.707	343.8812	0.9818451	3.688388
23376	-842.4341	-1186.315	343.8812	0.9818451	3.688388
23382	-841.5998	-1185.481	343.8812	0.9818451	3.688388
23388	-842.5418	-1186.423	343.8812	0.9818451	3.688388
23394	-834.7469	-1178.628	343.8812	0.9818451	3.688388
23400	-840.6637	-1184.545	343.8812	0.9818451	3.688388
23406	-841.7957	-1185.677	343.8812	0.9818451	3.688388
23412	-827.3742	-1171.255	343.8812	0.9818451	3.688388
23418	-827.9337	-1171.815	343.8812	0.9818451	3.688388
23424	-832.8508	-1176.732	343.8812	0.9818451	3.688388
23430	-836.902	-1180.783	343.8812	0.9818451	3.688388
23436	-835.3148	-1179.196	343.8812	0.9818451	3.688388
23442	-832.9864	-1176.868	343.8812	0.9818451	3.688388
23448	-834.6937	-1178.575	343.8812	0.9818451	3.688388
23454	-838.1759	-1182.057	343.8812	0.9818451	3.688388
23460	-835.5699	-1179.451	343.8812	0.9818451	3.688388
23466	-834.3037	-1178.185	343.8812	0.9818451	3.688388
23472	-841.4452	-1185.326	343.8812	0.9818451	3.688388
23478	-830.8921	-1174.773	343.8812	0.9818451	3.688388
23484	-842.4309	-1186.312	343.8812	0.9818451	3.688388
23490	-835.8705	-1179.752	343.8812	0.9818451	3.688388
23496	-831.7058	-1175.587	343.8812	0.9818451	3.688388
23502	-830.3314	-1174.213	343.8812	0.9818451	3.688388
23508	-830.6617	-1174.543	343.8812	0.9818451	3.688388
23514	-832.2543	-1176.135	343.8812	0.9818451	3.688388
23520	-831.3741	-1175.255	343.8812	0.9818451	3.688388
23526	-837.6758	-1181.557	343.8812	0.9818451	3.688388
23532	-840.0895	-1183.971	343.8812	0.9818451	3.688388
23538	-838.7221	-1182.603	343.8812	0.9818451	3.688388
23544	-837.6726	-1181.554	343.8812	0.9818451	3.688388
23550	-836.398	-1180.279	343.8812	0.9818451	3.688388
23556	-841.5737	-1185.455	343.8812	0.9818451	3.688388
23562	-836.6798	-1180.561	343.8812	0.9818451	3.688388
23568	-832.4979	-1176.379	343.8812	0.9818451	3.688388
23574	-842.8019	-1186.683	343.8812	0.9818451	3.688388
23580	-851.2089	-1197.057	345.8485	1.574574	2.13499
23586	-846.403	-1192.68	346.2768	1.505025	1.896387
23592	-846.9095	-1192.934	346.0244	1.558776	2.029661
23598	-836.3641	-1182.597	346.2333	1.643885	1.83123
23604	-844.3162	-1188.197	343.8812	0.9818451	3.688388
23610	-835.5268	-1181.375	345.8484	1.683342	2.063698
23616	-841.7581	-1187.567	345.8087	1.570246	2.163751
23622	-830.74	-1177.064	346.3241	1.515791	1.856804
23628	-828.4108	-1174.66	346.2493	1.610939	1.842838
23634	-835.4108	-1181.495	346.084	1.721123	1.8805
23640	-826.6345	-1172.996	346.3611	1.666314	1.726678
23646	-827.8225	-1173.715	345.8927	1.551299	2.121337
23652	-828.041	-1174.224	346.1829	1.668241	1.849075
23658	-836.8915	-1182.581	345.6899	1.509855	2.279346
23664	-829.2882	-1176.017	346.7289	1.539137	1.553525
23670	-826.0158	-1172.612	346.5967	1.67138	1.553525
23676	-839.4889	-1185.816	346.327	1.709632	1.720191
23682	-836.5755	-1183.445	346.8693	1.694826	1.326484
23688	-824.0739	-1170.874	346.7996	1.427742	1.583428
23694	-819.1181	-1165.844	346.7262	1.506759	1.579307
23700	-825.4634	-1171.559	346.0952	1.577373	1.970027
23706	-818.5059	-1164.802	346.296	1.621996	1.803037
23712	-821.2874	-1167.995	346.7079	1.910434	1.28259
23718	-813.5062	-1160.215	346.7088	1.909518	1.28259
23724	-811.3364	-1157.923	346.5861	1.723417	1.52286
23730	-818.5534	-1164.948	346.395	1.759687	1.636113
23736	-809.911	-1155.641	345.7305	1.655941	2.158907
23742	-818.7283	-1165.007	346.2788	1.779917	1.704641
23748	-819.5942	-1165.745	346.1503	1.748451	1.816353
23754	-830.7045	-1177.066	346.3615	1.649188	1.738491
23760	-821.555	-1168.254	346.6989	1.81578	1.365824
23766	-822.0914	-1168.691	346.5997	1.938017	1.347598
23772	-811.2426	-1157.702	346.4596	1.853054	1.520511
23778	-823.5776	-1170.144	346.5667	2.002729	1.322246
23784	-825.5718	-1171.611	346.0389	1.542316	2.030975
23790	-823.1944	-1169.301	346.1064	1.474793	2.030975
23796	-837.3376	-1182.669	345.3315	1.464277	2.534374
23802	-835.8523	-1180.511	344.6584	1.408438	2.979838
23808	-835.7711	-1179.267	343.4956	1.327153	3.711674
23814	-834.7378	-1178.619	343.8812	0.9818451	3.688388
23820	-850.4724	-1195.076	344.6041	1.171669	3.153721
23826	-832.3339	-1178.372	346.0385	1.40286	2.123032
23832	-852.9639	-1198.435	345.4715	1.479309	2.437352
23838	-839.6649	-1185.176	345.5109	1.439901	2.437352
23844	-833.8582	-1179.278	345.4197	1.267249	2.601979
23850	-847.2806	-1191.162	343.8812	0.9818451	3.688388
23856	-843.2373	-1187.118	343.8812	0.9818451	3.688388
23862	-836.9688	-1180.85	343.8812	0.9818451	3.688388
23868	-832.8999	-1176.781	343.8812	0.9818451	3.688388
23874	-828.5668	-1173.045	344.4778	1.384441	3.102227
23880	-830.8473	-1175.967	345.1199	1.417187	2.694355
23886	-834.0253	-1179.845	345.8193	1.48695	2.210845
23892	-839.2173	-1183.098	343.8812	0.9818451	3.688388
23898	-833.9458	-1177.827	343.8812	0.9818451	3.688388
23904	-835.9301	-1179.811	343.8812	0.9818451	3.688388
23910	-839.2753	-1183.156	343.8812	0.9818451	3.688388
23916	-836.7229	-1180.604	343.8812	0.9818451	3.688388
23922	-834.1701	-1178.051	343.8812	0.9818451	3.688388
23928	-829.2062	-1173.087	343.8812	0.9818451	3.688388
23934	-824.5397	-1168.421	343.8812	0.9818451	3.688388
23940	-820.7599	-1164.641	343.8812	0.9818451	3.688388
23946	-827.6908	-1171.572	343.8812	0.9818451	3.688388
23952	-835.4066	-1179.288	343.8812	0.9818451	3.688388
23958	-834.5389	-1178.42	343.8812	0.9818451	3.688388
23964	-830.1417	-1174.023	343.8812	0.9818451	3.688388
23970	-854.2605	-1200.171	345.9104	1.674909	2.02821
23976	-833.8185	-1180.145	346.3269	1.886697	1.593448
23982	-829.3431	-1173.224	343.8812	0.9818451	3.688388
23988	-837.3566	-1181.238	343.8812	0.9818451	3.688388
23994	-835.3077	-1179.189	343.8812	0.9818451	3.688388
24000	-825.9015	-1169.783	343.8812	0.9818451	3.688388
24006	-827.8507	-1171.732	343.8812	0.9818451	3.688388
24012	-825.5288	-1169.41	343.8812	0.9818451	3.688388
24018	-822.8712	-1166.752	343.8812	0.9818451	3.688388
24024	-825.5389	-1169.42	343.8812	0.9818451	3.688388
24030	-822.9518	-1166.833	343.8812	0.9818451	3.688388
24036	-817.8306	-1161.712	343.8812	0.9818451	3.688388
24042	-819.3355	-1163.217	343.8812	0.9818451	3.688388
24048	-816.9997	-1160.881	343.8812	0.9818451	3.688388
24054	-822.2228	-1166.104	343.8812	0.9818451	3.688388
24060	-822.0298	-1165.911	343.8812	0.9818451	3.688388
24066	-819.9946	-1163.876	343.8812	0.9818451	3.688388
24072	-833.2964	-1177.178	343.8812	0.9818451	3.688388
24078	-831.3005	-1175.005	343.7041	1.15893	3.688388
24084	-852.4837	-1195.711	343.2277	1.229426	3.922045
24090	-826.2362	-1169.94	343.7041	1.15893	3.688388
24096	-823.9949	-1167.699	343.7041	1.15893	3.688388
24102	-822.8462	-1166.55	343.7041	1.15893	3.688388
24108	-823.4546	-1167.159	343.7041	1.15893	3.688388
24114	-826.1226	-1169.827	343.7041	1.15893	3.688388
24120	-821.5121	-1165.216	343.7041	1.15893	3.688388
24126	-818.8811	-1162.585	343.7041	1.15893	3.688388
24132	-822.2429	-1165.947	343.7041	1.15893	3.688388
24138	-820.7927	-1164.497	343.7041	1.15893	3.688388
24144	-824.8836	-1168.588	343.7041	1.15893	3.688388
24150	-823.3974	-1167.102	343.7041	1.15893	3.688388
24156	-823.3002	-1167.004	343.7041	1.15893	3.688388
24162	-825.3693	-1169.073	343.7041	1.15893	3.688388
24168	-832.2179	-1175.922	343.7041	1.15893	3.688388
24174	-828.0938	-1171.798	343.7041	1.15893	3.688388
24180	-824.0642	-1167.768	343.7041	1.15893	3.688388
24186	-826.5098	-1170.214	343.7041	1.15893	3.688388
24192	-829.7663	-1173.47	343.7041	1.15893	3.688388
24198	-828.4137	-1172.118	343.7041	1.15893	3.688388
24204	-826.6033	-1170.307	343.7041	1.15893	3.688388
24210	-827.4177	-1171.122	343.7041	1.15893	3.688388
24216	-833.907	-1177.611	343.7041	1.15893	3.688388
24222	-831.866	-1175.57	343.7041	1.15893	3.688388
24228	-833.2311	-1176.935	343.7041	1.15893	3.688388
24234	-836.9937	-1180.698	343.7041	1.15893	3.688388
24240	-856.4341	-1200.233	343.7989	1.155406	3.635503
24246	-847.3435	-1191.191	343.8476	1.015183	3.688539
24252	-830.1564	-1173.86	343.7041	1.15893	3.688388
24258	-829.0491	-1172.753	343.7041	1.15893	3.688388
24264	-853.8481	-1198.844	344.9963	1.462239	2.742465
24270	-830.6994	-1176.291	345.5913	1.516798	2.33788
24276	-831.1821	-1176.796	345.6137	1.335034	2.438679
24282	-830.7472	-1175.436	344.6886	1.294992	3.029749
24288	-836.4635	-1181.166	344.7026	1.247261	3.049914
24294	-842.2747	-1185.979	343.7041	1.15893	3.688388
24300	-838.598	-1182.302	343.7041	1.15893	3.688388
24306	-833.0115	-1176.716	343.7041	1.15893	3.688388
24312	-831.2368	-1174.941	343.7041	1.15893	3.688388
24318	-828.759	-1172.463	343.7041	1.15893	3.688388
24324	-831.6017	-1175.306	343.7041	1.15893	3.688388
24330	-859.0167	-1204.129	345.1124	1.409659	2.70353
24336	-840.8846	-1186.422	345.5375	1.367069	2.466403
24342	-838.5972	-1182.301	343.7041	1.15893	3.688388
24348	-831.8371	-1175.541	343.7041	1.15893	3.688388
24354	-833.8331	-1177.537	343.7041	1.15893	3.688388
24360	-828.3977	-1172.102	343.7041	1.15893	3.688388
24366	-831.4947	-1175.199	343.7041	1.15893	3.688388
24372	-840.0092	-1183.713	343.7041	1.15893	3.688388
24378	-836.1681	-1179.872	343.7041	1.15893	3.688388
24384	-836.4843	-1180.188	343.7041	1.15893	3.688388
24390	-829.9869	-1173.691	343.7041	1.15893	3.688388
24396	-837.0883	-1180.792	343.7041	1.15893	3.688388
24402	-829.8842	-1173.588	343.7041	1.15893	3.688388
24408	-827.3891	-1171.093	343.7041	1.15893	3.688388
24414	-833.1381	-1176.842	343.7041	1.15893	3.688388
24420	-844.5049	-1189.317	344.8122	1.102777	3.070764
24426	-855.1102	-1200.6	345.4898	1.278954	2.551226
24432	-843.7714	-1187.475	343.7041	1.15893	3.688388
24438	-840.6086	-1184.313	343.7041	1.15893	3.688388
24444	-835.556	-1179.26	343.7041	1.15893	3.688388
24450	-860.0485	-1206.435	346.3861	1.452687	1.857564
24456	-852.7674	-1198.284	345.5167	1.251382	2.551629
24462	-835.193	-1178.897	343.7041	1.15893	3.688388
24468	-827.2721	-1170.976	343.7041	1.15893	3.688388
24474	-824.553	-1168.257	343.7041	1.15893	3.688388
24480	-819.1621	-1162.866	343.7041	1.15893	3.688388
24486	-821.467	-1165.171	343.7041	1.15893	3.688388
24492	-819.365	-1163.069	343.7041	1.15893	3.688388
24498	-829.2856	-1172.99	343.7041	1.15893	3.688388
24504	-830.7564	-1174.46	343.7041	1.15893	3.688388
24510	-837.7565	-1183.779	346.0222	1.602295	2.002143
24516	-838.1784	-1184.361	346.1823	1.442213	2.002143
24522	-828.7205	-1172.425	343.7041	1.15893	3.688388
24528	-834.1174	-1177.821	343.7041	1.15893	3.688388
24534	-835.8553	-1179.559	343.7041	1.15893	3.688388
24540	-830.8675	-1174.572	343.7041	1.15893	3.688388
24546	-841.4792	-1185.183	343.7041	1.15893	3.688388
24552	-841.9813	-1185.685	343.7041	1.15893	3.688388
24558	-847.2592	-1190.963	343.7041	1.15893	3.688388
24564	-838.5886	-1182.293	343.7041	1.15893	3.688388
24570	-837.2124	-1180.917	343.7041	1.15893	3.688388
24576	-834.1989	-1177.903	343.7041	1.15893	3.688388
24582	-835.0603	-1178.764	343.7041	1.15893	3.688388
24588	-832.2703	-1175.974	343.7041	1.15893	3.688388
24594	-829.9757	-1173.68	343.7041	1.15893	3.688388
24600	-823.9144	-1167.618	343.7041	1.15893	3.688388
24606	-825.8883	-1169.592	343.7041	1.15893	3.688388
24612	-831.0617	-1174.766	343.7041	1.15893	3.688388
24618	-835.5779	-1179.282	343.7041	1.15893	3.688388
24624	-841.9264	-1185.631	343.7041	1.15893	3.688388
24630	-826.7624	-1170.467	343.7041	1.15893	3.688388
24636	-828.1845	-1171.889	343.7041	1.15893	3.688388
24642	-825.5465	-1169.251	343.7041	1.15893	3.688388
24648	-828.1424	-1171.847	343.7041	1.15893	3.688388
24654	-820.6061	-1164.31	343.7041	1.15893	3.688388
24660	-820.544	-1164.248	343.7041	1.15893	3.688388
24666	-816.8491	-1160.553	343.7041	1.15893	3.688388
24672	-813.2119	-1156.916	343.7041	1.15893	3.688388
24678	-819.4653	-1163.169	343.7041	1.15893	3.688388
24684	-812.7542	-1156.458	343.7041	1.15893	3.688388
24690	-819.0767	-1162.781	343.7041	1.15893	3.688388
24696	-822.8168	-1166.521	343.7041	1.15893	3.688388
24702	-817.6175	-1161.322	343.7041	1.15893	3.688388
24708	-823.5221	-1167.226	343.7041	1.15893	3.688388
24714	-830.5757	-1174.28	343.7041	1.15893	3.688388
24720	-823.0638	-1166.768	343.7041	1.15893	3.688388
24726	-822.9385	-1166.643	343.7041	1.15893	3.688388
24732	-825.6879	-1169.392	343.7041	1.15893	3.688388
24738	-822.8551	-1166.559	343.7041	1.15893	3.688388
24744	-835.3186	-1179.023	343.7041	1.15893	3.688388
24750	-830.5884	-1174.293	343.7041	1.15893	3.688388
24756	-833.3235	-1177.028	343.7041	1.15893	3.688388
24762	-831.6472	-1175.351	343.7041	1.15893	3.688388
24768	-827.1422	-1170.846	343.7041	1.15893	3.688388
24774	-827.2996	-1171.004	343.7041	1.15893	3.688388
24780	-828.4421	-1172.146	343.7041	1.15893	3.688388
24786	-834.4741	-1178.178	343.7041	1.15893	3.688388
24792	-839.7003	-1183.404	343.7041	1.15893	3.688388
24798	-835.6057	-1179.31	343.7041	1.15893	3.688388
24804	-835.6692	-1179.373	343.7041	1.15893	3.688388
24810	-843.5046	-1187.209	343.7041	1.15893	3.688388
24816	-848.324	-1192.028	343.7041	1.15893	3.688388
24822	-838.5519	-1182.256	343.7041	1.15893	3.688388
24828	-839.3723	-1183.076	343.7041	1.15893	3.688388
24834	-835.6162	-1179.32	343.7041	1.15893	3.688388
24840	-831.1371	-1174.841	343.7041	1.15893	3.688388
24846	-845.2067	-1188.911	343.7041	1.15893	3.688388
24852	-831.4496	-1173.397	341.9472	0.9862279	4.783132
24858	-832.9508	-1176.667	343.716	0.9855225	3.78159
24864	-841.6396	-1185.489	343.8494	0.9525761	3.723666
24870	-829.3804	-1172.927	343.5462	1.055126	3.839278
24876	-840.1671	-1183.094	342.9267	1.031401	4.206567
24882	-851.0149	-1194.719	343.7041	1.15893	3.688388
24888	-848.122	-1191.826	343.7041	1.15893	3.688388
24894	-838.8915	-1182.596	343.7041	1.15893	3.688388
24900	-839.8128	-1183.517	343.7041	1.15893	3.688388
24906	-835.3808	-1179.085	343.7041	1.15893	3.688388
24912	-846.6688	-1190.373	343.7041	1.15893	3.688388
24918	-847.276	-1190.98	343.7041	1.15893	3.688388
24924	-845.7746	-1189.479	343.7041	1.15893	3.688388
24930	-836.4535	-1181.91	345.4561	1.593725	2.374878
24936	-834.4189	-1180.716	346.2968	1.559083	1.845805
24942	-833.1237	-1176.828	343.7041	1.15893	3.688388
24948	-834.9772	-1178.681	343.7041	1.15893	3.688388
24954	-843.9303	-1187.634	343.7041	1.15893	3.688388
24960	-844.3904	-1190.681	346.2911	1.615901	1.810638
24966	-837.4826	-1183.924	346.4417	1.465324	1.810638
24972	-836.6443	-1180.348	343.7041	1.15893	3.688388
24978	-842.1985	-1185.903	343.7041	1.15893	3.688388
24984	-842.5663	-1186.27	343.7041	1.15893	3.688388
24990	-844.7349	-1190.374	345.6394	1.385478	2.390653
24996	-846.7222	-1192.706	345.9834	1.42491	2.144611
25002	-843.3749	-1187.079	343.7041	1.15893	3.688388
25008	-840.1076	-1183.812	343.7041	1.15893	3.688388
25014	-846.981	-1190.685	343.7041	1.15893	3.688388
25020	-842.7097	-1186.414	343.7041	1.15893	3.688388
25026	-840.8429	-1184.547	343.7041	1.15893	3.688388
25032	-840.5297	-1184.234	343.7041	1.15893	3.688388
25038	-834.9914	-1178.695	343.7041	1.15893	3.688388
25044	-844.1164	-1187.821	343.7041	1.15893	3.688388
25050	-844.2068	-1187.911	343.7041	1.15893	3.688388
25056	-846.2229	-1189.927	343.7041	1.15893	3.688388
25062	-839.7131	-1183.417	343.7041	1.15893	3.688388
25068	-836.9119	-1180.616	343.7041	1.15893	3.688388
25074	-825.6643	-1169.368	343.7041	1.15893	3.688388
25080	-831.4878	-1175.192	343.7041	1.15893	3.688388
25086	-833.2802	-1176.984	343.7041	1.15893	3.688388
25092	-826.5946	-1170.299	343.7041	1.15893	3.688388
25098	-831.2867	-1174.991	343.7041	1.15893	3.688388
25104	-836.2596	-1179.964	343.7041	1.15893	3.688388
25110	-832.4081	-1176.112	343.7041	1.15893	3.688388
25116	-835.5937	-1179.298	343.7041	1.15893	3.688388
25122	-831.0486	-1174.753	343.7041	1.15893	3.688388
25128	-835.7005	-1179.405	343.7041	1.15893	3.688388
25134	-832.7012	-1176.405	343.7041	1.15893	3.688388
25140	-833.9314	-1177.635	343.7041	1.15893	3.688388
25146	-840.4185	-1184.123	343.7041	1.15893	3.688388
25152	-839.4792	-1183.297	343.8177	1.040661	3.691105
25158	-845.4344	-1189.904	344.4701	1.255896	3.183242
25164	-841.0218	-1186.876	345.854	1.861332	1.941301
25170	-835.0658	-1181.787	346.7217	1.76641	1.38673
25176	-841.5009	-1188.295	346.7938	1.783423	1.315969
25182	-835.7952	-1179.499	343.7041	1.15893	3.688388
25188	-832.8062	-1176.51	343.7041	1.15893	3.688388
25194	-829.5437	-1175.761	346.2171	1.684547	1.814335
25200	-831.2874	-1174.991	343.7041	1.15893	3.688388
25206	-830.5646	-1174.269	343.7041	1.15893	3.688388
25212	-832.0543	-1177.571	345.5171	1.39086	2.464257
25218	-841.7223	-1187.435	345.713	1.373294	2.351747
25224	-849.4564	-1193.16	343.7041	1.15893	3.688388
25230	-842.2696	-1187.51	345.24	1.416529	2.620778
25236	-831.8165	-1176.306	344.4892	1.29767	3.147095
25242	-847.8447	-1192.229	344.384	1.216939	3.257262
25248	-849.8437	-1194.673	344.8288	1.226795	2.986553
25254	-845.6923	-1189.396	343.7041	1.15893	3.688388
25260	-830.5821	-1176.905	346.3229	1.626378	1.781377
25266	-835.1157	-1180.813	345.697	1.336279	2.385332
25272	-842.4667	-1188.066	345.5997	1.433539	2.385332
25278	-844.3531	-1189.507	345.1536	1.336543	2.723121
25284	-833.6871	-1179.059	345.3722	1.426483	2.532569
25290	-836.9372	-1182.838	345.9007	1.465178	2.172226
25296	-843.8446	-1190.077	346.2326	1.60037	1.861536
25302	-841.2583	-1187.308	346.0498	1.51955	2.03881
25308	-834.3376	-1180.239	345.9013	1.488835	2.156498
25314	-820.9963	-1167.252	346.256	1.809493	1.699794
25320	-821.8682	-1168.037	346.1691	1.635518	1.880882
25326	-825.1441	-1171.558	346.4139	1.739576	1.636986
25332	-824.349	-1170.48	346.131	1.475909	2.013914
25338	-851.2261	-1197.659	346.4331	1.864002	1.532089
25344	-831.8732	-1175.577	343.7041	1.15893	3.688388
25350	-825.2653	-1168.969	343.7041	1.15893	3.688388
25356	-826.8157	-1170.52	343.7041	1.15893	3.688388
25362	-827.943	-1173.641	345.6983	1.557365	2.243493
25368	-821.8298	-1166.792	344.9626	1.461081	2.763744
25374	-835.5772	-1181.61	346.0324	1.338813	2.16881
25380	-833.6136	-1179.948	346.3346	1.512761	1.851635
25386	-840.7953	-1186.935	346.14	1.327263	2.106093
25392	-833.8156	-1179.782	345.9667	1.592528	2.045492
25398	-821.5729	-1167.163	345.59	1.702986	2.219418
25404	-831.1768	-1177.055	345.8779	1.244135	2.329013
25410	-837.8286	-1181.533	343.7041	1.15893	3.688388
25416	-847.5709	-1191.275	343.7041	1.15893	3.688388
25422	-839.0076	-1182.712	343.7041	1.15893	3.688388
25428	-831.4823	-1175.186	343.7041	1.15893	3.688388
25434	-830.0529	-1173.757	343.7041	1.15893	3.688388
25440	-827.9091	-1171.613	343.7041	1.15893	3.688388
25446	-822.6135	-1166.318	343.7041	1.15893	3.688388
25452	-828.4949	-1172.199	343.7041	1.15893	3.688388
25458	-834.6986	-1178.403	343.7041	1.15893	3.688388
25464	-827.1496	-1170.854	343.7041	1.15893	3.688388
25470	-824.6527	-1168.357	343.7041	1.15893	3.688388
25476	-819.9566	-1163.661	343.7041	1.15893	3.688388
25482	-825.1362	-1168.84	343.7041	1.15893	3.688388
25488	-831.5881	-1175.292	343.7041	1.15893	3.688388
25494	-822.7206	-1166.425	343.7041	1.15893	3.688388
25500	-825.7944	-1169.499	343.7041	1.15893	3.688388
25506	-823.2772	-1166.981	343.7041	1.15893	3.688388
25512	-836.7877	-1180.492	343.7041	1.15893	3.688388
25518	-834.0224	-1177.727	343.7041	1.15893	3.688388
25524	-837.3426	-1181.047	343.7041	1.15893	3.688388
25530	-851.3955	-1197.364	345.9681	1.434774	2.148179
25536	-854.0935	-1200.45	346.3566	1.508477	1.8395
25542	-829.121	-1174.965	345.8439	1.604558	2.118419
25548	-844.2726	-1189.574	345.3017	1.524735	2.515279
25554	-838.8896	-1182.594	343.7041	1.15893	3.688388
25560	-836.0824	-1179.786	343.7041	1.15893	3.688388
25566	-827.2943	-1170.998	343.7041	1.15893	3.688388
25572	-827.3233	-1171.027	343.7041	1.15893	3.688388
25578	-828.5637	-1172.268	343.7041	1.15893	3.688388
25584	-826.5614	-1170.265	343.7041	1.15893	3.688388
25590	-830.5186	-1174.223	343.7041	1.15893	3.688388
25596	-835.9895	-1179.694	343.7041	1.15893	3.688388
25602	-828.2333	-1171.937	343.7041	1.15893	3.688388
25608	-823.032	-1166.736	343.7041	1.15893	3.688388
25614	-829.1874	-1172.891	343.7041	1.15893	3.688388
25620	-830.5666	-1174.271	343.7041	1.15893	3.688388
25626	-836.7304	-1180.434	343.7041	1.15893	3.688388
25632	-836.8987	-1180.603	343.7041	1.15893	3.688388
25638	-837.5036	-1181.208	343.7041	1.15893	3.688388
25644	-837.5433	-1181.247	343.7041	1.15893	3.688388
25650	-846.1574	-1189.862	343.7041	1.15893	3.688388
25656	-851.4252	-1195.129	343.7041	1.15893	3.688388
25662	-839.1324	-1182.836	343.7041	1.15893	3.688388
25668	-846.8837	-1190.588	343.7041	1.15893	3.688388
25674	-847.8168	-1191.499	343.6826	1.039747	3.76964
25680	-838.2916	-1183.159	344.8672	1.276123	2.93376
25686	-839.5917	-1183.255	343.663	1.122365	3.733235
25692	-831.2803	-1175.273	343.9927	0.922806	3.658027
25698	-827.6161	-1171.412	343.7957	1.03569	3.706662
25704	-826.4054	-1171.206	344.8004	1.038827	3.11593
25710	-816.7822	-1162.254	345.4718	1.214247	2.602502
25716	-816.9208	-1161.65	344.7294	1.071382	3.138812
25722	-832.8632	-1177.134	344.2712	1.152072	3.361896
25728	-829.1348	-1173.937	344.8025	1.284546	2.967681
25734	-830.8937	-1174.598	343.7041	1.15893	3.688388
25740	-832.574	-1176.278	343.7041	1.15893	3.688388
25746	-835.33	-1179.034	343.7041	1.15893	3.688388
25752	-829.0057	-1172.71	343.7041	1.15893	3.688388
25758	-838.6532	-1182.357	343.7041	1.15893	3.688388
25764	-854.9492	-1199.737	344.7876	1.491805	2.851512
25770	-838.511	-1182.472	343.9608	1.20693	3.511461
25776	-835.4436	-1178.814	343.3709	1.133341	3.895042
25782	-838.1352	-1181.528	343.3925	1.111679	3.895042
25788	-838.8082	-1184.402	345.594	1.310268	2.466594
25794	-841.6574	-1187.674	346.0169	1.504774	2.070318
25800	-840.4806	-1184.185	343.7041	1.15893	3.688388
25806	-834.0427	-1177.747	343.7041	1.15893	3.688388
25812	-822.2492	-1165.953	343.7041	1.15893	3.688388
25818	-820.5765	-1164.281	343.7041	1.15893	3.688388
25824	-823.9825	-1167.687	343.7041	1.15893	3.688388
25830	-832.7162	-1176.42	343.7041	1.15893	3.688388
25836	-827.3058	-1171.01	343.7041	1.15893	3.688388
25842	-829.7799	-1173.484	343.7041	1.15893	3.688388
25848	-840.5201	-1184.224	343.7041	1.15893	3.688388
25854	-836.1474	-1179.16	343.0128	0.9724037	4.191218
25860	-845.4173	-1189.121	343.7041	1.15893	3.688388
25866	-849.299	-1193.003	343.7041	1.15893	3.688388
25872	-840.0114	-1183.715	343.7041	1.15893	3.688388
25878	-834.0204	-1177.724	343.7041	1.15893	3.688388
25884	-832.2221	-1175.926	343.7041	1.15893	3.688388
25890	-836.7292	-1183.006	346.2767	1.668694	1.784076
25896	-838.8272	-1184.03	345.2029	1.357837	2.679778
25902	-841.8397	-1186.679	344.8396	1.305873	2.932477
25908	-823.8313	-1168.715	344.884	1.261546	2.932477
25914	-829.7155	-1173.42	343.7041	1.15893	3.688388
25920	-825.7152	-1169.419	343.7041	1.15893	3.688388
25926	-833.5227	-1177.227	343.7041	1.15893	3.688388
25932	-832.9566	-1176.661	343.7041	1.15893	3.688388
25938	-837.7282	-1181.432	343.7041	1.15893	3.688388
25944	-824.2169	-1170.693	346.4765	1.768527	1.570478
25950	-838.444	-1182.148	343.7041	1.15893	3.688388
25956	-834.5318	-1178.236	343.7041	1.15893	3.688388
25962	-840.7722	-1187.153	346.3813	1.89735	1.545732
25968	-839.2488	-1185.349	346.1001	1.7906	1.821886
25974	-836.6555	-1180.36	343.7041	1.15893	3.688388
25980	-840.5207	-1187.003	346.4825	1.937767	1.43919
25986	-848.3829	-1194.938	346.5553	1.865019	1.43919
25992	-848.0088	-1193.69	345.6807	1.780146	2.110269
25998	-840.8224	-1187.277	346.4549	1.664467	1.661441
26004	-831.035	-1177.408	346.3733	1.805663	1.618574
26010	-836.0803	-1182.001	345.9202	1.753057	1.969591
26016	-845.6302	-1191.21	345.5801	1.411884	2.411389
26022	-848.8216	-1192.526	343.7041	1.15893	3.688388
26028	-849.1545	-1192.859	343.7041	1.15893	3.688388
26034	-847.6367	-1193.304	345.667	1.408499	2.3586
26040	-843.3094	-1187.013	343.7041	1.15893	3.688388
26046	-843.3783	-1187.082	343.7041	1.15893	3.688388
26052	-840.7904	-1184.494	343.7041	1.15893	3.688388
26058	-840.5148	-1184.219	343.7041	1.15893	3.688388
26064	-845.0398	-1189.584	344.5446	1.155942	3.198363
26070	-847.6105	-1191.315	343.7041	1.15893	3.688388
26076	-846.9541	-1190.658	343.7041	1.15893	3.688388
26082	-844.3509	-1188.055	343.7041	1.15893	3.688388
26088	-842.3269	-1186.031	343.7041	1.15893	3.688388
26094	-843.9043	-1187.608	343.7041	1.15893	3.688388
26100	-841.5784	-1185.282	343.7041	1.15893	3.688388
26106	-843.8526	-1187.557	343.7041	1.15893	3.688388
26112	-834.5916	-1178.296	343.7041	1.15893	3.688388
26118	-836.5477	-1180.252	343.7041	1.15893	3.688388
26124	-836.6271	-1180.331	343.7041	1.15893	3.688388
26130	-850.3709	-1195.006	344.6352	1.145112	3.151009
26136	-845.4489	-1190.508	345.0588	1.306604	2.799274
26142	-848.4214	-1194.285	345.8638	1.341253	2.275989
26148	-836.8334	-1181.952	345.1189	1.361204	2.729258
26154	-840.6233	-1184.327	343.7041	1.15893	3.688388
26160	-840.476	-1184.18	343.7041	1.15893	3.688388
26166	-837.7296	-1181.434	343.7041	1.15893	3.688388
26172	-836.7371	-1182.639	345.9016	1.673001	2.035345
26178	-839.0584	-1184.594	345.536	1.581751	2.331752
26184	-841.3067	-1185.011	343.7041	1.15893	3.688388
26190	-836.3583	-1180.062	343.7041	1.15893	3.688388
26196	-838.3051	-1182.009	343.7041	1.15893	3.688388
26202	-830.8406	-1174.545	343.7041	1.15893	3.688388
26208	-831.5722	-1175.276	343.7041	1.15893	3.688388
26214	-824.5876	-1168.292	343.7041	1.15893	3.688388
26220	-816.1151	-1160.447	344.3319	1.281105	3.25013
26226	-825.4088	-1171.045	345.6365	1.387017	2.391507
26232	-831.6282	-1176.945	345.3164	1.159078	2.732116
26238	-837.315	-1181.658	344.3429	1.152652	3.319434
26244	-838.3759	-1182.601	344.2254	1.107374	3.414988
26250	-843.389	-1188.369	344.9799	1.166583	2.931863
26256	-830.3913	-1175.669	345.2777	1.240382	2.706008
26262	-824.6568	-1169.341	344.6837	1.346238	3.001959
26268	-843.9048	-1187.538	343.6332	1.128005	3.747179
26274	-846.7448	-1190.442	343.6972	1.06405	3.747179
26280	-850.0982	-1193.92	343.8219	1.3292	3.521154
26286	-846.2083	-1190.18	343.9715	1.179541	3.521154
26292	-836.3864	-1180.92	344.534	1.27359	3.134795
26298	-838.5157	-1183.489	344.9736	1.386126	2.802744
26304	-848.82	-1194.318	345.4985	1.49245	2.412096
26310	-843.6446	-1189.109	345.4645	1.419894	2.479039
26316	-850.0961	-1196.131	346.0353	1.551731	2.027103
26322	-863.4106	-1208.678	345.2678	1.219392	2.724921
26328	-872.418	-1216.648	344.2301	1.299205	3.299525
26334	-851.2436	-1194.948	343.7041	1.15893	3.688388
26340	-848.3009	-1192.005	343.7041	1.15893	3.688388
26346	-838.7705	-1182.475	343.7041	1.15893	3.688388
26352	-837.0661	-1180.77	343.7041	1.15893	3.688388
26358	-846.8237	-1190.528	343.7041	1.15893	3.688388
26364	-830.4798	-1175.28	344.8004	1.347768	2.930864
26370	-846.4781	-1190.182	343.7041	1.15893	3.688388
26376	-848.7576	-1192.462	343.7041	1.15893	3.688388
26382	-844.5748	-1188.279	343.7041	1.15893	3.688388
26388	-831.3129	-1175.017	343.7041	1.15893	3.688388
26394	-830.416	-1174.12	343.7041	1.15893	3.688388
26400	-835.8654	-1179.57	343.7041	1.15893	3.688388
26406	-831.8554	-1175.56	343.7041	1.15893	3.688388
26412	-824.0992	-1167.803	343.7041	1.15893	3.688388
26418	-832.7397	-1176.444	343.7041	1.15893	3.688388
26424	-831.1846	-1174.889	343.7041	1.15893	3.688388
26430	-834.9966	-1178.701	343.7041	1.15893	3.688388
26436	-836.5813	-1180.285	343.7041	1.15893	3.688388
26442	-837.3904	-1181.095	343.7041	1.15893	3.688388
26448	-840.6245	-1184.329	343.7041	1.15893	3.688388
26454	-840.002	-1183.706	343.7041	1.15893	3.688388
26460	-839.5629	-1183.267	343.7041	1.15893	3.688388
26466	-837.879	-1181.583	343.7041	1.15893	3.688388
26472	-830.491	-1174.195	343.7041	1.15893	3.688388
26478	-834.0471	-1177.751	343.7041	1.15893	3.688388
26484	-828.7641	-1172.468	343.7041	1.15893	3.688388
26490	-832.7421	-1176.446	343.7041	1.15893	3.688388
26496	-832.1237	-1175.828	343.7041	1.15893	3.688388
26502	-835.5085	-1179.213	343.7041	1.15893	3.688388
26508	-834.8972	-1178.601	343.7041	1.15893	3.688388
26514	-840.0331	-1183.737	343.7041	1.15893	3.688388
26520	-838.404	-1182.108	343.7041	1.15893	3.688388
26526	-835.3757	-1179.08	343.7041	1.15893	3.688388
26532	-841.7595	-1185.464	343.7041	1.15893	3.688388
26538	-839.0085	-1182.713	343.7041	1.15893	3.688388
26544	-843.5399	-1187.244	343.7041	1.15893	3.688388
26550	-842.2938	-1185.998	343.7041	1.15893	3.688388
26556	-847.1102	-1190.814	343.7041	1.15893	3.688388
26562	-840.7115	-1184.416	343.7041	1.15893	3.688388
26568	-842.1741	-1185.878	343.7041	1.15893	3.688388
26574	-841.1814	-1184.885	343.7041	1.15893	3.688388
26580	-838.8886	-1182.593	343.7041	1.15893	3.688388
26586	-832.8314	-1176.536	343.7041	1.15893	3.688388
26592	-834.2762	-1177.98	343.7041	1.15893	3.688388
26598	-840.6908	-1184.395	343.7041	1.15893	3.688388
26604	-841.5557	-1185.26	343.7041	1.15893	3.688388
26610	-849.4496	-1193.154	343.7041	1.15893	3.688388
26616	-853.3519	-1197.056	343.7041	1.15893	3.688388
26622	-860.7406	-1204.445	343.7041	1.15893	3.688388
26628	-855.7207	-1199.425	343.7041	1.15893	3.688388
26634	-844.025	-1187.729	343.7041	1.15893	3.688388
26640	-826.9318	-1170.636	343.7041	1.15893	3.688388
26646	-829.0714	-1172.775	343.7041	1.15893	3.688388
26652	-847.0594	-1190.469	343.4091	1.135953	3.871588
26658	-842.8961	-1187.078	344.1818	1.090479	3.450395
26664	-855.2402	-1198.567	343.3263	1.207563	3.878019
26670	-836.5725	-1180.277	343.7041	1.15893	3.688388
26676	-841.7399	-1185.444	343.7041	1.15893	3.688388
26682	-832.8638	-1178.557	345.6929	1.715924	2.144286
26688	-821.2546	-1167.727	346.4719	1.700383	1.623432
26694	-839.2825	-1182.987	343.7041	1.15893	3.688388
26700	-835.8335	-1179.538	343.7041	1.15893	3.688388
26706	-836.8616	-1180.566	343.7041	1.15893	3.688388
26712	-810.7867	-1155.781	344.9944	1.386275	2.789957
26718	-840.2368	-1185.158	344.9212	1.395884	2.828668
26724	-835.8847	-1179.589	343.7041	1.15893	3.688388
26730	-842.4742	-1186.178	343.7041	1.15893	3.688388
26736	-842.5772	-1186.281	343.7041	1.15893	3.688388
26742	-845.5048	-1189.209	343.7041	1.15893	3.688388
26748	-840.2163	-1183.92	343.7041	1.15893	3.688388
26754	-837.4347	-1181.139	343.7041	1.15893	3.688388
26760	-843.6872	-1187.391	343.7041	1.15893	3.688388
26766	-836.8278	-1180.532	343.7041	1.15893	3.688388
26772	-829.4973	-1173.201	343.7041	1.15893	3.688388
26778	-829.9395	-1173.644	343.7041	1.15893	3.688388
26784	-834.7381	-1178.442	343.7041	1.15893	3.688388
26790	-838.5677	-1182.272	343.7041	1.15893	3.688388
26796	-838.7532	-1182.457	343.7041	1.15893	3.688388
26802	-839.413	-1183.117	343.7041	1.15893	3.688388
26808	-832.7263	-1176.43	343.7041	1.15893	3.688388
26814	-832.2015	-1175.906	343.7041	1.15893	3.688388
26820	-844.2471	-1187.051	342.8043	1.109145	4.231932
26826	-847.859	-1191.626	343.7671	1.007414	3.739507
26832	-843.5465	-1187.172	343.625	1.017619	3.815537
26838	-839.0169	-1182.642	343.625	1.017619	3.815537
26844	-833.7946	-1177.499	343.7041	1.15893	3.688388
26850	-830.3679	-1174.072	343.7041	1.15893	3.688388
26856	-837.1019	-1180.806	343.7041	1.15893	3.688388
26862	-840.0432	-1183.747	343.7041	1.15893	3.688388
26868	-837.9762	-1181.68	343.7041	1.15893	3.688388
26874	-835.715	-1179.835	344.1204	1.293127	3.36767
26880	-848.4836	-1192.188	343.7041	1.15893	3.688388
26886	-836.497	-1180.615	344.1184	1.225109	3.408737
26892	-839.6071	-1183.98	344.3732	1.367175	3.174723
26898	-824.5991	-1169.083	344.4843	1.504002	3.026946
26904	-830.1889	-1174.777	344.5883	1.487755	2.974262
26910	-856.3576	-1201.501	345.1433	1.287414	2.759487
26916	-848.6221	-1195.278	346.6556	1.670417	1.510526
26922	-842.9731	-1189.005	346.0317	1.507087	2.059054
26928	-850.3851	-1196.412	346.0269	1.689733	1.940446
26934	-859.9448	-1205.511	345.5665	1.412754	2.419415
26940	-847.5914	-1193.608	346.0168	1.498049	2.074794
26946	-850.8946	-1196.415	345.52	1.403996	2.454228
26952	-830.4019	-1175.026	344.6237	1.393096	3.009864
26958	-832.3645	-1177.082	344.7178	1.29898	3.009864
26964	-838.8572	-1185.091	346.2335	1.669992	1.81308
26970	-831.5089	-1178.223	346.7141	1.92759	1.263312
26976	-840.8978	-1187.26	346.3621	1.608924	1.766188
26982	-832.8131	-1178.055	345.2421	1.584847	2.514936
26988	-832.8999	-1178.118	345.2181	1.43532	2.622725
26994	-838.2742	-1182.59	344.3162	1.5293	3.112215
27000	-833.904	-1179.312	345.4079	1.50645	2.460281
27006	-834.7194	-1181.086	346.3665	1.459886	1.865995
27012	-815.5772	-1161.413	345.8361	1.656989	2.08914
27018	-832.5107	-1178.056	345.5452	1.54714	2.347893
27024	-843.5365	-1189.843	346.3065	1.629524	1.790528
27030	-839.3092	-1184.955	345.6455	1.566922	2.27125
27036	-848.3652	-1193.944	345.5784	1.344984	2.454608
27042	-845.8468	-1191.623	345.7766	1.464678	2.252719
27048	-838.823	-1185.141	346.3177	1.535023	1.848025
27054	-854.5856	-1200.996	346.4102	1.674495	1.686194
27060	-853.391	-1198.815	345.4237	1.350925	2.547573
27066	-852.5709	-1197.744	345.1736	1.325313	2.71777
27072	-841.8818	-1187.681	345.7994	1.452546	2.245879
27078	-846.0904	-1191.561	345.4711	1.374574	2.503293
27084	-848.6834	-1193.695	345.0116	1.514801	2.700897
27090	-847.8491	-1192.239	344.3895	1.36999	3.163369
27096	-826.206	-1170.911	344.7045	1.227767	3.06047
27102	-824.8775	-1170.359	345.4819	1.524339	2.402404
27108	-846.735	-1192.341	345.6057	1.400546	2.402404
27114	-846.8029	-1191.664	344.8611	1.462736	2.824571
27120	-830.2243	-1175.266	345.0421	1.399367	2.752882
27126	-838.3459	-1182.158	343.8117	1.075932	3.674165
27132	-831.4903	-1175.477	343.9866	1.421735	3.370711
27138	-835.8078	-1179.935	344.1274	1.305566	3.356232
27144	-841.6815	-1185.435	343.7533	1.232051	3.617516
27150	-842.3077	-1186.061	343.7533	1.232051	3.617516
27156	-841.0662	-1184.82	343.7533	1.232051	3.617516
27162	-845.4455	-1190.257	344.8116	1.253281	2.980984
27168	-857.4168	-1202.489	345.0722	1.449249	2.703938
27174	-833.5731	-1178.558	344.9848	1.375217	2.802546
27180	-815.4903	-1161.272	345.7816	1.409062	2.285223
27186	-840.0089	-1186.383	346.3746	1.713411	1.683844
27192	-849.899	-1196.228	346.3287	1.660379	1.75359
27198	-830.4994	-1176.618	346.1184	1.422781	2.057464
27204	-833.2282	-1179.566	346.3375	1.613554	1.780146
27210	-838.6572	-1184.434	345.777	1.706832	2.095224
27216	-833.5197	-1179.908	346.3881	1.557616	1.783809
27222	-833.3423	-1179.336	345.9941	1.382019	2.165588
27228	-825.9873	-1171.821	345.8339	1.684125	2.07273
27234	-829.6232	-1175.663	346.0395	1.695731	1.927899
27240	-839.362	-1184.933	345.5712	1.498801	2.362082
27246	-837.4419	-1181.752	344.3106	1.332716	3.232247
27252	-835.3755	-1178.798	343.4222	1.114441	3.876447
27258	-832.7968	-1177.238	344.4415	1.040626	3.327338
27264	-829.0056	-1172.921	343.915	1.024388	3.644199
27270	-826.8372	-1170.857	344.0202	1.168361	3.499322
27276	-835.7105	-1180.652	344.9417	1.150949	2.96429
27282	-834.3677	-1178.735	344.3669	1.163207	3.299068
27288	-832.1326	-1175.5	343.3671	1.110434	3.910359
27294	-827.7915	-1172.685	344.8933	1.166731	2.983929
27300	-823.2251	-1167.403	344.1778	1.278115	3.34272
27306	-825.4325	-1169.721	344.289	1.166918	3.34272
27312	-824.933	-1168.909	343.9761	1.479896	3.34272
27318	-820.1502	-1165.887	345.7371	1.619152	2.178502
27324	-833.9692	-1179.466	345.4964	1.432869	2.450883
27330	-830.6851	-1176.637	345.9521	1.71822	1.971551
27336	-827.1742	-1173.077	345.9028	1.726156	1.999175
27342	-823.5434	-1169.852	346.3084	1.482541	1.890142
27348	-823.6588	-1168.797	345.1381	1.476576	2.646605
27354	-823.3827	-1168.577	345.1947	1.419988	2.646605
27360	-836.7665	-1181.834	345.0674	1.469264	2.694622
27366	-836.2154	-1181.257	345.0418	1.3878	2.760137
27372	-858.8898	-1203.398	344.5081	1.067503	3.272267
27378	-845.597	-1189.848	344.2513	1.162933	3.367248
27384	-843.4779	-1189.626	346.1485	1.686884	1.85984
27390	-832.2672	-1178.009	345.7422	1.563692	2.211097
27396	-835.0893	-1181.777	346.6876	1.647618	1.50366
27402	-843.7749	-1189.411	345.6361	1.239401	2.484629
27408	-841.0505	-1187.152	346.1012	1.397514	2.085437
27414	-837.2922	-1182.17	344.8776	1.281139	2.924479
27420	-842.8508	-1188.996	346.1448	1.415111	2.045072
27426	-847.7172	-1193.233	345.5158	1.26907	2.541187
27432	-827.9128	-1172.753	344.8399	1.261813	2.958869
27438	-833.2929	-1177.409	344.1163	1.225872	3.40952
27444	-820.5291	-1164.31	343.7814	1.030562	3.71793
27450	-840.526	-1186.793	346.2667	1.602982	1.836373
27456	-837.5189	-1183.292	345.773	1.377777	2.310677
27462	-838.2911	-1183.89	345.5988	1.585855	2.289059
27468	-840.8315	-1185.591	344.7599	1.481055	2.874798
27474	-841.9317	-1187.348	345.4165	1.478094	2.472678
27480	-834.0091	-1178.312	344.3027	1.142119	3.349272
27486	-834.5986	-1179.097	344.4984	1.067967	3.277717
27492	-842.1646	-1187.886	345.7218	1.188416	2.462869
27498	-836.6706	-1180.857	344.1861	1.051287	3.47081
27504	-844.5456	-1188.51	343.9646	1.2808	3.466124
27510	-835.6488	-1181.112	345.4636	1.391977	2.497102
27516	-841.3463	-1186.655	345.3085	1.290145	2.656453
27522	-828.3308	-1174.333	346.0024	1.528685	2.06413
27528	-835.6039	-1180.66	345.0561	1.174317	2.88121
27534	-829.5155	-1175.66	346.1444	1.280627	2.133704
27540	-840.5152	-1186.605	346.0897	1.591302	1.964406
27546	-826.1611	-1172.406	346.2451	1.471104	1.940712
27552	-834.9946	-1180.496	345.5017	1.34727	2.501223
27558	-844.3347	-1190.418	346.0833	1.368467	2.116227
27564	-829.1902	-1174.926	345.7359	1.576317	2.207037
27570	-850.4494	-1197.078	346.6288	1.630945	1.559639
27576	-854.0276	-1200.945	346.9179	1.791142	1.206752
27582	-813.1548	-1158.223	345.068	1.316345	2.787764
27588	-816.9453	-1162.469	345.5233	1.602044	2.326917
27594	-814.074	-1159.818	345.744	1.584571	2.196406
27600	-825.0789	-1169.988	344.9086	1.512921	2.765093
27606	-827.8357	-1173.864	346.028	1.495865	2.068861
27612	-841.0738	-1187.149	346.0748	1.520999	2.021252
27618	-836.5396	-1182.614	346.0745	1.471894	2.053992
27624	-835.893	-1181.792	345.8992	1.626007	2.067983
27630	-838.3672	-1184.271	345.9041	1.354832	2.241399
27636	-833.164	-1179.08	345.9159	1.358293	2.231539
27642	-843.7758	-1189.873	346.0974	1.514627	2.010484
27648	-839.7087	-1184.679	344.9701	1.335494	2.835623
27654	-863.8968	-1209.48	345.5832	1.565127	2.312227
27660	-850.2352	-1192.735	342.4999	1.202217	4.351516
27666	-847.0904	-1192.267	345.1766	1.364643	2.691797
27672	-834.9099	-1180.267	345.3569	1.24675	2.65337
27678	-837.5371	-1183.049	345.5122	1.368372	2.481457
27684	-839.448	-1185.192	345.744	1.383827	2.325303
27690	-834.7743	-1179.895	345.1209	1.363248	2.726809
27696	-830.3693	-1174.833	344.4635	1.087721	3.286615
27702	-845.7914	-1191.006	345.2146	1.426337	2.630431
27708	-857.2631	-1202.568	345.3054	1.45644	2.555493
27714	-829.5008	-1174.962	345.4615	1.411548	2.486157
27720	-831.0014	-1175.506	344.5049	1.176929	3.209466
27726	-834.0935	-1178.85	344.7568	1.16908	3.064257
27732	-823.3825	-1168.58	345.197	1.430591	2.638611
27738	-824.9012	-1170.763	345.8615	1.489852	2.181648
27744	-820.4882	-1166.84	346.3521	1.666364	1.732974
27750	-822.2346	-1167.266	345.0316	1.319374	2.808069
27756	-833.4177	-1179.392	345.9739	1.263851	2.254977
27762	-833.0585	-1178.989	345.9305	1.484063	2.140544
27768	-842.6239	-1189.052	346.4281	1.573847	1.744598
27774	-832.943	-1178.071	345.1276	1.592574	2.581374
27780	-843.4368	-1189.025	345.588	1.463152	2.374003
27786	-854.0779	-1198.564	344.4858	1.477942	3.041629
27792	-855.3469	-1200.778	345.4315	1.253544	2.60315
27798	-839.7053	-1185.475	345.7699	1.58205	2.181262
27804	-852.5867	-1196.391	343.8043	1.277518	3.561494
27810	-844.0339	-1188.379	344.3452	1.238523	3.267425
27816	-849.9619	-1192.984	343.0225	1.154702	4.082005
27822	-836.2818	-1180.627	344.3449	1.275444	3.245841
27828	-833.8999	-1176.881	342.9808	0.9671879	4.2123
27834	-845.2714	-1188.166	342.8944	1.050098	4.214288
27840	-833.4465	-1178.601	345.1544	1.220692	2.793369
27846	-834.327	-1180.052	345.7246	1.303809	2.388383
27852	-826.0659	-1171.795	345.7287	1.373724	2.341475
27858	-849.4339	-1195.327	345.8927	1.574908	2.105887
27864	-853.1164	-1199.763	346.6462	1.890965	1.34805
27870	-839.544	-1186.153	346.6089	1.928305	1.34805
27876	-845.1727	-1191.371	346.1986	1.82451	1.729709
27882	-851.4849	-1198.366	346.8813	1.854786	1.183513
27888	-849.2115	-1194.951	345.7394	1.819417	2.04577
27894	-839.8731	-1183.427	343.5535	1.134398	3.789471
27900	-830.3047	-1175.853	345.5481	1.349538	2.47075
27906	-847.8736	-1193.352	345.4781	1.535743	2.397638
27912	-828.4679	-1174.236	345.7677	1.441513	2.273338
27918	-833.0359	-1177.723	344.6867	1.324368	3.013309
27924	-843.3771	-1186.497	343.1199	1.165456	4.020333
27930	-840.3487	-1184.717	344.3685	1.300215	3.217192
27936	-841.3099	-1186.931	345.6213	1.346242	2.426811
27942	-835.0188	-1180.5	345.4813	1.539228	2.393419
27948	-846.1944	-1192.095	345.9005	1.544276	2.120841
27954	-850.327	-1195.912	345.5846	1.51063	2.346032
27960	-857.0012	-1201.742	344.7405	1.2183	3.044569
27966	-848.6579	-1192.93	344.2721	1.328364	3.257574
27972	-836.3255	-1182.78	346.4543	1.351261	1.880222
27978	-846.893	-1192.911	346.0177	1.787828	1.880222
27984	-840.2599	-1185.044	344.7844	1.306973	2.965062
27990	-846.7042	-1192.013	345.3083	1.518407	2.515114
27996	-848.6999	-1194.755	346.0556	1.779569	1.860037
28002	-853.7439	-1199.546	345.802	1.570809	2.167751
28008	-859.2402	-1206.053	346.8128	1.743912	1.332438
28014	-840.7249	-1186.654	345.9286	1.503944	2.12879
28020	-847.4747	-1193.219	345.7444	1.40027	2.314578
28026	-863.0602	-1209.097	346.0363	1.51535	2.050497
28032	-859.1845	-1204.858	345.674	1.51535	2.286063
28038	-866.8737	-1211.903	345.0288	1.383578	2.770655
28044	-853.7483	-1199.591	345.8432	1.609802	2.115411
28050	-853.1354	-1197.606	344.4707	1.352148	3.125688
28056	-867.1381	-1212.762	345.6243	1.649426	2.231857
28062	-851.9233	-1197.68	345.7568	1.516904	2.231857
28068	-846.1656	-1191.683	345.517	1.174407	2.599179
28074	-848.3523	-1191.349	342.9969	1.011924	4.177801
28080	-848.2087	-1191.533	343.3246	1.240109	3.860298
28086	-848.2421	-1193.962	345.7198	1.44553	2.301405
28092	-839.8009	-1185.193	345.3916	1.055504	2.749453
28098	-836.0807	-1181.137	345.056	1.274586	2.820473
28104	-837.4595	-1181.734	344.275	1.068655	3.408654
28110	-855.0705	-1200.495	345.4242	1.28165	2.590269
28116	-849.9101	-1193.695	343.7851	1.033996	3.713798
28122	-834.0659	-1178.683	344.617	1.240604	3.105019
28128	-835.4314	-1180.564	345.1329	1.192136	2.823816
28134	-840.4849	-1185.893	345.4076	1.553216	2.431072
28140	-856.2735	-1199.504	343.2302	1.155864	3.962754
28146	-860.9902	-1203.802	342.8113	1.051179	4.260802
28152	-848.4598	-1193.707	345.2476	1.37948	2.638984
28158	-854.3799	-1199.231	344.8511	1.449417	2.838711
28164	-855.5063	-1201.924	346.418	1.547247	1.770252
28170	-858.6927	-1205.231	346.5385	1.766088	1.526489
28176	-859.3346	-1206.188	346.8538	1.786932	1.264102
28182	-835.7154	-1181.306	345.5911	1.284434	2.484586
28188	-851.3188	-1194.281	342.962	1.406446	3.972831
28194	-838.6524	-1182.202	343.5492	1.074883	3.82621
28200	-839.046	-1183.146	344.0998	1.170833	3.451384
28206	-834.0271	-1177.83	343.8031	1.161776	3.629406
28212	-840.5545	-1185.238	344.6833	1.161776	3.112494
28218	-835.9277	-1179.692	343.7641	1.127786	3.671664
28224	-842.1801	-1185.284	343.1044	1.088743	4.072934
28230	-837.8314	-1181.894	344.0626	1.150813	3.484808
28236	-834.9112	-1177.13	342.2193	1.187033	4.518211
28242	-832.9991	-1179.372	346.373	1.529627	1.813634
28248	-840.6028	-1186.695	346.0918	1.665777	1.912787
28254	-854.627	-1198.426	343.799	1.176947	3.622976
28260	-823.0781	-1169.015	345.9369	1.705715	1.990081
28266	-831.7755	-1178.416	346.6405	1.925941	1.324627
28272	-840.9835	-1187.367	346.3831	1.784897	1.626558
28278	-840.6745	-1187.135	346.4608	1.543645	1.74282
28284	-852.4545	-1197.799	345.3447	1.435123	2.544328
28290	-844.1593	-1189.178	345.0185	1.37082	2.784712
28296	-849.4868	-1194.472	344.9849	1.404392	2.784712
28302	-854.6271	-1199.069	344.4414	1.180855	3.244672
28308	-863.7966	-1208.074	344.2772	1.345105	3.244672
28314	-869.6867	-1211.962	342.2757	1.087797	4.542258
28320	-854.7	-1199.04	344.3398	1.295858	3.236756
28326	-839.4536	-1182.553	343.0994	1.054385	4.095339
28332	-842.9236	-1186.03	343.1064	1.047356	4.095339
28338	-854.5991	-1199.073	344.4738	1.24187	3.189409
28344	-851.9491	-1195.674	343.7248	1.293426	3.598463
28350	-821.0871	-1166.424	345.3373	1.216584	2.684004
28356	-824.1126	-1168.623	344.5108	1.270733	3.150255
28362	-838.6061	-1184.041	345.4354	1.466778	2.467924
28368	-828.6563	-1173.611	344.9548	1.494577	2.748074
28374	-842.3858	-1187.538	345.1521	1.297257	2.748074
28380	-837.4391	-1183.56	346.1211	1.735582	1.8453
28386	-837.5732	-1182.702	345.1292	1.460111	2.66221
28392	-836.5801	-1181.836	345.2557	1.362814	2.644209
28398	-841.1316	-1187.489	346.3573	1.544501	1.814266
28404	-839.5084	-1185.087	345.579	1.544501	2.328051
28410	-844.6215	-1190.374	345.753	1.567807	2.201477
28416	-843.6971	-1189.248	345.5512	1.449644	2.405849
28422	-838.0029	-1183.731	345.7276	1.273176	2.405849
28428	-834.7195	-1180.633	345.913	1.465111	2.164298
28434	-839.5327	-1185.813	346.2807	1.550224	1.862936
28440	-847.2665	-1190.774	343.5073	0.8968626	3.952403
28446	-854.3978	-1197.591	343.1933	1.210841	3.952403
28452	-830.4239	-1175.962	345.5378	1.416583	2.435121
28458	-836.1338	-1181.449	345.3151	1.329462	2.628185
28464	-829.3105	-1174.401	345.0901	1.329462	2.766286
28470	-840.3146	-1184.924	344.6091	1.329462	3.056662
28476	-826.5454	-1170.901	344.3553	1.305025	3.222177
28482	-832.8128	-1177.908	345.0953	1.496818	2.660498
28488	-824.5785	-1170.156	345.5777	1.321126	2.47003
28494	-831.6388	-1177.093	345.4541	1.321126	2.547204
28500	-831.2567	-1177.653	346.3961	1.506123	1.813957
28506	-834.8888	-1180.869	345.9801	1.477303	2.112575
28512	-847.1286	-1193.637	346.5083	1.409378	1.803281
28518	-838.4407	-1182.865	344.4242	1.225539	3.228444
28524	-835.9307	-1180.826	344.8958	1.264717	2.923449
28530	-836.3538	-1181.377	345.0233	1.385681	2.772714
28536	-840.0992	-1185.91	345.8111	1.445876	2.242634
28542	-838.464	-1183.91	345.4459	1.429896	2.484434
28548	-848.1337	-1190.59	342.4566	1.031305	4.472293
28554	-848.3159	-1193.881	345.565	1.410486	2.421831
28560	-862.3958	-1206.149	343.7528	1.140321	3.670997
28566	-844.7853	-1188.96	344.1744	1.308355	3.32696
28572	-834.4081	-1178.724	344.3155	1.274614	3.263657
28578	-840.8979	-1185.492	344.5939	1.264746	3.104363
28584	-848.6311	-1194.946	346.315	1.576593	1.821308
28590	-830.3388	-1175.73	345.3915	1.371377	2.554888
28596	-833.0111	-1178.607	345.5955	1.462565	2.369663
28602	-840.8963	-1186.219	345.3223	1.276203	2.656551
28608	-848.3068	-1193.438	345.1317	1.15857	2.844964
28614	-850.7772	-1196.277	345.4994	1.402858	2.467871
28620	-829.8528	-1175.253	345.4004	1.466371	2.490103
28626	-832.55	-1177.716	345.1657	1.26252	2.760961
28632	-832.9353	-1177.042	344.1071	1.172437	3.446181
28638	-832.3174	-1176.127	343.8098	1.071912	3.677594
28644	-842.0816	-1185.867	343.7853	1.393831	3.50483
28650	-835.1637	-1178.339	343.1748	1.228027	3.95314
28656	-850.3599	-1194.61	344.2503	1.22241	3.332871
28662	-839.1733	-1182.705	343.5322	1.095177	3.824292
28668	-835.7187	-1179.211	343.4928	1.312929	3.721512
28674	-827.1838	-1172.707	345.5232	1.287405	2.525167
28680	-837.8268	-1182.138	344.3116	1.398234	3.19285
28686	-822.0926	-1167.827	345.7343	1.514712	2.24775
28692	-834.036	-1179.041	345.0049	1.27014	2.85419
28698	-836.8064	-1182.802	345.9958	1.668645	1.97551
28704	-843.3844	-1189.279	345.8949	1.361017	2.243313
28710	-845.641	-1191.084	345.4435	1.491012	2.447621
28716	-846.2089	-1190.672	344.4627	1.335885	3.140168
28722	-860.7804	-1206.344	345.5641	1.284888	2.501178
28728	-854.8637	-1199.889	345.025	1.355755	2.789922
28734	-842.0826	-1187.835	345.7526	1.405662	2.305894
28740	-837.2943	-1181.867	344.5727	1.313319	3.088052
28746	-852.3207	-1198.121	345.7999	1.437347	2.255297
28752	-850.8641	-1197.491	346.6265	1.486466	1.66603
28758	-836.484	-1183.12	346.6355	1.715212	1.491983
28764	-857.3145	-1202.164	344.8499	1.486497	2.816936
28770	-842.1741	-1189.058	346.8835	1.928758	1.116059
28776	-843.5797	-1190.325	346.7456	1.928758	1.236092
28782	-834.6033	-1181.301	346.6982	1.931087	1.273599
28788	-838.085	-1184.539	346.454	1.589135	1.715641
28794	-829.1809	-1175.514	346.333	1.710112	1.715641
28800	-818.7941	-1165.033	346.2385	1.520064	1.912126
28806	-821.0829	-1166.789	345.706	1.565342	2.233368
28812	-823.7965	-1168.956	345.1598	1.331704	2.722262
28818	-839.2668	-1184.054	344.7875	1.208962	3.022043
28824	-835.1481	-1181.182	346.0339	1.464084	2.085889
28830	-838.2948	-1184.214	345.919	1.464084	2.161071
28836	-847.6907	-1192.731	345.0404	1.417039	2.743149
28842	-852.3068	-1198.233	345.9258	1.564963	2.090647
28848	-845.4916	-1192.034	346.5425	1.689515	1.580019
28854	-831.2129	-1177.312	346.0992	1.659936	1.911719
28860	-827.0729	-1171.855	344.7818	1.143302	3.064717
28866	-819.7763	-1164.289	344.5122	1.276945	3.145741
28872	-827.064	-1171.199	344.1351	1.189318	3.419881
28878	-830.3548	-1175.355	344.9999	0.9907204	3.025539
28884	-822.3084	-1167.937	345.629	1.563675	2.283939
28890	-808.8276	-1152.461	343.6333	1.171259	3.72218
28896	-827.8477	-1171.517	343.6694	1.135133	3.72218
28902	-823.8377	-1167.519	343.681	1.12356	3.72218
28908	-825.3363	-1169.488	344.1521	1.230632	3.385707
28914	-830.1459	-1174.74	344.5944	1.384858	3.032338
28920	-837.349	-1181.701	344.3519	1.224705	3.271659
28926	-844.3041	-1189.768	345.4643	1.299299	2.554404
28932	-844.847	-1190.307	345.4605	1.499987	2.431291
28938	-845.4027	-1190.893	345.4906	1.469826	2.431291
28944	-837.1538	-1182.747	345.5933	1.396261	2.412949
28950	-836.7536	-1182.334	345.5803	1.453085	2.385267
28956	-844.312	-1190.173	345.8605	1.58355	2.121276
28962	-855.8222	-1201.093	345.2706	1.465383	2.571601
28968	-841.3821	-1187.555	346.1732	1.596288	1.904743
28974	-832.4871	-1179.233	346.7464	1.600945	1.494569
28980	-838.1509	-1184.571	346.42	2.018451	1.425237
28986	-825.4678	-1172.22	346.7518	2.051506	1.124132
28992	-831.4587	-1178.31	346.8516	2.022388	1.058924
28998	-846.3353	-1193.199	346.8637	1.886974	1.170823
29004	-830.4528	-1177.146	346.693	1.886974	1.313735
29010	-818.7108	-1164.752	346.0412	1.505816	2.053597
29016	-827.5729	-1173.227	345.6537	1.378414	2.386047
29022	-832.5578	-1178.866	346.3085	1.486535	1.887359
29028	-837.2255	-1183.467	346.2416	1.55348	1.887359
29034	-835.8023	-1182.155	346.3527	1.697578	1.710581
29040	-839.7267	-1185.159	345.4323	1.388423	2.518828
29046	-837.6472	-1181.311	343.6639	1.204541	3.68523
29052	-842.4897	-1188.005	345.5157	1.415449	2.449742
29058	-847.571	-1193.522	345.9509	1.378357	2.196002
29064	-830.0633	-1174.758	344.6951	1.257409	3.04835
29070	-821.8396	-1166.987	345.1477	1.439313	2.663629
29076	-831.0331	-1176.452	345.4192	1.485617	2.46625
29082	-836.9271	-1181.1	344.1729	1.223502	3.377718
29088	-845.1887	-1189.066	343.8774	1.364609	3.468123
29094	-843.3043	-1188.11	344.8057	1.452506	2.864356
29100	-828.4144	-1174.432	346.018	1.422244	2.12377
29106	-834.5317	-1179.903	345.3712	1.519883	2.474865
29112	-840.6858	-1183.989	343.3032	1.251998	3.865768
29118	-853.9889	-1200.007	346.0183	1.543284	2.043928
29124	-843.1284	-1189.164	346.0353	1.794608	1.863621
29130	-842.5995	-1189.193	346.5934	1.949641	1.343393
29136	-847.1136	-1193.286	346.1721	1.847752	1.732025
29142	-850.4368	-1193.796	343.3591	0.9267972	4.019999
29148	-850.6763	-1193.567	342.8906	1.079803	4.199579
29154	-859.9562	-1204.126	344.1703	1.133991	3.431704
29160	-852.2235	-1198.277	346.0535	1.580288	1.996005
29166	-852.5299	-1198.941	346.4114	1.580288	1.751805
29172	-842.3312	-1185.504	343.1729	1.176004	3.984023
29178	-836.1473	-1179.315	343.168	1.145069	4.004478
29184	-842.3664	-1186.816	344.4495	1.413263	3.10196
29190	-835.4204	-1177.013	341.5927	0.8545236	5.053757
29196	-854.1977	-1197.607	343.4093	1.030273	3.932088
29202	-844.6258	-1190.9	346.274	1.553607	1.865164
29208	-852.7055	-1198.926	346.221	1.621499	1.855016
29214	-841.1787	-1185.859	344.6801	1.445366	2.944556
29220	-844.1324	-1190.068	345.9358	1.419004	2.179416
29226	-841.7006	-1187.07	345.3694	1.413016	2.542737
29232	-844.6147	-1190.922	346.307	1.462321	1.904813
29238	-855.264	-1200.789	345.5246	1.461366	2.41522
29244	-841.5379	-1186.607	345.0695	1.273882	2.812671
29250	-840.4561	-1186.134	345.6776	1.543142	2.265913
29256	-840.1524	-1184.987	344.8341	1.304964	2.936329
29262	-836.0577	-1181.551	345.4928	1.621151	2.334152
29268	-842.5741	-1188.499	345.925	1.37748	2.213291
29274	-832.9795	-1179.262	346.2823	1.450521	1.929504
29280	-830.5475	-1176.907	346.3594	1.604416	1.771233
29286	-835.4121	-1181.11	345.698	1.583038	2.227136
29292	-834.5112	-1180.856	346.345	1.58601	1.794025
29298	-842.3125	-1189.014	346.701	1.651851	1.490374
29304	-854.0617	-1198.603	344.5417	1.351885	3.083529
29310	-842.7312	-1187.136	344.4051	1.488488	3.083529
29316	-831.6133	-1176.499	344.8855	1.109633	3.022843
29322	-837.4862	-1182.962	345.4755	1.322023	2.533335
29328	-848.8387	-1193.541	344.702	1.198116	3.079643
29334	-845.5956	-1190.048	344.4521	1.393831	3.11195
29340	-836.7061	-1180.859	344.1528	1.300224	3.344447
29346	-819.3885	-1165.252	345.8639	1.460703	2.199033
29352	-822.7464	-1166.835	344.0882	1.366442	3.343495
29358	-825.4391	-1168.192	342.753	1.053444	4.29254
29364	-818.2799	-1162.199	343.919	0.9064727	3.710108
29370	-816.8354	-1161.347	344.5114	1.248518	3.163111
29376	-818.1543	-1163.325	345.1711	1.239481	2.771732
29382	-822.0592	-1168.314	346.2543	1.589377	1.854186
29388	-821.2421	-1166.835	345.5928	1.484426	2.357507
29394	-815.5165	-1161.975	346.4583	1.585317	1.715272
29400	-849.1686	-1194.484	345.3154	1.563718	2.482324
29406	-843.5128	-1188.877	345.3647	1.516752	2.480878
29412	-848.1835	-1194.779	346.5956	1.632911	1.582581
29418	-838.6061	-1185.219	346.6132	1.824823	1.425555
29424	-854.8164	-1199.38	344.5634	1.395565	3.044495
29430	-837.3012	-1182.862	345.5606	1.609293	2.298514
29436	-842.1403	-1187.947	345.8064	1.515462	2.20081
29442	-835.5239	-1181.388	345.8641	1.457739	2.20081
29448	-835.061	-1180.976	345.915	1.406807	2.20081
29454	-832.5492	-1177.333	344.7837	1.266431	2.989846
29460	-831.8646	-1177.73	345.8654	1.300934	2.300734
29466	-846.7349	-1191.838	345.1026	1.265663	2.797555
29472	-831.4242	-1175.405	343.9804	1.253007	3.473128
29478	-834.3705	-1179.289	344.9181	1.282795	2.899018
29484	-853.3254	-1199.119	345.7932	1.557841	2.181897
29490	-830.7319	-1174.519	343.7872	0.9925299	3.736519
29496	-829.3553	-1172.856	343.5009	1.278867	3.736519
29502	-837.4818	-1181.221	343.7389	1.040811	3.736519
29508	-838.2691	-1182.845	344.5761	1.007156	3.267723
29514	-845.2567	-1190.905	345.6482	1.363944	2.398685
29520	-833.2988	-1178.997	345.6983	1.5203	2.267285
29526	-841.1362	-1187.022	345.8858	1.368474	2.244383
29532	-867.958	-1211.335	343.3772	0.8420097	4.058069
29538	-864.4183	-1207.693	343.2747	0.8737113	4.098381
29544	-844.2373	-1187.942	343.7051	0.9135219	3.82932
29550	-838.279	-1182.476	344.1972	1.108186	3.431067
29556	-837.6756	-1181.029	343.3533	0.9975959	3.982882
29562	-845.3282	-1188.991	343.6631	0.8859887	3.869306
29568	-837.8171	-1182.419	344.6016	0.9918746	3.261693
29574	-828.8733	-1172.893	344.0196	1.020896	3.585478
29580	-836.7717	-1181.597	344.8251	1.363005	2.906795
29586	-829.9681	-1174.825	344.8573	1.238667	2.962319
29592	-824.9845	-1170.101	345.1166	1.183804	2.83879
29598	-839.035	-1184.247	345.2121	1.209502	2.765001
29604	-834.0393	-1179.476	345.4363	1.507905	2.441482
29610	-831.5081	-1177.194	345.686	1.403034	2.350003
29616	-835.5438	-1180.823	345.279	1.547892	2.514976
29622	-827.627	-1173.435	345.8078	1.396408	2.276557
29628	-826.0194	-1170.516	344.4967	1.138799	3.236831
29634	-845.8154	-1188.693	342.8778	0.9801434	4.263369
29640	-844.9215	-1191.039	346.1174	1.580452	1.953105
29646	-851.6532	-1195.813	344.1601	1.010689	3.509687
29652	-834.3702	-1176.592	342.222	0.8173339	4.72398
29658	-822.3515	-1165.783	343.4314	1.166423	3.84127
29664	-828.8458	-1172.502	343.6561	1.013269	3.80014
29670	-829.5678	-1173.516	343.9487	1.009048	3.633548
29676	-823.6001	-1167.471	343.8706	1.052903	3.653397
29682	-818.695	-1162.962	344.2666	1.299733	3.277716
29688	-834.3335	-1180.487	346.1536	1.534974	1.959345
29694	-839.6343	-1186.04	346.4057	1.857207	1.557354
29700	-843.8965	-1190.276	346.3794	1.854814	1.578411
29706	-838.98	-1185.651	346.6708	1.88414	1.333906
29712	-832.7685	-1179.021	346.2523	1.682106	1.791702
29718	-827.28	-1173.01	345.7297	1.582845	2.206819
29724	-835.7411	-1181.763	346.0223	1.48957	2.076754
29730	-861.5244	-1207.927	346.4029	1.467827	1.835628
29736	-844.5137	-1188.722	344.2083	1.045591	3.461185
29742	-816.7262	-1162.606	345.8797	1.493277	2.167665
29748	-820.0429	-1165.867	345.8239	1.474667	2.215806
29754	-829.6399	-1175.234	345.594	1.515003	2.337298
29760	-818.8457	-1165.04	346.1943	1.597198	1.889785
29766	-827.3648	-1173.264	345.8995	1.707434	2.013833
29772	-827.2009	-1173.902	346.7008	1.707434	1.448449
29778	-828.6346	-1174.821	346.1867	1.496856	1.962682
29784	-826.4093	-1172.53	346.121	1.462325	2.029547
29790	-826.4929	-1172.517	346.024	1.578823	2.016586
29796	-839.4115	-1183.912	344.501	1.290694	3.14427
29802	-838.4786	-1183.76	345.2814	1.298241	2.66821
29808	-833.2571	-1177.805	344.5476	1.266868	3.13072
29814	-832.959	-1174.941	341.9821	1.162885	4.664821
29820	-843.9843	-1187.208	343.2233	0.9400482	4.089891
29826	-839.2521	-1182.37	343.1181	1.045226	4.089891
29832	-845.4648	-1189.924	344.4591	1.119544	3.27043
29838	-848.7245	-1192.755	344.0307	1.327142	3.40029
29844	-841.2439	-1186.022	344.7785	1.347814	2.944062
29850	-859.422	-1204.321	344.8991	1.209076	2.954982
29856	-856.7231	-1200.366	343.6433	1.201715	3.698817
29862	-829.5366	-1174.982	345.4453	1.540166	2.41552
29868	-830.1462	-1175.613	345.4669	1.507721	2.422377
29874	-821.923	-1167.084	345.1614	1.396235	2.681701
29880	-828.3383	-1172.29	343.952	1.350111	3.432974
29886	-817.7436	-1162.663	344.919	1.138916	2.985146
29892	-848.3244	-1191.158	342.8336	1.075678	4.234288
29898	-853.7652	-1196.625	342.8595	1.10667	4.202026
29904	-861.7887	-1201.994	340.2057	0.9208383	5.78136
29910	-856.6662	-1198.229	341.5626	0.9243392	5.031739
29916	-843.5495	-1186.281	342.731	1.255249	4.19058
29922	-833.5706	-1178.363	344.7926	1.194126	3.02786
29928	-830.0907	-1176.38	346.2898	1.495251	1.89419
29934	-834.8226	-1180.919	346.0968	1.538715	1.994816
29940	-834.2803	-1180.2	345.9197	1.593707	2.075733
29946	-838.5185	-1183.567	345.0485	1.405227	2.745422
29952	-835.0842	-1178.863	343.7786	1.153678	3.648309
29958	-836.8786	-1181.255	344.3761	1.124524	3.316422
29964	-841.5776	-1183.829	342.2511	0.9334853	4.642666
29970	-838.7436	-1183.294	344.5505	1.437216	3.027263
29976	-824.765	-1169.65	344.8849	1.379507	2.860648
29982	-825.7799	-1169.953	344.1733	1.397979	3.274784
29988	-832.0056	-1177.372	345.3661	1.259991	2.639595
29994	-837.0692	-1182.474	345.4051	1.442782	2.501868
30000	-835.5296	-1178.679	343.1497	1.111465	4.034133
30006	-831.605	-1174.917	343.3115	1.02322	3.992128
30012	-827.4602	-1171.758	344.2974	1.096852	3.378937
30018	-833.5833	-1179.437	345.8532	1.433349	2.223602
30024	-843.791	-1189.683	345.8921	1.46395	2.178652
30030	-839.462	-1185.61	346.1481	1.609454	1.912818
30036	-834.4636	-1180.416	345.9523	1.600853	2.049502
30042	-828.4106	-1173.436	345.0257	1.456588	2.72794
30048	-832.5107	-1175.801	343.2907	1.318752	3.834618
30054	-824.364	-1170.053	345.6887	1.394529	2.353709
30060	-833.5438	-1178.816	345.2722	1.445575	2.582873
30066	-833.7596	-1178.506	344.7464	1.535642	2.849934
30072	-858.3133	-1202.599	344.2855	1.235744	3.304293
30078	-859.4668	-1204.872	345.4052	1.385084	2.537826
30084	-835.0542	-1180.973	345.9188	1.511783	2.130118
30090	-824.838	-1170.59	345.7521	1.513008	2.237378
30096	-828.2557	-1173.993	345.7372	1.452929	2.285539
30102	-830.5088	-1176.209	345.7003	1.544703	2.25034
30108	-829.8235	-1175.487	345.6634	1.539479	2.277403
30114	-831.5095	-1176.142	344.6323	1.250709	3.089863
30120	-833.5016	-1179.978	346.4765	2.124439	1.296736
30126	-845.9899	-1192.021	346.0309	2.022262	1.70853
30132	-842.8856	-1188.907	346.0212	1.444217	2.107276
30138	-843.031	-1188.183	345.1521	1.627286	2.544594
30144	-828.6299	-1173.748	345.1184	1.347192	2.738143
30150	-830.4516	-1176.619	346.1671	1.361803	2.065542
30156	-824.8321	-1170.965	346.1327	1.452205	2.0285
30162	-817.637	-1163.343	345.706	1.479642	2.288442
30168	-827.0684	-1171.238	344.1695	1.224908	3.378842
30174	-836.4091	-1182.011	345.6016	1.644691	2.249528
30180	-832.1941	-1178.697	346.5025	1.855729	1.486342
30186	-828.5066	-1175.269	346.7628	1.86836	1.27201
30192	-819.9529	-1166.601	346.6483	1.646517	1.533788
30198	-833.5048	-1180.454	346.9492	1.85084	1.127109
30204	-830.5809	-1176.764	346.1834	1.772906	1.77647
30210	-830.9772	-1177.245	346.268	1.650278	1.802865
30216	-848.617	-1194.213	345.596	1.519185	2.33338
30222	-855.6361	-1202.49	346.8538	1.900732	1.167483
30228	-854.8024	-1201.763	346.9604	2.079183	0.8882931
30234	-837.04	-1181.411	344.3714	1.143576	3.308006
30240	-852.0788	-1197.689	345.6105	1.578649	2.286172
30246	-852.5851	-1198.394	345.8085	1.599171	2.14502
30252	-843.2675	-1189.187	345.9191	1.62907	2.052805
30258	-846.8185	-1192.825	346.0065	1.308042	2.205491
30264	-834.2336	-1179.296	345.0621	1.325581	2.78572
30270	-836.2504	-1181.118	344.8679	1.343811	2.892529
30276	-824.7864	-1170.583	345.797	1.48926	2.22376
30282	-821.2032	-1167.339	346.1354	1.476291	2.010706
30288	-830.2546	-1176.777	346.5219	1.674963	1.605617
30294	-834.3019	-1179.952	345.6503	1.682414	2.193764
30300	-832.3552	-1177.962	345.6073	1.341823	2.438405
30306	-832.2464	-1177.244	344.9975	1.374338	2.79535
30312	-830.7259	-1176.738	346.0119	1.567261	2.032334
30318	-830.3167	-1176.653	346.3366	1.700227	1.720102
30324	-841.766	-1188.582	346.8165	2.014697	1.098838
30330	-842.494	-1186.228	343.7335	1.240993	3.623819
30336	-832.955	-1178.837	345.8824	1.346181	2.260909
30342	-833.6854	-1179.167	345.4816	1.395698	2.483508
30348	-848.8294	-1194.054	345.2249	1.379235	2.653125
30354	-832.0443	-1176.888	344.8434	1.29634	2.935927
30360	-832.5424	-1177.983	345.4411	1.58778	2.388134
30366	-819.0626	-1164.546	345.4832	1.438529	2.455658
30372	-817.0795	-1162.749	345.6692	1.673824	2.187044
30378	-822.2381	-1167.938	345.7002	1.546167	2.249476
30384	-831.2777	-1177.499	346.2213	1.586455	1.878705
30390	-856.552	-1202.662	346.1098	1.537815	1.986762
30396	-853.7394	-1199.5	345.7607	1.53423	2.218178
30402	-835.6207	-1179.567	343.9461	1.180352	3.535519
30408	-814.7803	-1159.232	344.4516	1.433586	3.088541
30414	-808.9708	-1153.852	344.881	1.264502	2.932483
30420	-817.2842	-1161.263	343.9784	1.153032	3.53261
30426	-822.5283	-1166.327	343.7991	1.305086	3.548445
30432	-822.0565	-1167.082	345.0253	1.065095	2.96565
30438	-817.0115	-1162.757	345.7452	1.487858	2.258006
30444	-811.7314	-1157.825	346.0938	1.513829	2.013411
30450	-819.9954	-1166.546	346.5511	1.503318	1.707679
30456	-816.7321	-1162.917	346.1848	1.61344	1.885221
30462	-828.8069	-1174.345	345.5376	1.488076	2.390153
30468	-830.1739	-1176.566	346.3923	1.521218	1.806155
30474	-824.0977	-1169.876	345.778	1.432984	2.27216
30480	-836.4586	-1182.036	345.5779	1.564636	2.315972
30486	-835.0616	-1181.412	346.3505	1.549017	1.81578
30492	-845.5106	-1190.235	344.7241	1.400682	2.94496
30498	-837.1141	-1181.378	344.2639	1.184369	3.347246
30504	-839.3505	-1184.18	344.8292	1.323413	2.928189
30510	-835.1904	-1179.973	344.7824	1.370242	2.928189
30516	-845.0039	-1190.367	345.3636	1.491381	2.497464
30522	-830.8563	-1175.666	344.8093	1.351571	2.923214
30528	-836.8555	-1181.675	344.8196	1.319286	2.936453
30534	-856.9424	-1202.051	345.1088	1.362642	2.734563
30540	-838.8389	-1182.648	343.8089	1.343592	3.520319
30546	-830.1251	-1175.571	345.4458	1.383803	2.513272
30552	-835.0884	-1180.444	345.356	1.473631	2.513272
30558	-844.5148	-1189.737	345.2219	1.552149	2.54789
30564	-846.4745	-1192.249	345.7744	1.562384	2.191138
30570	-847.5206	-1193.133	345.6121	1.689159	2.214115
30576	-848.6653	-1194.181	345.5161	1.535771	2.373577
30582	-843.4059	-1189.582	346.1763	1.49666	1.969787
30588	-844.8963	-1190.372	345.4752	1.49666	2.424104
30594	-832.3979	-1179.179	346.7811	1.699827	1.39234
30600	-833.5031	-1180.063	346.5596	1.835885	1.458132
30606	-828.8986	-1175.279	346.3806	1.942082	1.513049
30612	-853.1096	-1199.369	346.2592	1.721518	1.759436
30618	-832.1909	-1178.199	346.008	1.664581	1.970007
30624	-860.5769	-1206.909	346.3316	1.740843	1.694878
30630	-832.0757	-1179.15	347.0745	1.570012	1.260984
30636	-827.0024	-1173.591	346.5886	1.517942	1.670606
30642	-836.8656	-1183.114	346.2488	1.463043	1.943662
30648	-844.0325	-1190.719	346.6861	1.643311	1.508015
30654	-853.1426	-1198.843	345.7005	1.739675	2.123833
30660	-837.1024	-1183.423	346.3204	1.532515	1.847883
30666	-821.6887	-1166.144	344.4554	1.354949	3.133134
30672	-837.5063	-1182.495	344.9885	1.296897	2.847923
30678	-835.4875	-1181.479	345.9913	1.512893	2.081824
30684	-835.9509	-1181.533	345.5816	1.404612	2.415046
30690	-847.2946	-1193.558	346.2631	1.537854	1.883333
30696	-829.2744	-1176.022	346.7479	1.687767	1.427361
30702	-841.4432	-1188.117	346.6734	1.83044	1.37436
30708	-834.2036	-1180.076	345.8727	1.554533	2.132258
30714	-831.2053	-1177.375	346.1701	1.670467	1.856311
30720	-834.4063	-1180.55	346.1438	1.786476	1.794526
30726	-832.4251	-1178.868	346.4433	1.487038	1.794526
30732	-837.6199	-1183.45	345.8305	1.44853	2.228408
30738	-843.7426	-1188.614	344.8714	1.396359	2.858564
30744	-832.5862	-1176.291	343.7052	1.303695	3.603883
30750	-835.4071	-1181.028	345.6204	1.446259	2.364163
30756	-837.367	-1183.053	345.6862	1.506398	2.283953
30762	-849.6289	-1194.836	345.2069	1.23932	2.75002
30768	-849.7392	-1195.506	345.7663	1.260877	2.389165
30774	-840.2058	-1184.706	344.5005	1.205137	3.195325
30780	-828.5624	-1173.32	344.7578	1.330278	2.967061
30786	-831.1898	-1176.239	345.0492	1.362039	2.771369
30792	-824.725	-1169.741	345.0161	1.429721	2.750215
30798	-826.8885	-1170.976	344.0872	1.289353	3.389325
30804	-831.5289	-1177.042	345.5128	1.870592	2.160855
30810	-842.2839	-1188.744	346.4602	2.136965	1.299806
30816	-828.9244	-1175.229	346.3045	1.619637	1.798792
30822	-829.6986	-1176.356	346.6576	1.625876	1.542153
30828	-839.2057	-1186.14	346.9338	1.6943	1.274514
30834	-833.332	-1180.251	346.9186	1.791008	1.206302
30840	-844.1098	-1191.157	347.0476	1.75344	1.12624
30846	-846.0958	-1193.015	346.9191	1.881949	1.12624
30852	-844.1394	-1188.71	344.5708	1.350885	3.06679
30858	-855.8126	-1201.55	345.7376	1.404624	2.316123
30864	-841.5958	-1187.789	346.1936	1.691523	1.825759
30870	-833.302	-1178.415	345.1128	1.347091	2.741663
30876	-838.894	-1183.479	344.5848	1.349151	3.059463
30882	-837.7156	-1183.7	345.9844	1.479637	2.108221
30888	-834.104	-1179.766	345.6617	1.334235	2.408928
30894	-840.8381	-1184.379	343.5409	1.334235	3.681361
30900	-826.1088	-1171.222	345.1136	1.553501	2.614223
30906	-829.7974	-1173.236	343.4386	1.265146	3.780312
30912	-829.5797	-1174.385	344.8049	1.461841	2.859184
30918	-830.7536	-1175.391	344.6377	1.238241	3.09405
30924	-838.2316	-1182.862	344.6309	1.597358	2.882505
30930	-854.107	-1198.473	344.3664	1.346968	3.190743
30936	-826.3949	-1171.44	345.0449	1.597398	2.629544
30942	-835.3375	-1180.836	345.4984	1.548685	2.376578
30948	-845.7351	-1191.188	345.4525	1.479874	2.448962
30954	-856.4094	-1199.073	342.664	0.9171409	4.419803
30960	-829.1631	-1174.213	345.0498	1.47319	2.702974
30966	-836.7164	-1180.968	344.2512	1.24235	3.32059
30972	-837.1345	-1179.657	342.5225	1.012681	4.445691
30978	-857.561	-1202.029	344.4679	1.024282	3.321414
30984	-854.2373	-1198.756	344.5187	1.115137	3.23781
30990	-852.3551	-1196.979	344.6241	1.196516	3.127061
30996	-866.5125	-1211.518	345.0052	1.273463	2.851952
31002	-865.2145	-1208.324	343.1094	1.238207	3.984753
31008	-843.6263	-1187.838	344.2114	1.260108	3.333571
31014	-839.8743	-1184.554	344.6794	1.36734	2.991861
31020	-824.3822	-1170.079	345.6973	1.401548	2.343757
31026	-829.1906	-1174.544	345.3531	1.641658	2.40964
31032	-845.4813	-1189.64	344.1589	1.408275	3.277234
31038	-844.3545	-1188.393	344.0386	1.425142	3.338114
31044	-828.677	-1172.809	344.1318	1.299003	3.357526
31050	-836.5681	-1180.927	344.3589	1.177382	3.295414
31056	-840.9329	-1186.395	345.4619	1.394456	2.49656
31062	-832.0271	-1177.287	345.2598	1.273396	2.696732
31068	-844.0211	-1187.932	343.9105	1.381995	3.438613
31074	-831.5011	-1175.177	343.6764	1.185406	3.689083
31080	-849.8862	-1194.812	344.9263	1.324628	2.868794
31086	-853.8384	-1198.045	344.2068	1.220724	3.359428
31092	-848.2206	-1193.336	345.115	1.644836	2.556772
31098	-846.6337	-1192.372	345.7382	1.806498	2.055125
31104	-849.5024	-1195.939	346.4369	1.850234	1.539432
31110	-860.7698	-1206.494	345.7241	1.597818	2.200722
31116	-856.1823	-1201.875	345.6932	1.419088	2.335228
31122	-863.6273	-1207.669	344.0415	1.362139	3.373434
31128	-857.4335	-1202.332	344.8982	1.195927	2.963382
31134	-849.9337	-1194.854	344.92	1.272901	2.903864
31140	-854.9002	-1201.423	346.523	1.74789	1.551449
31146	-867.6099	-1214.475	346.8647	1.837618	1.212498
31152	-840.6227	-1185.464	344.8411	1.351841	2.903864
31158	-862.2486	-1208.365	346.1166	1.418759	2.061266
31164	-852.2724	-1198.768	346.4954	1.672958	1.626261
31170	-848.0911	-1194.168	346.077	1.686265	1.90894
31176	-853.7639	-1197.623	343.8587	1.35008	3.487516
31182	-836.5782	-1182.866	346.2875	1.602171	1.822606
31188	-836.8379	-1183.003	346.1652	1.674272	1.857067
31194	-846.4633	-1192.209	345.7456	1.753749	2.084994
31200	-839.1471	-1185.923	346.7755	1.7227	1.37884
31206	-832.4744	-1178.159	345.6841	1.416754	2.342455
31212	-838.9632	-1184.638	345.6745	1.564407	2.254255
31218	-843.6189	-1188.302	344.6827	1.370338	2.988107
31224	-842.6428	-1186.331	343.6878	1.146904	3.704746
31230	-840.2068	-1185.511	345.3041	1.435083	2.569609
31236	-837.802	-1182.829	345.0269	1.439201	2.737809
31242	-841.6396	-1187.032	345.3927	1.734712	2.325576
31248	-848.8573	-1194.18	345.323	1.557406	2.481545
31254	-860.3323	-1205.193	344.8609	1.34029	2.898887
31260	-843.5809	-1188.196	344.6154	1.322282	3.057228
31266	-838.1391	-1183.544	345.4051	1.368272	2.548346
31272	-833.0697	-1178.635	345.5654	1.207996	2.548346
31278	-841.4678	-1187.076	345.6081	1.543799	2.309941
31284	-839.5617	-1185.71	346.1482	1.44327	2.024166
31290	-817.482	-1163.631	346.1489	1.489186	1.993116
31296	-826.5199	-1173.318	346.798	1.558735	1.487484
31302	-827.6031	-1174.381	346.7776	1.59601	1.474759
31308	-818.045	-1164.612	346.5668	1.926012	1.383076
31314	-819.8137	-1164.712	344.8986	1.394069	2.843483
31320	-837.5961	-1182.101	344.5044	1.372798	3.093311
31326	-834.0825	-1180.555	346.4729	1.372798	1.852823
31332	-832.6441	-1178.627	345.983	1.582345	2.041435
31338	-835.2588	-1181.276	346.0169	1.481971	2.085358
31344	-837.2092	-1183.41	346.2007	1.57234	1.902311
31350	-838.1532	-1184.292	346.1391	1.485785	2.00189
31356	-830.9008	-1177.054	346.1534	1.48	1.996256
31362	-833.2251	-1178.881	345.6562	1.213766	2.488054
31368	-826.406	-1171.58	345.1741	1.357528	2.697676
31374	-824.6154	-1168.636	344.0208	1.173162	3.496136
31380	-822.6937	-1167.688	344.9946	1.14846	2.933921
31386	-835.3511	-1179.386	344.0351	1.10069	3.530093
31392	-843.1939	-1188.113	344.9194	1.095605	3.010951
31398	-828.3175	-1173.722	345.4043	1.359472	2.554296
31404	-841.5505	-1187.183	345.6321	1.299332	2.449563
31410	-839.4492	-1185.23	345.7806	1.55557	2.191505
31416	-838.4229	-1184.733	346.3105	1.671605	1.758483
31422	-834.6273	-1180.92	346.2925	1.706911	1.746364
31428	-825.8562	-1171.479	345.6225	1.453855	2.358057
31434	-832.0696	-1177.111	345.0414	1.303617	2.811709
31440	-819.9838	-1165.121	345.1369	1.280348	2.767697
31446	-836.7325	-1180.852	344.1192	1.280348	3.375878
31452	-825.4785	-1170.105	344.6263	1.372467	3.020633
31458	-823.962	-1167.301	343.3389	1.056271	3.957515
31464	-811.8828	-1156.46	344.5774	1.343111	3.06745
31470	-819.8814	-1164.031	344.1492	1.410387	3.281675
31476	-826.1809	-1171.383	345.2019	1.452673	2.622006
31482	-833.1296	-1178.865	345.7352	1.556494	2.22029
31488	-828.9155	-1172.869	343.9531	1.397197	3.404751
31494	-826.6547	-1170.837	344.1824	1.167907	3.404751
31500	-825.192	-1169.306	344.114	1.236301	3.404751
31506	-825.8045	-1170.671	344.8663	1.351155	2.889024
31512	-842.6796	-1186.855	344.1753	1.167432	3.409201
31518	-837.0933	-1182.839	345.746	1.474483	2.266081
31524	-827.8895	-1173.585	345.6956	1.524877	2.266081
31530	-833.0158	-1178.2	345.1842	1.121548	2.835521
31536	-830.5595	-1175.461	344.9014	1.40443	2.835521
31542	-843.5461	-1186.983	343.4367	1.256956	3.78615
31548	-847.0265	-1190.477	343.4504	1.2433	3.78615
31554	-848.6408	-1192.964	344.3237	1.222045	3.289834
31560	-844.0321	-1188.491	344.459	1.311704	3.156746
31566	-848.8315	-1194.168	345.3368	1.248052	2.664964
31572	-831.943	-1177.254	345.3108	1.221497	2.697295
31578	-851.2053	-1197.287	346.0822	1.411461	2.08876
31584	-843.8722	-1189.811	345.939	1.378742	2.203416
31590	-852.3034	-1196.87	344.5663	1.234087	3.139052
31596	-832.0731	-1176.744	344.6709	1.35663	3.003443
31602	-854.5116	-1199.334	344.8227	1.087395	3.073687
31608	-828.0645	-1173.697	345.6322	1.542327	2.295514
31614	-825.8639	-1171.084	345.2199	1.341488	2.679407
31620	-816.7836	-1161.957	345.1733	1.437679	2.648884
31626	-821.7926	-1167.229	345.4369	1.492094	2.451089
31632	-816.7345	-1161.208	344.4738	1.234157	3.193985
31638	-822.4027	-1166.849	344.4461	1.261766	3.193985
31644	-830.2991	-1174.874	344.575	1.401915	3.033759
31650	-836.9323	-1181.49	344.5574	1.376648	3.059417
31656	-840.9747	-1186.876	345.9009	1.250613	2.310227
31662	-827.6621	-1173.266	345.6039	1.547636	2.310227
31668	-836.5051	-1182.081	345.5764	1.422591	2.407015
31674	-845.3105	-1191.467	346.1569	1.463915	2.004595
31680	-857.8819	-1203.471	345.5887	1.628269	2.268334
31686	-846.3286	-1192.006	345.6771	1.539902	2.268334
31692	-845.3961	-1190.45	345.0535	1.337642	2.78359
31698	-835.4644	-1180.441	344.9768	1.37031	2.810402
31704	-829.6421	-1173.755	344.1134	1.408549	3.303906
31710	-830.0259	-1173.689	343.663	1.170891	3.705216
31716	-830.9041	-1173.628	342.7237	1.152934	4.252769
31722	-826.8778	-1172.654	345.7758	1.463601	2.25392
31728	-827.6503	-1173.672	346.0216	1.600407	2.003837
31734	-840.0012	-1185.74	345.7387	1.394886	2.32168
31740	-840.6043	-1186.167	345.5624	1.637392	2.279325
31746	-836.1231	-1181.984	345.8613	1.654403	2.074262
31752	-814.3635	-1156.74	342.3762	0.8973244	4.592757
31758	-833.8062	-1177.207	343.4008	1.028722	3.937835
31764	-829.4315	-1172.677	343.2451	1.184421	3.937835
31770	-826.3482	-1171.906	345.558	1.284341	2.505352
31776	-814.3371	-1159.587	345.2497	1.323982	2.67186
31782	-818.4036	-1163.491	345.0872	1.222847	2.832922
31788	-815.5638	-1161.087	345.5235	1.3354	2.494981
31794	-825.7527	-1171.291	345.5382	1.528924	2.36392
31800	-827.3824	-1173.099	345.7165	1.422187	2.318417
31806	-821.2244	-1166.189	344.9644	1.311722	2.853521
31812	-821.9059	-1166.987	345.081	1.3449	2.762386
31818	-815.8438	-1161.416	345.5723	1.310418	2.480099
31824	-823.3417	-1167.804	344.4626	1.069803	3.297734
31830	-827.1997	-1172.21	345.0108	1.359163	2.796497
31836	-821.97	-1167.975	346.0048	1.545831	2.051183
31842	-821.9819	-1167.708	345.7263	1.676686	2.148136
31848	-837.5773	-1183.827	346.2494	1.942541	1.609222
31854	-821.943	-1167.649	345.7064	1.49272	2.279783
31860	-817.1519	-1162.652	345.4998	1.547047	2.376763
31866	-830.1718	-1174.748	344.5764	1.257281	3.119285
31872	-826.4152	-1171.526	345.1111	1.243049	2.806119
31878	-832.0468	-1177.882	345.835	1.510074	2.185773
31884	-850.0196	-1195.308	345.2884	1.409112	2.595418
31890	-861.1794	-1206.556	345.3769	1.25967	2.633072
31896	-849.9515	-1192.996	343.045	1.02822	4.141207
31902	-834.2231	-1178.247	344.0238	1.112591	3.529692
31908	-835.0637	-1180.379	345.3157	1.320373	2.633389
31914	-832.8906	-1177.43	344.5395	1.111954	3.227397
31920	-831.9704	-1175.669	343.6983	1.299125	3.610498
31926	-822.7186	-1166.66	343.9419	1.117811	3.574358
31932	-817.5182	-1161.644	344.1259	1.255381	3.386599
31938	-822.2405	-1167.502	345.2616	1.171494	2.758032
31944	-835.8911	-1180.684	344.7929	1.293687	2.967943
31950	-823.5352	-1169.804	346.2689	1.503608	1.902696
31956	-823.7516	-1170.219	346.4677	1.779619	1.568785
31962	-823.81	-1170.184	346.3738	1.483502	1.844883
31968	-833.5148	-1179.888	346.3733	1.812368	1.613785
31974	-834.3141	-1181.212	346.8984	1.860258	1.163869
31980	-841.1361	-1188.058	346.9216	1.875993	1.129281
31986	-845.4066	-1192.188	346.7816	1.857007	1.265921
31992	-826.619	-1173.374	346.7551	1.634277	1.462765
31998	-831.6355	-1177.655	346.0199	1.740136	1.91111
32004	-825.8026	-1171.69	345.8874	1.655139	2.056564
32010	-822.8243	-1168.378	345.5535	1.337734	2.474773
32016	-821.3423	-1167.008	345.6659	1.62459	2.221081
32022	-832.4676	-1178.122	345.6542	1.566289	2.266113
32028	-832.3209	-1176.714	344.3931	1.226701	3.246147
32034	-825.9095	-1170.051	344.142	1.017685	3.51616
32040	-842.1834	-1186.19	344.0064	1.365221	3.392231
32046	-854.389	-1198.544	344.1547	1.216898	3.392231
32052	-843.4542	-1187.68	344.2262	1.080857	3.430066
32058	-831.7033	-1174.543	342.8398	1.109361	4.211624
32064	-830.5393	-1175.66	345.1208	1.068075	2.906316
32070	-825.2024	-1168.83	343.6274	1.143751	3.741484
32076	-810.7022	-1154.986	344.2839	1.055156	3.411353
32082	-810.2329	-1154.549	344.3157	1.322654	3.235154
32088	-821.1457	-1165.641	344.4954	1.142946	3.235154
32094	-849.7555	-1193.411	343.6555	1.100445	3.750243
32100	-840.2066	-1184.476	344.2698	0.9808409	3.463059
32106	-831.6733	-1175.706	344.0327	1.111499	3.525165
32112	-822.8801	-1167.604	344.7236	1.186449	3.0737
32118	-821.1367	-1165.861	344.7239	1.182403	3.075964
32124	-831.9115	-1175.581	343.6698	1.078357	3.754708
32130	-830.1265	-1174.118	343.992	1.200041	3.497288
32136	-830.8541	-1175.869	345.0146	1.290105	2.836206
32142	-840.53	-1184.972	344.4418	1.198227	3.234155
32148	-842.7416	-1186.415	343.6736	1.34858	3.59616
32154	-837.788	-1183.337	345.5491	1.405852	2.434723
32160	-843.7552	-1189.29	345.5349	1.643529	2.293041
32166	-848.0682	-1194.426	346.3574	1.803663	1.631552
32172	-839.5487	-1185.987	346.438	1.775432	1.593555
32178	-839.7072	-1186.115	346.4081	1.560409	1.767943
32184	-821.9166	-1166.612	344.6949	1.246616	3.054898
32190	-835.5944	-1180.389	344.7942	0.9977237	3.144124
32196	-826.0382	-1171.651	345.6129	1.385369	2.407428
32202	-838.8651	-1185.36	346.4952	1.632541	1.655485
32208	-828.408	-1175.105	346.697	1.678069	1.473655
32214	-830.0225	-1174.739	344.7163	1.248545	3.040979
32220	-825.1903	-1169.991	344.8007	1.164144	3.040979
32226	-823.2225	-1168.578	345.3558	1.3756	2.57441
32232	-818.5637	-1163.566	345.0019	1.309294	2.832237
32238	-814.4771	-1159.089	344.6123	1.363115	3.03467
32244	-821.9409	-1166.605	344.6643	1.311079	3.03467
32250	-832.8207	-1178.856	346.0356	1.609926	1.988127
32256	-834.5286	-1180.768	346.2395	1.54174	1.896743
32262	-837.0485	-1183.385	346.3362	1.800587	1.648984
32268	-839.4033	-1185.081	345.6777	1.682113	2.1762
32274	-844.9372	-1190.409	345.4722	1.59282	2.365214
32280	-863.2707	-1209.217	345.9467	1.559296	2.080666
32286	-847.9118	-1193.521	345.609	1.542455	2.310264
32292	-834.6029	-1181.263	346.6606	1.881176	1.34441
32298	-845.7468	-1192.079	346.3324	1.798642	1.653138
32304	-844.3299	-1190.664	346.334	1.796983	1.653138
32310	-865.032	-1211.767	346.7346	1.616489	1.491763
32316	-856.4999	-1202.505	346.005	1.708046	1.942878
32322	-834.5715	-1179.867	345.2959	1.585952	2.480638
32328	-842.2508	-1185.377	343.1263	1.207404	3.992707
32334	-837.2866	-1182.675	345.3882	1.425552	2.523207
32340	-839.975	-1183.734	343.7588	1.326347	3.559537
32346	-854.4511	-1199.353	344.9015	1.432292	2.818527
32352	-836.0007	-1180.43	344.4296	1.364678	3.142723
32358	-847.9043	-1192.438	344.5342	1.271974	3.13566
32364	-848.9667	-1193.667	344.7005	1.373081	2.975785
32370	-844.5889	-1189.467	344.8776	1.278878	2.92583
32376	-830.4467	-1174.766	344.3189	1.121496	3.351837
32382	-839.4688	-1183.706	344.2376	1.198244	3.354522
32388	-838.7662	-1182.434	343.6674	1.173128	3.701421
32394	-843.8933	-1189.394	345.5012	1.407799	2.463633
32400	-842.558	-1188.475	345.9166	1.445475	2.174703
32406	-858.792	-1204.137	345.3453	1.547486	2.473785
32412	-835.8414	-1181.635	345.7935	1.38062	2.295792
32418	-842.3137	-1187.978	345.6647	1.509432	2.295792
32424	-840.4821	-1185.753	345.2713	1.484852	2.559069
32430	-834.0067	-1179.278	345.2712	1.484865	2.559069
32436	-832.7868	-1176.416	343.6295	1.06377	3.786349
32442	-823.9819	-1168.796	344.8144	1.496246	2.832593
32448	-823.12	-1168.49	345.3697	1.358757	2.576259
32454	-838.9172	-1184.868	345.9513	1.603678	2.048354
32460	-832.1063	-1178.116	346.0097	1.724259	1.928795
32466	-835.6638	-1181.262	345.5977	1.649034	2.249208
32472	-828.0395	-1173.174	345.1344	1.571011	2.590547
32478	-834.6604	-1179.491	344.8305	1.376594	2.895285
32484	-824.7565	-1167.947	343.1905	1.178377	3.972596
32490	-820.4251	-1164.394	343.9693	1.055869	3.594417
32496	-835.161	-1179.708	344.5473	1.197344	3.172222
32502	-830.1202	-1174.745	344.6245	1.360231	3.029063
32508	-821.8954	-1168.355	346.4593	1.779736	1.574878
32514	-827.3763	-1173.327	345.9504	1.660407	2.011296
32520	-828.4928	-1174.978	346.4848	1.777754	1.557588
32526	-827.6614	-1174.346	346.6844	1.870623	1.333835
32532	-825.3441	-1171.864	346.52	1.806951	1.509841
32538	-828.9658	-1175.427	346.4609	1.669008	1.653908
32544	-837.4134	-1183.984	346.5703	1.687069	1.561414
32550	-845.0292	-1191.31	346.2803	1.736955	1.733838
32556	-830.8962	-1177.296	346.4	1.621484	1.730904
32562	-825.9973	-1172.661	346.6636	2.0386	1.212575
32568	-848.0525	-1194.564	346.5117	1.893719	1.450567
32574	-850.2746	-1196.093	345.8188	1.280689	2.343329
32580	-841.2431	-1186.408	345.1653	1.366927	2.697306
32586	-848.3366	-1191.675	343.3388	1.36563	3.779917
32592	-839.1958	-1184.547	345.351	1.229852	2.667455
32598	-834.5425	-1179.694	345.1518	1.247827	2.778441
32604	-834.6874	-1179.907	345.2194	1.142868	2.801208
32610	-847.4927	-1194.238	346.7451	1.688963	1.428598
32616	-834.0384	-1180.334	346.2952	1.508151	1.881705
32622	-830.4478	-1176.565	346.1173	1.542278	1.978765
32628	-840.1488	-1186.108	345.9592	1.700355	1.978765
32634	-845.9986	-1192.694	346.6953	1.662402	1.48674
32640	-827.4653	-1173.585	346.1195	1.610974	1.931086
32646	-831.7501	-1177.797	346.0472	1.674633	1.936947
32652	-841.8284	-1188.439	346.6107	1.749924	1.484537
32658	-832.1827	-1178.636	346.4535	1.727242	1.617295
32664	-843.5404	-1189.547	346.0068	1.645776	1.983452
32670	-863.3452	-1210.353	347.0078	1.687583	1.218373
32676	-841.6688	-1188.095	346.4258	1.701571	1.655712
32682	-850.1142	-1195.689	345.575	1.672264	2.248899
32688	-830.0693	-1176.522	346.4524	1.799584	1.565371
32694	-847.44	-1194.06	346.6196	1.631377	1.566092
32700	-843.4207	-1187.169	343.7482	1.23551	3.618468
32706	-822.4919	-1166.66	344.1684	1.205533	3.390873
32712	-817.959	-1163.697	345.7378	1.396537	2.321169
32718	-823.5513	-1169.218	345.6671	1.368405	2.383919
32724	-832.9017	-1178.522	345.6202	1.541044	2.303991
32730	-831.2253	-1177.613	346.3874	1.682382	1.696793
32736	-837.2746	-1183.35	346.075	1.704515	1.897911
32742	-828.9051	-1175.38	346.4753	1.605434	1.689025
32748	-835.9508	-1181.819	345.8682	1.490938	2.176627
32754	-840.0428	-1186.082	346.0396	1.531078	2.037924
32760	-844.565	-1190.571	346.0057	1.564971	2.037924
32766	-844.6526	-1191.003	346.3504	1.545378	1.818377
32772	-842.5261	-1188.82	346.2942	1.811842	1.671011
32778	-849.5588	-1196.07	346.5111	1.711482	1.586885
32784	-843.5661	-1187.844	344.2781	1.142695	3.363409
32790	-846.6404	-1193.097	346.4566	1.678633	1.650119
32796	-840.4687	-1186.632	346.1631	1.623709	1.893006
32802	-832.6783	-1179.271	346.5931	1.867411	1.408244
32808	-845.2264	-1191.772	346.5456	1.644825	1.610279
32814	-846.0707	-1192.301	346.2298	1.724209	1.778072
32820	-840.6158	-1185.411	344.7957	1.419909	2.890165
32826	-853.177	-1198.904	345.7274	1.216365	2.441768
32832	-843.1419	-1187.99	344.8482	1.552617	2.777688
32838	-847.5518	-1192.199	344.6469	1.334975	3.030802
32844	-846.7405	-1191.124	344.3832	1.339629	3.185137
32850	-848.9102	-1193.421	344.5107	1.332254	3.113722
32856	-843.9938	-1189.561	345.567	1.355318	2.455262
32862	-847.4951	-1193.055	345.5594	1.474798	2.384734
32868	-842.543	-1187.995	345.4521	1.42142	2.485841
32874	-837.1055	-1180.88	343.7741	1.122462	3.668988
32880	-836.3764	-1181.745	345.369	1.464366	2.510949
32886	-832.4126	-1178.609	346.1968	1.50592	1.949789
32892	-827.517	-1173.764	346.247	1.731287	1.761107
32898	-841.4865	-1187.483	345.9964	1.651287	1.986696
32904	-849.5019	-1195.072	345.57	1.620063	2.285589
32910	-842.4165	-1188.242	345.8258	1.592448	2.13812
32916	-841.1998	-1187.152	345.952	1.573057	2.068057
32922	-839.8928	-1185.72	345.8268	1.697304	2.068741
32928	-854.1798	-1199.576	345.3962	1.474017	2.487919
32934	-832.2996	-1177.925	345.6251	1.533212	2.305871
32940	-833.1419	-1178.182	345.0397	1.318766	2.80353
32946	-831.019	-1176.301	345.2818	1.603367	2.47857
32952	-845.8859	-1190.511	344.6247	1.221436	3.111857
32958	-847.656	-1190.07	342.4138	1.14506	4.432347
32964	-845.2898	-1189.937	344.6476	1.064461	3.191543
32970	-848.5049	-1191.772	343.2672	1.163717	3.937069
32976	-851.8571	-1196.152	344.2948	1.183831	3.329377
32982	-847.3	-1191.325	344.0253	1.105463	3.532975
32988	-850.2708	-1194.162	343.8916	1.161648	3.578104
32994	-854.4395	-1198.205	343.7659	1.072268	3.702787
33000	-852.1276	-1195.413	343.2852	0.9062444	4.073874
33006	-853.4568	-1195.623	342.1665	0.8628703	4.729525
33012	-846.8913	-1191.138	344.2463	1.29716	3.291219
33018	-836.7727	-1180.756	343.9829	1.092457	3.565235
33024	-845.7717	-1192.146	346.3739	1.622525	1.748443
33030	-854.1822	-1199.931	345.7493	1.647332	2.152272
33036	-851.2622	-1197.468	346.2056	1.830877	1.7203
33042	-853.3176	-1199.523	346.205	1.805684	1.738455
33048	-839.1683	-1184.915	345.7467	1.290136	2.383094
33054	-844.3295	-1189.424	345.095	1.400858	2.719626
33060	-859.6335	-1205.736	346.1028	1.728843	1.862429
33066	-850.2094	-1196.381	346.1718	1.389911	2.04385
33072	-855.1325	-1198.634	343.5011	1.142847	3.814781
33078	-856.9828	-1200.976	343.9934	1.219998	3.484821
33084	-855.6874	-1198.964	343.2762	1.196845	3.912897
33090	-858.8345	-1203.199	344.3642	1.663988	3.002999
33096	-862.6023	-1207.03	344.4282	1.329532	3.164403
33102	-848.3946	-1192.911	344.5166	1.503762	3.007735
33108	-851.7813	-1197.355	345.5738	1.568404	2.316136
33114	-850.8177	-1196.306	345.4884	1.469794	2.432679
33120	-829.867	-1176.103	346.2364	1.623486	1.843054
33126	-845.4256	-1191.36	345.9348	1.5404	2.100855
33132	-844.3803	-1190.671	346.2906	1.644285	1.791342
33138	-836.4152	-1183.166	346.751	1.786653	1.347658
33144	-853.7392	-1200.369	346.6303	1.965887	1.300671
33150	-847.7528	-1193.991	346.2383	1.587285	1.86659
33156	-844.4047	-1188.456	344.0517	1.300542	3.403614
33162	-844.8473	-1190.27	345.4224	1.251249	2.610198
33168	-855.0415	-1199.762	344.7209	1.257421	3.032904
33174	-845.6294	-1190.501	344.8719	1.119378	3.025123
33180	-858.0812	-1202.593	344.5114	1.31273	3.124927
33186	-854.1226	-1196.932	342.8092	0.9773032	4.303813
33192	-854.9594	-1199.389	344.4299	1.147104	3.271419
33198	-856.9961	-1200.824	343.8283	1.211256	3.586049
33204	-863.1501	-1208.137	344.9872	1.203973	2.904909
33210	-865.9916	-1211.483	345.4911	1.203973	2.596903
33216	-859.6492	-1204.505	344.8559	1.203973	2.984004
33222	-864.7161	-1209.703	344.9871	1.194904	2.910483
33228	-866.8043	-1210.554	343.7495	1.107205	3.692068
33234	-867.8578	-1210.271	342.4134	0.9563711	4.538764
33240	-851.2822	-1193.837	342.5551	0.8146225	4.538764
33246	-849.0982	-1192.603	343.505	1.03853	3.872471
33252	-855.9816	-1199.646	343.6645	1.086817	3.75289
33258	-856.1581	-1199.977	343.8188	1.156748	3.623183
33264	-870.6246	-1214.276	343.6514	1.156173	3.720446
33270	-865.6062	-1211.748	346.1419	1.479205	2.004446
33276	-869.5264	-1216.242	346.7154	1.97862	1.219556
33282	-875.6432	-1221.494	345.8508	1.426282	2.229665
33288	-867.9222	-1213.734	345.8119	1.465261	2.229665
33294	-856.5978	-1201.961	345.3627	1.55354	2.459092
33300	-848.6333	-1194.772	346.1389	1.692751	1.862393
33306	-838.5744	-1184.233	345.659	1.78513	2.121224
33312	-877.2286	-1222.392	345.1631	1.659162	2.517853
33318	-870.2443	-1215.407	345.1631	1.659162	2.517853
33324	-853.0732	-1199.262	346.189	1.718226	1.810489
33330	-854.8377	-1200.933	346.0954	1.512159	2.013464
33336	-862.4485	-1208.411	345.9623	1.630597	2.023211
33342	-834.6403	-1180.066	345.426	1.445373	2.487199
33348	-850.639	-1196.148	345.5086	1.407196	2.459342
33354	-852.8903	-1198.073	345.1822	1.343152	2.701526
33360	-871.0484	-1216.212	345.1631	1.659162	2.517853
33366	-863.2478	-1208.411	345.1631	1.659162	2.517853
33372	-847.5612	-1193.327	345.7657	1.339313	2.33987
33378	-848.4876	-1193.666	345.178	1.42473	2.653955
33384	-841.0038	-1186.986	345.9822	1.436613	2.137769
33390	-841.2076	-1187.801	346.5931	1.810657	1.451851
33396	-840.2538	-1185.489	345.2357	1.277472	2.709032
33402	-836.4897	-1181.573	345.0838	1.429303	2.709032
33408	-828.3889	-1173.254	344.8649	1.301533	2.919848
33414	-838.4569	-1182.925	344.4686	1.237254	3.195208
33420	-842.1194	-1187.243	345.1235	1.415092	2.693418
33426	-842.1276	-1188.216	346.088	1.509678	2.019986
33432	-847.7024	-1192.866	345.1631	1.659162	2.517853
33438	-853.3261	-1198.489	345.1631	1.659162	2.517853
33444	-849.4396	-1194.603	345.1631	1.659162	2.517853
33450	-850.5302	-1196.004	345.4742	1.333172	2.527159
33456	-836.8355	-1182.346	345.5101	1.354582	2.491401
33462	-825.7236	-1170.809	345.0854	1.202207	2.846562
33468	-823.2018	-1168.483	345.2807	1.368371	2.625358
33474	-830.2188	-1175.202	344.983	1.250574	2.879297
33480	-826.6901	-1171.407	344.7172	1.234315	3.04895
33486	-839.6337	-1184.815	345.1811	1.270544	2.746671
33492	-837.5263	-1183.094	345.5676	1.232	2.531986
33498	-848.9753	-1194.483	345.5075	1.301774	2.525965
33504	-839.7808	-1185.223	345.442	1.367321	2.525965
33510	-847.5899	-1192.812	345.2226	1.357791	2.667735
33516	-835.8539	-1181.202	345.3481	1.375299	2.579349
33522	-821.1635	-1166.233	345.0695	1.422046	2.722246
33528	-819.3276	-1164.165	344.8378	1.416192	2.866954
33534	-827.8091	-1174.081	346.272	1.464447	1.927071
33540	-826.8124	-1172.28	345.4675	1.513774	2.418174
33546	-827.4537	-1172.69	345.2359	1.512307	2.563953
33552	-830.9016	-1176.411	345.5098	1.486367	2.408793
33558	-839.2977	-1184.697	345.3994	1.565206	2.428679
33564	-828.4401	-1172.42	343.9798	1.370748	3.404583
33570	-830.7313	-1174.932	344.2011	1.359184	3.281295
33576	-836.6343	-1181.014	344.3797	1.299313	3.211111
33582	-840.2668	-1184.822	344.5552	1.179886	3.177846
33588	-830.9906	-1175.551	344.5607	1.293871	3.106797
33594	-823.5043	-1168.106	344.6016	1.252965	3.106797
33600	-821.5095	-1165.675	344.166	1.283844	3.346317
33606	-825.2038	-1170.4	345.1963	1.372622	2.67479
33612	-819.925	-1165.096	345.1708	1.457465	2.638238
33618	-820.1225	-1166.283	346.1608	1.821422	1.758376
33624	-833.4685	-1179.621	346.1526	1.547654	1.95146
33630	-827.6929	-1173.8	346.1069	1.630494	1.926466
33636	-821.8039	-1167.841	346.0369	1.611102	1.986462
33642	-825.7595	-1172.247	346.4876	1.844555	1.505948
33648	-839.1048	-1185.469	346.3639	2.000225	1.481882
33654	-831.8814	-1177.913	346.0317	1.637523	1.972312
33660	-828.5261	-1174.464	345.9378	1.538658	2.100049
33666	-822.2928	-1167.986	345.6929	1.522691	2.269254
33672	-821.9699	-1168.13	346.1603	1.494531	1.981931
33678	-829.8528	-1176.371	346.5186	1.634007	1.637615
33684	-823.5593	-1169.31	345.751	1.416991	2.299679
33690	-829.957	-1176.507	346.5504	1.553189	1.672743
33696	-830.0721	-1174.368	344.2964	1.21524	3.309935
33702	-845.281	-1189.678	344.3969	1.114807	3.309935
33708	-848.8002	-1194.047	345.247	1.263087	2.710883
33714	-834.466	-1179.141	344.6752	1.287781	3.042097
33720	-840.938	-1185.887	344.9488	1.366808	2.829564
33726	-848.1213	-1193.35	345.2289	1.316962	2.688919
33732	-840.277	-1186.545	346.2678	1.880287	1.640857
33738	-847.9581	-1193.543	345.5848	1.585082	2.2985
33744	-845.5112	-1191.551	346.0398	1.573618	2.009546
33750	-847.4903	-1193.593	346.1026	1.5108	2.009546
33756	-833.4894	-1178.643	345.1537	1.370715	2.702116
33762	-845.2329	-1191.04	345.8069	1.351323	2.305947
33768	-855.4377	-1201.675	346.2377	1.554817	1.889115
33774	-851.7371	-1197.663	345.9254	1.492167	2.138579
33780	-832.9834	-1178.178	345.1948	1.41106	2.652037
33786	-829.7035	-1175.04	345.3369	1.287164	2.640832
33792	-835.749	-1181.181	345.4318	1.312312	2.566505
33798	-834.3434	-1178.677	344.3337	0.96607	3.434346
33804	-837.8142	-1183.691	345.8771	1.158575	2.383821
33810	-832.2686	-1177.523	345.2548	1.424294	2.606825
33816	-836.909	-1183.106	346.1966	1.561099	1.912747
33822	-844.9249	-1190.641	345.7158	1.499382	2.269505
33828	-856.4909	-1201.587	345.0957	1.449293	2.689506
33834	-833.8645	-1176.669	342.8043	1.132394	4.218703
33840	-844.6091	-1188.451	343.8415	1.231613	3.566544
33846	-847.3917	-1189.663	342.2709	1.148708	4.510702
33852	-840.2179	-1182.346	342.1277	1.017691	4.664617
33858	-842.1928	-1186.912	344.7192	1.22197	3.055137
33864	-835.7773	-1180.731	344.9541	1.386323	2.814507
33870	-839.3195	-1183.922	344.6028	1.353437	3.046132
33876	-831.3135	-1176.24	344.9265	1.526957	2.745584
33882	-846.6501	-1192.763	346.1133	1.531297	1.988755
33888	-835.5977	-1181.023	345.4256	1.505368	2.449836
33894	-836.4311	-1181.539	345.1075	1.307157	2.769269
33900	-842.8314	-1188.586	345.7545	1.519401	2.231722
33906	-841.6902	-1187.482	345.7921	1.562506	2.179536
33912	-847.2849	-1193.446	346.1614	1.856011	1.733761
33918	-836.5915	-1181.685	345.0932	1.517823	2.648839
33924	-828.4407	-1174.208	345.7672	1.591602	2.176872
33930	-828.4621	-1172.513	344.0511	1.424545	3.331166
33936	-838.9556	-1182.973	344.0173	1.045747	3.572414
33942	-835.6278	-1180.104	344.4758	1.249903	3.18346
33948	-865.0934	-1209.369	344.2758	1.457192	3.17909
33954	-829.7201	-1174.671	344.9513	1.344444	2.841607
33960	-856.4835	-1201.54	345.0562	1.487747	2.690115
33966	-860.1103	-1205.178	345.0676	1.326972	2.781504
33972	-842.6518	-1187.29	344.6386	1.267715	3.075959
33978	-831.8391	-1176.398	344.5593	1.346993	3.075959
33984	-830.862	-1175.927	345.0653	1.543572	2.650181
33990	-841.1923	-1187.93	346.7382	1.88792	1.276218
33996	-849.9957	-1196.906	346.9103	1.88792	1.128732
34002	-855.4626	-1202.273	346.8105	1.88792	1.215812
34008	-847.4452	-1194.342	346.8967	1.789579	1.226044
34014	-866.0713	-1211.641	345.5697	1.569237	2.318232
34020	-842.6518	-1186.845	344.1932	1.192877	3.383768
34026	-825.8566	-1169.8	343.9431	1.214945	3.517086
34032	-862.6581	-1207.318	344.66	1.349842	3.014023
34038	-850.9474	-1196.067	345.1198	1.504626	2.640606
34044	-831.6668	-1176.351	344.684	1.296263	3.031714
34050	-829.8188	-1175.493	345.6744	1.420642	2.346204
34056	-841.784	-1188.113	346.3287	1.561739	1.822047
34062	-845.6963	-1190.723	345.0264	1.476117	2.715533
34068	-839.1253	-1183.737	344.612	1.201056	3.131548
34074	-841.6398	-1187.126	345.4859	1.438502	2.45394
34080	-861.6573	-1202.01	340.3524	0.8521268	5.738672
34086	-847.2232	-1188.146	340.9226	0.9934846	5.347561
34092	-834.2553	-1180.337	346.0813	1.571642	1.983217
34098	-833.0814	-1179.229	346.1476	1.50528	1.983217
34104	-823.4512	-1169.708	346.2565	1.756672	1.736684
34110	-834.0865	-1181.13	347.0439	1.781608	1.104042
34116	-830.4913	-1177.127	346.6357	1.464493	1.675153
34122	-833.0724	-1175.068	341.9951	1.022989	4.735818
34128	-831.8264	-1175.028	343.2013	1.128496	3.994928
34134	-834.3442	-1176.726	342.3823	0.95221	4.558572
34140	-826.0711	-1169.142	343.0708	0.9049024	4.196588
34146	-835.74	-1179.162	343.422	1.097347	3.886369
34152	-831.7085	-1176.224	344.5157	1.032861	3.288196
34158	-828.6572	-1173.99	345.3326	1.336248	2.613179
34164	-843.6537	-1189.208	345.5541	1.44617	2.406202
34170	-837.7012	-1182.645	344.9435	1.264705	2.894607
34176	-834.2415	-1179.314	345.0725	1.135719	2.894607
34182	-844.8177	-1190.441	345.6235	1.686174	2.208657
34188	-844.3315	-1190.741	346.4092	1.686174	1.678629
34194	-830.0022	-1176.232	346.2296	1.566648	1.886538
34200	-820.6988	-1166.307	345.6083	1.305153	2.460826
34206	-817.0196	-1162.026	345.0065	1.149386	2.926237
34212	-825.1876	-1169.363	344.1756	1.160115	3.413268
34218	-830.198	-1174.99	344.792	1.296728	2.966649
34224	-822.927	-1166.912	343.9853	1.114897	3.550762
34230	-835.7724	-1181.728	345.9554	1.612924	2.039519
34236	-829.7363	-1175.818	346.0812	1.487077	2.039519
34242	-834.0892	-1178.83	344.7407	1.27979	3.007626
34248	-852.1361	-1197.078	344.9424	1.487646	2.759899
34254	-830.6036	-1176.309	345.7049	1.575543	2.227512
34260	-825.2893	-1170.259	344.9694	1.414795	2.787835
34266	-821.5581	-1167.599	346.0407	1.542901	2.029368
34272	-819.6541	-1165.76	346.1055	1.542901	1.986191
34278	-832.2142	-1177.007	344.7929	1.216983	3.013981
34284	-843.3648	-1187.196	343.831	1.113036	3.641475
34290	-850.3575	-1194.571	344.2134	1.409635	3.244216
34296	-851.4466	-1196.338	344.8915	1.188356	2.97202
34302	-856.7576	-1203.45	346.6926	1.859786	1.335931
34308	-841.2114	-1187.522	346.3106	1.679713	1.752717
34314	-846.5842	-1191.808	345.2235	1.292311	2.707384
34320	-842.6471	-1187.989	345.3423	1.417885	2.556531
34326	-842.299	-1188.467	346.1676	1.57999	1.919547
34332	-852.4862	-1198.498	346.0117	1.401904	2.141204
34338	-861.9683	-1207.163	345.1945	1.437021	2.636225
34344	-853.5094	-1199.08	345.5707	1.490117	2.367877
34350	-835.4142	-1181.626	346.212	1.449875	1.977212
34356	-842.8783	-1188.442	345.5636	1.373414	2.446001
34362	-848.6177	-1194.148	345.5299	1.424814	2.434879
34368	-838.5699	-1183.51	344.9398	1.312427	2.867982
34374	-824.4809	-1169.732	345.2508	1.307977	2.681036
34380	-826.6718	-1172.137	345.4649	1.433216	2.470464
34386	-830.179	-1175.241	345.0622	1.452089	2.708322
34392	-831.6373	-1177.365	345.7273	1.486125	2.270612
34398	-835.8504	-1181.618	345.7673	1.630973	2.15116
34404	-839.8448	-1185.787	345.942	1.63509	2.033664
34410	-838.9254	-1184.502	345.5764	1.56939	2.313842
34416	-846.3852	-1192.038	345.653	1.392105	2.377822
34422	-852.2707	-1197.743	345.4723	1.639818	2.335307
34428	-851.6155	-1194.088	342.4721	1.383718	4.264576
34434	-848.0224	-1193.487	345.4642	1.260447	2.578605
34440	-845.074	-1190.145	345.0712	1.391659	2.739793
34446	-846.2529	-1190.504	344.2515	1.331871	3.267661
34452	-844.642	-1189.176	344.5337	1.158649	3.203234
34458	-833.3531	-1177.924	344.5713	1.255814	3.123159
34464	-841.3102	-1187.276	345.9653	1.609494	2.035174
34470	-836.8723	-1183.033	346.1606	1.715254	1.832097
34476	-838.329	-1184.007	345.6775	1.575237	2.24534
34482	-840.7999	-1187.017	346.2169	1.707232	1.798768
34488	-831.1296	-1175.869	344.7397	1.419985	2.923899
34494	-831.5524	-1175.767	344.2151	1.294239	3.311324
34500	-839.4184	-1182.491	343.0722	1.054248	4.110925
34506	-851.8272	-1196.206	344.3788	1.399499	3.15222
34512	-848.5409	-1194.46	345.9193	1.489672	2.144193
34518	-846.035	-1191.782	345.7468	1.567043	2.205996
34524	-832.5113	-1177.831	345.3194	1.618998	2.445176
34530	-837.8571	-1182.562	344.7045	1.427161	2.940812
34536	-838.4095	-1182.264	343.8546	1.191522	3.582218
34542	-840.6206	-1186.702	346.0813	1.644728	1.934136
34548	-842.1241	-1187.661	345.537	1.539639	2.357886
34554	-856.567	-1200.798	344.2307	1.302516	3.297223
34560	-821.5535	-1165.418	343.8646	1.223353	3.557924
34566	-831.7701	-1175.43	343.6597	0.9946209	3.808788
34572	-835.8447	-1180.52	344.6755	1.127935	3.137239
34578	-833.1948	-1178.229	345.0338	1.294278	2.821989
34584	-845.3947	-1190.252	344.8576	1.220503	2.973065
34590	-864.1366	-1208.51	344.3738	1.557503	3.061038
34596	-848.102	-1193.757	345.6551	1.422851	2.357024
34602	-843.2729	-1189.204	345.9311	1.348983	2.227758
34608	-844.4773	-1190.124	345.6464	1.453496	2.34307
34614	-838.7269	-1183.182	344.4556	1.229731	3.207385
34620	-841.4298	-1187.164	345.7338	1.40068	2.321058
34626	-838.0286	-1184.251	346.2219	1.474297	1.954182
34632	-838.755	-1184.032	345.2771	1.222429	2.717372
34638	-846.7184	-1193.077	346.3582	1.427591	1.89367
34644	-837.3483	-1183.856	346.5074	1.788753	1.532775
34650	-831.343	-1177.62	346.2768	1.436689	1.942551
34656	-829.5176	-1175.515	345.9977	1.715764	1.942551
34662	-818.9597	-1165.309	346.3495	1.621999	1.765855
34668	-837.6961	-1184.416	346.7201	1.73171	1.414974
34674	-841.8465	-1187.756	345.9093	1.699476	2.012609
34680	-854.2733	-1199.988	345.7147	1.623061	2.190486
34686	-844.5937	-1190.99	346.3959	1.644567	1.717475
34692	-853.0504	-1194.799	341.7486	1.761463	4.459831
34698	-851.2463	-1195.705	344.4585	1.296244	3.166188
34704	-854.3841	-1198.584	344.2001	1.554692	3.166188
34710	-845.699	-1192.183	346.4841	1.796929	1.543995
34716	-834.938	-1181.702	346.7635	1.796929	1.329452
34722	-844.5885	-1189.662	345.0737	1.353039	2.761916
34728	-838.3863	-1183.754	345.3675	1.4932	2.493877
34734	-852.0204	-1196.86	344.8391	1.201413	2.995595
34740	-853.315	-1198.659	345.3443	1.228913	2.672149
34746	-844.9915	-1190.337	345.3452	1.365225	2.587426
34752	-828.3706	-1173.025	344.6545	1.365462	3.00796
34758	-833.2012	-1177.638	344.4367	1.111354	3.288473
34764	-837.2097	-1180.837	343.6269	1.15773	3.733703
34770	-841.6852	-1185.04	343.3544	1.224748	3.852027
34776	-846.5271	-1190.104	343.5773	1.00182	3.852027
34782	-851.1612	-1194.196	343.0349	1.05534	4.131523
34788	-870.2783	-1210.892	340.6132	1.643473	5.159385
34794	-849.9855	-1193.519	343.5332	0.9935159	3.88216
34800	-850.3043	-1193.733	343.4287	1.031929	3.920044
34806	-852.9636	-1197.505	344.5417	1.182196	3.18449
34812	-849.5779	-1194.224	344.6462	1.131454	3.152597
34818	-838.806	-1183.641	344.8348	1.199913	2.999117
34824	-847.2253	-1193.18	345.9551	1.440387	2.152982
34830	-830.9245	-1177.167	346.2421	1.835452	1.691255
34836	-836.1524	-1182.445	346.293	1.784602	1.691255
34842	-837.6586	-1184.029	346.3707	1.763504	1.65086
34848	-849.4278	-1195.736	346.3086	1.776762	1.685694
34854	-862.6872	-1208.716	346.029	1.707534	1.92703
34860	-843.9857	-1190.147	346.1609	1.601128	1.909793
34866	-839.4179	-1185.832	346.4138	1.456779	1.835749
34872	-836.6731	-1182.612	345.9387	1.554686	2.088919
34878	-833.1548	-1178.353	345.1979	1.292914	2.7227
34884	-836.4531	-1182.492	346.0386	1.447313	2.093881
34890	-842.8295	-1189.006	346.1765	1.613311	1.890948
34896	-842.1538	-1188.403	346.2497	1.540132	1.890948
34902	-867.0955	-1210.269	343.1735	1.136843	4.006056
34908	-866.3958	-1209.024	342.6282	1.071459	4.352876
34914	-828.9182	-1175.069	346.1505	1.571698	1.936672
34920	-827.7769	-1174.016	346.2389	1.623964	1.841063
34926	-831.5086	-1177.774	346.2652	1.533298	1.885044
34932	-836.8633	-1183.17	346.3066	1.649476	1.776615
34938	-839.249	-1185.85	346.601	1.757212	1.486344
34944	-857.3925	-1203.5	346.1079	1.527698	1.994773
34950	-854.7111	-1199.899	345.1878	1.183794	2.795517
34956	-844.1042	-1190.463	346.3587	1.69117	1.710905
34962	-830.0043	-1176.037	346.0327	1.413797	2.11971
34968	-827.7945	-1173.007	345.2122	1.343973	2.682617
34974	-840.6411	-1185.441	344.7995	1.396705	2.901887
34980	-846.4299	-1191.688	345.258	1.246959	2.714032
34986	-842.0767	-1188.126	346.0495	1.485082	2.061797
34992	-843.374	-1190.039	346.6653	1.797317	1.40655
34998	-837.5702	-1184.474	346.9036	1.960623	1.068129
35004	-840.5517	-1187.221	346.6696	1.924333	1.302449
35010	-851.1771	-1197.937	346.7599	1.734865	1.381487
35016	-839.8375	-1186.362	346.525	1.734865	1.559599
35022	-840.3769	-1186.539	346.162	1.513451	1.968099
35028	-843.1653	-1189.613	346.4474	1.537497	1.756527
35034	-838.2613	-1184.097	345.8359	1.537497	2.167376
35040	-836.8651	-1183.536	346.671	1.68424	1.488594
35046	-840.8382	-1187.133	346.295	1.793741	1.683349
35052	-842.9319	-1189.699	346.7669	1.671614	1.425199
35058	-834.8559	-1181.141	346.2851	1.815172	1.67511
35064	-844.2954	-1190.651	346.3553	1.771201	1.656395
35070	-843.2136	-1189.663	346.4491	1.840522	1.537582
35076	-841.0944	-1187.767	346.6724	1.617224	1.537582
35082	-845.2094	-1190.207	344.9978	1.288643	2.847235
35088	-840.2223	-1185.84	345.6182	1.418343	2.383259
35094	-838.4889	-1183.603	345.1139	1.590412	2.591195
35100	-842.0442	-1185.834	343.7901	1.41713	3.488438
35106	-847.5858	-1192.224	344.6385	1.276932	3.070497
35112	-843.6268	-1189.575	345.9482	1.520908	2.104906
35118	-847.6881	-1193.606	345.9183	1.487631	2.146177
35124	-843.2521	-1187.65	344.3979	1.231194	3.24062
35130	-838.5103	-1182.903	344.3923	1.191838	3.26723
35136	-841.0392	-1185.749	344.7097	1.211193	3.06723
35142	-837.6384	-1182.893	345.2545	1.237373	2.722068
35148	-848.5895	-1193.6	345.01	1.471412	2.728445
35154	-838.5276	-1184.037	345.5091	1.444863	2.435374
35160	-837.7888	-1183.244	345.4555	1.498495	2.435374
35166	-838.8463	-1185.124	346.278	1.854581	1.652016
35172	-834.4862	-1181.454	346.9682	1.854581	1.106492
35178	-833.6749	-1180.55	346.8751	1.942765	1.111028
35184	-826.8474	-1173.237	346.3894	1.629012	1.73303
35190	-828.9533	-1174.878	345.9252	1.529367	2.11443
35196	-833.1814	-1178.642	345.4603	1.407043	2.489703
35202	-837.7677	-1183.411	345.6434	1.436202	2.356005
35208	-841.6439	-1187.46	345.8164	1.506875	2.199846
35214	-867.8838	-1211.338	343.4546	1.267892	3.769542
35220	-837.9914	-1179.989	341.9978	1.078158	4.703483
35226	-842.2579	-1185.232	342.9743	0.8280112	4.294846
35232	-832.6914	-1177.314	344.6227	1.219109	3.114415
35238	-841.4314	-1185.905	344.474	1.36777	3.114415
35244	-848.095	-1194.268	346.1726	1.413109	2.027978
35250	-859.6716	-1205.537	345.8659	1.239742	2.339449
35256	-851.1976	-1195.655	344.4575	1.362071	3.127685
35262	-854.7159	-1200.258	345.542	1.36046	2.467736
35268	-864.9866	-1209.631	344.644	1.296588	3.055504
35274	-835.8223	-1180.485	344.663	1.27755	3.055504
35280	-833.1566	-1178.141	344.9847	1.416766	2.777295
35286	-837.0592	-1183.167	346.1078	1.551929	1.978636
35292	-852.1265	-1197.24	345.1134	1.366175	2.729603
35298	-853.1669	-1197.075	343.9081	1.334604	3.467695
35304	-833.1725	-1177.977	344.8047	1.2719	2.973951
35310	-844.2095	-1189.558	345.3485	1.414104	2.555005
35316	-849.2568	-1194.885	345.6287	1.429935	2.369296
35322	-861.2299	-1207.016	345.7858	1.576935	2.174301
35328	-845.2291	-1190.872	345.6431	1.390345	2.385218
35334	-846.2681	-1191.839	345.5708	1.459523	2.387203
35340	-848.1187	-1193.491	345.3726	1.241381	2.647045
35346	-841.485	-1186.781	345.2956	1.232304	2.699943
35352	-847.8045	-1194.538	346.733	1.492231	1.584936
35358	-855.9098	-1202.062	346.152	1.543477	1.954704
35364	-829.4856	-1175.955	346.4698	1.609527	1.689979
35370	-840.9589	-1187.421	346.462	1.472458	1.791645
35376	-836.1001	-1181.924	345.8239	1.451824	2.230584
35382	-865.1991	-1210.6	345.4009	1.359086	2.556664
35388	-848.9516	-1194.178	345.2261	1.533906	2.556664
35394	-818.0707	-1163.829	345.7579	1.320504	2.356732
35400	-812.7081	-1158.043	345.3346	1.319963	2.621988
35406	-812.5987	-1158.17	345.5709	1.455584	2.389616
35412	-825.3366	-1170.907	345.5708	1.432474	2.404277
35418	-825.0716	-1170.969	345.8976	1.432474	2.195482
35424	-839.1481	-1184.393	345.2445	1.605964	2.500266
35430	-830.0438	-1176.028	345.9842	1.507357	2.090164
35436	-829.4033	-1175.884	346.4812	1.644022	1.657283
35442	-851.9868	-1195.436	343.4496	1.386061	3.704179
35448	-855.8094	-1199.201	343.3918	1.207359	3.840541
35454	-829.3849	-1175.67	346.285	1.540521	1.866606
35460	-837.2981	-1183.75	346.4518	1.791807	1.571492
35466	-839.1534	-1185.609	346.4555	1.948914	1.451345
35472	-838.6622	-1184.953	346.2905	1.629055	1.801942
35478	-840.4274	-1186.166	345.7387	1.652728	2.155623
35484	-847.7473	-1193.008	345.2606	1.393245	2.622432
35490	-844.3193	-1190.465	346.1453	1.412165	2.046712
35496	-847.1432	-1193.468	346.3249	1.597982	1.799678
35502	-844.1669	-1189.716	345.5494	1.422355	2.424152
35508	-833.0217	-1178.971	345.9497	1.438877	2.157502
35514	-828.3904	-1173.938	345.5474	1.461519	2.400731
35520	-828.8309	-1174.361	345.5302	1.461916	2.411339
35526	-829.788	-1175.899	346.1111	1.805938	1.803695
35532	-847.8024	-1194.353	346.5507	1.584416	1.650174
35538	-841.8833	-1186.858	344.9743	1.44386	2.767113
35544	-839.0477	-1183.646	344.5985	1.213268	3.132283
35550	-836.8656	-1181.163	344.2974	1.349753	3.229939
35556	-833.1966	-1176.345	343.1482	0.9870738	4.105892
35562	-840.5159	-1183.45	342.9345	0.9799278	4.231373
35568	-839.0933	-1182.134	343.0406	0.8738222	4.231373
35574	-823.0349	-1168.067	345.0324	1.395731	2.761015
35580	-817.842	-1162.229	344.387	1.255671	3.23261
35586	-840.0092	-1184.55	344.5404	1.210427	3.168542
35592	-839.7877	-1184.091	344.3036	1.447217	3.168542
35598	-843.1778	-1189.289	346.1112	1.382774	2.088552
35604	-838.0366	-1183.462	345.4251	1.211993	2.632778
35610	-844.1652	-1189.41	345.2453	1.314305	2.680524
35616	-843.6844	-1189.418	345.7334	1.483815	2.268214
35622	-844.0884	-1190.422	346.3338	1.357168	1.957739
35628	-838.1346	-1183.992	345.8579	1.576014	2.127931
35634	-838.6412	-1184.732	346.0912	1.381578	2.102474
35640	-841.4674	-1187.488	346.0203	1.491791	2.076607
35646	-837.1249	-1182.278	345.1535	1.294556	2.7489
35652	-836.5425	-1181.934	345.3919	1.309209	2.593189
35658	-846.8583	-1191.658	344.7998	1.417288	2.889237
35664	-859.5113	-1201.289	341.7772	1.024928	4.856384
35670	-835.3107	-1178.032	342.7213	0.9127015	4.389974
35676	-833.7887	-1177.782	343.9931	1.049253	3.584434
35682	-829.8171	-1173.652	343.8348	1.177132	3.602119
35688	-827.7196	-1172.896	345.176	1.322381	2.718072
35694	-833.5354	-1179.126	345.5904	1.571547	2.303585
35700	-831.9434	-1177.939	345.9956	1.648597	1.989014
35706	-834.7209	-1180.78	346.0588	1.510184	2.039058
35712	-838.9133	-1184.066	345.1523	1.342575	2.720253
35718	-846.5239	-1192.612	346.0881	1.480822	2.03907
35724	-842.2509	-1187.715	345.4644	1.556066	2.393411
35730	-841.8456	-1187.185	345.3393	1.421862	2.555923
35736	-832.0372	-1177.476	345.4386	1.216576	2.621625
35742	-824.8956	-1170.074	345.1789	1.303117	2.72812
35748	-841.5139	-1187.368	345.854	1.574878	2.131201
35754	-865.1367	-1211.15	346.0136	1.671484	1.961688
35760	-838.8883	-1183.96	345.0718	1.460143	2.697487
35766	-839.9066	-1184.573	344.6662	1.099682	3.159591
35772	-832.5414	-1177.4	344.8585	1.114472	3.036107
35778	-842.3763	-1187.856	345.48	1.200587	2.605888
35784	-856.7276	-1202.257	345.529	1.368281	2.470998
35790	-856.0151	-1196.726	340.7114	1.004915	5.45765
35796	-860.6723	-1203.14	342.4677	0.983816	4.492809
35802	-842.9075	-1188.209	345.3016	1.200214	2.715956
35808	-844.2058	-1190.347	346.1412	1.420498	2.043881
35814	-851.1345	-1197.407	346.2723	1.5471	1.870754
35820	-852.9743	-1198.555	345.5809	1.414809	2.409084
35826	-851.4279	-1197.078	345.6496	1.161436	2.524894
35832	-829.0899	-1175.111	346.0211	1.555778	2.033795
35838	-839.4096	-1184.778	345.3686	1.555778	2.453974
35844	-839.1892	-1183.857	344.6677	1.556676	2.884843
35850	-822.7036	-1168.454	345.7502	1.63645	2.158725
35856	-841.9363	-1188.563	346.6269	1.703799	1.507043
35862	-836.0308	-1181.812	345.7813	1.362664	2.315055
35868	-827.3438	-1172.97	345.6266	1.411845	2.382081
35874	-846.0054	-1191.562	345.557	1.481437	2.382081
35880	-840.0165	-1185.126	345.1095	1.267306	2.792345
35886	-834.3567	-1179.582	345.2252	1.212197	2.755359
35892	-832.2582	-1178.572	346.3136	1.779985	1.679852
35898	-834.7724	-1181.422	346.65	1.901855	1.336311
35904	-835.4328	-1182.164	346.7313	2.016159	1.173588
35910	-833.2232	-1179.958	346.7347	2.086918	1.107571
35916	-843.1117	-1189.742	346.63	2.133559	1.159509
35922	-834.6133	-1181.359	346.7462	1.883523	1.273208
35928	-835.7216	-1182.185	346.4631	1.883523	1.495075
35934	-836.3146	-1183	346.6851	1.766481	1.415144
35940	-838.7955	-1185.236	346.441	1.858887	1.530026
35946	-848.6958	-1195.408	346.7124	1.968016	1.231037
35952	-839.5509	-1182.871	343.3205	1.179446	3.89751
35958	-828.7563	-1174.059	345.3023	1.302529	2.652671
35964	-838.4921	-1182.901	344.4094	1.361816	3.156442
35970	-832.3687	-1176.388	344.0189	1.233242	3.462167
35976	-829.3278	-1174.815	345.4874	1.369768	2.496091
35982	-829.6469	-1175.582	345.9351	1.370672	2.211187
35988	-828.6485	-1173.531	344.8825	1.285961	2.91866
35994	-825.5501	-1171.043	345.4924	1.324815	2.521024
36000	-831.5128	-1176.773	345.2601	1.421901	2.605049
36006	-838.7751	-1184.613	345.8381	1.729134	2.040244
36012	-854.7636	-1200.284	345.5201	1.670468	2.285285
36018	-846.7994	-1191.994	345.195	1.477973	2.610601
36024	-857.7854	-1204.098	346.313	1.664965	1.761354
36030	-849.1776	-1194.43	345.2521	1.430604	2.604586
36036	-847.3369	-1193.231	345.8945	1.304687	2.279713
36042	-832.1072	-1178.518	346.411	1.75786	1.625935
36048	-841.4156	-1187.827	346.4112	1.8231	1.57831
36054	-854.2917	-1198.436	344.1442	1.155826	3.434208
36060	-845.369	-1190.347	344.9776	1.418534	2.780549
36066	-845.0491	-1191.039	345.9897	1.443782	2.128214
36072	-830.4222	-1176.175	345.7524	1.3854	2.31897
36078	-831.4003	-1177.042	345.642	1.494872	2.319526
36084	-819.3186	-1164.595	345.2767	1.339726	2.64552
36090	-842.3934	-1187.786	345.3929	1.285401	2.607295
36096	-827.6079	-1171.871	344.2627	1.335487	3.258893
36102	-847.5406	-1190.821	343.2803	1.153988	3.935118
36108	-854.0002	-1197.362	343.3622	1.403829	3.744408
36114	-833.4834	-1178.436	344.9528	1.255378	2.89467
36120	-839.8383	-1184.2	344.3618	1.24781	3.252158
36126	-838.3036	-1182.243	343.9395	1.350384	3.440132
36132	-836.6117	-1180.48	343.8681	1.186993	3.577051
36138	-830.5638	-1174.494	343.9302	1.124828	3.577051
36144	-837.5507	-1182.2	344.649	1.041421	3.204363
36150	-839.0658	-1185.044	345.9779	1.556475	2.06193
36156	-840.962	-1186.972	346.0099	1.524454	2.06193
36162	-832.7523	-1179.118	346.3655	1.804534	1.625027
36168	-845.8826	-1192.427	346.5448	1.625238	1.625027
36174	-842.077	-1187.843	345.7662	1.654223	2.136716
36180	-841.4977	-1187.48	345.982	1.588872	2.03783
36186	-854.2258	-1200.089	345.8634	1.588872	2.115885
36192	-853.4393	-1198.146	344.7067	1.308837	3.010606
36198	-846.8516	-1191.533	344.681	1.334523	3.010606
36204	-837.5127	-1182.223	344.7099	1.485486	2.902393
36210	-852.6977	-1198.526	345.8279	1.474914	2.213111
36216	-852.3231	-1198.551	346.2279	1.474914	1.94972
36222	-848.928	-1195.158	346.23	1.552043	1.896187
36228	-832.2132	-1178.098	345.885	1.713664	2.019389
36234	-840.308	-1186.792	346.484	1.580431	1.7006
36240	-836.2033	-1182.751	346.5473	1.798308	1.495878
36246	-841.7866	-1188.026	346.2394	2.106212	1.495878
36252	-843.6356	-1189.875	346.2394	2.106212	1.495878
36258	-842.3706	-1188.61	346.2394	2.106212	1.495878
36264	-846.3855	-1192.625	346.2394	2.106212	1.495878
36270	-842.032	-1187.002	344.9698	1.336139	2.835439
36276	-846.5876	-1192.346	345.7585	1.485935	2.25073
36282	-843.2183	-1189.839	346.6209	2.101595	1.195195
36288	-827.8177	-1174.387	346.569	2.002269	1.32076
36294	-839.3626	-1185.91	346.5479	1.691247	1.574792
36300	-843.1709	-1188.225	345.0536	1.506186	2.680393
36306	-858.2014	-1202.213	344.0111	1.222745	3.472875
36312	-852.6026	-1196.818	344.2157	1.356304	3.274367
36318	-835.3575	-1179.708	344.3503	1.221701	3.274367
36324	-851.4355	-1194.621	343.1853	1.375959	3.862302
36330	-867.2146	-1211.05	343.8356	1.501007	3.412767
36336	-847.9228	-1192.514	344.5909	1.13866	3.181115
36342	-835.603	-1180.171	344.5676	1.16202	3.181115
36348	-847.344	-1190.128	342.7837	0.9970098	4.3071
36354	-836.1367	-1181.717	345.5804	1.38003	2.431319
36360	-844.5384	-1190.321	345.7824	1.581724	2.173354
36366	-841.7503	-1187.778	346.0276	1.336585	2.173354
36372	-841.3516	-1187.485	346.1335	1.568025	1.950607
36378	-853.9318	-1199.498	345.5659	1.710816	2.229943
36384	-837.6333	-1183.919	346.2854	1.645909	1.793825
36390	-851.3422	-1197.916	346.5734	1.910733	1.389863
36396	-850.7019	-1197.849	347.1467	1.945247	0.8253306
36402	-848.6785	-1194.806	346.1271	1.625428	1.916199
36408	-846.3122	-1192.577	346.265	1.375321	1.99163
36414	-845.3862	-1191.631	346.2449	1.475632	1.937852
36420	-838.6509	-1184.05	345.3989	1.425998	2.516253
36426	-849.0053	-1193.328	344.3229	1.210473	3.297153
36432	-844.4043	-1191.245	346.8403	1.973428	1.114771
36438	-842.8676	-1189.755	346.8874	1.785129	1.23768
36444	-835.1209	-1182.021	346.9004	1.795769	1.217674
36450	-835.2288	-1182.121	346.8923	1.872972	1.158064
36456	-837.2302	-1184.355	347.1244	1.7055	1.100029
36462	-836.9171	-1183.862	346.9454	1.91374	1.072977
36468	-847.5819	-1194.291	346.7094	2.005676	1.201553
36474	-852.5846	-1198.566	345.9818	1.618069	2.018559
36480	-850.7125	-1196.797	346.0847	1.508394	2.023091
36486	-831.2511	-1177.962	346.7106	1.616018	1.510057
36492	-833.8633	-1179.045	345.1815	1.256484	2.755049
36498	-834.317	-1177.396	343.0787	1.175791	4.037941
36504	-845.3045	-1190.387	345.0825	1.263284	2.811244
36510	-832.3092	-1176.811	344.5016	1.332331	3.119119
36516	-818.1942	-1162.004	343.8101	1.151039	3.631569
36522	-834.5577	-1177.194	342.6367	0.9143105	4.436768
36528	-837.8143	-1180.042	342.2275	1.027707	4.603066
36534	-831.0143	-1175.688	344.6742	1.048607	3.185177
36540	-849.2021	-1193.467	344.2653	1.25994	3.301964
36546	-844.9058	-1189.388	344.4819	1.244918	3.182756
36552	-847.9064	-1192.612	344.706	1.234715	3.055376
36558	-852.8571	-1197.589	344.7316	1.537478	2.857815
36564	-838.0216	-1183.341	345.3198	1.246319	2.676501
36570	-850.0497	-1195.518	345.4688	1.314611	2.542111
36576	-855.5259	-1197.352	341.826	1.097144	4.788862
36582	-849.4072	-1193.268	343.8611	0.9631411	3.710832
36588	-851.7487	-1194.269	342.5208	1.048798	4.426296
36594	-853.9414	-1195.319	341.3774	1.036715	5.072106
36600	-848.783	-1190.76	341.9773	0.8937653	4.81792
36606	-829.7357	-1173.365	343.6291	1.050899	3.794009
36612	-828.943	-1173.469	344.5255	1.089376	3.249043
36618	-832.9714	-1176.11	343.1387	1.096536	4.048891
36624	-839.2029	-1183.605	344.4025	0.9626941	3.396011
36630	-835.4441	-1179.435	343.9914	1.141909	3.531533
36636	-848.4411	-1191.167	342.726	1.005931	4.334632
36642	-851.4531	-1195.402	343.9491	1.01281	3.6311
36648	-839.9231	-1184.66	344.7365	1.224658	3.043149
36654	-838.205	-1184.459	346.2539	1.456307	1.944746
36660	-835.4493	-1181.35	345.9003	1.456307	2.178271
36666	-827.6882	-1172.656	344.9683	1.229337	2.901038
36672	-836.8461	-1182.202	345.3554	1.152159	2.712466
36678	-831.9984	-1177.857	345.8583	1.289557	2.312545
36684	-829.786	-1175.568	345.7824	1.468085	2.246822
36690	-822.6299	-1168.017	345.3872	1.610983	2.407493
36696	-824.634	-1169.126	344.492	1.315413	3.134892
36702	-818.9886	-1162.581	343.5922	1.27276	3.687292
36708	-825.7344	-1171.172	345.4379	1.362175	2.531711
36714	-816.2705	-1161.758	345.4872	1.543617	2.386896
36720	-829.306	-1174.28	344.9745	1.430761	2.775009
36726	-830.1819	-1174.843	344.6607	1.302891	3.041711
36732	-829.0668	-1174.214	345.1469	1.411584	2.681222
36738	-838.4289	-1183.74	345.3114	1.542494	2.498144
36744	-838.0912	-1183.612	345.5206	1.425442	2.440362
36750	-840.9502	-1185.986	345.0356	1.30751	2.812829
36756	-841.1592	-1187.475	346.3155	1.779572	1.678844
36762	-830.8232	-1177.418	346.5947	1.84906	1.421132
36768	-834.3221	-1180.222	345.8999	1.685066	2.028451
36774	-836.2872	-1182.509	346.2222	1.570754	1.88878
36780	-864.0489	-1210.617	346.5684	1.326104	1.819264
36786	-845.7513	-1191.3	345.5486	1.402052	2.43745
36792	-834.3545	-1180.199	345.8445	1.540986	2.159528
36798	-832.6748	-1178.698	346.0233	1.555507	2.032542
36804	-834.8593	-1179.249	344.39	1.236139	3.242394
36810	-831.739	-1176.556	344.8167	1.235747	2.988456
36816	-839.758	-1184.51	344.7516	1.300868	2.988456
36822	-835.6708	-1178.356	342.6854	1.155659	4.272935
36828	-840.3839	-1185.917	345.533	1.251531	2.5414
36834	-847.8574	-1192.137	344.2796	1.335096	3.24917
36840	-854.5681	-1200.208	345.6398	1.371424	2.399249
36846	-862.7151	-1207.472	344.7566	1.29067	2.991591
36852	-856.6996	-1201.097	344.3972	1.167873	3.278442
36858	-866.7993	-1209.676	342.8771	0.9876075	4.25955
36864	-848.3632	-1190.796	342.4333	1.007838	4.498611
36870	-860.5777	-1206.139	345.5614	1.326091	2.477104
36876	-865.731	-1211.109	345.3785	1.184489	2.678409
36882	-841.9614	-1187.749	345.7871	1.357446	2.314632
36888	-851.5639	-1197.476	345.9122	1.232367	2.314632
36894	-855.2219	-1200.379	345.1574	1.368047	2.701489
36900	-851.956	-1197.575	345.619	1.233537	2.498989
36906	-842.4497	-1186.92	344.4702	1.217697	3.205824
36912	-842.6137	-1187.66	345.0458	1.360018	2.774679
36918	-833.941	-1178.769	344.8281	1.165238	3.023904
36924	-840.8146	-1186.671	345.8566	1.473107	2.195707
36930	-833.1113	-1178.769	345.6582	1.699406	2.177646
36936	-843.3032	-1189.039	345.7357	1.593672	2.1959
36942	-838.0016	-1183.601	345.5993	1.477207	2.35796
36948	-835.2512	-1180.505	345.254	1.470217	2.578841
36954	-842.5511	-1184.985	342.4344	1.024502	4.48865
36960	-845.0502	-1189.799	344.7484	1.463504	2.892414
36966	-845.0278	-1190.371	345.3433	1.335766	2.60682
36972	-835.8803	-1181.138	345.2574	1.421709	2.60682
36978	-830.5622	-1174.976	344.4139	1.371558	3.147957
36984	-831.8757	-1176.016	344.1405	1.294004	3.355344
36990	-851.5703	-1196.453	344.8828	1.243845	2.943822
36996	-841.6602	-1186.486	344.8255	1.327479	2.927985
37002	-847.1808	-1192.778	345.597	1.590876	2.286989
37008	-840.2569	-1186.129	345.8726	1.674583	2.053489
37014	-843.7071	-1187.947	344.2396	1.319762	3.281826
37020	-831.6046	-1176.876	345.2712	1.336203	2.651073
37026	-829.6058	-1174.538	344.9325	1.339752	2.855846
37032	-834.1877	-1179.835	345.647	1.250983	2.470525
37038	-838.0797	-1182.819	344.7394	1.343143	2.970376
37044	-836.672	-1181.642	344.9698	1.248322	2.888623
37050	-837.8351	-1182.658	344.823	1.395144	2.888623
37056	-833.855	-1178.891	345.0356	1.18258	2.888623
37062	-854.4779	-1199.843	345.365	1.565322	2.450243
37068	-844.7975	-1188.729	343.9315	1.260492	3.49728
37074	-843.4235	-1188.826	345.4026	1.454594	2.496053
37080	-854.2796	-1200.023	345.7429	1.439316	2.290606
37086	-844.0375	-1190.042	346.0049	1.475895	2.097231
37092	-844.3493	-1190.477	346.1272	1.478646	2.014568
37098	-865.2921	-1211.247	345.9551	1.704399	1.978776
37104	-847.1684	-1193.049	345.8802	1.576557	2.112967
37110	-852.1919	-1197.457	345.2653	1.576557	2.505627
37116	-859.2188	-1205.247	346.0279	1.515028	2.056325
37122	-852.7497	-1198.685	345.9356	1.607326	2.056325
37128	-848.0481	-1194.007	345.9584	1.59328	2.050485
37134	-845.7969	-1191.442	345.6451	1.519978	2.301536
37140	-847.9861	-1193.65	345.664	1.50107	2.301536
37146	-841.9697	-1186.58	344.6099	1.217242	3.123183
37152	-849.4157	-1194.643	345.2271	1.245917	2.733577
37158	-863.6218	-1206.96	343.3378	1.247678	3.848417
37164	-855.5533	-1201.894	346.3407	1.493482	1.860657
37170	-852.1197	-1198.994	346.8742	2.108351	0.9507905
37176	-860.0303	-1207.147	347.1169	1.643132	1.162609
37182	-847.2003	-1193.004	345.8038	1.661046	2.107702
37188	-850.8425	-1197.315	346.4721	1.64804	1.660914
37194	-850.6316	-1196.897	346.2653	1.643486	1.809394
37200	-845.8353	-1189.288	343.4526	1.156703	3.834688
37206	-837.3432	-1181.579	344.2356	1.287389	3.303256
37212	-833.3349	-1175.66	342.3248	1.189875	4.457211
37218	-850.2822	-1194.055	343.7733	1.287343	3.573778
37224	-841.6829	-1186.984	345.3006	1.704391	2.403201
37230	-832.3541	-1177.909	345.555	1.664743	2.266569
37236	-816.6083	-1162.735	346.1266	1.649547	1.900223
37242	-847.1662	-1193.066	345.8997	1.536306	2.126539
37248	-839.4466	-1185.599	346.1526	1.644722	1.885801
37254	-833.7267	-1179.092	345.3656	1.443567	2.526036
37260	-853.7344	-1197.206	343.4717	1.429637	3.666242
37266	-856.7472	-1200.492	343.7452	1.156063	3.666242
37272	-842.6683	-1188.213	345.5449	1.404727	2.438074
37278	-838.4434	-1183.362	344.9185	1.244468	2.921972
37284	-832.7867	-1177.86	345.0734	1.499792	2.672157
37290	-839.3068	-1184.336	345.0291	1.133828	2.921972
37296	-836.5678	-1181.16	344.5925	1.397656	3.02582
37302	-858.0646	-1203.199	345.1348	1.111169	2.871785
37308	-843.0855	-1186.71	343.6244	1.275541	3.667008
37314	-836.2703	-1180.313	344.0428	1.253055	3.436592
37320	-851.9681	-1195.476	343.5083	1.064777	3.855506
37326	-852.2115	-1196.777	344.5657	1.147742	3.190678
37332	-853.9362	-1196.722	342.7863	1.175364	4.204557
37338	-845.1287	-1189.791	344.6621	1.215745	3.09295
37344	-838.3258	-1182.301	343.9749	1.243494	3.481884
37350	-826.8709	-1170.371	343.5004	1.098929	3.840419
37356	-838.9272	-1182.083	343.156	1.092962	4.041103
37362	-857.9363	-1204.162	346.2259	1.756267	1.75841
37368	-850.6255	-1197.095	346.4699	1.686421	1.63496
37374	-848.1621	-1191.765	343.6024	0.8955968	3.898605
37380	-835.0353	-1178.341	343.3057	1.19227	3.898605
37386	-834.0867	-1178.571	344.484	1.088467	3.274069
37392	-831.5003	-1177.286	345.7859	1.491676	2.229382
37398	-829.9209	-1175.545	345.6241	1.472072	2.345481
37404	-854.9817	-1197.885	342.9031	1.03642	4.217097
37410	-847.733	-1191.628	343.8953	1.189223	3.559929
37416	-842.0011	-1186.693	344.6921	1.309114	3.019185
37422	-853.0424	-1197.775	344.7323	1.378478	2.953383
37428	-832.8515	-1178.948	346.0969	1.289426	2.158961
37434	-818.1281	-1162.495	344.3674	1.163697	3.298516
37440	-822.6584	-1167.338	344.6797	1.285441	3.040815
37446	-824.2689	-1169.488	345.2196	1.394491	2.646995
37452	-829.6496	-1175.471	345.8217	1.485544	2.21022
37458	-825.7692	-1171.587	345.8183	1.488989	2.21022
37464	-823.6069	-1169.854	346.2466	1.499311	1.920668
37470	-830.172	-1175.735	345.5625	1.460923	2.391568
37476	-835.456	-1180.343	344.8867	1.293916	2.911276
37482	-827.311	-1172.437	345.1259	1.397728	2.702603
37488	-825.7192	-1171.386	345.6668	1.611706	2.228768
37494	-839.3106	-1184.193	344.8826	1.330178	2.891889
37500	-841.5267	-1186.53	345.0033	1.350805	2.80619
37506	-839.8468	-1185.076	345.2294	1.179055	2.773067
37512	-834.2348	-1180.082	345.8467	1.462463	2.208996
37518	-835.9845	-1180.809	344.8248	1.162474	3.027532
37524	-847.7291	-1191.195	343.4664	1.162474	3.823454
37530	-840.3938	-1184.167	343.7731	1.122928	3.66927
37536	-838.9528	-1182.578	343.6251	1.031939	3.807243
37542	-837.9393	-1183.408	345.4684	1.305203	2.548197
37548	-838.2048	-1182.784	344.5792	1.283445	3.102002
37554	-841.2643	-1184.971	343.7064	0.9811407	3.789696
37560	-827.8944	-1172.127	344.2324	1.057427	3.440128
37566	-837.9222	-1181.581	343.6585	0.9686852	3.824432
37572	-832.582	-1175.838	343.2563	0.9661836	4.056208
37578	-832.5685	-1174.958	342.3891	0.9087083	4.579167
37584	-840.0194	-1183.532	343.5122	1.068098	3.851353
37590	-841.1496	-1183.832	342.6827	0.9071361	4.4149
37596	-828.2098	-1171.647	343.4373	0.928303	3.974461
37602	-810.4833	-1155.487	345.0033	1.195308	2.900417
37608	-825.7399	-1169.319	343.5789	0.8482106	3.939241
37614	-823.3619	-1168.182	344.8203	1.068338	3.086534
37620	-815.3923	-1160.575	345.1827	1.200898	2.788191
37626	-818.0268	-1162.766	344.7394	1.297425	2.997845
37632	-816.4912	-1162.105	345.6142	1.399935	2.39741
37638	-814.1715	-1160.673	346.5014	1.622347	1.658364
37644	-828.2463	-1174.026	345.78	1.7103	2.090994
37650	-844.6098	-1189.198	344.5883	1.146964	3.177786
37656	-845.1008	-1190.587	345.4859	1.438057	2.454209
37662	-843.2345	-1187.601	344.3669	1.298331	3.219248
37668	-826.3042	-1172.583	346.2789	1.434138	1.942868
37674	-839.8016	-1185.726	345.9241	1.585366	2.078387
37680	-846.4057	-1191.242	344.8362	1.458206	2.842404
37686	-839.1651	-1183.9	344.7353	1.309354	2.993158
37692	-826.1447	-1170.986	344.8414	1.203241	2.993158
37698	-824.9015	-1169.287	344.3857	1.112568	3.317803
37704	-825.0342	-1169.578	344.5439	1.212711	3.165081
37710	-823.7142	-1169.424	345.7096	1.680939	2.156203
37716	-825.6426	-1170.4	344.7576	1.375769	2.939813
37722	-825.252	-1169.826	344.5745	1.433844	3.014941
37728	-829.0327	-1172.236	343.2033	1.243456	3.92797
37734	-832.4234	-1176.966	344.5427	1.240264	3.149431
37740	-824.4615	-1168.592	344.1301	1.371207	3.316059
37746	-825.9734	-1170.966	344.9927	1.321978	2.830124
37752	-824.3695	-1169.838	345.4687	1.271903	2.568685
37758	-824.1992	-1169.236	345.0368	1.162822	2.89981
37764	-834.8295	-1181.133	346.3031	2.003089	1.525308
37770	-818.8931	-1165.179	346.2855	1.871563	1.634423
37776	-831.1217	-1177.459	346.3369	1.797676	1.650581
37782	-836.5457	-1181.701	345.1551	1.597055	2.561526
37788	-824.7104	-1169.768	345.0571	1.441039	2.718212
37794	-819.3046	-1165.111	345.8067	1.562186	2.170277
37800	-819.4885	-1164.323	344.8346	1.50356	2.815871
37806	-838.7092	-1183.886	345.1768	1.349562	2.700926
37812	-833.9246	-1179.42	345.4952	1.296147	2.537176
37818	-833.8779	-1178.85	344.9716	1.365042	2.816769
37824	-847.4138	-1193.283	345.8689	1.568037	2.125927
37830	-852.7798	-1198.349	345.5692	1.480571	2.374921
37836	-851.2136	-1197.416	346.2024	1.438015	1.991537
37842	-837.9461	-1182.52	344.5742	1.252184	3.123612
37848	-834.5653	-1179.039	344.4735	1.039945	3.308909
37854	-854.57	-1199.243	344.673	1.276672	3.050052
37860	-854.6687	-1200.238	345.5695	1.192622	2.555346
37866	-856.669	-1200.386	343.7166	1.124418	3.701127
37872	-842.8482	-1188.669	345.8206	1.504934	2.198422
37878	-845.0269	-1190.961	345.9338	1.564425	2.085761
37884	-830.2545	-1176.222	345.9679	1.665911	1.995981
37890	-827.0154	-1172.251	345.2359	1.585806	2.518242
37896	-823.4221	-1169.372	345.9494	1.392525	2.187757
37902	-822.6216	-1169.187	346.5657	1.528743	1.679277
37908	-830.8411	-1177.121	346.2801	1.61153	1.821275
37914	-818.2648	-1164.493	346.2281	1.655618	1.826732
37920	-822.6402	-1168.811	346.1705	1.713196	1.826732
37926	-824.518	-1170.732	346.2137	1.52575	1.925044
37932	-828.7892	-1174.282	345.4933	1.456197	2.438162
37938	-827.3135	-1172.496	345.1829	1.446149	2.637729
37944	-829.4543	-1174.698	345.2439	1.337601	2.667025
37950	-850.1471	-1194.521	344.3742	1.313231	3.206115
37956	-842.8536	-1187.101	344.2478	1.227178	3.331557
37962	-842.4045	-1186.939	344.5344	1.164253	3.199466
37968	-839.4563	-1183.116	343.6598	1.350517	3.603029
37974	-829.1086	-1172.54	343.4318	1.142175	3.854979
37980	-830.0607	-1172.379	342.3182	1.042407	4.543912
37986	-830.8574	-1175.228	344.3704	1.289306	3.222528
37992	-831.735	-1176.341	344.606	1.192596	3.140153
37998	-825.7497	-1170.499	344.7496	1.265868	3.010636
38004	-824.1568	-1169.46	345.3035	1.364669	2.61361
38010	-842.6362	-1188.001	345.3647	1.471322	2.509273
38016	-832.3473	-1177.823	345.4756	1.393368	2.488673
38022	-822.6266	-1167.757	345.1303	1.422515	2.684648
38028	-832.3636	-1177.742	345.3785	1.631469	2.400041
38034	-852.2454	-1197.317	345.0721	1.391251	2.739521
38040	-850.095	-1195.689	345.5938	1.566653	2.304526
38046	-855.2408	-1201.057	345.8166	1.343827	2.304526
38052	-846.5922	-1191.697	345.1053	1.336116	2.752923
38058	-835.0876	-1180.47	345.382	1.351102	2.57333
38064	-835.6073	-1181.165	345.558	1.364451	2.455207
38070	-837.0026	-1182.719	345.7167	1.367012	2.353368
38076	-831.3191	-1176.474	345.1549	1.272629	2.761385
38082	-841.9208	-1187.197	345.2766	1.27019	2.688392
38088	-835.0097	-1180.012	345.002	1.2221	2.885031
38094	-850.5397	-1196.099	345.5594	1.369974	2.450801
38100	-861.3877	-1205.813	344.4258	1.153466	3.270088
38106	-857.2108	-1202.35	345.1396	1.311732	2.746899
38112	-873.4689	-1220.188	346.7186	1.58429	1.527784
38118	-862.8098	-1209.182	346.3724	1.699767	1.695079
38124	-841.5727	-1185.141	343.5678	1.087052	3.808467
38130	-837.0818	-1182.042	344.9598	1.266038	2.88395
38136	-837.4613	-1183.36	345.8989	1.437071	2.191634
38142	-828.9661	-1174.736	345.7701	1.580782	2.181978
38148	-823.0929	-1168.89	345.797	1.454877	2.245932
38154	-821.3722	-1167.541	346.1685	1.41495	2.029481
38160	-832.9901	-1177.948	344.9574	1.421729	2.790935
38166	-829.0613	-1175.14	346.0791	1.321887	2.149423
38172	-837.5435	-1181.973	344.4295	1.21501	3.231555
38178	-839.387	-1185.159	345.7717	1.286669	2.36944
38184	-832.4474	-1177.497	345.0492	1.296704	2.811146
38190	-836.511	-1180.648	344.1372	1.14515	3.444528
38196	-848.172	-1193.792	345.6203	1.426277	2.376909
38202	-844.7621	-1190.748	345.9855	1.464628	2.11734
38208	-835.5888	-1182.062	346.4728	1.56168	1.721715
38214	-840.3499	-1184.423	344.073	1.178479	3.462593
38220	-836.7907	-1181.936	345.1451	1.252931	2.779404
38226	-846.8547	-1192.091	345.2368	1.128509	2.799366
38232	-828.7536	-1173.303	344.5491	1.298757	3.110818
38238	-837.3989	-1181.433	344.034	1.35939	3.379462
38244	-840.9002	-1185.161	344.2607	1.158618	3.364242
38250	-832.8898	-1177.484	344.5942	1.338972	3.05993
38256	-836.8422	-1179.747	342.9045	1.12954	4.163476
38262	-840.851	-1184.873	344.0218	1.156695	3.505152
38268	-835.3554	-1180.056	344.7007	1.228301	3.062381
38274	-836.5622	-1181.936	345.3737	1.31555	2.600524
38280	-828.8158	-1174.329	345.5132	1.381449	2.472632
38286	-838.8679	-1184.81	345.9426	1.556629	2.085129
38292	-827.9407	-1173.709	345.7684	1.406778	2.295081
38298	-812.5216	-1158.29	345.7684	1.406778	2.295081
38304	-826.3522	-1172.514	346.1621	1.610297	1.902744
38310	-828.204	-1173.672	345.4682	1.523759	2.411461
38316	-826.0088	-1172.083	346.0746	1.311577	2.159019
38322	-827.9645	-1173.869	345.9041	1.284839	2.286316
38328	-824.3409	-1170.368	346.0268	1.326295	2.180557
38334	-819.0296	-1164.772	345.7424	1.376356	2.331114
38340	-844.5044	-1190.914	346.41	1.505364	1.804843
38346	-845.4855	-1191.879	346.3936	1.672627	1.69933
38352	-848.6757	-1195.076	346.4	1.722182	1.659469
38358	-839.7217	-1186.475	346.7534	1.491479	1.570595
38364	-843.4724	-1189.831	346.3589	1.449078	1.878604
38370	-835.6097	-1181.327	345.717	1.277933	2.409551
38376	-833.7784	-1178.772	344.994	1.467346	2.740775
38382	-832.5453	-1177.686	345.1403	1.301163	2.752893
38388	-833.3395	-1177.179	343.839	1.039776	3.679247
38394	-837.4583	-1181.763	344.3042	1.116808	3.363239
38400	-831.7247	-1176.864	345.1393	1.234983	2.793852
38406	-819.8416	-1165.404	345.5629	1.42734	2.412543
38412	-819.2669	-1165.043	345.7761	1.339302	2.33321
38418	-824.6804	-1170.084	345.4035	1.317388	2.580966
38424	-829.8602	-1173.639	343.7791	1.24962	3.592323
38430	-834.2328	-1178.619	344.3861	0.9561753	3.409435
38436	-847.2032	-1192.683	345.4794	1.42074	2.469155
38442	-855.0299	-1200.302	345.2718	1.395976	2.613834
38448	-857.0226	-1202.388	345.3649	1.397396	2.555215
38454	-869.8861	-1215.88	345.9938	1.305165	2.215602
38460	-856.16	-1202.946	346.7858	1.623299	1.447764
38466	-862.3126	-1208.366	346.0538	1.488732	2.056556
38472	-845.0395	-1191.104	346.0643	1.478224	2.056556
38478	-830.3491	-1174.472	344.123	1.187174	3.428226
38484	-834.3614	-1179.361	345	1.302344	2.837628
38490	-846.7235	-1193.292	346.568	1.684686	1.564848
38496	-844.5061	-1190.996	346.49	1.591009	1.688839
38502	-837.7764	-1183.964	346.1877	1.657682	1.85304
38508	-846.5715	-1192.385	345.8139	1.850246	1.975704
38514	-842.4293	-1188.243	345.8139	1.850246	1.975704
38520	-839.0853	-1184.899	345.8139	1.850246	1.975704
38526	-840.5495	-1187.342	346.7923	1.750364	1.343688
38532	-850.4842	-1196.719	346.2345	1.750364	1.756525
38538	-865.9489	-1212.539	346.5898	1.532964	1.659063
38544	-850.12	-1192.529	342.4092	1.304849	4.34475
38550	-849.431	-1193.328	343.8969	1.094288	3.614164
38556	-854.4734	-1198.711	344.238	1.214976	3.344475
38562	-853.9112	-1196.522	342.6111	1.052054	4.373525
38568	-852.155	-1193.488	341.3331	0.9149478	5.164125
38574	-837.8969	-1181.835	343.9381	1.085806	3.595138
38580	-845.3803	-1191.558	346.1777	1.813028	1.752444
38586	-839.8896	-1186.081	346.1912	1.731244	1.799992
38592	-841.3283	-1186.578	345.2498	1.433591	2.604149
38598	-832.4593	-1176.743	344.2841	1.414951	3.199227
38604	-857.2284	-1202.058	344.8293	1.659902	2.723679
38610	-839.7306	-1185.261	345.53	1.40851	2.445118
38616	-846.9277	-1192.508	345.5807	1.387805	2.426207
38622	-844.6526	-1187.737	343.0841	1.061	4.100277
38628	-831.5894	-1176.221	344.6316	1.044339	3.212938
38634	-833.8518	-1178.732	344.8802	1.119486	3.020124
38640	-845.1414	-1191.552	346.411	1.623238	1.72189
38646	-848.1913	-1194.205	346.0134	1.506242	2.071659
38652	-845.1014	-1190.428	345.3268	1.398142	2.578406
38658	-842.5917	-1188.002	345.41	1.315013	2.578406
38664	-841.7912	-1188.127	346.3354	1.459248	1.887643
38670	-840.4504	-1186.299	345.8486	1.554854	2.147798
38676	-842.5975	-1188.257	345.6598	1.477293	2.319428
38682	-843.6715	-1188.315	344.6438	1.252557	3.081894
38688	-851.0666	-1197.02	345.9537	1.286004	2.253733
38694	-863.9131	-1210.315	346.4023	1.41442	1.872627
38700	-853.4804	-1199.284	345.8033	1.695928	2.085098
38706	-850.4973	-1194.802	344.3051	1.481822	3.147106
38712	-837.5693	-1181.634	344.0648	1.031034	3.553326
38718	-837.9799	-1181.058	343.0782	0.9989702	4.138947
38724	-828.5646	-1171.517	342.9526	1.064704	4.172952
38730	-837.616	-1179.931	342.3147	0.7871153	4.689029
38736	-840.0344	-1182.648	342.6137	0.9194296	4.446833
38742	-836.599	-1179.643	343.0441	0.7784771	4.283362
38748	-838.8398	-1182.543	343.7031	1.062231	3.744841
38754	-838.477	-1182.126	343.6488	1.121644	3.74185
38760	-837.6071	-1181.284	343.6767	1.093838	3.74185
38766	-831.0045	-1174.841	343.8364	1.118904	3.634933
38772	-833.2707	-1177.215	343.9444	1.231438	3.506701
38778	-822.9371	-1167.088	344.1511	1.117626	3.45249
38784	-834.079	-1177.191	343.1118	0.9442399	4.150951
38790	-846.3632	-1188.923	342.5601	1.194461	4.321854
38796	-837.5623	-1182.582	345.0201	1.392254	2.770657
38802	-835.4643	-1179.223	343.7591	1.165269	3.652904
38808	-830.5651	-1175.153	344.5875	1.038751	3.242297
38814	-827.7561	-1170.41	342.6541	0.8998666	4.435097
38820	-825.7009	-1169.825	344.1236	1.088149	3.485762
38826	-825.7167	-1171.138	345.4214	1.376524	2.533037
38832	-821.799	-1167.083	345.2842	1.246003	2.698548
38838	-830.7931	-1174.521	343.7275	1.137859	3.687059
38844	-839.1424	-1183.863	344.721	1.475831	2.901505
38850	-828.0378	-1174.006	345.9677	1.491281	2.111518
38856	-827.8773	-1173.759	345.8822	1.582049	2.108087
38862	-837.6772	-1183.802	346.1252	1.692082	1.872195
38868	-842.4293	-1188.55	346.1202	1.702711	1.868359
38874	-833.6503	-1179.488	345.838	1.492027	2.19548
38880	-834.8511	-1179.628	344.777	1.379363	2.925928
38886	-837.7121	-1182.541	344.8288	1.394756	2.88533
38892	-840.1131	-1185.293	345.1799	1.504778	2.603396
38898	-834.7752	-1180.571	345.7957	1.520745	2.204288
38904	-833.3708	-1179.212	345.841	1.475477	2.204288
38910	-846.0307	-1192.506	346.4751	1.65025	1.657197
38916	-840.5115	-1186.749	346.2373	1.448034	1.961513
38922	-844.4876	-1190.728	346.2409	1.453239	1.955607
38928	-841.3735	-1187.641	346.267	1.450589	1.939796
38934	-832.5967	-1179.053	346.4563	1.450589	1.810726
38940	-840.6918	-1187.072	346.3803	1.473095	1.847565
38946	-844.0788	-1188.909	344.83	1.150462	3.031623
38952	-848.4496	-1193.653	345.2037	1.288179	2.722052
38958	-853.1189	-1199.653	346.5337	1.429821	1.771427
38964	-856.6085	-1203.386	346.7776	1.795582	1.319267
38970	-852.8939	-1198.659	345.7648	1.346395	2.335921
38976	-850.0896	-1195.262	345.1721	1.402255	2.671404
38982	-849.2604	-1194.362	345.1012	1.249538	2.808208
38988	-830.0829	-1174.508	344.4252	1.073664	3.317461
38994	-838.3708	-1182.625	344.2541	1.146808	3.375034
39000	-842.6269	-1186.764	344.1374	1.32606	3.338308
39006	-833.5364	-1179.631	346.0944	1.41514	2.078312
39012	-841.899	-1187.698	345.7989	1.51552	2.205571
39018	-832.2737	-1178.901	346.6273	1.583997	1.595125
39024	-830.7094	-1177.552	346.8428	1.742264	1.30964
39030	-821.8501	-1168.604	346.7536	1.709668	1.406068
39036	-833.2872	-1179.963	346.6758	1.966065	1.263154
39042	-838.0528	-1184.766	346.7127	1.830421	1.343287
39048	-830.6148	-1177.153	346.5384	1.484361	1.729947
39054	-829.7161	-1175.104	345.3883	1.486181	2.485266
39060	-835.5603	-1181.3	345.7397	1.430458	2.298308
39066	-831.2827	-1176.564	345.2813	1.430458	2.586571
39072	-822.8166	-1169	346.1832	1.541412	1.935037
39078	-822.5342	-1168.321	345.7864	1.408712	2.282338
39084	-812.1415	-1158.222	346.0808	1.455042	2.060976
39090	-836.4832	-1182.132	345.6491	1.201543	2.500176
39096	-836.9326	-1182.137	345.2041	1.356495	2.679917
39102	-838.1693	-1183.351	345.1815	1.196978	2.791321
39108	-833.732	-1178.868	345.1358	1.242719	2.791321
39114	-830.938	-1176.534	345.5959	1.36199	2.432889
39120	-839.5821	-1185.108	345.5259	1.415769	2.443099
39126	-831.162	-1175.74	344.5782	1.208063	3.14747
39132	-835.8298	-1181.19	345.3605	1.299449	2.618659
39138	-835.4046	-1180.518	345.1129	1.310808	2.76374
39144	-833.4764	-1179.935	346.459	1.648939	1.669637
39150	-828.8904	-1175.417	346.5265	1.581394	1.669637
39156	-826.8185	-1173.025	346.2065	1.73241	1.788561
39162	-836.2371	-1181.731	345.4935	1.626522	2.330286
39168	-845.9015	-1192.043	346.1412	1.75629	1.817239
39174	-841.676	-1187.483	345.8069	1.774122	2.031096
39180	-825.8374	-1171.077	345.2393	1.328212	2.675654
39186	-831.8352	-1176.722	344.887	1.234555	2.946932
39192	-846.5156	-1191.847	345.3316	1.647176	2.419777
39198	-857.6559	-1204.323	346.6669	1.596421	1.557
39204	-845.6891	-1191.811	346.1221	1.930679	1.708792
39210	-830.8275	-1177.25	346.4225	1.758369	1.617195
39216	-831.4578	-1177.796	346.3382	1.83295	1.624232
39222	-831.6838	-1178.013	346.3288	1.685793	1.735744
39228	-840.2742	-1186.25	345.9758	1.606647	2.030115
39234	-846.5778	-1191.246	344.6685	1.390351	2.98459
39240	-854.3439	-1197.607	343.2631	1.339039	3.838813
39246	-836.8446	-1181.624	344.7794	1.386879	2.919922
39252	-832.788	-1177.188	344.3996	1.293325	3.202837
39258	-838.3445	-1184.267	345.922	1.340404	2.239149
39264	-837.4997	-1181.789	344.2892	1.295616	3.266798
39270	-844.6319	-1190.536	345.9044	1.584566	2.091852
39276	-834.6035	-1181.009	346.4052	1.684371	1.682744
39282	-856.0374	-1200.929	344.8911	1.209778	2.95933
39288	-869.3772	-1212.03	342.6527	1.139062	4.300831
39294	-828.3644	-1172.583	344.2188	1.166306	3.384355
39300	-848.0545	-1192.109	344.0542	1.09188	3.524084
39306	-839.9661	-1184.062	344.0956	1.098149	3.496267
39312	-852.5921	-1196.09	343.4977	1.114057	3.833302
39318	-856.216	-1199.108	342.8922	1.097495	4.188652
39324	-851.678	-1195.36	343.6821	1.018026	3.782419
39330	-835.1761	-1178.891	343.7154	1.111665	3.709167
39336	-851.4688	-1195.165	343.6964	1.13064	3.709167
39342	-850.0868	-1194.286	344.1996	1.148881	3.40582
39348	-840.213	-1184.779	344.5663	1.336162	3.078241
39354	-839.4189	-1183.161	343.7417	1.052817	3.727958
39360	-834.0475	-1177.738	343.6905	1.104019	3.727958
39366	-831.7617	-1176.715	344.9529	1.259463	2.892124
39372	-834.9208	-1180.765	345.8439	1.746956	2.024566
39378	-831.099	-1176.503	345.4035	1.643709	2.376526
39384	-832.7413	-1178.294	345.5526	1.494611	2.376526
39390	-845.1733	-1190.16	344.9862	1.490263	2.731501
39396	-848.4235	-1193.58	345.1566	1.291798	2.748689
39402	-834.256	-1180.041	345.7852	1.485885	2.233556
39408	-831.0569	-1177.024	345.9667	1.451109	2.138458
39414	-829.5728	-1173.844	344.2716	1.461447	3.179103
39420	-832.3868	-1178.263	345.8767	1.361399	2.25478
39426	-827.7453	-1173.353	345.6076	1.440216	2.376108
39432	-837.7357	-1183.434	345.6988	1.608597	2.210115
39438	-831.4015	-1177.832	346.4307	1.545692	1.762445
39444	-834.5328	-1180.022	345.4891	1.403055	2.474188
39450	-834.1324	-1179.37	345.2378	1.338267	2.670395
39456	-828.4463	-1174.196	345.7498	1.438474	2.286757
39462	-829.8856	-1175.494	345.6087	1.334418	2.442172
39468	-830.6154	-1176.144	345.5285	1.436238	2.428567
39474	-842.3715	-1186.374	344.0029	1.307357	3.428175
39480	-840.2873	-1183.857	343.5701	1.110482	3.793666
39486	-838.434	-1179.679	341.2448	0.865808	5.240172
39492	-831.0829	-1175.043	343.96	1.016584	3.622587
39498	-844.7234	-1190.485	345.7615	1.385179	2.3133
39504	-849.3673	-1195.373	346.0052	1.433359	2.124854
39510	-842.2875	-1188.132	345.8443	1.543311	2.158147
39516	-838.5826	-1184.534	345.9518	1.513561	2.10735
39522	-852.1906	-1198.788	346.5973	1.743556	1.499445
39528	-848.3066	-1194.981	346.6746	2.030511	1.210067
39534	-844.3738	-1191.075	346.7015	1.872723	1.318428
39540	-841.709	-1187.595	345.8855	1.437319	2.200145
39546	-841.1903	-1186.736	345.5458	1.329374	2.484796
39552	-844.8176	-1190.397	345.5793	1.41077	2.412623
39558	-833.5358	-1178.561	345.0251	1.269044	2.842589
39564	-855.4704	-1200.969	345.4982	1.178523	2.608284
39570	-848.2114	-1192.636	344.4244	1.276824	3.197923
39576	-836.8449	-1181.828	344.9828	1.333185	2.829308
39582	-846.3757	-1190.885	344.5089	1.252546	3.162226
39588	-833.0933	-1177.225	344.1318	1.124993	3.459435
39594	-832.4568	-1175.581	343.1242	1.132173	4.036863
39600	-845.6174	-1186.099	340.482	0.9914002	5.59119
39606	-836.7404	-1180.743	344.0025	1.103059	3.547655
39612	-843.2315	-1187.701	344.4691	1.298492	3.158552
39618	-843.3417	-1187.331	343.9893	1.345499	3.41384
39624	-838.2726	-1183.778	345.5051	1.520808	2.390017
39630	-844.9586	-1190.545	345.5868	1.273237	2.494268
39636	-834.0448	-1178.613	344.568	1.290482	3.104486
39642	-840.7261	-1186.402	345.6763	1.420026	2.345374
39648	-839.8854	-1186.182	346.2969	1.581155	1.830608
39654	-853.1456	-1199.087	345.9414	1.574062	2.074428
39660	-848.3704	-1192.231	343.8607	1.05734	3.656536
39666	-838.2594	-1182.481	344.2219	1.068737	3.4397
39672	-847.5787	-1191.948	344.3697	1.159454	3.299608
39678	-835.2079	-1178.701	343.4932	1.067242	3.862787
39684	-826.7216	-1170.264	343.5425	1.017963	3.862787
39690	-845.527	-1186.524	340.9972	0.9635334	5.322952
39696	-856.9092	-1200.195	343.2861	1.212361	3.898364
39702	-848.7201	-1193.957	345.2366	1.25397	2.722835
39708	-844.2063	-1188.915	344.7088	1.060054	3.157796
39714	-858.1916	-1199.022	340.8308	0.769934	5.521232
39720	-853.6185	-1196.905	343.286	0.791614	4.138684
39726	-838.7794	-1182.752	343.9728	0.8803814	3.694086
39732	-838.7148	-1181.885	343.1699	1.037562	4.064759
39738	-830.7528	-1175.728	344.9756	1.226432	2.898382
39744	-832.6568	-1177.168	344.5107	1.265999	3.153153
39750	-819.0195	-1164.452	345.4322	1.342506	2.547517
39756	-826.5489	-1171.26	344.7113	1.441206	2.928282
39762	-828.4732	-1173.895	345.422	1.657114	2.356263
39768	-830.6033	-1176.74	346.1369	1.479238	2.007727
39774	-836.6762	-1180.67	343.9937	1.325777	3.422774
39780	-829.6067	-1173.814	344.2076	1.296901	3.314173
39786	-850.0713	-1195.581	345.51	1.337991	2.501824
39792	-830.5283	-1176.564	346.0354	1.826289	1.841809
39798	-842.1296	-1188.61	346.4799	1.840159	1.514948
39804	-842.4696	-1189.332	346.8626	1.71195	1.318177
39810	-841.7704	-1187.425	345.6545	1.54491	2.279608
39816	-841.0894	-1187.661	346.5719	1.649496	1.587762
39822	-843.9183	-1189.764	345.8457	1.458988	2.21191
39828	-847.8741	-1193.265	345.3906	1.418125	2.526298
39834	-848.2776	-1192.187	343.9095	1.243883	3.519817
39840	-830.607	-1175.44	344.8334	1.42987	2.861323
39846	-829.183	-1174.742	345.5591	1.197362	2.558858
39852	-829.2256	-1173.685	344.4598	1.24364	3.196618
39858	-821.3431	-1165.769	344.426	1.480773	3.075688
39864	-834.0478	-1176.921	342.8734	1.156572	4.165747
39870	-840.7802	-1184.669	343.8893	1.235463	3.536515
39876	-834.3763	-1176.972	342.5959	1.08916	4.361155
39882	-842.9497	-1187.819	344.8698	1.23722	2.95565
39888	-838.085	-1182.757	344.6719	1.435121	2.95565
39894	-838.9676	-1185.949	346.9816	1.769001	1.170868
39900	-826.1213	-1172.56	346.4391	1.368886	1.878562
39906	-825.7442	-1172.065	346.3205	1.562746	1.827047
39912	-834.8868	-1180.471	345.5841	1.562746	2.313215
39918	-834.7648	-1180.557	345.7926	1.306288	2.343702
39924	-838.8356	-1183.968	345.1329	1.255782	2.785133
39930	-835.1155	-1179.532	344.4163	1.329545	3.171485
39936	-824.2493	-1169.899	345.65	1.553915	2.276724
39942	-820.9313	-1165.581	344.6497	1.452368	2.958619
39948	-829.4053	-1174.059	344.6539	1.187978	3.114399
39954	-831.5356	-1176.166	344.6306	1.211275	3.114399
39960	-847.0184	-1191.784	344.7653	1.32988	2.962773
39966	-843.6634	-1189.557	345.8938	1.704719	2.019491
39972	-841.0696	-1185.136	344.0666	1.252101	3.423249
39978	-833.3923	-1178.384	344.9914	1.360285	2.807609
39984	-834.5262	-1180.521	345.9951	1.454302	2.117808
39990	-834.9837	-1180.897	345.9135	1.560612	2.101593
39996	-819.7235	-1165.676	345.9521	1.619796	2.037142
40002	-812.3908	-1159.129	346.7377	1.650838	1.463424
40008	-830.9369	-1177.148	346.2113	1.636644	1.851239
40014	-824.84	-1170.609	345.7689	1.56626	2.192157
40020	-822.3895	-1168.34	345.9509	1.704259	1.98169
40026	-834.549	-1180.986	346.4368	1.506015	1.785876
40032	-834.8206	-1180.556	345.7359	1.342183	2.356953
40038	-838.6569	-1185.125	346.4676	1.781452	1.567504
40044	-850.142	-1194.114	343.972	1.281292	3.461536
40050	-837.714	-1180.949	343.2352	1.281328	3.887984
40056	-852.9369	-1197.038	344.1015	1.266842	3.394158
40062	-831.8758	-1178.183	346.3067	1.620518	1.796661
40068	-849.0953	-1195.074	345.9791	1.576601	2.047864
40074	-842.5769	-1189.22	346.6431	1.596304	1.574591
40080	-857.415	-1202.195	344.7796	1.260427	2.995937
40086	-856.7958	-1201.746	344.9498	1.344412	2.842523
40092	-848.3277	-1192.617	344.2898	1.166846	3.342341
40098	-841.5184	-1185.711	344.1922	1.264438	3.342341
40104	-828.9457	-1172.321	343.375	1.142105	3.887668
40110	-835.3748	-1180.574	345.1991	1.142105	2.813994
40116	-838.3674	-1182.901	344.5336	1.088006	3.245062
40122	-832.7588	-1176.452	343.6934	1.163836	3.69172
40128	-830.6867	-1174.837	344.1502	1.153417	3.432055
40134	-835.097	-1180.258	345.1605	1.32526	2.725785
40140	-835.4289	-1179.835	344.406	1.273313	3.210931
40146	-835.7634	-1181.01	345.2471	1.285787	2.69693
40152	-843.4402	-1188.136	344.6963	1.199473	3.082228
40158	-839.6361	-1184.646	345.0102	1.230367	2.875055
40164	-854.4158	-1198.99	344.5738	1.399124	3.036112
40170	-872.7164	-1215.283	342.567	1.171001	4.331211
40176	-853.1986	-1196.532	343.3329	1.07402	3.950794
40182	-842.8487	-1185.908	343.0591	1.139175	4.069998
40188	-832.1017	-1178.736	346.634	1.649761	1.541969
40194	-834.8464	-1181.25	346.4034	1.660685	1.700839
40200	-838.4105	-1183.692	345.2812	1.212187	2.721139
40206	-846.9014	-1192.404	345.5029	1.34877	2.49949
40212	-833.7424	-1178.885	345.1429	1.358277	2.716349
40218	-842.7972	-1187.411	344.6135	1.111036	3.184153
40224	-837.921	-1183.21	345.2894	1.495967	2.540848
40230	-849.3845	-1194.189	344.8042	1.396881	2.898946
40236	-853.6099	-1198.432	344.8222	1.457251	2.851497
40242	-842.8834	-1185.665	342.7818	1.097776	4.251093
40248	-840.9076	-1185.407	344.4992	1.079555	3.270395
40254	-828.4476	-1173.687	345.239	1.441826	2.605768
40260	-838.1579	-1183.535	345.3768	1.304022	2.605768
40266	-847.5259	-1192.717	345.1916	1.511693	2.591828
40272	-845.0489	-1190.692	345.6431	1.310498	2.435621
40278	-833.4778	-1180.161	346.6832	1.53221	1.59214
40284	-829.8436	-1176.474	346.6301	1.763138	1.459849
40290	-826.3313	-1172.568	346.2369	1.510371	1.919791
40296	-839.2195	-1185.928	346.7083	1.699518	1.448729
40302	-840.4979	-1186.887	346.3891	1.661225	1.710545
40308	-833.7961	-1180.305	346.5092	1.8666	1.473095
40314	-816.7172	-1163.622	346.905	1.737643	1.262542
40320	-824.0681	-1170.869	346.8014	1.865867	1.24207
40326	-824.4158	-1171.311	346.8948	1.772422	1.24207
40332	-831.6858	-1178.581	346.8948	1.772422	1.24207
40338	-832.5064	-1179.094	346.5876	1.71965	1.524535
40344	-840.5363	-1187.095	346.5586	1.548528	1.670236
40350	-843.0443	-1188.618	345.5736	1.530298	2.340567
40356	-851.5043	-1197.186	345.6819	1.729205	2.142816
40362	-842.1061	-1187.595	345.4893	1.378447	2.489454
40368	-835.9237	-1181.31	345.3864	1.401988	2.538999
40374	-843.852	-1188.457	344.6051	1.184618	3.145446
40380	-856.6357	-1200.123	343.4877	1.219523	3.77836
40386	-854.3368	-1198.429	344.0922	1.186517	3.446659
40392	-828.3274	-1174.665	346.3376	1.693268	1.724294
40398	-833.4197	-1179.905	346.4855	1.545378	1.724294
40404	-839.5209	-1183.499	343.978	1.170168	3.522839
40410	-845.2725	-1191.072	345.7995	1.439063	2.254461
40416	-859.6943	-1205.425	345.7308	1.435193	2.300993
40422	-823.9629	-1169.187	345.224	1.503777	2.57669
40428	-835.7565	-1180.335	344.5782	1.404152	3.030495
40434	-828.3736	-1173.326	344.9527	1.291014	2.87313
40440	-836.8879	-1180.655	343.7675	1.232434	3.609044
40446	-853.8285	-1198.416	344.5871	1.291004	3.092814
40452	-865.9698	-1209.636	343.6662	1.031327	3.783945
40458	-848.2537	-1192.659	344.4055	1.271062	3.212573
40464	-858.9698	-1204.059	345.0896	1.443303	2.696894
40470	-863.0607	-1207.877	344.8168	1.244866	2.982927
40476	-844.8155	-1187.715	342.8997	1.178494	4.138351
40482	-850.1395	-1193.244	343.1045	0.973658	4.138351
40488	-847.7015	-1191.503	343.8017	1.146626	3.638992
40494	-849.9303	-1195.972	346.0421	1.551965	2.022421
40500	-856.3326	-1202.54	346.2071	1.759877	1.769029
40506	-857.5052	-1203.573	346.0679	1.536037	2.015886
40512	-854.8064	-1200.883	346.0764	1.664476	1.924082
40518	-843.935	-1189.845	345.9103	1.50616	2.139335
40524	-857.0883	-1202.943	345.8551	1.5872	2.122463
40530	-853.2684	-1198.591	345.3231	1.510195	2.511022
40536	-854.7703	-1197.941	343.1705	1.185469	3.979981
40542	-837.9333	-1184.067	346.1336	1.708883	1.855034
40548	-835.5331	-1182.121	346.5879	1.721034	1.523289
40554	-834.6192	-1180.095	345.4762	1.451839	2.451688
40560	-842.3973	-1188.436	346.0385	1.478787	2.073236
40566	-833.6532	-1179.399	345.7459	1.400091	2.313769
40572	-830.0686	-1173.796	343.7274	1.402206	3.533669
40578	-831.1259	-1176.236	345.1098	1.38468	2.720473
40584	-842.0802	-1188.015	345.9346	1.529295	2.108316
40590	-838.3205	-1184.675	346.3542	1.403944	1.912443
40596	-840.6089	-1186.424	345.8153	1.554022	2.169994
40602	-842.7084	-1187.19	344.4814	1.447766	3.062302
40608	-841.5958	-1185.995	344.3996	1.241964	3.233265
40614	-844.5925	-1191.04	346.4479	1.546022	1.7502
40620	-846.5371	-1190.373	343.8359	1.710257	3.289606
40626	-831.137	-1175.146	344.0088	1.263605	3.450315
40632	-828.7912	-1173.208	344.4165	1.229372	3.23072
40638	-834.7545	-1179.203	344.449	1.196895	3.23072
40644	-823.5452	-1167.773	344.2283	1.143111	3.392362
40650	-832.4049	-1178.646	346.2408	1.360767	2.017461
40656	-841.34	-1187.963	346.6232	1.661737	1.541051
40662	-835.665	-1182.165	346.4999	1.827108	1.509795
40668	-842.2213	-1188.888	346.6669	1.66005	1.509795
40674	-847.4773	-1193.963	346.486	1.717272	1.600953
40680	-847.2761	-1193.514	346.2379	1.928113	1.627964
40686	-837.3212	-1183.951	346.6293	2.004237	1.270079
40692	-842.6101	-1189.489	346.8787	2.081095	0.9744325
40698	-827.0193	-1174.126	347.1064	1.78194	1.045283
40704	-827.8327	-1174.529	346.6966	1.813172	1.369698
40710	-825.8745	-1172.031	346.1562	1.679866	1.859409
40716	-822.0887	-1167.88	345.791	1.577503	2.170565
40722	-828.38	-1172.344	343.9644	1.417597	3.386163
40728	-832.7534	-1177.749	344.9955	1.360535	2.804966
40734	-840.193	-1185.762	345.5693	1.539394	2.337483
40740	-840.4573	-1185.908	345.4511	1.446248	2.470924
40746	-840.2915	-1185.799	345.507	1.309446	2.521495
40752	-843.3342	-1188.979	345.6447	1.339146	2.416562
40758	-841.299	-1187.385	346.0859	1.66375	1.918165
40764	-843.1021	-1189.615	346.5131	1.834495	1.494358
40770	-834.3573	-1179.95	345.5929	1.336698	2.450693
40776	-839.0345	-1185.499	346.4645	1.34653	1.876459
40782	-837.9697	-1183.474	345.5039	1.522982	2.389349
40788	-831.3336	-1177.366	346.0326	1.59442	2.000523
40794	-838.3896	-1184.233	345.8431	1.583642	2.132604
40800	-835.2403	-1181.146	345.9055	1.494266	2.150189
40806	-826.6494	-1172.475	345.8255	1.574254	2.150189
40812	-819.7143	-1165.632	345.918	1.481764	2.150189
40818	-830.1481	-1176.301	346.1524	1.653483	1.879972
40824	-832.1514	-1178.672	346.5208	1.740056	1.558823
40830	-841.7235	-1188.148	346.4246	1.506518	1.793981
40836	-837.3773	-1183.963	346.5858	1.533335	1.661603
40842	-838.4563	-1184.911	346.4544	1.738851	1.608277
40848	-853.9907	-1199.697	345.706	1.280394	2.414975
40854	-841.2635	-1187.223	345.9594	1.571586	2.064204
40860	-840.5676	-1186.502	345.934	1.596959	2.064204
40866	-845.2667	-1191.071	345.8048	1.535263	2.189
40872	-843.6465	-1188.403	344.7564	1.319459	2.974382
40878	-859.2166	-1205.044	345.8276	1.453675	2.226987
40884	-839.4603	-1183.098	343.638	0.9708705	3.834949
40890	-857.9144	-1202.627	344.7129	1.29018	3.018096
40896	-844.6044	-1190.236	345.6312	1.423981	2.371441
40902	-845.8931	-1191.175	345.2823	1.374456	2.620614
40908	-828.9253	-1174.559	345.6339	1.318837	2.436129
40914	-834.3404	-1178.409	344.0688	1.005085	3.566078
40920	-849.7695	-1193.979	344.2097	1.137173	3.406728
40926	-861.2034	-1204.288	343.0844	1.114366	4.069686
40932	-859.4613	-1203.845	344.3833	1.220033	3.255852
40938	-858.9836	-1203.71	344.7262	1.200523	3.063783
40944	-856.3017	-1201.546	345.2438	1.527642	2.549524
40950	-855.4803	-1200.852	345.3721	1.478069	2.500466
40956	-850.9434	-1196.945	346.0012	1.593046	2.02227
40962	-841.7396	-1188.267	346.5278	1.601441	1.654431
40968	-848.2737	-1194.66	346.386	1.916535	1.528046
40974	-841.6025	-1188.589	346.9863	1.885684	1.060826
40980	-834.4454	-1181.361	346.9161	1.820256	1.183297
40986	-834.9842	-1181.815	346.8306	1.817196	1.258259
40992	-829.7956	-1176.47	346.6744	1.901922	1.316686
40998	-832.7642	-1179.512	346.7482	1.86008	1.290786
41004	-840.2896	-1186.617	346.3276	1.67781	1.742164
41010	-852.6314	-1198.378	345.7466	1.418072	2.301849
41016	-865.3606	-1211.692	346.3318	1.625678	1.775631
41022	-843.406	-1188.605	345.1989	1.41645	2.646187
41028	-845.7785	-1191.367	345.5889	1.369794	2.432369
41034	-853.2072	-1198.001	344.7935	1.543633	2.816461
41040	-838.9021	-1184.505	345.6032	1.348221	2.436988
41046	-824.4629	-1169.956	345.4935	1.324618	2.520462
41052	-835.1171	-1180.363	345.2455	1.50654	2.561579
41058	-840.8891	-1185.588	344.6987	1.212501	3.073057
41064	-833.7261	-1178.039	344.3129	1.249177	3.280225
41070	-832.1166	-1176.649	344.5321	1.401835	3.059447
41076	-837.572	-1182.236	344.6643	1.269686	3.059447
41082	-840.1446	-1184.848	344.7033	1.230656	3.059447
41088	-848.9387	-1193.462	344.523	1.351524	3.094951
41094	-838.9208	-1184.416	345.4951	1.173892	2.613064
41100	-844.0922	-1189.533	345.4412	1.431829	2.486133
41106	-852.9965	-1198.803	345.8063	1.739186	2.054615
41112	-859.3846	-1205.012	345.6279	1.58533	2.270729
41118	-858.6625	-1204.503	345.8407	1.673963	2.074943
41124	-851.4793	-1196.747	345.2676	1.411374	2.606874
41130	-838.8232	-1185.655	346.8321	1.830609	1.245896
41136	-848.6671	-1195.313	346.6456	1.668103	1.519689
41142	-851.0205	-1197.536	346.5154	1.70564	1.588061
41148	-840.8047	-1187.168	346.3631	1.857899	1.588061
41154	-852.9236	-1197.213	344.2899	1.371157	3.221725
41160	-844.0451	-1188.51	344.4652	1.19586	3.221725
41166	-859.5974	-1204.843	345.2459	1.45249	2.594878
41172	-850.7051	-1196.881	346.1759	1.700285	1.831877
41178	-849.6501	-1195.717	346.0665	1.832537	1.816177
41184	-845.9305	-1192.382	346.4511	1.644693	1.678299
41190	-836.7759	-1182.954	346.1783	1.49252	1.971192
41196	-845.5518	-1191.165	345.6131	1.657121	2.234094
41202	-839.9694	-1185.936	345.9669	1.586808	2.049144
41208	-841.7299	-1185.829	344.0995	1.302137	3.374638
41214	-832.9458	-1177.921	344.9754	1.406415	2.789293
41220	-824.3168	-1168.184	343.8672	1.155553	3.595789
41226	-829.2277	-1173.463	344.2352	1.253981	3.323194
41232	-835.0153	-1179.643	344.6275	1.46422	2.964869
41238	-831.3927	-1176.513	345.1199	1.400958	2.70431
41244	-838.7591	-1184.121	345.3619	1.400958	2.554902
41250	-847.5632	-1193.317	345.7533	1.513296	2.236447
41256	-839.614	-1184.773	345.1593	1.407666	2.675953
41262	-852.8796	-1198.138	345.2581	1.338198	2.657927
41268	-835.7786	-1181.473	345.6947	1.430238	2.32713
41274	-840.8301	-1186.975	346.1447	1.685083	1.863719
41280	-843.97	-1190.063	346.0932	1.677888	1.903644
41286	-840.3414	-1186.534	346.1926	1.578457	1.903644
41292	-837.9168	-1182.726	344.809	1.453684	2.861634
41298	-830.7923	-1176.749	345.9563	1.588249	2.055235
41304	-842.8952	-1188.614	345.7191	1.684028	2.148007
41310	-843.5684	-1190.17	346.6019	1.730596	1.505651
41316	-842.6634	-1189.235	346.5716	1.741673	1.520022
41322	-841.5356	-1187.492	345.9563	1.588249	2.055235
41328	-842.3569	-1188.313	345.9563	1.588249	2.055235
41334	-836.3941	-1182.35	345.9563	1.588249	2.055235
41340	-829.7029	-1175.659	345.9563	1.588249	2.055235
41346	-834.6061	-1180.562	345.9563	1.588249	2.055235
41352	-842.9194	-1188.876	345.9563	1.588249	2.055235
41358	-836.9732	-1182.929	345.9563	1.588249	2.055235
41364	-842.5289	-1188.485	345.9563	1.588249	2.055235
41370	-839.1733	-1185.13	345.9563	1.588249	2.055235
41376	-838.309	-1184.265	345.9563	1.588249	2.055235
41382	-845.6094	-1190.666	345.0562	1.477132	2.696632
41388	-828.7724	-1174.214	345.4414	1.435516	2.4837
41394	-837.5745	-1183.531	345.9563	1.588249	2.055235
41400	-843.2271	-1186.816	343.5887	1.42431	3.601487
41406	-838.8752	-1183.882	345.0069	1.456584	2.739445
41412	-830.1964	-1176.153	345.9563	1.588249	2.055235
41418	-831.7544	-1177.711	345.9563	1.588249	2.055235
41424	-854.1934	-1199.101	344.9072	1.440678	2.809947
41430	-830.4471	-1176.403	345.9563	1.588249	2.055235
41436	-835.1984	-1181.155	345.9563	1.588249	2.055235
41442	-845.0954	-1191.052	345.9563	1.588249	2.055235
41448	-833.3627	-1179.319	345.9563	1.588249	2.055235
41454	-823.8624	-1168.756	344.8936	1.260617	2.927219
41460	-838.8796	-1184.264	345.384	1.32342	2.589278
41466	-832.4777	-1177.654	345.1764	1.3914	2.675486
41472	-838.3738	-1183.448	345.0741	1.241541	2.829523
41478	-839.669	-1184.964	345.2948	1.628744	2.454464
41484	-834.4846	-1180.198	345.7131	1.240018	2.435885
41490	-832.7369	-1177.029	344.2925	1.229211	3.304013
41496	-829.0927	-1174.089	344.9967	1.134426	2.941115
41502	-830.6823	-1176.639	345.9563	1.588249	2.055235
41508	-831.4222	-1177.378	345.9563	1.588249	2.055235
41514	-829.9723	-1175.929	345.9563	1.588249	2.055235
41520	-845.2272	-1190.699	345.4722	1.458623	2.449936
41526	-844.8141	-1190.092	345.2779	1.652879	2.449936
41532	-853.9171	-1199.554	345.6371	1.386378	2.391516
41538	-849.2261	-1193.811	344.5848	1.301084	3.088129
41544	-829.978	-1175.934	345.9563	1.588249	2.055235
41550	-822.1906	-1168.147	345.9563	1.588249	2.055235
41556	-821.5868	-1167.543	345.9563	1.588249	2.055235
41562	-819.6992	-1165.655	345.9563	1.588249	2.055235
41568	-822.9569	-1168.913	345.9563	1.588249	2.055235
41574	-821.5133	-1167.47	345.9563	1.588249	2.055235
41580	-816.9234	-1162.88	345.9563	1.588249	2.055235
41586	-814.492	-1160.448	345.9563	1.588249	2.055235
41592	-822.8726	-1168.829	345.9563	1.588249	2.055235
41598	-821.463	-1167.419	345.9563	1.588249	2.055235
41604	-826.0269	-1171.983	345.9563	1.588249	2.055235
41610	-824.9563	-1170.913	345.9563	1.588249	2.055235
41616	-825.0065	-1170.963	345.9563	1.588249	2.055235
41622	-841.9721	-1188.753	346.7811	1.834647	1.284714
41628	-834.3401	-1181.081	346.7406	1.714506	1.412401
41634	-834.7341	-1180.69	345.9563	1.588249	2.055235
41640	-831.6831	-1177.639	345.9563	1.588249	2.055235
41646	-834.2577	-1180.214	345.9563	1.588249	2.055235
41652	-835.7342	-1181.69	345.9563	1.588249	2.055235
41658	-839.0529	-1185.009	345.9563	1.588249	2.055235
41664	-832.81	-1178.766	345.9563	1.588249	2.055235
41670	-823.7259	-1169.682	345.9563	1.588249	2.055235
41676	-824.1853	-1170.142	345.9563	1.588249	2.055235
41682	-836.3516	-1182.308	345.9563	1.588249	2.055235
41688	-845.808	-1191.764	345.9563	1.588249	2.055235
41694	-841.0882	-1187.044	345.9563	1.588249	2.055235
41700	-838.6224	-1184.579	345.9563	1.588249	2.055235
41706	-830.3863	-1176.343	345.9563	1.588249	2.055235
41712	-839.0202	-1184.976	345.9563	1.588249	2.055235
41718	-831.5072	-1177.463	345.9563	1.588249	2.055235
41724	-831.9905	-1177.947	345.9563	1.588249	2.055235
41730	-830.049	-1176.005	345.9563	1.588249	2.055235
41736	-831.9457	-1177.902	345.9563	1.588249	2.055235
41742	-826.6157	-1172.572	345.9563	1.588249	2.055235
41748	-827.9266	-1173.883	345.9563	1.588249	2.055235
41754	-827.7827	-1173.739	345.9563	1.588249	2.055235
41760	-831.6859	-1177.642	345.9563	1.588249	2.055235
41766	-837.8546	-1183.811	345.9563	1.588249	2.055235
41772	-835.7191	-1181.675	345.9563	1.588249	2.055235
41778	-833.0754	-1179.032	345.9563	1.588249	2.055235
41784	-832.6713	-1178.628	345.9563	1.588249	2.055235
41790	-832.7913	-1178.748	345.9563	1.588249	2.055235
41796	-835.0384	-1180.995	345.9563	1.588249	2.055235
41802	-841.2463	-1187.203	345.9563	1.588249	2.055235
41808	-826.3007	-1172.257	345.9563	1.588249	2.055235
41814	-849.7374	-1196.24	346.503	1.780495	1.542146
41820	-831.7494	-1178.239	346.4892	1.794289	1.542146
41826	-837.4083	-1183.521	346.1128	1.595464	1.946093
41832	-834.9268	-1180.883	345.9563	1.588249	2.055235
41838	-830.8918	-1176.848	345.9563	1.588249	2.055235
41844	-834.9222	-1180.878	345.9563	1.588249	2.055235
41850	-845.3913	-1191.874	346.4826	1.870031	1.4906
41856	-844.2075	-1190.874	346.6664	1.723645	1.462244
41862	-837.6706	-1183.703	346.0327	1.662776	1.954707
41868	-844.9092	-1191.295	346.3862	1.577955	1.770992
41874	-842.0011	-1187.957	345.9563	1.588249	2.055235
41880	-842.7026	-1188.659	345.9563	1.588249	2.055235
41886	-842.3553	-1188.312	345.9563	1.588249	2.055235
41892	-841.6463	-1187.603	345.9563	1.588249	2.055235
41898	-843.9294	-1189.886	345.9563	1.588249	2.055235
41904	-822.7726	-1169.616	346.8433	1.991784	1.095218
41910	-831.9694	-1177.926	345.9563	1.588249	2.055235
41916	-838.478	-1184.434	345.9563	1.588249	2.055235
41922	-844.929	-1191.136	346.2071	1.512271	1.938576
41928	-850.4473	-1194.756	344.3088	1.210474	3.30544
41934	-844.865	-1190.821	345.9563	1.588249	2.055235
41940	-847.1029	-1193.059	345.9563	1.588249	2.055235
41946	-846.4906	-1192.447	345.9563	1.588249	2.055235
41952	-841.8479	-1187.804	345.9563	1.588249	2.055235
41958	-838.4086	-1184.365	345.9563	1.588249	2.055235
41964	-836.486	-1182.442	345.9563	1.588249	2.055235
41970	-831.9013	-1174.56	342.6588	1.285603	4.214349
41976	-849.0357	-1193.239	344.2037	1.1908	3.378826
41982	-837.7397	-1183.696	345.9563	1.588249	2.055235
41988	-853.4503	-1199.602	346.1512	1.823303	1.763767
41994	-842.3109	-1187.504	345.1927	1.477984	2.612009
42000	-834.3557	-1178.407	344.051	1.319669	3.392787
42006	-837.4078	-1183.119	345.7116	1.401839	2.33447
42012	-834.2494	-1179.725	345.4757	1.457362	2.448492
42018	-830.8013	-1177.383	346.5813	1.507933	1.682941
42024	-829.5086	-1175.55	346.0416	1.686559	1.932677
42030	-834.2242	-1180.583	346.3591	1.790571	1.639707
42036	-843.6344	-1190.268	346.6339	1.790571	1.435972
42042	-843.1768	-1186.311	343.1343	1.156161	4.017407
42048	-846.1446	-1189.275	343.1304	1.164515	4.014859
42054	-853.1322	-1195.813	342.6812	1.007927	4.358831
42060	-859.0558	-1201.898	342.8421	1.096023	4.217913
42066	-850.8276	-1193.789	342.9613	0.9768445	4.217913
42072	-843.2542	-1187.312	344.0581	1.243182	3.433467
42078	-842.9704	-1187.718	344.7475	1.172252	3.067919
42084	-835.2754	-1179.168	343.8922	1.149745	3.584658
42090	-837.9691	-1182.868	344.8985	1.101553	3.01991
42096	-836.3955	-1181.259	344.8638	1.325483	2.906044
42102	-829.6911	-1174.446	344.7544	1.457139	2.892604
42108	-829.7306	-1174.823	345.0925	1.249869	2.813293
42114	-830.6409	-1176.457	345.8162	1.386222	2.27769
42120	-830.5227	-1176.045	345.5222	1.23993	2.555299
42126	-839.2126	-1184.905	345.6923	1.411403	2.340663
42132	-842.7214	-1188.995	346.2734	1.36564	1.992499
42138	-846.9234	-1192.34	345.417	1.531639	2.438702
42144	-846.1991	-1189.958	343.7593	1.457087	3.483067
42150	-830.9664	-1175.031	344.0645	1.232533	3.43594
42156	-844.6983	-1188.124	343.4256	1.080183	3.894167
42162	-838.1913	-1181.528	343.3369	1.285963	3.826876
42168	-837.6401	-1182.068	344.4284	1.49154	3.067832
42174	-834.5256	-1178.954	344.4284	1.49154	3.067832
42180	-835.2034	-1179.632	344.4284	1.49154	3.067832
42186	-843.3258	-1188.751	345.4255	1.574899	2.406109
42192	-837.0421	-1182.054	345.0121	1.561661	2.671795
42198	-828.65	-1173.849	345.1988	1.348447	2.688123
42204	-834.3313	-1179.083	344.7518	1.215201	3.039698
42210	-855.0523	-1198.482	343.4297	1.3782	3.72023
42216	-849.981	-1194.176	344.1945	1.163294	3.400331
42222	-844.4361	-1188.167	343.7309	1.178887	3.661318
42228	-852.9459	-1196.635	343.6888	0.9995388	3.789204
42234	-856.4518	-1199.459	343.0073	1.147616	4.094684
42240	-859.9027	-1206.672	346.7694	1.802776	1.320065
42246	-866.9063	-1213.199	346.2924	1.802776	1.67874
42252	-845.2864	-1190.371	345.0843	1.461094	2.689217
42258	-843.5691	-1188.014	344.445	1.424391	3.097984
42264	-821.317	-1165.133	343.8156	1.246415	3.573027
42270	-832.6128	-1176.596	343.983	1.155423	3.528554
42276	-825.3355	-1171.146	345.8106	1.475624	2.223772
42282	-848.0547	-1194.293	346.2388	1.453962	1.956521
42288	-841.3148	-1187.516	346.2016	1.598791	1.883704
42294	-847.8939	-1194.047	346.1527	1.580976	1.928978
42300	-839.0867	-1184.04	344.9529	1.33332	2.847384
42306	-826.767	-1173.066	346.2988	1.627799	1.797057
42312	-822.4797	-1169.293	346.8132	1.842743	1.251473
42318	-828.8391	-1175.112	346.273	1.867312	1.646446
42324	-828.6298	-1174.63	346	2.140328	1.646446
42330	-832.2491	-1179.073	346.8235	2.187099	0.9206399
42336	-830.8605	-1177.404	346.5434	1.750256	1.534611
42342	-835.7591	-1182.524	346.7651	1.886419	1.255177
42348	-835.2616	-1181.347	346.0858	1.804821	1.821932
42354	-848.1132	-1191.782	343.6684	1.087744	3.75011
42360	-850.8431	-1197.538	346.6952	1.783317	1.394186
42366	-832.6865	-1178.946	346.2591	1.667457	1.797092
42372	-829.9082	-1175.818	345.9099	1.6698	2.031985
42378	-816.8048	-1163.335	346.5301	1.838221	1.478715
42384	-826.0809	-1172.198	346.1172	1.483752	2.017835
42390	-831.4593	-1178.116	346.6571	1.572814	1.581571
42396	-835.8207	-1182.538	346.7176	1.795893	1.366762
42402	-844.2273	-1190.022	345.7947	1.510391	2.211614
42408	-832.2716	-1178.571	346.2998	1.675948	1.762948
42414	-830.4651	-1176.728	346.2633	1.665222	1.795781
42420	-843.0443	-1189.461	346.4169	1.451295	1.837401
42426	-835.8705	-1181.383	345.5129	1.380728	2.47323
42432	-838.4649	-1184.046	345.5816	1.312099	2.47323
42438	-840.1838	-1185.826	345.6423	1.251409	2.47323
42444	-832.1052	-1175.699	343.5939	1.181607	3.738965
42450	-840.2076	-1184.62	344.4126	1.239351	3.227104
42456	-839.8589	-1182.362	342.5033	0.9972857	4.465161
42462	-841.1343	-1184.884	343.7496	1.247127	3.610941
42468	-844.8885	-1188.248	343.3599	1.267086	3.824555
42474	-862.1348	-1205.962	343.8271	1.178184	3.605927
42480	-847.0776	-1189.884	342.8065	1.160396	4.201598
42486	-841.1494	-1185.461	344.3113	1.250214	3.280573
42492	-831.1346	-1177.679	346.5445	1.474234	1.732819
42498	-840.9259	-1186.897	345.9713	1.382798	2.179863
42504	-842.064	-1186.625	344.5611	1.269165	3.121299
42510	-837.3447	-1182.677	345.3326	1.454402	2.539861
42516	-842.3258	-1186.707	344.3808	1.225545	3.254093
42522	-832.3081	-1176.529	344.2213	1.131116	3.403516
42528	-831.2971	-1176.754	345.4574	1.347088	2.528993
42534	-829.9334	-1174.274	344.3403	1.384731	3.183846
42540	-827.5115	-1173.721	346.2098	1.534141	1.921996
42546	-843.6375	-1189.449	345.812	1.61565	2.132028
42552	-846.8713	-1189.725	342.8539	1.125621	4.194405
42558	-832.029	-1177.084	345.055	1.243055	2.840207
42564	-856.9731	-1202.348	345.3752	1.383948	2.557196
42570	-848.0165	-1193.177	345.1608	1.222623	2.788284
42576	-839.933	-1184.618	344.6848	1.232127	3.069625
42582	-831.7749	-1177.647	345.8726	1.504928	2.164705
42588	-829.6129	-1175.527	345.9142	1.58026	2.08826
42594	-836.6608	-1182.197	345.5367	1.355052	2.474422
42600	-826.0546	-1172.1	346.0458	1.498212	2.055568
42606	-841.3349	-1186.983	345.6481	1.312993	2.43091
42612	-853.1087	-1198.522	345.4136	1.500167	2.460639
42618	-840.3603	-1186.166	345.8053	1.359583	2.301679
42624	-839.0608	-1184.64	345.5794	1.397946	2.420664
42630	-851.9206	-1197	345.0798	1.472219	2.685189
42636	-857.5776	-1203.351	345.7738	1.45307	2.26196
42642	-833.9605	-1178.148	344.187	1.174494	3.398154
42648	-835.9978	-1180.288	344.2898	1.071761	3.398154
42654	-828.8524	-1172.984	344.1317	1.27357	3.372467
42660	-834.9168	-1178.285	343.3679	1.089098	3.922136
42666	-835.489	-1177.681	342.1922	1.034354	4.619104
42672	-856.4407	-1200.832	344.3914	1.29726	3.205404
42678	-840.3849	-1185.249	344.8637	1.301515	2.920599
42684	-859.2245	-1203.19	343.9652	1.391738	3.400848
42690	-848.5126	-1191.351	342.8384	1.147845	4.190594
42696	-853.4178	-1195.659	342.2411	0.9590877	4.633926
42702	-840.68	-1186.475	345.7948	1.608638	2.147793
42708	-838.4706	-1184.248	345.7778	1.483959	2.239585
42714	-823.8905	-1168.319	344.4285	1.490177	3.068565
42720	-833.7134	-1178.666	344.9525	1.365671	2.828003
42726	-829.6343	-1176.126	346.4917	1.629328	1.660309
42732	-840.5915	-1186.757	346.1652	1.386303	2.050637
42738	-829.7279	-1176.05	346.3224	1.645446	1.768405
42744	-843.1845	-1189.459	346.2747	1.876807	1.638395
42750	-836.3749	-1181.84	345.4652	1.809788	2.231021
42756	-836.0655	-1181.531	345.4652	1.809788	2.231021
42762	-834.7371	-1180.202	345.4652	1.809788	2.231021
42768	-830.2783	-1175.744	345.4652	1.809788	2.231021
42774	-835.565	-1181.03	345.4652	1.809788	2.231021
42780	-829.2722	-1175.027	345.7547	1.52033	2.231021
42786	-827.1855	-1172.563	345.3777	1.646899	2.390823
42792	-834.5895	-1180.591	346.0014	1.536137	2.059885
42798	-837.4718	-1183.286	345.8143	1.731566	2.054353
42804	-833.0315	-1178.977	345.946	1.753237	1.952179
42810	-814.2618	-1160.207	345.945	1.57877	2.068914
42816	-811.3206	-1156.644	345.3229	1.303797	2.639166
42822	-819.6857	-1164.343	344.6571	1.226021	3.089803
42828	-823.0737	-1167.553	344.4793	1.215301	3.201893
42834	-823.7875	-1168.538	344.7509	1.221183	3.036619
42840	-832.8929	-1176.903	344.01	1.040831	3.579485
42846	-841.3306	-1186.336	345.0055	1.171202	2.913675
42852	-850.9363	-1195.762	344.8252	1.302053	2.943481
42858	-855.8153	-1199.042	343.2269	1.198056	3.940474
42864	-840.3217	-1184.436	344.1143	1.115966	3.474978
42870	-838.8872	-1181.053	342.1659	1.045425	4.627663
42876	-850.3199	-1194.088	343.7679	1.011036	3.73695
42882	-848.7229	-1192.544	343.8216	1.168375	3.614858
42888	-855.3676	-1200.195	344.8275	1.355893	2.909595
42894	-845.3202	-1189.94	344.6202	1.261422	3.090665
42900	-838.267	-1182.036	343.7686	1.154401	3.653673
42906	-824.8831	-1169.909	345.026	1.30383	2.820918
42912	-831.5929	-1176.309	344.7163	1.291201	3.015447
42918	-834.4122	-1179.425	345.013	1.292135	2.835919
42924	-843.347	-1188.207	344.8602	1.068064	3.06286
42930	-831.3094	-1175.368	344.0587	1.109998	3.510879
42936	-839.6135	-1183.501	343.8877	1.281016	3.510879
42942	-822.5885	-1168.574	345.985	1.511863	2.086635
42948	-832.8758	-1178.814	345.9384	1.558504	2.086635
42954	-835.6392	-1181.921	346.2815	1.675641	1.775904
42960	-845.981	-1192.887	346.9056	1.577522	1.390635
42966	-852.0337	-1198.057	346.0234	1.781914	1.880368
42972	-845.1725	-1191.499	346.3264	1.478912	1.880368
42978	-838.9376	-1185.454	346.5168	1.945639	1.40668
42984	-835.4865	-1181.912	346.4257	1.913938	1.500297
42990	-831.6628	-1178.497	346.8346	1.721022	1.333334
42996	-829.7971	-1176.86	347.063	1.968907	0.8970346
43002	-825.4489	-1171.781	346.3326	1.643312	1.762822
43008	-832.5564	-1179.154	346.5979	1.721115	1.515719
43014	-840.6992	-1184.969	344.2699	1.210438	3.328376
43020	-834.0149	-1180.381	346.366	1.529973	1.818248
43026	-824.974	-1171.034	346.0602	1.803878	1.840206
43032	-836.7706	-1181.938	345.1677	1.578543	2.56519
43038	-834.925	-1181.045	346.12	1.536703	1.980659
43044	-829.4741	-1174.822	345.3474	1.530804	2.48292
43050	-845.6639	-1191.332	345.6677	1.520503	2.286783
43056	-829.796	-1175.947	346.1506	1.772111	1.799811
43062	-839.8623	-1185.976	346.1139	1.793758	1.810196
43068	-848.3637	-1194.867	346.5033	1.980532	1.39009
43074	-831.5967	-1178.073	346.4766	1.633714	1.667942
43080	-826.2515	-1172.538	346.2866	1.666163	1.778916
43086	-842.7139	-1188.858	346.1444	1.763957	1.809713
43092	-853.5924	-1199.98	346.3871	1.758438	1.642718
43098	-847.9276	-1194.202	346.2745	1.758438	1.722797
43104	-840.9002	-1187.321	346.421	1.648174	1.697218
43110	-832.1218	-1178.809	346.6868	1.770869	1.410381
43116	-830.6507	-1177.588	346.9374	1.976177	1.02082
43122	-831.5577	-1177.734	346.1759	1.61621	1.889386
43128	-826.4366	-1172.548	346.1116	1.525068	1.994073
43134	-834.4644	-1180.014	345.55	1.521924	2.360864
43140	-842.3188	-1187.65	345.3308	1.587828	2.45758
43146	-839.9438	-1184.054	344.1105	1.306743	3.365478
43152	-841.1749	-1186.148	344.9734	1.244115	2.88899
43158	-844.3337	-1190.246	345.9118	1.564664	2.100028
43164	-849.7907	-1195.594	345.8034	1.564664	2.170834
43170	-849.9294	-1196.617	346.6872	1.735903	1.437027
43176	-862.3046	-1208.91	346.6051	1.876326	1.391937
43182	-858.5868	-1202.444	343.8575	1.215949	3.566357
43188	-850.4853	-1195.836	345.3507	1.54252	2.473498
43194	-837.392	-1183.097	345.7051	1.354225	2.368813
43200	-833.2408	-1179.198	345.9568	1.378229	2.192228
43206	-846.773	-1192.681	345.9084	1.521571	2.130466
43212	-860.2203	-1206.155	345.9347	1.605944	2.057829
43218	-861.1624	-1207.255	346.0929	1.722782	1.873339
43224	-852.5212	-1198.67	346.1485	1.653883	1.882392
43230	-842.6414	-1188.307	345.6651	1.573966	2.254135
43236	-837.5684	-1183.303	345.7346	1.573966	2.209349
43242	-842.0858	-1188.798	346.7119	1.968782	1.230774
43248	-838.1213	-1184.703	346.5817	2.034778	1.28412
43254	-830.1813	-1175.424	345.2431	1.497276	2.56884
43260	-831.1474	-1176.932	345.7848	1.591315	2.165617
43266	-828.079	-1174.514	346.435	1.708472	1.644187
43272	-835.0115	-1180.89	345.8785	1.434485	2.206487
43278	-850.067	-1195.699	345.6315	1.577078	2.273699
43284	-862.954	-1208.271	345.3173	1.345879	2.61665
43290	-855.3473	-1200.954	345.607	1.737841	2.185913
43296	-843.3761	-1186.951	343.5746	1.189595	3.745487
43302	-846.8251	-1192.325	345.5003	1.499701	2.406376
43308	-846.6114	-1192.437	345.826	1.395895	2.26521
43314	-839.3509	-1184.224	344.8728	1.401035	2.854883
43320	-829.6809	-1175.364	345.683	1.541438	2.263542
43326	-841.9253	-1187.479	345.5541	1.37139	2.453262
43332	-835.4227	-1181.406	345.9833	1.647429	1.998018
43338	-838.8298	-1184.082	345.2524	1.486693	2.56965
43344	-827.6046	-1173.135	345.5299	1.53402	2.365947
43350	-845.702	-1191.965	346.2631	1.54076	1.881404
43356	-837.6743	-1184.046	346.3716	1.621007	1.751142
43362	-839.0094	-1185.187	346.1778	1.621007	1.884818
43368	-836.7684	-1182.047	345.2791	1.363866	2.629163
43374	-828.1358	-1172.555	344.4196	1.343072	3.161471
43380	-823.7658	-1168.535	344.7691	1.422151	2.904894
43386	-835.7073	-1181.838	346.1308	1.628916	1.911354
43392	-846.2679	-1192.173	345.9052	1.66818	2.036157
43398	-829.1313	-1174.192	345.0606	1.272255	2.819068
43404	-854.9856	-1200.862	345.876	1.586814	2.108996
43410	-844.3277	-1189.247	344.9196	1.18669	2.956074
43416	-831.1978	-1175.889	344.6912	1.180379	3.0967
43422	-826.4402	-1171.131	344.6912	1.180379	3.0967
43428	-828.8142	-1173.505	344.6912	1.180379	3.0967
43434	-834.3984	-1179.09	344.6912	1.180379	3.0967
43440	-832.7621	-1177.453	344.6912	1.180379	3.0967
43446	-832.8329	-1177.524	344.6912	1.180379	3.0967
43452	-827.5651	-1172.256	344.6912	1.180379	3.0967
43458	-825.4199	-1170.111	344.6912	1.180379	3.0967
43464	-829.8369	-1174.528	344.6912	1.180379	3.0967
43470	-831.4146	-1176.106	344.6912	1.180379	3.0967
43476	-830.2956	-1174.987	344.6912	1.180379	3.0967
43482	-831.0514	-1175.743	344.6912	1.180379	3.0967
43488	-829.3042	-1173.995	344.6912	1.180379	3.0967
43494	-824.0148	-1168.706	344.6912	1.180379	3.0967
43500	-824.4544	-1169.146	344.6912	1.180379	3.0967
43506	-837.0249	-1181.716	344.6912	1.180379	3.0967
43512	-833.7346	-1178.426	344.6912	1.180379	3.0967
43518	-834.9005	-1179.592	344.6912	1.180379	3.0967
43524	-831.3391	-1176.03	344.6912	1.180379	3.0967
43530	-830.3434	-1175.035	344.6912	1.180379	3.0967
43536	-842.2441	-1186.935	344.6912	1.180379	3.0967
43542	-842.5196	-1188.541	346.0215	1.800978	1.868668
43548	-846.7564	-1193.368	346.6117	1.823341	1.427911
43554	-843.6309	-1190.278	346.6467	1.951054	1.299394
43560	-832.5478	-1179.257	346.7094	1.907607	1.283647
43566	-832.8578	-1179.11	346.252	1.763936	1.734767
43572	-828.856	-1175.005	346.1492	1.543543	1.95654
43578	-823.9633	-1169.812	345.8484	1.439808	2.222553
43584	-837.6829	-1184.328	346.6452	1.536102	1.616918
43590	-858.9714	-1205.605	346.6332	1.821804	1.412511
43596	-859.2837	-1206.215	346.9309	1.889323	1.108814
43602	-849.8614	-1196.406	346.5448	1.672108	1.591051
43608	-857.3507	-1203.256	345.9051	1.586476	2.090152
43614	-854.4431	-1200.565	346.1221	1.524285	1.987581
43620	-845.9783	-1191.388	345.4098	1.706516	2.332635
43626	-853.8228	-1199.494	345.6709	1.789565	2.110535
43632	-847.8859	-1192.206	344.3199	1.087719	3.371111
43638	-837.3695	-1181.413	344.0431	1.174034	3.482603
43644	-820.6114	-1166.08	345.4684	1.268509	2.571
43650	-820.5329	-1165.773	345.2405	1.32472	2.677038
43656	-835.2752	-1179.723	344.4482	1.118248	3.277626
43662	-839.7944	-1185.31	345.516	1.333599	2.500803
43668	-842.1973	-1186.049	343.852	1.28596	3.528799
43674	-826.7863	-1171.28	344.4933	1.197485	3.204128
43680	-825.0991	-1169.577	344.4774	1.090059	3.277033
43686	-828.3484	-1173.08	344.7313	1.265908	3.021596
43692	-832.7579	-1177.511	344.7531	1.236624	3.026102
43698	-842.8591	-1187.981	345.122	1.397898	2.704915
43704	-836.2721	-1182.018	345.7455	1.540293	2.224105
43710	-833.5	-1179.246	345.7456	1.486791	2.258435
43716	-840.4944	-1186.59	346.0958	1.652148	1.919335
43722	-828.7994	-1174.314	345.5141	1.235321	2.563204
43728	-833.9487	-1179.376	345.4268	1.368894	2.534441
43734	-838.9887	-1184.487	345.4982	1.26497	2.554698
43740	-847.1201	-1193.068	345.9477	1.669979	2.00672
43746	-835.2947	-1182.242	346.9472	1.625969	1.319286
43752	-830.6471	-1177.36	346.7127	1.531286	1.57125
43758	-829.9551	-1175.467	345.5121	1.371243	2.479698
43764	-858.299	-1204.77	346.4714	1.85235	1.512206
43770	-842.4177	-1188.217	345.7993	1.561707	2.175411
43776	-828.8121	-1174.317	345.5049	1.257306	2.555282
43782	-837.0278	-1182.634	345.606	1.156217	2.555282
43788	-834.3443	-1180.268	345.9238	1.394959	2.202806
43794	-825.6879	-1171.753	346.0652	1.619611	1.96181
43800	-827.9249	-1173.854	345.9288	1.619146	2.052967
43806	-816.0035	-1160.578	344.5747	1.289355	3.101194
43812	-824.58	-1170.238	345.6577	1.543284	2.278582
43818	-824.8882	-1169.848	344.9593	1.359737	2.827485
43824	-834.6915	-1179.968	345.2768	1.435374	2.586324
43830	-833.5803	-1179.672	346.0913	1.549947	1.990996
43836	-832.6869	-1178.893	346.2064	1.434864	1.990996
43842	-828.9591	-1175.4	346.4408	1.474381	1.804999
43848	-817.8848	-1163.594	345.709	1.37163	2.355301
43854	-825.9032	-1170.283	344.3798	1.229191	3.252532
43860	-829.9079	-1175.605	345.6973	1.335301	2.385771
43866	-826.6827	-1171.011	344.3283	1.361964	3.204442
43872	-843.4265	-1190.103	346.6764	1.971356	1.258308
43878	-837.753	-1184.885	347.1324	1.504146	1.267627
43884	-824.0185	-1170.899	346.8804	1.875389	1.166388
43890	-820.7617	-1167.443	346.681	1.42438	1.67149
43896	-827.9202	-1173.82	345.8999	1.447004	2.184575
43902	-826.6507	-1170.865	344.2147	1.294832	3.311175
43908	-814.3039	-1159.267	344.9627	1.299543	2.861916
43914	-818.8518	-1163.952	345.1006	1.292034	2.782692
43920	-819.2483	-1164.911	345.6626	1.330305	2.410866
43926	-816.0024	-1161.529	345.5265	1.323721	2.500404
43932	-820.2035	-1165.084	344.8807	1.407962	2.845919
43938	-833.0782	-1178.362	345.2837	1.523394	2.527367
43944	-830.2117	-1173.548	343.3366	1.145357	3.907806
43950	-832.8663	-1178.948	346.0815	1.609479	1.957715
43956	-821.0613	-1167.276	346.2145	1.558082	1.90266
43962	-831.2104	-1175.77	344.5596	1.214991	3.154402
43968	-844.7226	-1189.579	344.8565	1.29283	2.930195
43974	-831.7917	-1177.629	345.8374	1.889891	1.933238
43980	-832.9249	-1177.851	344.926	1.216348	2.934377
43986	-826.9531	-1171.438	344.4846	1.380997	3.100247
43992	-830.5577	-1177.259	346.7012	1.926304	1.275008
43998	-826.9245	-1173.688	346.7637	1.905987	1.240021
44004	-841.6487	-1188.057	346.4085	1.611398	1.731958
44010	-833.7703	-1178.888	345.1173	1.521568	2.631688
44016	-832.9172	-1175.721	342.8042	1.215629	4.171525
44022	-824.2402	-1170.271	346.031	1.683695	1.941718
44028	-825.1909	-1170.54	345.3489	1.486559	2.509658
44034	-816.6841	-1162.976	346.2918	1.605757	1.817163
44040	-814.9576	-1161.057	346.0997	1.5453	1.988503
44046	-819.5938	-1164.423	344.8291	1.312848	2.934641
44052	-814.8749	-1161.358	346.4832	1.578769	1.70229
44058	-827.1512	-1172.547	345.3959	1.297099	2.598243
44064	-819.2523	-1164.648	345.3959	1.297099	2.598243
44070	-823.9267	-1169.323	345.3959	1.297099	2.598243
44076	-819.4665	-1164.862	345.3959	1.297099	2.598243
44082	-853.7259	-1199.336	345.61	1.521545	2.322946
44088	-846.303	-1191.847	345.5439	1.262472	2.527809
44094	-821.3804	-1166.776	345.3959	1.297099	2.598243
44100	-808.6121	-1154.008	345.3959	1.297099	2.598243
44106	-806.0632	-1151.459	345.3959	1.297099	2.598243
44112	-811.0798	-1156.476	345.3959	1.297099	2.598243
44118	-816.04	-1161.436	345.3959	1.297099	2.598243
44124	-818.6928	-1164.089	345.3959	1.297099	2.598243
44130	-818.3103	-1163.706	345.3959	1.297099	2.598243
44136	-817.0583	-1162.454	345.3959	1.297099	2.598243
44142	-819.434	-1164.83	345.3959	1.297099	2.598243
44148	-815.3776	-1160.773	345.3959	1.297099	2.598243
44154	-812.4122	-1157.808	345.3959	1.297099	2.598243
44160	-810.6998	-1156.096	345.3959	1.297099	2.598243
44166	-815.3161	-1160.712	345.3959	1.297099	2.598243
44172	-812.9203	-1158.316	345.3959	1.297099	2.598243
44178	-822.3129	-1167.709	345.3959	1.297099	2.598243
44184	-830.7727	-1175.856	345.083	1.471089	2.683912
44190	-826.5791	-1171.688	345.1092	1.359017	2.736514
44196	-829.0631	-1173.599	344.5356	1.461192	3.021834
44202	-812.7898	-1157.352	344.5624	1.206359	3.157859
44208	-821.648	-1166.965	345.3167	1.217361	2.696189
44214	-833.7709	-1177.386	343.615	1.062856	3.795233
44220	-829.6692	-1174.652	344.9824	1.272848	2.86618
44226	-821.0874	-1166.345	345.2577	1.304008	2.679227
44232	-827.8243	-1172.322	344.498	1.337556	3.118173
44238	-825.8019	-1170.957	345.1552	1.113848	2.85778
44244	-839.1534	-1184.605	345.4518	1.433379	2.47855
44250	-835.7726	-1180.9	345.1276	1.373605	2.716335
44256	-845.79	-1190.525	344.7349	1.445471	2.911462
44262	-840.947	-1185.797	344.8503	1.365257	2.890186
44268	-842.755	-1188.065	345.3101	1.571439	2.480846
44274	-847.9724	-1193.615	345.6425	1.225049	2.489565
44280	-848.7838	-1194.201	345.4172	1.339536	2.558694
44286	-846.384	-1191.548	345.1641	1.250311	2.769415
44292	-848.7188	-1193.891	345.1721	1.332529	2.714271
44298	-850.2693	-1195.67	345.4005	1.406203	2.5276
44304	-834.0741	-1179.649	345.5746	1.318273	2.473735
44310	-836.2541	-1181.668	345.4138	1.403669	2.520875
44316	-834.766	-1179.008	344.2422	1.517822	3.163083
44322	-830.7512	-1175.14	344.3886	1.452639	3.11477
44328	-833.8996	-1179.896	345.9962	1.412516	2.144381
44334	-819.5064	-1165.152	345.6453	1.429545	2.358998
44340	-835.7262	-1181.841	346.1146	1.531065	1.98802
44346	-831.9302	-1177.323	345.3924	1.514107	2.465206
44352	-820.4904	-1164.719	344.2287	1.275292	3.31447
44358	-831.0279	-1174.932	343.9042	1.411635	3.424904
44364	-837.5165	-1182.508	344.992	1.260763	2.867681
44370	-837.0089	-1182.008	344.9992	1.463587	2.739866
44376	-836.158	-1181.361	345.2025	1.493669	2.596223
44382	-841.6924	-1187.639	345.9462	1.387167	2.193352
44388	-839.0741	-1184.384	345.3103	1.598183	2.463968
44394	-829.3812	-1175.117	345.7361	1.311798	2.376088
44400	-832.0816	-1176.141	344.0593	1.153396	3.485228
44406	-836.459	-1180.615	344.1557	1.294644	3.346025
44412	-838.7623	-1182.164	343.4015	1.075036	3.910907
44418	-834.7625	-1179.135	344.3728	1.12681	3.317005
44424	-844.8062	-1188.445	343.6386	1.134462	3.740344
44430	-846.5937	-1190.66	344.0667	1.317541	3.384816
44436	-840.7673	-1186.224	345.4567	1.32786	2.541406
44442	-849.1971	-1195.747	346.55	1.661723	1.594813
44448	-847.956	-1194.28	346.3242	1.694427	1.73285
44454	-843.631	-1190.083	346.4518	1.741599	1.608177
44460	-860.0967	-1203.836	343.739	1.245389	3.618084
44466	-836.8052	-1180.771	343.9653	1.086517	3.578918
44472	-837.8604	-1181.806	343.9453	1.034116	3.620957
44478	-844.2804	-1188.401	344.1208	1.278875	3.375789
44484	-856.6038	-1202.302	345.6983	1.542308	2.253161
44490	-842.034	-1187.215	345.1813	1.254565	2.75634
44496	-851.4473	-1197.402	345.9546	1.315626	2.234094
44502	-862.0732	-1205.291	343.2177	1.326594	3.872076
44508	-851.2442	-1193.868	342.6238	1.298437	4.226944
44514	-859.5654	-1204.473	344.9078	1.462167	2.796478
44520	-843.2356	-1188.496	345.26	1.587261	2.502293
44526	-847.0237	-1193.543	346.5193	1.684396	1.600656
44532	-844.7174	-1191.143	346.4255	1.641597	1.698661
44538	-845.1861	-1191.102	345.9158	1.55123	2.106248
44544	-856.8748	-1203.774	346.8988	2.158524	0.8676389
44550	-870.4338	-1215.819	345.385	1.681054	2.364574
44556	-871.7888	-1217.335	345.5463	1.52852	2.359016
44562	-873.894	-1219.99	346.0956	1.589383	1.961738
44568	-868.7102	-1214.632	345.922	1.488477	2.143191
44574	-838.7874	-1185.745	346.9575	1.86301	1.108611
44580	-848.5623	-1195.486	346.924	1.793944	1.199126
44586	-843.6139	-1190.588	346.9739	1.820403	1.132234
44592	-837.8681	-1184.844	346.976	1.617862	1.302495
44598	-832.3499	-1178.596	346.2456	1.789396	1.721334
44604	-834.6838	-1181.083	346.3995	1.499162	1.816421
44610	-825.2065	-1172.03	346.824	1.700164	1.358396
44616	-830.8436	-1177.434	346.5904	1.825954	1.442228
44622	-829.46	-1176.438	346.9781	1.825954	1.123504
44628	-826.1287	-1173.236	347.1076	1.825954	1.001093
44634	-830.5693	-1177.467	346.8978	1.72568	1.278331
44640	-850.017	-1196.563	346.5457	1.641827	1.612388
44646	-839.6605	-1185.402	345.7412	1.664495	2.146325
44652	-838.9111	-1184.88	345.969	1.59268	2.043877
44658	-846.2104	-1192.349	346.1384	1.484312	2.003387
44664	-831.6743	-1175.477	343.8025	1.078954	3.67772
44670	-827.1609	-1169.255	342.0939	1.131253	4.619913
44676	-833.6655	-1175.615	341.9495	0.8583659	4.853183
44682	-832.0223	-1175.276	343.2535	1.004135	4.036149
44688	-831.9934	-1175.641	343.6471	1.135616	3.734764
44694	-825.6989	-1169.324	343.6255	1.181488	3.720758
44700	-836.95	-1181.34	344.3904	1.162697	3.285541
44706	-827.9517	-1172.324	344.3723	1.180762	3.285541
44712	-836.3246	-1181.061	344.7368	1.224929	3.042835
44718	-851.8692	-1197.464	345.5943	1.516157	2.336352
44724	-858.2846	-1203.189	344.9042	1.262831	2.919471
44730	-829.8147	-1174.253	344.4388	1.406003	3.11265
44736	-822.6779	-1167.861	345.183	1.320407	2.715007
44742	-812.828	-1157.964	345.1364	1.36699	2.715007
44748	-827.3499	-1172.785	345.4355	1.463772	2.469731
44754	-844.4341	-1190.007	345.5726	1.530937	2.340785
44760	-830.8445	-1176.044	345.1993	1.368383	2.675507
44766	-839.5215	-1185.867	346.3459	1.467037	1.875159
44772	-829.0833	-1173.82	344.737	1.274839	3.012829
44778	-834.3932	-1179.506	345.1128	1.337556	2.747439
44784	-825.872	-1171.429	345.5571	1.593947	2.310488
44790	-817.0905	-1162.754	345.6636	1.487474	2.310488
44796	-809.7112	-1155.859	346.1473	1.468412	2.008029
44802	-819.8021	-1166.741	346.9393	1.707584	1.259008
44808	-818.7016	-1164.969	346.2671	1.635929	1.813369
44814	-822.9383	-1169.223	346.285	1.791623	1.691893
44820	-817.938	-1164.346	346.408	1.668627	1.691893
44826	-818.8147	-1165.077	346.2627	1.539564	1.882435
44832	-842.6035	-1187.042	344.4387	1.404549	3.11357
44838	-838.1285	-1183.554	345.4254	1.474119	2.469587
44844	-837.5458	-1183.953	346.4069	1.796881	1.60064
44850	-848.5557	-1194.174	345.6183	1.320861	2.444655
44856	-833.5355	-1179.395	345.8598	1.326548	2.287991
44862	-817.5138	-1161.679	344.1654	1.239325	3.372844
44868	-824.0176	-1168.753	344.735	1.290933	3.004382
44874	-821.6318	-1166.454	344.8225	1.310501	2.940029
44880	-828.3399	-1175.142	346.802	1.737222	1.346436
44886	-837.2822	-1183.289	346.0068	1.737222	1.921953
44892	-838.7386	-1184.386	345.6473	1.605139	2.245532
44898	-849.1452	-1195.142	345.9964	1.429788	2.132966
44904	-841.4224	-1187.782	346.3592	1.586182	1.784067
44910	-836.985	-1182.571	345.5858	1.460531	2.377065
44916	-832.3355	-1178.194	345.8581	1.478844	2.191034
44922	-828.3505	-1173.907	345.5561	1.357784	2.460558
44928	-807.1424	-1152.822	345.6797	1.445622	2.326905
44934	-808.3235	-1154.003	345.6797	1.445622	2.326905
44940	-818.7877	-1162.943	344.1554	1.026755	3.503042
44946	-839.0944	-1183.606	344.5117	1.091378	3.255993
44952	-811.3925	-1156.09	344.6971	1.237497	3.059085
44958	-820.7319	-1164.141	343.4094	0.9341512	3.987051
44964	-838.0559	-1179.854	341.7983	0.9874322	4.865507
44970	-826.0219	-1168.088	342.0664	0.9128865	4.7575
44976	-824.026	-1168.688	344.6624	1.252335	3.070937
44982	-811.0729	-1156.809	345.7362	1.386209	2.328795
44988	-827.8261	-1173.058	345.2319	1.417851	2.624982
44994	-856.6563	-1200.263	343.6068	1.055532	3.804189
45000	-828.8996	-1175.391	346.4913	1.551749	1.715716
45006	-834.9634	-1180.715	345.7512	1.414326	2.301253
45012	-840.7318	-1185.263	344.5314	1.112754	3.231719
45018	-847.4891	-1192.315	344.8257	1.148066	3.035644
45024	-845.6783	-1190.056	344.378	1.197193	3.272467
45030	-825.8635	-1171.02	345.1561	1.090092	2.871674
45036	-838.4824	-1183.741	345.2583	0.9878378	2.871674
45042	-848.7227	-1191.57	342.8474	1.079283	4.224413
45048	-844.847	-1189.268	344.4207	1.245623	3.218594
45054	-834.279	-1179.052	344.7733	1.057077	3.121208
45060	-831.9497	-1175.277	343.327	1.147994	3.91183
45066	-818.7395	-1164.237	345.4977	1.463879	2.430551
45072	-821.2105	-1166.746	345.5354	1.426242	2.430551
45078	-817.1545	-1162.502	345.3476	1.545714	2.473447
45084	-839.8935	-1186.132	346.2381	1.461618	1.951822
45090	-838.929	-1184.858	345.9289	1.512242	2.123181
45096	-837.6307	-1183.537	345.9059	1.564581	2.10399
45102	-843.1971	-1188.661	345.4641	1.529431	2.410435
45108	-845.2182	-1190.665	345.4465	1.623968	2.361806
45114	-843.7214	-1190.174	346.4528	1.512248	1.770357
45120	-828.996	-1175.328	346.3316	1.640122	1.765722
45126	-825.0074	-1170.517	345.5091	1.786864	2.217497
45132	-828.4489	-1174.898	346.4489	1.504125	1.778755
45138	-832.359	-1177.996	345.6365	1.492415	2.324626
45144	-831.5072	-1177.223	345.7162	1.659363	2.16597
45150	-826.4461	-1171.769	345.3231	1.413896	2.570921
45156	-817.4224	-1163.106	345.6832	1.574195	2.242363
45162	-827.0707	-1172.909	345.8382	1.419207	2.242363
45168	-831.5027	-1177.341	345.8382	1.419207	2.242363
45174	-825.6863	-1171.099	345.4126	1.480147	2.473789
45180	-837.8391	-1182.954	345.1146	1.366944	2.72839
45186	-823.6573	-1168.121	344.464	1.267421	3.180069
45192	-827.7349	-1172.411	344.6762	1.414432	2.965523
45198	-833.2684	-1177.443	344.1741	1.290379	3.337693
45204	-836.1521	-1178.876	342.7241	1.109776	4.276991
45210	-832.6643	-1177.185	344.5209	1.136765	3.223745
45216	-830.0966	-1175.162	345.0659	1.15103	2.889356
45222	-831.5051	-1175.215	343.7101	1.002869	3.775032
45228	-832.8112	-1178.156	345.3449	1.27924	2.640784
45234	-848.786	-1195.357	346.5707	1.917966	1.386279
45240	-852.6454	-1197.268	344.6229	1.408955	3.000829
45246	-844.7199	-1190.023	345.3028	1.544549	2.502246
45252	-835.961	-1180.799	344.8376	1.20617	2.993656
45258	-841.7471	-1186.121	344.3738	1.388225	3.161873
45264	-852.2535	-1196.602	344.3486	1.413424	3.161873
45270	-843.8727	-1189.579	345.7065	1.523188	2.26019
45276	-827.4955	-1172.005	344.5095	1.258095	3.15854
45282	-834.6839	-1178.913	344.2293	1.309376	3.294031
45288	-844.8108	-1187.218	342.4068	1.085788	4.469669
45294	-842.6661	-1188.119	345.453	1.311959	2.553541
45300	-837.6856	-1182.469	344.7831	1.46141	2.872665
45306	-844.3741	-1188.735	344.3605	1.22808	3.264563
45312	-845.5695	-1191.19	345.6203	1.559526	2.292147
45318	-850.393	-1195.903	345.5097	1.316854	2.515195
45324	-863.8264	-1207.233	343.4062	1.226346	3.821307
45330	-855.6364	-1198.756	343.12	1.10897	4.052458
45336	-839.4603	-1181.963	342.5025	1.22759	4.335692
45342	-839.7152	-1184.83	345.1151	1.35551	2.735095
45348	-837.1379	-1182.821	345.683	1.395294	2.356794
45354	-836.5019	-1181.346	344.8443	1.344095	2.906581
45360	-855.8524	-1201.487	345.6343	1.61563	2.247187
45366	-845.0767	-1190.98	345.9037	1.540191	2.121414
45372	-848.3179	-1192.704	344.3861	1.409984	3.141621
45378	-849.9099	-1195.419	345.5093	1.544121	2.372559
45384	-851.8629	-1198.036	346.1732	1.522337	1.954612
45390	-847.0982	-1193.651	346.5531	1.996892	1.337831
45396	-839.8866	-1186.355	346.4682	1.626961	1.678764
45402	-841.9034	-1186.95	345.0466	1.39983	2.749868
45408	-836.2682	-1181.823	345.555	1.34565	2.468862
45414	-845.7242	-1191.169	345.445	1.644099	2.349953
45420	-854.6453	-1200.859	346.2141	1.470494	1.961959
45426	-857.5416	-1202.638	345.0966	1.282996	2.790655
45432	-840.7728	-1185.629	344.8565	1.341189	2.900978
45438	-843.6702	-1189.073	345.4026	1.413376	2.521813
45444	-842.312	-1187.613	345.3008	1.329562	2.636955
45450	-836.8346	-1181.207	344.3724	1.261072	3.238072
45456	-830.4965	-1175.592	345.0953	1.487221	2.666419
45462	-826.8196	-1173.699	346.8794	1.745252	1.27739
45468	-819.0239	-1165.772	346.7483	1.770609	1.362479
45474	-816.9621	-1163.315	346.3533	1.733233	1.68487
45480	-828.2963	-1174.671	346.3747	1.637626	1.737281
45486	-836.8495	-1183.236	346.3868	1.703302	1.682351
45492	-834.9837	-1180.246	345.2621	1.484701	2.564844
45498	-823.0913	-1168.353	345.2617	1.373138	2.634146
45504	-818.0753	-1163.289	345.2134	1.421456	2.634146
45510	-818.6085	-1163.917	345.3086	1.326317	2.634146
45516	-831.7719	-1177.124	345.3522	1.282653	2.634146
45522	-842.0896	-1187.815	345.7252	1.25794	2.417
45528	-832.2452	-1177.73	345.4844	1.49875	2.417
45534	-843.3724	-1188.091	344.7188	1.311503	3.001725
45540	-839.2631	-1184.815	345.5518	1.46696	2.394544
45546	-837.2939	-1182.255	344.9612	1.388831	2.808669
45552	-831.2775	-1175.316	344.0388	1.407722	3.348248
45558	-826.0662	-1171.944	345.8778	1.470237	2.183853
45564	-840.6422	-1186.953	346.3104	1.743196	1.708221
45570	-853.257	-1196.57	343.3129	0.9805715	4.015661
45576	-832.8062	-1176.11	343.3043	0.9891993	4.015661
45582	-827.8043	-1172.197	344.3923	1.32158	3.190448
45588	-834.1597	-1178.498	344.3387	1.012052	3.404497
45594	-840.0355	-1185.429	345.3931	1.538206	2.449617
45600	-827.3641	-1172.936	345.5723	1.358969	2.449617
45606	-826.1971	-1170.792	344.5948	1.32449	3.068211
45612	-845.1867	-1190.287	345.1007	1.316376	2.767793
45618	-831.2655	-1176.243	344.9771	1.358832	2.817187
45624	-828.9199	-1172.422	343.5025	1.112642	3.831353
45630	-848.5733	-1192.472	343.8989	1.065203	3.629834
45636	-840.8716	-1185.747	344.8757	1.114454	3.025818
45642	-840.6976	-1185.32	344.6225	1.48271	2.956738
45648	-844.1321	-1189.342	345.2099	1.256173	2.737837
45654	-843.7507	-1189.241	345.4906	1.20686	2.595475
45660	-846.7063	-1191.875	345.1685	1.150186	2.827706
45666	-835.4108	-1180.229	344.8181	1.118194	3.05803
45672	-851.0907	-1195.562	344.4713	1.324184	3.141969
45678	-846.5169	-1191.935	345.4182	1.4417	2.49438
45684	-836.093	-1179.289	343.1955	1.191717	3.962063
45690	-829.8572	-1174.46	344.6026	1.337947	3.055529
45696	-830.4905	-1175.093	344.6026	1.337947	3.055529
45702	-815.6321	-1160.416	344.7841	1.180673	3.041009
45708	-827.9101	-1172.691	344.7811	1.067312	3.110465
45714	-837.5645	-1183.225	345.6604	1.635397	2.217631
45720	-833.4457	-1178.556	345.1104	1.42849	2.693211
45726	-840.7553	-1186.322	345.5667	1.473946	2.380703
45732	-829.9225	-1174.456	344.5331	1.226714	3.163176
45738	-829.7663	-1174.855	345.0886	1.291644	2.790246
45744	-836.4594	-1181.009	344.5495	1.298187	3.110903
45750	-837.0987	-1182.84	345.7416	1.563069	2.211889
45756	-848.8225	-1193.845	345.0223	1.422632	2.750754
45762	-839.274	-1185.97	346.6955	2.294413	0.9429855
45768	-830.0891	-1176.793	346.7041	2.294413	0.9338519
45774	-837.6469	-1184.277	346.6296	2.181376	1.117218
45780	-839.3574	-1185.846	346.4882	2.018416	1.372198
45786	-842.1755	-1188.792	346.6162	2.018416	1.269201
45792	-846.3233	-1192.3	345.977	1.621663	2.019378
45798	-834.2225	-1179.407	345.1842	1.563061	2.564544
45804	-831.6315	-1176.856	345.2244	1.397993	2.641845
45810	-850.1978	-1194.731	344.5329	1.257354	3.145079
45816	-853.3993	-1198.267	344.8678	1.042274	3.073686
45822	-838.0041	-1182.273	344.2685	1.195467	3.338029
45828	-843.118	-1187.819	344.7011	1.341851	2.994169
45834	-821.0717	-1166.971	345.8996	1.628593	2.066002
45840	-823.6036	-1169.559	345.9554	1.570413	2.067618
45846	-833.4999	-1179.205	345.7048	1.522148	2.261934
45852	-836.4752	-1181.095	344.62	1.459216	2.972347
45858	-835.1228	-1179.097	343.974	1.206862	3.503793
45864	-832.8358	-1177.634	344.7984	1.439699	2.876544
45870	-834.9105	-1180.499	345.5881	1.409943	2.407593
45876	-829.9487	-1174.583	344.6347	1.162017	3.141262
45882	-838.9551	-1183.061	344.1063	1.142291	3.464255
45888	-845.9953	-1189.203	343.2076	1.019378	4.053646
45894	-843.254	-1186.667	343.4133	1.313299	3.767155
45900	-830.8074	-1175.595	344.7877	1.378077	2.920264
45906	-821.1263	-1166.516	345.3896	1.443057	2.511374
45912	-825.6725	-1171.063	345.3907	1.442018	2.511374
45918	-835.3446	-1180.073	344.728	1.52316	2.868639
45924	-830.5692	-1175.84	345.271	1.452577	2.579249
45930	-830.2308	-1174.193	343.9623	1.18271	3.524712
45936	-823.223	-1167.586	344.3631	1.173206	3.295399
45942	-836.7655	-1178.209	341.4433	0.94815	5.08471
45948	-837.0172	-1180.941	343.9235	1.076283	3.609131
45954	-843.1722	-1187.749	344.5771	1.193855	3.156589
45960	-837.4269	-1181.431	344.0045	1.093461	3.552086
45966	-837.2354	-1180.692	343.4568	1.118345	3.854357
45972	-844.8298	-1189.079	344.2491	1.093431	3.40929
45978	-845.8814	-1190.133	344.2517	1.015129	3.453575
45984	-826.3244	-1170.809	344.4845	1.320532	3.136291
45990	-839.4091	-1184.972	345.5629	1.438118	2.405751
45996	-849.8607	-1195.184	345.323	1.55626	2.48225
46002	-847.0068	-1193.933	346.9267	2.040501	0.9668586
46008	-858.4652	-1205.128	346.6624	1.883399	1.341166
46014	-835.2247	-1181.659	346.4344	1.735447	1.6252
46020	-836.0631	-1182.508	346.4452	1.494253	1.78817
46026	-842.0402	-1188.542	346.5018	1.766077	1.55366
46032	-845.5038	-1190.657	345.1532	1.110596	2.860972
46038	-866.0578	-1211.908	345.8505	1.226749	2.357484
46044	-848.5104	-1194.804	346.2939	1.810894	1.671892
46050	-841.1139	-1187.616	346.5023	1.602526	1.671892
46056	-828.6988	-1173.674	344.9752	1.409143	2.787777
46062	-820.4666	-1166.469	346.0023	1.466743	2.104916
46068	-834.214	-1180.712	346.4982	1.506864	1.742403
46074	-849.7257	-1194.051	344.3251	1.23436	3.281761
46080	-839.9682	-1185.688	345.7202	1.671632	2.155351
46086	-843.83	-1189	345.17	1.447701	2.644729
46092	-839.3126	-1181.492	342.1794	0.9122559	4.69472
46098	-832.8118	-1176.817	344.005	1.031599	3.587756
46104	-840.6547	-1186.25	345.5952	1.333938	2.450973
46110	-841.9906	-1187.377	345.3865	1.542628	2.450973
46116	-830.6819	-1175.643	344.9606	1.399773	2.802322
46122	-829.6182	-1173.692	344.0738	1.211401	3.442844
46128	-837.6881	-1182.756	345.0683	1.187125	2.866058
46134	-851.0066	-1195.179	344.1722	1.173044	3.407701
46140	-817.0138	-1161.78	344.7658	1.256577	3.006487
46146	-824.6132	-1169.104	344.4908	1.158351	3.228754
46152	-812.8158	-1156.917	344.1013	1.201753	3.432392
46158	-826.0208	-1171.763	345.7422	1.26436	2.402213
46164	-819.5507	-1164.955	345.4041	1.313231	2.583141
46170	-830.2004	-1176.057	345.8562	1.439927	2.217379
46176	-834.1474	-1179.569	345.422	1.297478	2.581785
46182	-851.8339	-1195.997	344.1634	1.375888	3.293642
46188	-845.5218	-1191.554	346.032	1.33646	2.170598
46194	-838.6808	-1183.044	344.3633	1.255274	3.246842
46200	-841.5959	-1186.983	345.3871	1.616972	2.403776
46206	-826.7171	-1172.25	345.5329	1.485439	2.394751
46212	-840.0012	-1185.83	345.8285	1.396271	2.263329
46218	-832.5815	-1178.231	345.6493	1.382904	2.385991
46224	-840.5937	-1186.219	345.6258	1.595358	2.265657
46230	-832.9927	-1177.054	344.0616	1.297618	3.399522
46236	-826.102	-1170.323	344.2212	1.159758	3.386759
46242	-839.5309	-1184.294	344.763	1.197316	3.043689
46248	-830.9322	-1175.441	344.509	1.127952	3.235984
46254	-825.2648	-1169.986	344.7216	1.190071	3.072782
46260	-852.7774	-1198.543	345.7661	1.434256	2.279001
46266	-848.4374	-1194.082	345.6447	1.555683	2.279001
46272	-841.6321	-1187.717	346.0848	1.711898	1.886241
46278	-838.5857	-1184.786	346.2002	1.596491	1.886241
46284	-832.6204	-1177.579	344.959	1.467758	2.761853
46290	-835.2488	-1179.699	344.4499	1.284039	3.178528
46296	-839.6408	-1184.133	344.4921	1.241913	3.178528
46302	-826.3713	-1171.901	345.5298	1.262291	2.536668
46308	-828.5807	-1174.802	346.2217	1.495657	1.939962
46314	-835.9899	-1182.171	346.1808	1.562062	1.922721
46320	-848.3192	-1193.576	345.2567	1.275491	2.697362
46326	-846.9855	-1191.79	344.8044	1.33262	2.937606
46332	-826.8287	-1172.063	345.2348	1.336396	2.673396
46338	-838.8378	-1184.771	345.9333	1.331319	2.237749
46344	-838.9848	-1184.327	345.3423	1.398552	2.568569
46350	-848.7953	-1193.584	344.7886	1.333917	2.946348
46356	-836.0721	-1179.806	343.7341	1.223343	3.633737
46362	-834.2062	-1179.243	345.0364	1.211284	2.870737
46368	-836.8602	-1180.22	343.36	1.035066	3.95757
46374	-827.7997	-1170.762	342.9627	1.261952	4.054972
46380	-835.4061	-1179.014	343.6074	1.039972	3.812798
46386	-833.6206	-1177.164	343.5438	1.103546	3.812798
46392	-827.7481	-1172.571	344.823	1.313181	2.938111
46398	-835.4041	-1180.244	344.8396	1.409075	2.87014
46404	-824.6793	-1168.468	343.7884	1.17107	3.632546
46410	-834.025	-1177.6	343.5751	1.312546	3.674158
46416	-827.7036	-1173.459	345.7552	1.431528	2.28774
46422	-830.8257	-1176.851	346.0253	1.343583	2.170317
46428	-825.5355	-1170.436	344.9002	1.360523	2.86285
46434	-833.4648	-1178.036	344.5713	1.314175	3.088392
46440	-838.4119	-1183.496	345.0844	1.294033	2.791328
46446	-826.2839	-1171.317	345.0336	1.232231	2.85978
46452	-838.1905	-1183.66	345.4696	1.327626	2.533462
46458	-839.7226	-1185.375	345.6528	1.575251	2.261214
46464	-838.3242	-1184.565	346.2404	1.575251	1.87331
46470	-831.217	-1177.061	345.844	1.460962	2.211729
46476	-851.4375	-1196.602	345.1641	1.637694	2.530649
46482	-872.5469	-1217.243	344.6959	1.233354	3.062246
46488	-864.8434	-1209.161	344.3177	1.286787	3.255197
46494	-844.4346	-1190.43	345.9951	1.41261	2.145055
46500	-840.5936	-1186.078	345.4841	1.210016	2.597552
46506	-832.5266	-1177.569	345.0425	1.260384	2.837266
46512	-848.837	-1195.186	346.3486	1.691849	1.717517
46518	-831.2054	-1177.469	346.2632	1.658711	1.800338
46524	-854.0037	-1198.557	344.553	1.13253	3.207271
46530	-829.8335	-1176.187	346.3533	1.612717	1.769719
46536	-828.8073	-1174.967	346.16	1.617665	1.899187
46542	-821.1549	-1167.441	346.2864	1.491243	1.899187
46548	-823.0441	-1169.198	346.1543	1.643225	1.885691
46554	-830.9706	-1177.11	346.1396	1.646118	1.893695
46560	-829.3325	-1174.7	345.3679	1.51083	2.482573
46566	-827.1955	-1172.844	345.6483	1.385974	2.384675
46572	-825.934	-1171.731	345.7971	1.288941	2.351895
46578	-835.038	-1181.337	346.299	1.372762	1.970607
46584	-827.9699	-1173.281	345.311	1.26594	2.669862
46590	-820.5814	-1166.302	345.7208	1.499989	2.265865
46596	-826.7275	-1171.331	344.6035	1.199517	3.137537
46602	-840.4222	-1184.571	344.1488	1.067463	3.483123
46608	-826.3974	-1170.921	344.5233	1.176423	3.19885
46614	-827.7686	-1172.029	344.2599	1.114362	3.390682
46620	-832.1483	-1175.952	343.8041	1.324835	3.534069
46626	-840.1628	-1184.73	344.5673	1.299731	3.099391
46632	-828.1994	-1173.541	345.3417	1.312981	2.621894
46638	-828.2788	-1173.514	345.2354	1.419337	2.621894
46644	-832.5832	-1179.164	346.5806	1.583195	1.629581
46650	-842.3263	-1183.679	341.353	0.9451773	5.136417
46656	-831.4469	-1174.494	343.0472	1.094497	4.102199
46662	-840.6103	-1186.151	345.5408	1.554643	2.345898
46668	-823.1059	-1168.007	344.901	1.372623	2.85506
46674	-830.4607	-1176.866	346.4052	1.646784	1.70936
46680	-828.1611	-1174.589	346.4283	1.555104	1.757582
46686	-837.8899	-1183.849	345.959	1.654913	2.009188
46692	-840.8493	-1187.082	346.2325	1.440809	1.969583
46698	-850.463	-1195.941	345.4775	1.508221	2.415356
46704	-842.3322	-1187.977	345.6445	1.41762	2.367063
46710	-838.2902	-1182.3	344.0093	1.007659	3.599162
46716	-840.4721	-1186.08	345.6076	1.408999	2.395864
46722	-834.8949	-1180.999	346.1045	1.540977	1.98817
46728	-832.4398	-1178.845	346.4051	1.670279	1.692814
46734	-834.4513	-1180.684	346.2327	1.466509	1.952174
46740	-819.2297	-1165.34	346.1102	1.38797	2.085816
46746	-814.1404	-1159.402	345.2618	1.423326	2.603073
46752	-825.9013	-1171.462	345.5605	1.457046	2.395291
46758	-824.9223	-1169.364	344.4415	1.42429	3.100161
46764	-837.313	-1182.27	344.9565	1.35027	2.834917
46770	-839.4744	-1184.474	345	1.266254	2.859515
46776	-826.2214	-1171.527	345.306	1.20094	2.712801
46782	-822.6409	-1166.467	343.8256	1.209931	3.588381
46788	-828.4836	-1172.597	344.1132	1.143517	3.459531
46794	-833.573	-1177.94	344.3668	1.200036	3.277403
46800	-831.3134	-1176.121	344.8081	1.279769	2.967184
46806	-826.6593	-1171.679	345.0195	1.17012	2.90588
46812	-842.7257	-1186.61	343.8839	1.033668	3.656825
46818	-833.0755	-1178.44	345.3642	1.307775	2.611226
46824	-837.4405	-1183.492	346.0519	1.563673	2.008106
46830	-839.387	-1185.573	346.186	1.599084	1.894143
46836	-837.2479	-1183.794	346.5466	1.771976	1.516102
46842	-849.9285	-1196.535	346.6068	1.711795	1.516102
46848	-847.6162	-1193.226	345.6094	1.545523	2.308034
46854	-835.6717	-1181.768	346.0959	1.612567	1.945962
46860	-843.573	-1189.062	345.4888	1.485531	2.422565
46866	-844.0424	-1190.342	346.2994	1.716769	1.734589
46872	-855.7105	-1202.507	346.7962	1.810503	1.292048
46878	-838.0717	-1184.797	346.725	1.810503	1.349381
46884	-825.9965	-1172.63	346.6332	1.860171	1.382601
46890	-826.8571	-1173.277	346.4195	1.789868	1.596517
46896	-841.13	-1187.585	346.4552	1.94768	1.452538
46902	-841.6361	-1188.209	346.5729	1.829916	1.452538
46908	-851.9719	-1198.452	346.4804	1.697831	1.619143
46914	-836.7172	-1182.748	346.0309	1.609591	1.99151
46920	-859.445	-1204.499	345.0541	1.411428	2.738175
46926	-849.8289	-1193.826	343.9968	1.407279	3.373191
46932	-839.539	-1184.314	344.775	1.326685	2.958835
46938	-833.2025	-1177.542	344.3399	1.186296	3.301374
46944	-842.8587	-1187.231	344.3719	1.385888	3.164398
46950	-844.4891	-1189.064	344.5747	1.183113	3.164398
46956	-825.2713	-1170.464	345.1925	1.209437	2.777054
46962	-832.393	-1176.602	344.2091	1.258084	3.3361
46968	-838.5348	-1182.686	344.1514	1.145288	3.436154
46974	-831.0184	-1177.218	346.1993	1.346177	2.054625
46980	-832.0245	-1175.739	343.714	1.0766	3.73024
46986	-824.9433	-1170.067	345.124	1.30491	2.760562
46992	-833.7399	-1179.619	345.879	1.518708	2.151537
46998	-845.2888	-1191.146	345.8567	1.654885	2.076934
47004	-845.2625	-1188.827	343.5645	1.32852	3.671035
47010	-849.7437	-1194.359	344.6158	1.518625	2.939157
47016	-852.4791	-1197.513	345.0339	1.481037	2.707909
47022	-837.7285	-1183.288	345.5599	1.481037	2.380471
47028	-842.7361	-1189.261	346.5249	1.928311	1.41387
47034	-842.264	-1188.952	346.6878	1.613033	1.5293
47040	-837.3743	-1183.911	346.5371	1.495693	1.722908
47046	-832.3335	-1178.643	346.3094	1.586749	1.818155
47052	-844.8838	-1190.629	345.7448	1.475796	2.266027
47058	-858.9289	-1204.632	345.7029	1.517455	2.266183
47064	-831.849	-1176.367	344.5181	1.238728	3.164964
47070	-842.1559	-1186.861	344.7054	1.305649	3.013308
47076	-835.506	-1179.897	344.3913	1.200952	3.26241
47082	-840.884	-1186.783	345.8991	1.578022	2.099609
47088	-842.5029	-1188.736	346.2336	1.606021	1.856974
47094	-839.8022	-1186.091	346.2887	1.606021	1.819146
47100	-850.7099	-1196.813	346.1027	1.760222	1.840962
47106	-845.4456	-1191.166	345.7201	1.533758	2.244657
47112	-857.9164	-1203.541	345.6246	1.321129	2.440572
47118	-842.0078	-1186.714	344.7058	1.214867	3.067397
47124	-840.4892	-1186.764	346.2751	1.712748	1.754434
47130	-842.5029	-1189.198	346.6949	1.55567	1.566383
47136	-833.5561	-1180.194	346.6381	1.800512	1.425113
47142	-828.8921	-1175.332	346.4394	1.757182	1.605823
47148	-837.0504	-1183.722	346.6712	1.887039	1.33123
47154	-828.2612	-1174.339	346.078	1.615778	1.955845
47160	-830.6237	-1177.26	346.6359	1.745243	1.469003
47166	-836.3282	-1182.66	346.332	1.817853	1.639605
47172	-834.7341	-1181.604	346.8703	1.631983	1.375602
47178	-836.5325	-1183.203	346.6707	1.597761	1.553233
47184	-834.7677	-1181.277	346.5094	1.56809	1.691308
47190	-829.271	-1175.165	345.894	1.543012	2.125871
47196	-828.7564	-1174.655	345.8987	1.538378	2.125871
47202	-833.475	-1179.456	345.9806	1.456406	2.125871
47208	-829.3241	-1174.575	345.2511	1.387967	2.631563
47214	-830.5275	-1175.627	345.0999	1.437283	2.694282
47220	-829.3333	-1175.939	346.6055	1.770263	1.473122
47226	-842.861	-1189.412	346.5509	1.732157	1.542437
47232	-827.9614	-1174.376	346.4142	1.785071	1.603868
47238	-842.8809	-1188.49	345.6095	1.513901	2.328167
47244	-829.124	-1174.566	345.4419	1.493095	2.447285
47250	-827.0469	-1172.732	345.6848	1.470402	2.307849
47256	-830.7395	-1174.973	344.2335	1.29539	3.299789
47262	-826.5181	-1170.99	344.4724	1.124071	3.259947
47268	-825.9007	-1169.91	344.0091	1.213082	3.479676
47274	-844.0112	-1188.221	344.2098	1.012402	3.479676
47280	-846.7428	-1190.114	343.3713	1.339401	3.776314
47286	-831.3213	-1175.602	344.2804	1.292667	3.273747
47292	-830.9677	-1174.959	343.9915	1.34095	3.415188
47298	-820.6776	-1165.356	344.6784	1.189464	3.098896
47304	-830.9104	-1175.78	344.8699	1.386716	2.865359
47310	-831.5102	-1176.698	345.188	1.476601	2.615789
47316	-841.8795	-1187.891	346.0117	1.777797	1.891125
47322	-821.3839	-1167.192	345.8084	1.247186	2.371216
47328	-815.1491	-1161.295	346.1461	1.615531	1.910071
47334	-810.9558	-1156.943	345.987	1.609155	2.021049
47340	-814.9208	-1160.182	345.2611	1.461903	2.579602
47346	-812.4741	-1158.031	345.5573	1.426688	2.416452
47352	-810.5941	-1155.959	345.3647	1.474738	2.507158
47358	-802.3578	-1148.148	345.7903	1.430235	2.266086
47364	-808.7452	-1154.508	345.7626	1.565225	2.196894
47370	-817.5189	-1163.646	346.1272	1.518833	1.987788
47376	-827.6555	-1173.161	345.5051	1.525081	2.387285
47382	-821.5317	-1166.998	345.4666	1.405092	2.487006
47388	-832.116	-1177.741	345.6253	1.570871	2.281657
47394	-842.8109	-1188.562	345.7506	1.493687	2.250831
47400	-860.9286	-1206.943	346.0144	1.36965	2.160409
47406	-851.2883	-1195.963	344.6742	1.262114	3.058013
47412	-839.6591	-1185.28	345.6204	1.404073	2.390892
47418	-828.4908	-1174.053	345.5618	1.378911	2.443718
47424	-838.0376	-1183.906	345.8688	1.378911	2.248607
47430	-831.426	-1178.098	346.6721	1.544487	1.591267
47436	-844.3418	-1190.674	346.332	1.512331	1.853751
47442	-847.2985	-1193.114	345.8154	1.685797	2.08379
47448	-846.3358	-1192.309	345.9729	1.528285	2.08379
47454	-835.4753	-1181.549	346.0738	1.456827	2.064443
47460	-838.0027	-1182.526	344.5238	1.307775	3.120522
47466	-839.1905	-1183.495	344.3044	1.310603	3.248944
47472	-834.4942	-1180.139	345.6446	1.387511	2.386066
47478	-850.4259	-1195.967	345.541	1.57259	2.334362
47484	-859.7555	-1205.655	345.8994	1.342729	2.252206
47490	-828.9482	-1175.261	346.3129	1.584713	1.817153
47496	-829.7602	-1175.628	345.8675	1.588538	2.113471
47502	-822.7565	-1168.858	346.1016	1.570436	1.970435
47508	-835.8945	-1182.482	346.5876	1.853546	1.42321
47514	-829.9883	-1175.848	345.8595	1.694543	2.048924
47520	-828.1245	-1174.268	346.1439	1.781707	1.79777
47526	-842.2394	-1188.852	346.6121	1.786628	1.45564
47532	-836.9717	-1183.475	346.503	1.68673	1.610811
47538	-828.1524	-1173.9	345.748	1.460881	2.273561
47544	-839.7682	-1184.616	344.8477	1.122441	3.037775
47550	-845.0786	-1191.223	346.1443	1.628083	1.902771
47556	-824.7832	-1170.683	345.8999	1.563871	2.108377
47562	-830.2287	-1176.667	346.4384	1.59904	1.719636
47568	-821.9879	-1167.815	345.8266	1.431544	2.24191
47574	-823.8238	-1169.671	345.8477	1.410428	2.24191
47580	-819.7596	-1164.487	344.7277	1.233877	3.042905
47586	-826.6248	-1172.025	345.4005	1.290172	2.599627
47592	-838.2945	-1184.695	346.4007	1.375271	1.900366
47598	-827.3839	-1173.665	346.281	1.614125	1.818836
47604	-822.5458	-1168.663	346.1177	1.614125	1.930232
47610	-821.8548	-1166.592	344.7372	1.512584	2.869485
47616	-844.113	-1189.004	344.8907	1.694663	2.664684
47622	-820.1177	-1165.618	345.5	1.337896	2.508104
47628	-826.045	-1171.264	345.2194	1.363547	2.666126
47634	-825.2413	-1170.995	345.7536	1.536913	2.22106
47640	-824.7974	-1170.56	345.7628	1.328764	2.348366
47646	-837.4598	-1182.547	345.0871	1.328764	2.768529
47652	-836.6981	-1181.643	344.9446	1.257057	2.898573
47658	-829.3211	-1173.823	344.5019	1.182165	3.208089
47664	-831.6906	-1176.766	345.0753	1.47793	2.684432
47670	-823.7262	-1169.659	345.9324	1.57323	2.080904
47676	-830.3727	-1176.749	346.3762	1.587725	1.771149
47682	-828.453	-1175.104	346.6508	1.737742	1.463425
47688	-835.3928	-1182.209	346.8163	1.623777	1.423982
47694	-826.4426	-1172.922	346.479	1.860874	1.500142
47700	-842.4409	-1188.635	346.1936	1.916795	1.667859
47706	-830.0357	-1176.207	346.1711	1.762624	1.792183
47712	-844.6564	-1190.209	345.5522	1.762624	2.205324
47718	-828.0683	-1173.795	345.7271	1.470581	2.280684
47724	-828.9369	-1174.021	345.0839	1.435388	2.705243
47730	-845.3037	-1188.889	343.5854	1.285399	3.68386
47736	-841.601	-1185.991	344.3897	1.321193	3.192233
47742	-844.6325	-1188.201	343.5683	1.16942	3.760745
47748	-837.9774	-1183.635	345.658	1.326772	2.415945
47754	-855.2352	-1199.949	344.7134	1.406476	2.947934
47760	-849.7531	-1194.185	344.4318	1.290845	3.18526
47766	-836.8529	-1182.017	345.1637	1.328574	2.721794
47772	-838.797	-1183.185	344.3878	1.207839	3.260395
47778	-840.0315	-1183.843	343.8111	1.201851	3.601502
47784	-829.835	-1174.428	344.5927	1.133366	3.183246
47790	-831.8819	-1175.098	343.2156	1.167354	3.964509
47796	-833.9349	-1177.117	343.1819	1.201119	3.964509
47802	-844.9887	-1190.376	345.3869	1.396275	2.542213
47808	-847.1727	-1193.034	345.8612	1.521873	2.161059
47814	-831.3992	-1176.242	344.8428	1.315607	2.924674
47820	-825.9815	-1171.046	345.065	1.297681	2.800957
47826	-829.1997	-1173.618	344.4183	1.287086	3.195457
47832	-826.6024	-1170.723	344.1208	1.289433	3.369556
47838	-831.3225	-1176.658	345.3357	1.476541	2.524129
47844	-836.5601	-1182.343	345.7832	1.427051	2.272661
47850	-828.7999	-1174.5	345.7005	1.616429	2.203965
47856	-825.2919	-1171.145	345.853	1.463957	2.203965
47862	-832.9818	-1179.021	346.0388	1.524613	2.042748
47868	-830.365	-1174.424	344.0593	1.22484	3.44349
47874	-829.5232	-1173.785	344.2621	1.296238	3.282406
47880	-842.6569	-1188.882	346.2247	1.751016	1.762914
47886	-845.0816	-1191.437	346.3551	1.674498	1.725159
47892	-832.4049	-1177.782	345.3772	1.159008	2.69485
47898	-839.2119	-1183.421	344.209	1.181621	3.381068
47904	-849.2795	-1195.446	346.167	1.50817	1.968297
47910	-842.3163	-1188.849	346.5324	1.64833	1.617335
47916	-841.5665	-1187.348	345.781	1.529578	2.20809
47922	-855.8384	-1202.729	346.8903	1.642314	1.351629
47928	-861.9803	-1207.947	345.9671	1.53227	2.085021
47934	-843.4749	-1188.749	345.2742	1.325739	2.655691
47940	-839.1435	-1183.707	344.5634	1.36963	3.059972
47946	-844.6641	-1189.431	344.767	1.307522	2.975207
47952	-827.5373	-1173.543	346.0054	1.640492	1.987915
47958	-825.5797	-1170.959	345.379	1.586833	2.427906
47964	-828.1327	-1174.514	346.3809	1.760192	1.645911
47970	-832.0942	-1177.916	345.8214	1.461876	2.225692
47976	-839.2948	-1185.385	346.0907	1.649368	1.924666
47982	-833.182	-1179.553	346.3707	1.478276	1.850587
47988	-836.5057	-1182.715	346.2091	1.566013	1.900895
47994	-852.489	-1198.719	346.23	1.769961	1.745978
48000	-860.0329	-1206.144	346.111	1.697498	1.878191
48006	-843.1008	-1189.158	346.0568	1.529341	2.027691
48012	-847.1307	-1191.833	344.7027	1.31101	3.011682
48018	-843.3588	-1186.559	343.2001	1.245929	3.928383
48024	-842.7503	-1185.95	343.2001	1.245929	3.928383
48030	-843.6517	-1186.852	343.2001	1.245929	3.928383
48036	-844.967	-1189.379	344.4119	1.248655	3.222055
48042	-847.1841	-1193.149	345.9647	1.615618	2.031537
48048	-861.0469	-1206.371	345.3241	1.681013	2.40312
48054	-855.4997	-1200.773	345.2738	1.40584	2.606482
48060	-843.8967	-1189.545	345.6479	1.37054	2.394741
48066	-845.059	-1191.401	346.3421	1.559773	1.814213
48072	-848.0026	-1193.662	345.6598	1.515774	2.294856
48078	-838.1958	-1184.33	346.1341	1.783304	1.803441
48084	-878.3517	-1224.382	346.0305	1.73359	1.908412
48090	-844.0951	-1188.947	344.852	1.241437	2.96383
48096	-836.45	-1181.987	345.5372	1.36942	2.465125
48102	-835.4427	-1180.327	344.8841	1.244955	2.942364
48108	-846.9762	-1190.197	343.221	1.438365	3.805903
48114	-842.3678	-1187.263	344.8955	1.288434	2.909309
48120	-837.6585	-1182.226	344.5672	1.506693	2.975591
48126	-831.8755	-1177.689	345.8135	1.487199	2.214449
48132	-846.2636	-1191.751	345.4874	1.30115	2.538916
48138	-843.503	-1189.182	345.6794	1.638279	2.203459
48144	-858.6976	-1204.571	345.8738	1.331592	2.275776
48150	-846.6039	-1191.799	345.1949	1.545514	2.56882
48156	-837.821	-1183.314	345.4931	1.535952	2.388036
48162	-840.5011	-1186.319	345.8181	1.456909	2.231054
48168	-832.5927	-1176.857	344.2642	1.459496	3.184604
48174	-833.0042	-1177.582	344.5776	1.363377	3.055232
48180	-826.7303	-1170.829	344.0982	1.436253	3.296506
48186	-833.9012	-1179.064	345.1631	1.274611	2.755187
48192	-842.0972	-1187.245	345.1477	1.369766	2.706379
48198	-847.7097	-1193.026	345.3167	1.39495	2.586674
48204	-849.4391	-1194.398	344.9588	1.356807	2.829563
48210	-838.4713	-1183.088	344.6163	1.362209	3.032764
48216	-836.6743	-1180.865	344.1906	1.435425	3.242462
48222	-842.4701	-1186.421	343.9507	1.275441	3.477373
48228	-842.8237	-1188.639	345.8149	1.573424	2.157644
48234	-845.7556	-1190.945	345.1896	1.243054	2.758285
48240	-840.5305	-1185.992	345.4611	1.329244	2.537755
48246	-833.4344	-1177.862	344.4275	1.384693	3.13204
48252	-843.7108	-1189.218	345.507	1.484929	2.411481
48258	-844.1088	-1189.665	345.5563	1.598408	2.308154
48264	-840.4259	-1185.11	344.6837	1.478331	2.92248
48270	-825.3662	-1170.967	345.6009	1.282603	2.479622
48276	-833.1766	-1178.772	345.595	1.226133	2.518586
48282	-825.2356	-1171.052	345.8163	1.543342	2.176285
48288	-840.0888	-1185.815	345.7264	1.633216	2.176285
48294	-851.4571	-1196.423	344.966	1.2927	2.864065
48300	-852.1522	-1196.171	344.0184	1.465499	3.326279
48306	-836.4206	-1182.03	345.6093	1.413072	2.392241
48312	-830.4084	-1177.226	346.8178	1.941505	1.163305
48318	-834.5758	-1181.142	346.566	1.777247	1.497627
48324	-828.3368	-1174.256	345.9191	1.55405	2.102212
48330	-846.1083	-1192.8	346.6917	2.032563	1.193718
48336	-840.2158	-1187.115	346.8995	1.880899	1.144696
48342	-830.1228	-1173.963	343.8403	1.292057	3.532067
48348	-840.821	-1186.656	345.8351	1.354328	2.285997
48354	-833.5592	-1179.975	346.4159	1.717248	1.651625
48360	-821.8111	-1168.155	346.344	1.690316	1.721842
48366	-827.6674	-1173.031	345.3635	1.686389	2.374814
48372	-830.9236	-1176.706	345.782	1.485402	2.235933
48378	-834.4056	-1179.933	345.5277	1.303317	2.512388
48384	-840.2684	-1185.18	344.9116	1.408608	2.826779
48390	-823.765	-1168.758	344.9931	1.32705	2.826779
48396	-832.6156	-1177.81	345.1947	1.383089	2.66935
48402	-829.7694	-1175.148	345.3781	1.668721	2.37676
48408	-827.6006	-1172.839	345.2386	1.446506	2.603081
48414	-826.7864	-1172.047	345.261	1.219295	2.729143
48420	-823.3079	-1169.372	346.0639	1.523964	2.026547
48426	-828.1581	-1174.169	346.0111	1.486063	2.086428
48432	-835.728	-1181.573	345.8455	1.655458	2.083968
48438	-839.1068	-1183.825	344.7182	1.255674	3.035591
48444	-832.6548	-1178.555	345.9001	1.319194	2.266834
48450	-831.2306	-1176.368	345.1377	1.360554	2.718169
48456	-840.8878	-1186.667	345.7794	1.481277	2.240269
48462	-836.9861	-1183.239	346.2524	1.573989	1.86598
48468	-841.8831	-1188.302	346.4194	1.669635	1.68311
48474	-841.965	-1188.003	346.0385	1.760248	1.884844
48480	-837.5828	-1183.171	345.588	1.479673	2.36358
48486	-843.0487	-1187.545	344.4966	1.293416	3.145237
48492	-848.0821	-1193.528	345.4454	1.374371	2.519424
48498	-840.5332	-1185.326	344.7928	1.308106	2.959307
48504	-828.635	-1173.946	345.311	1.461084	2.54917
48510	-843.3045	-1187.169	343.8646	1.303088	3.511475
48516	-832.9852	-1178.29	345.3044	1.394644	2.594454
48522	-831.5841	-1177.306	345.7221	1.571861	2.2188
48528	-842.0297	-1188.072	346.0418	1.61531	1.980377
48534	-838.9535	-1184.904	345.9508	1.375088	2.198151
48540	-825.1052	-1171.489	346.3835	1.590825	1.763905
48546	-831.139	-1177.434	346.2946	1.709098	1.743393
48552	-832.7436	-1177.982	345.2388	1.31752	2.682548
48558	-827.7381	-1172.996	345.2577	1.346535	2.653031
48564	-841.8683	-1185.929	344.061	1.194815	3.46005
48570	-840.7337	-1183.245	342.5108	1.082476	4.412931
48576	-845.8294	-1187.837	342.0074	1.098035	4.686962
48582	-845.0426	-1191.404	346.3614	1.577196	1.788764
48588	-845.8646	-1191.908	346.0435	1.763642	1.87916
48594	-838.574	-1183.198	344.6241	1.264152	3.08673
48600	-845.9454	-1190.204	344.2587	1.36255	3.245257
48606	-846.0063	-1190.154	344.1477	1.16998	3.423831
48612	-841.5316	-1188.004	346.4719	1.713977	1.613569
48618	-837.7336	-1183.818	346.0842	1.713977	1.885269
48624	-842.4798	-1188.391	345.911	1.507177	2.1382
48630	-836.5241	-1181.441	344.9165	1.268316	2.908772
48636	-833.36	-1178.047	344.6867	1.268316	3.046825
48642	-828.5713	-1174.242	345.6704	1.547398	2.267838
48648	-834.3188	-1180.545	346.226	1.721363	1.78267
48654	-831.0937	-1177.115	346.021	1.430015	2.116752
48660	-842.6041	-1188.038	345.4338	1.569286	2.404383
48666	-837.4073	-1181.905	344.4977	1.441055	3.056549
48672	-834.3467	-1180.083	345.7365	1.506082	2.25188
48678	-830.2268	-1175.83	345.6036	1.556008	2.305022
48684	-832.3681	-1178.016	345.648	1.58317	2.25921
48690	-817.8146	-1162.877	345.062	1.366407	2.760894
48696	-821.6394	-1166.898	345.2585	1.403966	2.617104
48702	-829.8024	-1174.45	344.6478	1.435781	2.96976
48708	-834.203	-1180.364	346.1608	1.401151	2.043724
48714	-818.8705	-1163.857	344.9863	1.531779	2.706003
48720	-827.1983	-1172.449	345.2503	1.386838	2.632721
48726	-835.0124	-1179.864	344.8515	1.252073	2.957707
48732	-842.2516	-1187.978	345.7268	1.349718	2.357911
48738	-842.3354	-1188.021	345.6852	1.391368	2.357911
48744	-855.9573	-1201.818	345.8605	1.524552	2.159766
48750	-843	-1189.606	346.6055	1.992517	1.299111
48756	-842.5236	-1188.776	346.2525	1.780529	1.722722
48762	-837.5102	-1184.511	347.0006	1.780529	1.143972
48768	-839.6255	-1186.593	346.9672	1.934687	1.03218
48774	-851.1402	-1197.018	345.8774	1.635683	2.075971
48780	-838.6105	-1185.503	346.8928	1.69496	1.307435
48786	-855.5199	-1202.582	347.0625	1.823409	1.047583
48792	-845.4475	-1191.826	346.3782	1.571198	1.781263
48798	-842.0513	-1188.744	346.693	1.667408	1.484692
48804	-832.1444	-1178.3	346.1559	1.584005	1.924761
48810	-838.3241	-1184.429	346.1046	1.609953	1.941827
48816	-837.1249	-1183.242	346.1172	1.597381	1.941827
48822	-836.3258	-1180.931	344.6055	1.441021	2.992032
48828	-839.7973	-1184.84	345.0425	1.406653	2.748179
48834	-834.3471	-1180.533	346.1857	1.425207	2.011199
48840	-828.3558	-1174.133	345.7768	1.679688	2.113148
48846	-833.317	-1179.09	345.7727	1.435842	2.273723
48852	-841.0342	-1186.272	345.2377	1.473389	2.587016
48858	-846.6561	-1192.766	346.1099	1.630495	1.92441
48864	-834.9754	-1180.706	345.7307	1.480236	2.272208
48870	-830.2155	-1175.813	345.598	1.592811	2.285121
48876	-821.8751	-1168.506	346.6305	1.687891	1.516212
48882	-816.6482	-1163.333	346.685	1.931622	1.283986
48888	-823.502	-1170.129	346.6265	1.990126	1.283986
48894	-811.2897	-1158.025	346.7354	1.941209	1.234189
48900	-813.1736	-1159.866	346.6925	1.864482	1.33223
48906	-819.4513	-1165.645	346.1939	1.606165	1.883988
48912	-821.6163	-1167.966	346.3493	1.840953	1.610438
48918	-822.0501	-1168.368	346.318	1.840953	1.633082
48924	-828.4986	-1175.112	346.6136	1.71772	1.506574
48930	-841.0266	-1187.639	346.6125	1.50757	1.661003
48936	-838.6596	-1183.838	345.1784	1.155494	2.818441
48942	-834.4038	-1178.139	343.7353	1.124499	3.69025
48948	-836.4624	-1178.538	342.0761	1.005005	4.700601
48954	-846.361	-1190.25	343.8885	1.046976	3.646434
48960	-841.7941	-1186.242	344.4482	1.276856	3.183816
48966	-835.5972	-1180.465	344.8681	1.223428	2.964967
48972	-832.5541	-1176.992	344.4378	1.167183	3.254913
48978	-824.2562	-1170.154	345.8982	1.376715	2.231088
48984	-837.2723	-1182.78	345.5077	1.299285	2.527421
48990	-832.6433	-1177.817	345.1739	1.58618	2.556614
48996	-836.7291	-1181.724	344.9946	1.264006	2.864132
49002	-825.4274	-1170.164	344.737	1.410915	2.93101
49008	-828.742	-1174.039	345.2969	1.4797	2.546355
49014	-820.5082	-1165.637	345.1292	1.449257	2.668883
49020	-811.4997	-1156.999	345.4991	1.536345	2.383941
49026	-825.0135	-1170.323	345.3091	1.374696	2.603896
49032	-826.7653	-1171.782	345.0164	1.363927	2.790204
49038	-823.4882	-1168.597	345.1091	1.486161	2.658587
49044	-831.5648	-1176.568	345.0031	1.245405	2.870271
49050	-837.2777	-1182.768	345.4898	1.282789	2.548808
49056	-845.3404	-1190.687	345.3464	1.335502	2.605081
49062	-834.8924	-1181.165	346.2725	1.560543	1.861432
49068	-836.8486	-1182.963	346.1144	1.637525	1.916623
49074	-850.1558	-1196.627	346.471	1.935076	1.450055
49080	-830.702	-1176.298	345.5964	1.664337	2.240226
49086	-830.0653	-1175.543	345.4773	1.553008	2.387241
49092	-845.9379	-1189.442	343.5045	1.0133	3.887239
49098	-844.2289	-1187.733	343.5045	1.0133	3.887239
49104	-840.898	-1187.476	346.5781	1.957898	1.349006
49110	-838.1629	-1184.51	346.3472	1.934073	1.543816
49116	-833.5114	-1179.567	346.0555	1.61332	1.972542
49122	-826.716	-1173.323	346.6068	1.547346	1.636489
49128	-829.0909	-1175.52	346.429	1.575594	1.742738
49134	-849.5885	-1194.961	345.3728	1.722647	2.345949
49140	-845.0514	-1189.273	344.2214	1.431841	3.22635
49146	-856.4294	-1200.534	344.1048	1.143578	3.464399
49152	-857.336	-1203.91	346.574	2.138475	1.2038
49158	-862.9589	-1209.382	346.4231	1.796475	1.589064
49164	-844.5824	-1189.194	344.6115	1.123425	3.177944
49170	-833.181	-1176.911	343.7303	1.111788	3.700507
49176	-824.9639	-1169.403	344.4396	1.23284	3.214998
49182	-825.7252	-1170.375	344.6498	1.132667	3.149717
49188	-828.4815	-1173.098	344.6169	1.165557	3.149717
49194	-838.697	-1183.149	344.4523	1.048402	3.316404
49200	-836.2835	-1179.283	342.9996	1.105117	4.12325
49206	-838.1658	-1181.292	343.1266	0.9802365	4.122051
49212	-851.5858	-1196.45	344.8639	1.571285	2.756727
49218	-837.0028	-1180.239	343.2366	1.159501	3.957007
49224	-850.7195	-1194.691	343.9715	1.358806	3.41644
49230	-851.073	-1196.431	345.3577	1.511922	2.488299
49236	-852.2811	-1196.404	344.1228	1.200698	3.420456
49242	-834.9588	-1180.798	345.8394	1.566843	2.146011
49248	-853.5423	-1200.221	346.6784	1.525687	1.600407
49254	-854.8472	-1201.298	346.4508	1.76171	1.59424
49260	-839.8165	-1185.585	345.7685	1.470218	2.254406
49266	-843.6248	-1189.189	345.5641	1.617985	2.290696
49272	-843.356	-1190.123	346.7675	1.881094	1.257644
49278	-852.3782	-1199.241	346.8626	1.777609	1.264522
49284	-859.0488	-1202.044	342.9949	1.277594	4.027628
49290	-858.521	-1202.026	343.5045	1.0133	3.887239
49296	-864.6097	-1208.114	343.5045	1.0133	3.887239
49302	-833.1732	-1179.165	345.9918	1.454575	2.119779
49308	-848.4293	-1193.629	345.2	1.636617	2.508941
49314	-853.1736	-1198.644	345.4702	1.368889	2.50738
49320	-843.3504	-1189.155	345.805	1.420706	2.262749
49326	-842.5437	-1187.901	345.3572	1.284078	2.630221
49332	-840.1043	-1185.818	345.7134	1.573481	2.223408
49338	-833.6176	-1179.385	345.7675	1.422522	2.28562
49344	-850.7978	-1195.779	344.9808	1.311197	2.843876
49350	-843.4869	-1189.142	345.6552	1.608662	2.238238
49356	-843.724	-1189.586	345.8622	1.490101	2.181083
49362	-871.9606	-1216.962	345.0016	1.358902	2.802248
49368	-855.519	-1200.925	345.4063	1.424105	2.512806
49374	-851.0165	-1195.346	344.3292	1.345627	3.213607
49380	-853.1341	-1198.837	345.7024	1.492721	2.282345
49386	-853.7264	-1199.277	345.5508	1.27412	2.516245
49392	-845.5103	-1189.015	343.5045	1.0133	3.887239
49398	-840.2646	-1183.769	343.5045	1.0133	3.887239
49404	-847.6571	-1191.162	343.5045	1.0133	3.887239
49410	-847.1037	-1190.608	343.5045	1.0133	3.887239
49416	-859.1267	-1202.631	343.5045	1.0133	3.887239
49422	-850.7283	-1194.233	343.5045	1.0133	3.887239
49428	-850.8509	-1194.355	343.5045	1.0133	3.887239
49434	-829.5295	-1171.381	341.8518	0.8763526	4.897622
49440	-828.0595	-1171.849	343.7895	1.066778	3.692311
49446	-832.273	-1176.321	344.0478	1.287109	3.413736
49452	-841.258	-1184.763	343.5045	1.0133	3.887239
49458	-846.3142	-1189.819	343.5045	1.0133	3.887239
49464	-837.8616	-1183.64	345.7788	1.502144	2.227214
49470	-836.1502	-1179.655	343.5045	1.0133	3.887239
49476	-842.6759	-1186.18	343.5045	1.0133	3.887239
49482	-850.751	-1194.256	343.5045	1.0133	3.887239
49488	-836.5556	-1180.06	343.5045	1.0133	3.887239
49494	-837.412	-1180.917	343.5045	1.0133	3.887239
49500	-848.3761	-1191.881	343.5045	1.0133	3.887239
49506	-845.8486	-1189.353	343.5045	1.0133	3.887239
49512	-844.065	-1187.569	343.5045	1.0133	3.887239
49518	-839.6126	-1183.117	343.5045	1.0133	3.887239
49524	-856.1392	-1201.758	345.6192	1.385534	2.403394
49530	-847.6768	-1193.38	345.7033	1.147677	2.499955
49536	-843.3791	-1188.095	344.7162	1.275672	3.024783
49542	-848.0536	-1193.071	345.0173	1.350898	2.797566
49548	-838.4553	-1185.058	346.6026	1.525018	1.655587
49554	-851.5515	-1195.056	343.5045	1.0133	3.887239
49560	-844.3077	-1191.006	346.6982	1.83686	1.349687
49566	-850.8584	-1197.507	346.6485	1.852187	1.376885
49572	-857.6399	-1201.144	343.5045	1.0133	3.887239
49578	-858.8778	-1202.382	343.5045	1.0133	3.887239
49584	-855.014	-1198.519	343.5045	1.0133	3.887239
49590	-857.2035	-1200.708	343.5045	1.0133	3.887239
49596	-860.7213	-1204.226	343.5045	1.0133	3.887239
49602	-852.1937	-1195.698	343.5045	1.0133	3.887239
49608	-850.8037	-1194.308	343.5045	1.0133	3.887239
49614	-863.69	-1209.253	345.5628	1.231964	2.535005
49620	-854.6691	-1198.174	343.5045	1.0133	3.887239
49626	-853.5646	-1197.069	343.5045	1.0133	3.887239
49632	-844.9932	-1189.955	344.9622	1.186133	2.930743
49638	-840.4401	-1185.391	344.951	1.136469	2.967419
49644	-848.4858	-1191.99	343.5045	1.0133	3.887239
49650	-849.9497	-1193.454	343.5045	1.0133	3.887239
49656	-852.6521	-1196.157	343.5045	1.0133	3.887239
49662	-858.6779	-1204.579	345.901	1.472739	2.167141
49668	-843.4103	-1188.613	345.2024	1.491523	2.597652
49674	-855.6553	-1199.906	344.2511	1.120551	3.392231
49680	-857.0475	-1199.791	342.744	1.199357	4.21495
49686	-853.8234	-1197.982	344.159	1.356674	3.30757
49692	-844.6803	-1190.099	345.419	1.227477	2.626954
49698	-836.3315	-1181.966	345.634	1.454473	2.350334
49704	-830.3095	-1173.586	343.276	1.016211	4.016369
49710	-839.3387	-1180.616	341.2771	0.8785963	5.215234
49716	-838.4852	-1181.092	342.6065	0.9208626	4.450112
49722	-823.6118	-1166.217	342.6057	0.9151778	4.453759
49728	-827.0646	-1169.898	342.8333	0.9632993	4.2981
49734	-833.7005	-1177.092	343.3915	1.146947	3.875428
49740	-851.265	-1194.77	343.5045	1.0133	3.887239
49746	-843.4794	-1186.984	343.5045	1.0133	3.887239
49752	-832.0639	-1175.1	343.0359	1.346838	3.964633
49758	-831.1076	-1176.7	345.5926	1.352227	2.441129
49764	-844.8267	-1188.331	343.5045	1.0133	3.887239
49770	-848.9044	-1192.409	343.5045	1.0133	3.887239
49776	-850.4826	-1193.987	343.5045	1.0133	3.887239
49782	-856.4367	-1202.459	346.0219	1.742299	1.908336
49788	-854.2204	-1199.694	345.474	1.420738	2.472542
49794	-849.5851	-1193.09	343.5045	1.0133	3.887239
49800	-845.7643	-1191.757	345.9924	1.380379	2.16773
49806	-840.0063	-1186.167	346.1609	1.575242	1.927275
49812	-851.4614	-1195.789	344.3272	1.307373	3.237391
49818	-855.2049	-1200.442	345.2375	1.313407	2.685821
49824	-837.8144	-1182.256	344.4416	1.234101	3.213084
49830	-834.5618	-1178.175	343.6129	1.317971	3.649087
49836	-832.7063	-1176.4	343.6934	1.199399	3.671164
49842	-829.9728	-1176.248	346.2757	1.686467	1.772407
49848	-833.6509	-1180.116	346.4656	1.714631	1.617697
49854	-838.4517	-1184.58	346.1288	1.685473	1.874262
49860	-827.9743	-1174.389	346.4147	1.664677	1.689962
49866	-833.5237	-1179.523	345.9988	1.552024	2.051043
49872	-830.3972	-1177.032	346.635	1.802768	1.425752
49878	-831.9563	-1178.577	346.6202	1.800413	1.438978
49884	-833.4374	-1179.779	346.3419	1.644186	1.755684
49890	-837.7525	-1183.997	346.2447	1.590614	1.859911
49896	-827.6267	-1173.385	345.7578	1.541513	2.215322
49902	-832.3566	-1177.978	345.6215	1.405349	2.389401
49908	-829.2768	-1175.086	345.8087	1.5184	2.197386
49914	-852.4757	-1198.835	346.3594	1.490957	1.849585
49920	-850.3677	-1196.229	345.8612	1.519173	2.162805
49926	-861.2495	-1206.734	345.4841	1.497159	2.418153
49932	-825.1102	-1171.363	346.2528	1.666722	1.801961
49938	-834.2351	-1180.356	346.1213	1.568132	1.958718
49944	-851.2348	-1197.716	346.4813	1.623984	1.671508
49950	-839.9211	-1185.504	345.5825	1.501685	2.353101
49956	-832.996	-1178.575	345.5789	1.599915	2.292781
49962	-835.2284	-1181.908	346.6796	2.018657	1.215955
49968	-836.1856	-1183.123	346.9374	2.018657	0.9783106
49974	-842.7443	-1189.638	346.8937	1.809053	1.212089
49980	-839.395	-1186.091	346.6957	1.628462	1.511886
49986	-834.3457	-1180.281	345.9354	1.439305	2.166538
49992	-837.9923	-1183.957	345.9644	1.639698	2.01578
49998	-843.8781	-1190.385	346.507	1.515794	1.72993
50004	-835.3516	-1181.231	345.8798	1.603436	2.095575
50010	-844.4163	-1191.057	346.6407	1.754817	1.458117
50016	-844.372	-1190.904	346.532	1.730837	1.55738
50022	-852.2324	-1198.249	346.0163	1.603114	2.005572
50028	-845.95	-1192.146	346.1964	1.712685	1.809214
50034	-839.119	-1184.946	345.8273	1.73567	2.043034
50040	-834.0252	-1180.456	346.4303	1.43115	1.841986
50046	-827.5343	-1173.918	346.3839	1.86469	1.567899
50052	-826.3054	-1172.003	345.6975	1.527523	2.263159
50058	-826.7655	-1170.99	344.2245	1.372849	3.259417
50064	-829.559	-1176.08	346.5209	1.696735	1.590483
50070	-821.8849	-1166.171	344.2863	1.260065	3.289498
50076	-836.2969	-1180.707	344.4098	1.016681	3.360059
50082	-824.8573	-1169.074	344.2166	1.301103	3.306409
50088	-836.4689	-1181.424	344.9549	1.321366	2.853432
50094	-836.1401	-1181.56	345.4197	1.474388	2.472974
50100	-825.4192	-1172.269	346.85	1.980466	1.099542
50106	-839.1754	-1185.834	346.6589	1.888652	1.339763
50112	-849.3745	-1194.466	345.0912	1.494247	2.664606
50118	-846.7267	-1191.579	344.8523	1.473459	2.82339
50124	-844.8644	-1190.21	345.3454	1.454445	2.531868
50130	-833.907	-1180.341	346.4338	1.581085	1.735484
50136	-840.2035	-1186.431	346.2272	1.693201	1.801345
50142	-830.2899	-1176.541	346.2507	1.669781	1.801345
50148	-845.0386	-1191.263	346.2245	1.828375	1.708733
50154	-841.7148	-1187.857	346.1423	1.742825	1.825699
50160	-843.8946	-1189.927	346.0319	1.582212	2.00906
50166	-834.9115	-1180.617	345.7057	1.553834	2.241021
50172	-838.0269	-1184.116	346.0895	1.538265	1.999986
50178	-828.2646	-1174.407	346.1424	1.560065	1.949975
50184	-826.2034	-1172.291	346.088	1.511978	2.018468
50190	-834.364	-1180.567	346.2028	1.843846	1.713152
50196	-833.406	-1180.006	346.5998	1.777423	1.472014
50202	-834.4988	-1180.858	346.3593	1.661245	1.731516
50208	-836.7799	-1182.637	345.8569	1.450743	2.209987
50214	-842.7367	-1188.978	346.2413	1.530699	1.903036
50220	-840.5394	-1185.825	345.2854	1.374471	2.618711
50226	-836.0992	-1181.485	345.3854	1.274505	2.618711
50232	-844.8619	-1190.938	346.0766	1.587621	1.975647
50238	-846.9124	-1193.259	346.3462	1.940391	1.539874
50244	-843.4345	-1189.811	346.3764	1.807919	1.614761
50250	-847.7018	-1193.988	346.2867	1.834277	1.660298
50256	-838.3949	-1184.286	345.8906	1.834277	1.934865
50262	-852.1685	-1197.286	345.118	1.649528	2.551958
50268	-832.6546	-1178.121	345.4668	1.5382	2.403177
50274	-847.6035	-1194.059	346.4559	1.552545	1.740013
50280	-856.9468	-1200.817	343.8703	1.089194	3.632545
50286	-851.126	-1193.645	342.5186	0.9441599	4.486459
50292	-843.0756	-1189.02	345.9448	1.562508	2.079795
50298	-835.0118	-1180.128	345.1167	1.421915	2.693425
50304	-841.4577	-1187.865	346.4075	1.592836	1.74572
50310	-835.3982	-1181.432	346.0341	1.592836	2.000523
50316	-836.6005	-1181.535	344.9341	1.51664	2.747238
50322	-833.4637	-1179.458	345.9939	1.583671	2.033345
50328	-833.9175	-1180.017	346.0998	1.687175	1.892877
50334	-819.6077	-1165.707	346.0998	1.687175	1.892877
50340	-826.8305	-1172.117	345.2861	1.844136	2.323809
50346	-824.9754	-1171.242	346.2663	1.704337	1.766506
50352	-825.4869	-1170.904	345.4168	1.704337	2.329549
50358	-824.6938	-1170.268	345.5742	1.547004	2.329549
50364	-820.3328	-1166.179	345.8463	1.681445	2.066333
50370	-826.5851	-1172.667	346.082	1.558065	1.991807
50376	-829.4794	-1175.73	346.2509	1.389149	1.991807
50382	-836.2002	-1182.497	346.2964	1.583778	1.829149
50388	-835.8354	-1181.959	346.1238	1.649453	1.902207
50394	-849.9552	-1196.627	346.6723	1.800361	1.398791
50400	-844.6107	-1191.068	346.4571	1.708288	1.628438
50406	-842.5124	-1187.658	345.146	1.464217	2.649354
50412	-841.7827	-1187.208	345.425	1.479835	2.466251
50418	-823.6362	-1169.74	346.1035	1.405142	2.078931
50424	-826.6765	-1172.547	345.8707	1.567326	2.125236
50430	-842.1973	-1188.384	346.187	1.648267	1.85995
50436	-848.7524	-1194.858	346.1055	1.723114	1.864459
50442	-844.222	-1189.348	345.1263	1.71196	2.507899
50448	-836.9958	-1183.042	346.0464	1.642006	1.959414
50454	-837.7369	-1183.733	345.9964	1.486448	2.095868
50460	-835.1539	-1181.859	346.7046	1.933214	1.266522
50466	-831.2328	-1177.99	346.7574	1.709665	1.403103
50472	-847.1005	-1192.149	345.0485	1.437008	2.725985
50478	-842.5684	-1187.611	345.0426	1.270981	2.830795
50484	-830.554	-1177.138	346.5839	1.744398	1.508836
50490	-823.8575	-1170.057	346.1997	1.661497	1.842167
50496	-820.5589	-1165.998	345.439	1.565271	2.403658
50502	-824.5944	-1169.281	344.6862	1.446858	2.939947
50508	-833.845	-1178.828	344.9832	1.556672	2.692612
50514	-841.3101	-1185.291	343.9812	1.109194	3.556465
50520	-845.7988	-1191.123	345.3245	1.244779	2.674556
50526	-844.3477	-1188.931	344.583	1.335279	3.068801
50532	-834.0298	-1178.957	344.9267	1.131065	2.985263
50538	-839.7265	-1183.894	344.1676	0.9911617	3.516687
50544	-834.6273	-1178.534	343.9068	1.251996	3.516687
50550	-830.4329	-1176.371	345.9382	1.682021	2.005008
50556	-834.093	-1179.133	345.0399	1.229022	2.857876
50562	-838.0623	-1181.479	343.4169	1.051892	3.915381
50568	-832.7821	-1177.914	345.1315	1.260718	2.78297
50574	-837.5346	-1181.308	343.7738	1.214312	3.615925
50580	-837.6897	-1181.811	344.1211	1.140298	3.456797
50586	-841.159	-1185.254	344.0951	1.166236	3.456797
50592	-843.6281	-1189.484	345.8555	1.619585	2.100939
50598	-848.0579	-1193.913	345.8555	1.619585	2.100939
50604	-843.6047	-1189.46	345.8555	1.619585	2.100939
50610	-834.1363	-1179.992	345.8555	1.619585	2.100939
50616	-826.6131	-1172.469	345.8555	1.619585	2.100939
50622	-855.0514	-1201.812	346.761	1.746462	1.371516
50628	-857.1777	-1203.199	346.0217	1.431291	2.115471
50634	-827.0522	-1172.908	345.8555	1.619585	2.100939
50640	-850.6924	-1195.718	345.0255	1.39763	2.764106
50646	-849.3976	-1194.132	344.7348	1.338113	2.976149
50652	-833.8036	-1179.659	345.8555	1.619585	2.100939
50658	-830.5293	-1176.385	345.8555	1.619585	2.100939
50664	-827.5231	-1173.379	345.8555	1.619585	2.100939
50670	-829.6552	-1175.511	345.8555	1.619585	2.100939
50676	-831.6455	-1177.501	345.8555	1.619585	2.100939
50682	-855.1862	-1201.158	345.9713	1.534722	2.080629
50688	-852.46	-1198.354	345.8942	1.611799	2.080629
50694	-830.1009	-1175.956	345.8555	1.619585	2.100939
50700	-841.1137	-1186.969	345.8555	1.619585	2.100939
50706	-839.9026	-1185.758	345.8555	1.619585	2.100939
50712	-830.2159	-1176.071	345.8555	1.619585	2.100939
50718	-843.6257	-1189.481	345.8555	1.619585	2.100939
50724	-863.0645	-1209.528	346.4637	2.037203	1.376686
50730	-863.5036	-1210.038	346.5347	2.037203	1.320251
50736	-849.8295	-1196.715	346.8856	2.090402	0.9576568
50742	-853.8265	-1199.682	345.8555	1.619585	2.100939
50748	-855.2723	-1201.128	345.8555	1.619585	2.100939
50754	-852.6011	-1197.333	344.7318	1.391505	2.945864
50760	-854.4107	-1199.949	345.5385	1.625053	2.302503
50766	-856.3652	-1201.77	345.4049	1.443942	2.501262
50772	-849.2943	-1196.134	346.8396	2.064956	1.029626
50778	-843.4583	-1190.168	346.7101	1.846959	1.332201
50784	-824.5961	-1169.824	345.2282	1.429448	2.620067
50790	-833.3083	-1177.648	344.3395	1.183738	3.30309
50796	-823.5708	-1169.155	345.584	1.288906	2.486205
50802	-830.5912	-1175.447	344.8555	1.335515	2.905044
50808	-839.3026	-1180.361	341.0586	1.023172	5.256125
50814	-830.8458	-1171.964	341.1186	0.9895643	5.241547
50820	-833.428	-1176.289	342.8613	1.034823	4.241727
50826	-829.674	-1173.498	343.824	1.124881	3.638645
50832	-829.4667	-1173.63	344.1629	1.618479	3.150379
50838	-826.8717	-1171.816	344.9447	1.321662	2.859422
50844	-856.9014	-1202.934	346.0331	1.621377	1.982174
50850	-848.8186	-1192.527	343.7081	1.318197	3.593746
50856	-842.8911	-1187.472	344.5809	1.351334	3.060485
50862	-840.5416	-1187.037	346.4953	1.758432	1.564098
50868	-844.4041	-1190.927	346.5233	1.652025	1.621239
50874	-849.1853	-1194.466	345.2807	1.299001	2.668148
50880	-841.0915	-1186.147	345.0551	1.490718	2.688965
50886	-849.5107	-1195.799	346.2879	1.557794	1.852789
50892	-861.8192	-1208.266	346.4473	1.669623	1.663208
50898	-842.8938	-1189.142	346.2481	1.686977	1.791203
50904	-839.8375	-1186.122	346.2841	1.651022	1.791203
50910	-854.1314	-1200.573	346.4417	1.578671	1.731639
50916	-849.2085	-1195.794	346.5852	1.971117	1.3328
50922	-839.5854	-1186.054	346.4685	1.649408	1.662517
50928	-835.5019	-1181.97	346.4685	1.649408	1.662517
50934	-835.111	-1181.58	346.4685	1.649408	1.662517
50940	-838.138	-1184.606	346.4685	1.649408	1.662517
50946	-853.6026	-1200.076	346.4736	1.822068	1.533105
50952	-827.3638	-1173.243	345.8794	1.527356	2.14563
50958	-831.8393	-1177.114	345.2742	1.543637	2.520621
50964	-835.0705	-1181.025	345.9545	1.684374	1.992569
50970	-832.3172	-1178.314	345.9964	1.704719	1.950864
50976	-830.701	-1177.543	346.8417	1.78686	1.27416
50982	-835.0397	-1180.324	345.2845	1.515997	2.531443
50988	-836.2614	-1180.683	344.4213	1.139179	3.281134
50994	-848.5348	-1192.728	344.1935	1.267956	3.3395
51000	-840.3538	-1184.52	344.1665	1.3258	3.321314
51006	-845.0604	-1188.598	343.5374	1.174053	3.775921
51012	-849.4139	-1193.178	343.7638	1.22364	3.616302
51018	-838.5159	-1182.626	344.1099	1.378498	3.323621
51024	-843.3201	-1186.332	343.0122	1.102938	4.117366
51030	-842.6805	-1185.68	342.9997	1.175392	4.083189
51036	-835.8551	-1181.224	345.3689	1.386825	2.55932
51042	-841.9466	-1187.798	345.8519	1.400669	2.245492
51048	-837.6775	-1183.669	345.9913	1.661566	1.983229
51054	-843.3909	-1189.744	346.3527	1.616999	1.767116
51060	-845.7704	-1191.841	346.0708	1.460747	2.063809
51066	-837.1238	-1182.995	345.8716	1.455668	2.197275
51072	-831.4807	-1176.771	345.2908	1.221137	2.709752
51078	-834.1359	-1179.768	345.6321	1.250259	2.480296
51084	-839.3937	-1184.345	344.9514	1.35997	2.832134
51090	-824.1278	-1169.532	345.4043	1.449721	2.498077
51096	-829.7048	-1176.033	346.3278	1.721218	1.71144
51102	-829.1781	-1175.582	346.4035	1.755348	1.63314
51108	-850.9964	-1197.505	346.5086	1.674006	1.615961
51114	-849.1981	-1196.005	346.8074	1.912753	1.197234
51120	-830.6979	-1177.322	346.6238	2.096328	1.197234
51126	-822.8496	-1169.217	346.3677	2.029192	1.457076
51132	-818.6235	-1164.995	346.3712	1.887347	1.56054
51138	-831.7922	-1178.357	346.5651	1.887347	1.414471
51144	-838.6548	-1183.423	344.7679	1.254425	3.006522
51150	-820.9271	-1165.5	344.5729	1.432387	3.016753
51156	-820.6886	-1165.255	344.5661	1.551897	2.949022
51162	-822.8301	-1168.799	345.9687	1.597901	2.040658
51168	-820.8787	-1167.441	346.562	1.500956	1.701585
51174	-828.9724	-1174.825	345.8523	1.526755	2.16366
51180	-828.6968	-1173.726	345.0296	1.260221	2.845226
51186	-831.2013	-1175.258	344.0565	0.9867379	3.583893
51192	-823.5271	-1166.825	343.2981	1.09124	3.960864
51198	-840.9619	-1186.22	345.2582	1.208311	2.737587
51204	-853.1707	-1198.748	345.5776	1.303486	2.481129
51210	-855.4814	-1200.744	345.2627	1.556529	2.519769
51216	-844.8075	-1189.662	344.8549	1.513201	2.797645
51222	-854.91	-1200.287	345.3773	1.580602	2.432921
51228	-851.9411	-1197.442	345.5007	1.801255	2.213629
51234	-846.5084	-1192.541	346.0327	1.565132	2.019911
51240	-839.9982	-1184.374	344.3754	1.072629	3.347389
51246	-836.6947	-1180.649	343.9541	1.066832	3.596871
51252	-830.9837	-1175.546	344.5624	1.088717	3.227609
51258	-830.4629	-1175.479	345.0157	1.237821	2.867199
51264	-831.6869	-1175.65	343.9632	1.000109	3.630295
51270	-836.4459	-1179.649	343.2036	0.9591321	4.090254
51276	-823.7292	-1166.811	343.0813	1.013668	4.128815
51282	-811.8174	-1155.849	344.0316	1.233362	3.454665
51288	-815.8626	-1161.641	345.7788	1.355944	2.320907
51294	-829.0317	-1174.926	345.8941	1.336495	2.259622
51300	-825.7937	-1170.671	344.8778	1.317827	2.902219
51306	-830.2172	-1175.513	345.2957	1.406198	2.592685
51312	-823.7432	-1170.004	346.2604	1.672988	1.792359
51318	-830.8481	-1176.526	345.6777	1.534989	2.271074
51324	-823.9833	-1169.629	345.646	1.453387	2.343426
51330	-825.714	-1171.359	345.6452	1.454199	2.343426
51336	-828.7029	-1174.844	346.1414	1.557194	1.952586
51342	-831.227	-1176.601	345.3741	1.245483	2.643606
51348	-842.8621	-1186.655	343.7928	1.048369	3.701025
51354	-839.496	-1183.829	344.3334	1.07349	3.37156
51360	-837.4699	-1182.034	344.5638	1.352833	3.069766
51366	-829.845	-1174.609	344.7644	1.152262	3.069766
51372	-839.063	-1182.314	343.2514	1.066197	4.001909
51378	-840.2826	-1183.899	343.6163	1.04731	3.803427
51384	-833.4607	-1177.8	344.339	1.217932	3.283284
51390	-850.7383	-1194.173	343.4348	1.179529	3.831787
51396	-854.1195	-1198.87	344.7508	1.369817	2.947498
51402	-840.2997	-1184.575	344.2756	1.098542	3.390761
51408	-820.0523	-1162.098	342.0454	0.9545514	4.74595
51414	-816.7252	-1159.647	342.922	1.074328	4.184853
51420	-829.8836	-1173.166	343.2827	1.195587	3.909915
51426	-834.7777	-1179.328	344.55	1.20239	3.1676
51432	-836.6623	-1181.464	344.802	1.351488	2.927689
51438	-848.1653	-1193.875	345.71	1.651701	2.174972
51444	-837.2462	-1182.375	345.1284	1.344136	2.733914
51450	-853.8295	-1199.96	346.1301	1.55257	1.963296
51456	-838.3628	-1184.665	346.3024	1.696193	1.74692
51462	-832.6261	-1179.383	346.7567	1.715634	1.399012
51468	-833.3612	-1179.647	346.2853	1.630185	1.804771
51474	-832.4513	-1178.746	346.2947	1.630185	1.798306
51480	-845.0753	-1188.81	343.7345	1.077927	3.71766
51486	-832.2113	-1175.773	343.5621	1.060133	3.827237
51492	-827.8018	-1173.824	346.022	1.356914	2.163782
51498	-818.8936	-1164.091	345.1969	1.260924	2.742878
51504	-826.4582	-1171.13	344.6717	1.143315	3.13037
51510	-859.9912	-1206.276	346.2847	1.566548	1.848988
51516	-851.4596	-1197.456	345.9962	1.646996	1.989676
51522	-852.0741	-1197.93	345.8564	1.586978	2.121732
51528	-840.7421	-1186.202	345.4596	1.458298	2.458014
51534	-853.2661	-1198.696	345.4302	1.458298	2.476456
51540	-847.4469	-1192.734	345.2872	1.349041	2.633298
51546	-848.7001	-1193.079	344.3787	1.11256	3.321957
51552	-847.7433	-1190.704	342.9607	1.149662	4.120035
51558	-839.8579	-1183.461	343.6036	1.202681	3.721198
51564	-850.7143	-1195.608	344.8935	1.445204	2.815497
51570	-830.9587	-1176.043	345.0841	1.455032	2.693081
51576	-828.93	-1174.317	345.3868	1.539534	2.452739
51582	-818.7813	-1163.919	345.138	1.376397	2.708266
51588	-831.1597	-1176.442	345.2824	1.404905	2.601745
51594	-828.0334	-1173.223	345.1893	1.45224	2.630062
51600	-838.5698	-1183.966	345.3959	1.460305	2.496708
51606	-840.3534	-1185.73	345.3766	1.553162	2.450565
51612	-830.2297	-1175.81	345.5799	1.481266	2.367703
51618	-835.29	-1180.67	345.3801	1.328733	2.588419
51624	-827.2843	-1173.687	346.403	1.688638	1.681237
51630	-823.287	-1169.496	346.2089	1.701042	1.808592
51636	-827.3467	-1172.652	345.3051	1.562552	2.489506
51642	-835.5959	-1182.17	346.5737	1.719221	1.535149
51648	-834.2649	-1180.125	345.86	1.697754	2.046502
51654	-836.0004	-1180.843	344.8423	1.339041	2.910879
51660	-833.3171	-1178.894	345.5769	1.4785	2.371353
51666	-833.7019	-1178.531	344.8295	1.233015	2.982432
51672	-837.8927	-1183.672	345.7788	1.345123	2.327794
51678	-838.7754	-1183.649	344.8737	1.354405	2.882609
51684	-838.067	-1183.515	345.4481	1.650906	2.343688
51690	-828.1739	-1174.225	346.0512	1.445038	2.087057
51696	-833.6722	-1180.688	347.0154	1.779907	1.131334
51702	-846.1071	-1192.776	346.6687	2.014066	1.229055
51708	-841.955	-1188.991	347.0359	2.060175	0.8200833
51714	-839.6093	-1186.439	346.83	2.027796	1.074152
51720	-833.8062	-1180.085	346.2788	1.885247	1.629354
51726	-837.7345	-1183.956	346.2212	1.942932	1.629354
51732	-852.1947	-1198.687	346.4927	1.813044	1.525659
51738	-858.4915	-1204.039	345.5474	1.782309	2.195717
51744	-856.0832	-1201.825	345.742	1.630071	2.168236
51750	-859.583	-1206.032	346.4495	1.68565	1.650184
51756	-848.7809	-1193.985	345.2045	1.29588	2.716872
51762	-843.8568	-1188.464	344.6077	1.326472	3.059289
51768	-839.1127	-1183.748	344.635	1.31236	3.051408
51774	-857.2594	-1202.765	345.5057	1.402559	2.464086
51780	-835.7583	-1179.94	344.1819	1.265245	3.347902
51786	-819.4476	-1164.687	345.2394	1.39479	2.63455
51792	-828.2978	-1173.641	345.3434	1.493894	2.508492
51798	-839.032	-1184.508	345.4763	1.550577	2.389402
51804	-821.6747	-1167.285	345.6103	1.621838	2.258578
51810	-837.0455	-1182.916	345.8701	1.62681	2.08661
51816	-842.6303	-1187.457	344.8267	1.452304	2.851755
51822	-848.243	-1193.129	344.886	1.393019	2.851755
51828	-847.6663	-1193.264	345.5982	1.642675	2.253021
51834	-842.8135	-1188.53	345.7169	1.52389	2.253021
51840	-847.456	-1193.345	345.889	1.449323	2.190131
51846	-850.7829	-1197.358	346.5749	1.831635	1.4497
51852	-855.2649	-1201.569	346.304	1.625411	1.795144
51858	-846.006	-1192.592	346.5861	1.813076	1.455317
51864	-830.2125	-1176.37	346.1576	1.689041	1.852141
51870	-833.7661	-1179.77	346.0039	1.573273	2.033632
51876	-829.568	-1175.72	346.1523	1.573273	1.934411
51882	-848.3418	-1193.979	345.6372	1.670617	2.209859
51888	-836.628	-1182.691	346.0629	1.555867	2.005998
51894	-827.5571	-1174.059	346.5016	1.551054	1.708886
51900	-820.0209	-1165.592	345.5714	1.488971	2.368204
51906	-825.2396	-1170.759	345.5197	1.274231	2.535517
51912	-826.1993	-1172.181	345.9815	1.471726	2.115258
51918	-841.2915	-1187.338	346.0467	1.614956	1.977337
51924	-824.483	-1170.99	346.5073	1.663949	1.624188
51930	-831.49	-1177.747	346.2566	1.487673	1.921808
51936	-842.3644	-1187.861	345.4964	1.573366	2.362233
51942	-835.9138	-1181.662	345.7483	1.354539	2.34122
51948	-842.7677	-1187.823	345.0554	1.304991	2.80234
51954	-845.0106	-1189.931	344.9203	1.248687	2.918301
51960	-836.1794	-1181.604	345.4245	1.43983	2.491587
51966	-831.0978	-1175.744	344.6461	1.193709	3.115588
51972	-837.4795	-1181.797	344.318	1.196824	3.308102
51978	-845.638	-1190.119	344.4807	1.252882	3.178756
51984	-837.8566	-1182.368	344.5114	1.25307	3.160408
51990	-827.355	-1171.335	343.98	1.16693	3.523551
51996	-831.0675	-1175.911	344.843	1.323833	2.919614
52002	-840.6615	-1186.318	345.6564	1.495117	2.310195
52008	-832.1683	-1176.778	344.6094	1.129676	3.175519
52014	-839.5382	-1185.576	346.0381	1.405341	2.121717
52020	-864.0249	-1209.986	345.9612	1.719714	1.964437
52026	-859.044	-1205.005	345.9612	1.719714	1.964437
52032	-835.6976	-1181.596	345.8982	1.650622	2.052396
52038	-829.9899	-1175.5	345.5097	1.376462	2.477908
52044	-842.3124	-1187.147	344.8343	1.201453	2.998485
52050	-833.4288	-1178.768	345.3389	1.279178	2.644506
52056	-838.6166	-1184.363	345.7467	1.388969	2.320344
52062	-825.6901	-1170.815	345.1253	1.314082	2.75416
52068	-834.6123	-1179.177	344.5646	1.125999	3.204218
52074	-836.2403	-1181.232	344.9913	1.19563	2.90746
52080	-840.237	-1185.096	344.8588	1.381271	2.875361
52086	-837.3026	-1182.453	345.1501	1.182844	2.819034
52092	-852.0066	-1197.968	345.9612	1.719714	1.964437
52098	-851.7616	-1197.723	345.9612	1.719714	1.964437
52104	-837.1772	-1182.087	344.9099	1.39295	2.83731
52110	-837.788	-1183.749	345.9612	1.719714	1.964437
52116	-833.5953	-1179.556	345.9612	1.719714	1.964437
52122	-823.8763	-1169.838	345.9612	1.719714	1.964437
52128	-831.4063	-1177.368	345.9612	1.719714	1.964437
52134	-833.4673	-1179.52	346.0526	1.397664	2.117223
52140	-834.0901	-1180.143	346.0526	1.397664	2.117223
52146	-835.0134	-1181.066	346.0526	1.397664	2.117223
52152	-832.8994	-1177.201	344.3014	1.194444	3.319229
52158	-838.8125	-1183.61	344.7972	1.20335	3.019596
52164	-837.881	-1183.492	345.6108	1.212311	2.517355
52170	-844.8749	-1190.332	345.4574	1.365728	2.517355
52176	-836.95	-1182.632	345.6823	1.452801	2.320694
52182	-834.2823	-1177.561	343.2785	1.101065	3.966448
52188	-837.2368	-1181.266	344.0295	1.118737	3.522842
52194	-839.1284	-1183.191	344.0629	1.250287	3.426464
52200	-838.2882	-1183.661	345.373	1.259243	2.635772
52206	-835.0271	-1180.97	345.9434	1.337411	2.227294
52212	-846.6566	-1193.327	346.6701	1.449947	1.661021
52218	-835.7627	-1182.152	346.3898	1.730247	1.661021
52224	-825.6911	-1172.381	346.6896	1.508577	1.604709
52230	-835.943	-1181.776	345.8331	1.579314	2.141963
52236	-827.104	-1171.705	344.6014	1.354071	3.046574
52242	-835.474	-1181.435	345.9612	1.719714	1.964437
52248	-846.4742	-1192.435	345.9612	1.719714	1.964437
52254	-848.0674	-1194.029	345.9612	1.719714	1.964437
52260	-817.1234	-1162.823	345.6994	1.356243	2.371172
52266	-810.4446	-1156.382	345.9374	1.389695	2.197393
52272	-828.7959	-1174.068	345.2726	1.377711	2.624625
52278	-827.0834	-1171.741	344.6573	1.219804	3.093367
52284	-821.1315	-1165.528	344.3961	0.9638758	3.39909
52290	-839.5776	-1185.539	345.9612	1.719714	1.964437
52296	-837.2547	-1183.216	345.9612	1.719714	1.964437
52302	-838.1115	-1182.509	344.3972	0.9627277	3.39909
52308	-834.2213	-1178.618	344.3972	0.9627277	3.39909
52314	-843.8435	-1189.805	345.9612	1.719714	1.964437
52320	-841.2465	-1187.208	345.9612	1.719714	1.964437
52326	-841.5113	-1187.472	345.9612	1.719714	1.964437
52332	-845.5591	-1190.902	345.3425	1.464309	2.527517
52338	-839.734	-1184.792	345.058	1.374447	2.758421
52344	-826.0609	-1171.204	345.1432	1.281041	2.763439
52350	-840.7326	-1185.512	344.7792	1.223934	3.018052
52356	-837.7453	-1181.838	344.0926	1.23122	3.420243
52362	-825.0675	-1170.636	345.5684	1.403747	2.423933
52368	-823.7911	-1169.5	345.7091	1.474073	2.29002
52374	-833.9051	-1180.13	346.225	1.605957	1.862895
52380	-836.979	-1182.033	345.0544	1.366451	2.765463
52386	-838.6098	-1185.022	346.4122	1.651921	1.700811
52392	-844.6487	-1190.76	346.1114	1.571368	1.963192
52398	-830.9066	-1176.938	346.0317	1.419039	2.116911
52404	-833.5672	-1179.003	345.4359	1.344337	2.544069
52410	-828.7085	-1173.552	344.844	1.384739	2.882224
52416	-823.19	-1168.239	345.0489	1.271116	2.826884
52422	-831.2027	-1176.249	345.0459	1.257995	2.83669
52428	-824.2586	-1169.312	345.0533	1.321938	2.793324
52434	-823.1616	-1168.772	345.6109	1.268487	2.48218
52440	-819.557	-1164.569	345.0125	1.300783	2.830994
52446	-816.7447	-1161.352	344.6074	1.163587	3.156562
52452	-852.3113	-1196.085	343.7733	1.303406	3.564469
52458	-844.5633	-1188.348	343.785	1.291707	3.564469
52464	-822.0176	-1166.781	344.7632	1.077757	3.114934
52470	-814.0965	-1160.387	346.2905	1.482648	1.902261
52476	-815.9999	-1162.11	346.1098	1.507412	2.006995
52482	-829.4127	-1175.507	346.0942	1.593332	1.959993
52488	-825.0181	-1171.96	346.9419	1.909229	1.080376
52494	-832.2	-1178.928	346.7284	1.831665	1.329782
52500	-827.1938	-1173.964	346.77	1.914159	1.227832
52506	-840.6452	-1187.296	346.6513	1.948983	1.297288
52512	-828.6096	-1175.175	346.5655	1.805158	1.476976
52518	-836.2902	-1183.233	346.9428	2.082928	0.9039218
52524	-840.586	-1184.126	343.5402	1.264938	3.721852
52530	-830.0612	-1175.387	345.3256	1.381716	2.589353
52536	-834.8341	-1180.211	345.3766	1.405231	2.543086
52542	-824.5065	-1169.787	345.2804	1.386292	2.614491
52548	-826.0491	-1171.853	345.8034	1.579694	2.16105
52554	-811.6916	-1155.505	343.8134	1.23187	3.58273
52560	-810.7227	-1156.553	345.8307	1.589057	2.137137
52566	-819.6659	-1165.515	345.8495	1.521189	2.169151
52572	-816.962	-1163.824	346.8623	1.521189	1.467268
52578	-813.2684	-1159.856	346.5878	1.795694	1.467268
52584	-817.0081	-1163.332	346.3242	1.691897	1.734663
52590	-837.8172	-1182.909	345.0917	1.292726	2.787693
52596	-819.5024	-1164.093	344.5904	1.281485	3.096488
52602	-833.069	-1177.17	344.1007	1.080901	3.503359
52608	-832.6821	-1176.635	343.9529	1.228753	3.503359
52614	-827.035	-1173.667	346.6322	1.856631	1.386175
52620	-829.1773	-1175.408	346.2311	1.838948	1.696612
52626	-840.9957	-1187.829	346.8333	1.861565	1.21879
52632	-832.7824	-1179.534	346.7515	2.144146	1.038254
52638	-832.1528	-1178.789	346.636	1.890652	1.356396
52644	-831.9287	-1177.841	345.9119	1.790892	1.949768
52650	-838.0472	-1183.949	345.9015	1.614542	2.074003
52656	-826.6191	-1172.545	345.926	1.590087	2.074003
52662	-837.8265	-1180.582	342.7554	1.195149	4.210847
52668	-839.4149	-1184.122	344.707	1.119518	3.12354
52674	-836.2845	-1181.291	345.0069	1.175479	2.910248
52680	-846.1957	-1190.898	344.7026	1.12046	3.125563
52686	-853.7987	-1199.15	345.3509	1.025465	2.792638
52692	-856.7303	-1198.959	342.2289	0.8979628	4.675002
52698	-854.3169	-1196.374	342.0567	0.8979628	4.771277
52704	-852.9104	-1197.182	344.2716	1.080352	3.403779
52710	-850.2708	-1193.105	342.8344	1.004304	4.274234
52716	-850.6838	-1193.331	342.6475	0.9869312	4.389745
52722	-841.6104	-1187.18	345.5699	1.514006	2.353262
52728	-850.6414	-1196.487	345.8454	1.670131	2.074397
52734	-821.2409	-1166.778	345.5367	1.510029	2.376834
52740	-825.2611	-1170.857	345.5963	1.450413	2.376834
52746	-833.8157	-1178.745	344.9295	1.359582	2.845635
52752	-853.5811	-1196.968	343.387	1.140797	3.881516
52758	-853.3034	-1197.428	344.1244	1.214531	3.411426
52764	-847.1625	-1189.965	342.8026	1.038959	4.27266
52770	-830.2197	-1174.962	344.7419	0.9866161	3.181765
52776	-825.1012	-1169.603	344.5021	1.226367	3.181765
52782	-839.8751	-1184.229	344.3542	1.28181	3.236533
52788	-838.518	-1183.285	344.7675	1.339503	2.955689
52794	-841.9269	-1186.826	344.8994	1.44663	2.811066
52800	-845.8187	-1190.445	344.626	1.321105	3.051584
52806	-844.3269	-1188.759	344.432	1.300395	3.179486
52812	-826.5011	-1172.026	345.5247	1.450206	2.422168
52818	-820.9637	-1165.944	344.9806	1.227271	2.894845
52824	-836.1277	-1181.809	345.681	1.675284	2.178492
52830	-830.8386	-1177.182	346.3437	1.652262	1.748806
52836	-833.4991	-1179.468	345.9689	1.528737	2.086156
52842	-832.3493	-1177.567	345.2178	1.345033	2.678491
52848	-825.3556	-1169.401	344.0456	1.211245	3.459411
52854	-843.4917	-1188.423	344.9313	1.248275	2.911908
52860	-835.4086	-1179.337	343.9283	1.18074	3.545615
52866	-853.2058	-1197.566	344.36	1.070133	3.35792
52872	-834.8486	-1180.052	345.2031	1.18213	2.787237
52878	-835.0715	-1180.849	345.7777	1.546129	2.199501
52884	-852.3236	-1196.574	344.2502	1.382218	3.238676
52890	-847.1533	-1191.401	344.2482	1.384254	3.238676
52896	-847.1209	-1191.681	344.5604	1.153182	3.190632
52902	-833.8042	-1178.081	344.2769	1.138495	3.366531
52908	-832.7689	-1178.37	345.6012	1.36812	2.425718
52914	-841.989	-1187.456	345.4668	1.502454	2.425718
52920	-845.4979	-1191.227	345.7287	1.737137	2.107054
52926	-852.7392	-1198.814	346.0749	1.755725	1.863141
52932	-846.5973	-1192.488	345.8909	1.495974	2.158591
52938	-846.2916	-1192.399	346.1078	1.819028	1.796939
52944	-846.7708	-1192.695	345.9243	1.607249	2.063812
52950	-861.2321	-1205.177	343.9453	1.111105	3.57624
52956	-854.5372	-1199.421	344.8834	1.277164	2.923424
52962	-861.9111	-1208.435	346.5238	2.052006	1.317089
52968	-839.5448	-1186.101	346.5567	1.817022	1.474663
52974	-844.0726	-1190.203	346.1306	1.668936	1.884286
52980	-860.7986	-1207.275	346.4762	1.517708	1.750214
52986	-851.9973	-1197.822	345.8251	1.632587	2.112356
52992	-837.4149	-1183.486	346.0707	1.625193	1.954421
52998	-822.7243	-1169.465	346.7405	1.758299	1.378352
53004	-816.8352	-1163.47	346.635	1.863828	1.378352
53010	-824.0003	-1170.62	346.6193	1.957774	1.316129
53016	-820.1352	-1166.701	346.5658	1.957774	1.358846
53022	-832.7164	-1179.659	346.9428	1.957774	1.033495
53028	-825.7609	-1172.411	346.6503	1.852506	1.375188
53034	-829.2761	-1175.926	346.6503	1.852506	1.375188
53040	-811.7734	-1158.192	346.4186	1.726409	1.643118
53046	-818.7963	-1164.783	345.9871	1.709525	1.953886
53052	-821.3497	-1167.241	345.891	1.709525	2.018115
53058	-824.1189	-1169.888	345.7686	1.285632	2.372054
53064	-825.7272	-1171.758	346.0306	1.605354	1.994516
53070	-826.5401	-1172.627	346.0872	1.615059	1.950094
53076	-832.1828	-1178.328	346.1449	1.557379	1.950094
53082	-837.6419	-1183.844	346.2019	1.571454	1.902105
53088	-835.4903	-1181.008	345.5176	1.549475	2.363936
53094	-833.542	-1180.297	346.7553	1.685543	1.423426
53100	-815.3142	-1160.987	345.6726	1.55114	2.263979
53106	-817.3428	-1162.554	345.2116	1.374261	2.66438
53112	-828.4726	-1174.415	345.942	1.452315	2.153772
53118	-832.7501	-1178.225	345.4751	1.423751	2.469973
53124	-831.9691	-1178.205	346.236	1.347932	2.029136
53130	-837.438	-1182.65	345.2124	1.347932	2.680063
53136	-847.7755	-1193.063	345.2878	1.467111	2.559826
53142	-861.2963	-1206.717	345.4212	1.480367	2.468311
53148	-848.1702	-1192.329	344.1587	1.342039	3.316362
53154	-833.5722	-1179.318	345.7462	1.758703	2.081385
53160	-835.9806	-1180.331	344.3505	1.173741	3.302551
53166	-836.9305	-1182.257	345.326	1.513939	2.506837
53172	-851.0781	-1196.077	344.9993	1.530699	2.698664
53178	-851.3283	-1197.078	345.7499	1.398761	2.312013
53184	-844.3952	-1190.125	345.7299	1.594219	2.199335
53190	-852.9609	-1199.437	346.4765	1.48988	1.769435
53196	-846.1446	-1192.255	346.1107	1.369203	2.097782
53202	-836.0353	-1181.959	345.9239	1.602692	2.067063
53208	-841.9836	-1188.8	346.8169	1.80708	1.277927
53214	-837.4668	-1184.422	346.9556	1.956627	1.022181
53220	-837.0692	-1183.987	346.9175	1.992002	1.024834
53226	-837.7505	-1184.261	346.5102	1.633173	1.64423
53232	-835.2897	-1181.682	346.3924	1.577686	1.766832
53238	-839.6917	-1184.854	345.1625	1.328995	2.722266
53244	-829.9966	-1175.041	345.0449	1.285428	2.820641
53250	-844.8082	-1189.003	344.1952	1.104465	3.434411
53256	-833.9319	-1176.329	342.3976	1.016313	4.513953
53262	-826.0301	-1170.103	344.073	0.9930241	3.570641
53268	-828.9812	-1173.263	344.2817	1.127719	3.370087
53274	-829.779	-1173.177	343.3977	1.200881	3.840884
53280	-823.8685	-1169.265	345.3967	1.372502	2.550948
53286	-828.2624	-1173.344	345.0814	1.407952	2.723625
53292	-825.0282	-1169.296	344.2675	1.273921	3.292393
53298	-830.5057	-1173.782	343.276	1.14139	3.94481
53304	-826.6867	-1171.682	344.9951	1.263353	2.864199
53310	-826.0746	-1171.506	345.4309	1.496719	2.45194
53316	-809.6196	-1155.317	345.6973	1.486407	2.289667
53322	-848.7603	-1194.526	345.7653	1.589919	2.179178
53328	-852.662	-1199.663	347.0007	1.868473	1.063463
53334	-819.8034	-1165.659	345.856	1.472464	2.196477
53340	-822.1935	-1167.705	345.5114	1.48851	2.406389
53346	-834.325	-1179.797	345.4717	1.48851	2.431423
53352	-832.7577	-1177.964	345.2064	1.48851	2.597055
53358	-838.2702	-1182.891	344.6204	1.286453	3.075629
53364	-830.5245	-1176.164	345.6393	1.430321	2.362327
53370	-837.4352	-1182.923	345.488	1.631254	2.330795
53376	-844.0495	-1189.496	345.4463	1.385415	2.511975
53382	-859.1405	-1205.357	346.2163	1.558418	1.901166
53388	-856.7938	-1203.368	346.5745	1.53849	1.666056
53394	-833.5346	-1179.589	346.0545	1.858173	1.806748
53400	-829.2567	-1176.046	346.7896	1.858173	1.258322
53406	-836.7226	-1183.31	346.5873	1.72847	1.518171
53412	-838.8922	-1185.363	346.4706	1.845132	1.518171
53418	-835.8214	-1182.043	346.2216	1.637273	1.843748
53424	-828.0708	-1174.235	346.1647	1.657047	1.86921
53430	-831.9752	-1178.245	346.2694	1.658937	1.795878
53436	-839.2054	-1184.811	345.6053	1.527697	2.322038
53442	-830.7333	-1176.257	345.5236	1.555123	2.356538
53448	-824.1653	-1167.621	343.456	1.163328	3.828915
53454	-831.2924	-1175.218	343.9256	0.9766293	3.665674
53460	-842.1341	-1186.202	344.0681	1.12577	3.496234
53466	-845.3248	-1189.253	343.9286	1.111996	3.585475
53472	-836.7396	-1181.569	344.8297	1.268361	2.961062
53478	-836.5654	-1181.304	344.7388	1.359268	2.961062
53484	-834.9739	-1180.672	345.6978	1.53318	2.259373
53490	-835.1967	-1181.313	346.116	1.632005	1.919281
53496	-834.0278	-1180.28	346.2522	1.539647	1.889542
53502	-840.5178	-1186.53	346.0119	1.671	1.96313
53508	-840.3944	-1186.406	346.0119	1.671	1.96313
53514	-824.6401	-1170.947	346.3065	1.664722	1.766042
53520	-837.0798	-1183.751	346.6713	1.694261	1.48082
53526	-846.9418	-1193.139	346.1976	1.783145	1.759426
53532	-844.7764	-1190.425	345.6484	1.596986	2.250094
53538	-839.4778	-1186.047	346.5692	1.711788	1.54398
53544	-837.8962	-1184.488	346.5917	1.83276	1.435974
53550	-870.4647	-1217.135	346.6702	1.828343	1.37855
53556	-858.2821	-1205.092	346.8103	1.724135	1.350196
53562	-856.5559	-1203.314	346.7577	1.83078	1.306884
53568	-847.6154	-1193.105	345.4893	1.485701	2.422115
53574	-851.1156	-1197.484	346.3688	1.818139	1.612844
53580	-840.9653	-1187.119	346.1537	1.525453	1.965625
53586	-837.5933	-1182.976	345.3827	1.341331	2.578986
53592	-839.9964	-1186.171	346.1743	1.635284	1.877479
53598	-835.8366	-1181.387	345.5502	1.400604	2.437328
53604	-854.1306	-1200.024	345.8935	1.555235	2.118195
53610	-864.787	-1211.006	346.2191	1.710661	1.794919
53616	-868.689	-1215.451	346.7618	1.872427	1.269473
53622	-847.9991	-1194.645	346.6455	1.683006	1.50869
53628	-852.2455	-1197.875	345.6299	1.630874	2.240174
53634	-842.4867	-1188.847	346.3607	1.616721	1.761733
53640	-870.1465	-1215.987	345.8403	1.536585	2.165102
53646	-868.1864	-1213.461	345.2748	1.690453	2.42827
53652	-851.8087	-1196.989	345.1806	1.473276	2.622433
53658	-843.6872	-1188.68	344.9925	1.343905	2.816948
53664	-846.2242	-1191.133	344.9084	1.427923	2.816948
53670	-843.7645	-1188.749	344.9842	1.352133	2.816948
53676	-842.1857	-1187.114	344.9287	1.339935	2.858056
53682	-817.5292	-1163.178	345.6484	1.500704	2.311724
53688	-825.3377	-1171.355	346.0171	1.465111	2.096266
53694	-823.4743	-1169.107	345.6326	1.465111	2.344461
53700	-835.9269	-1181.927	345.9997	1.533335	2.062831
53706	-835.5717	-1181.493	345.9211	1.586267	2.079741
53712	-844.3946	-1189.499	345.1041	1.615232	2.5819
53718	-836.7774	-1182.642	345.8644	1.578852	2.121829
53724	-837.0663	-1182.364	345.2977	1.445882	2.566848
53730	-846.4709	-1192.968	346.4971	2.209151	1.209102
53736	-848.2437	-1194.741	346.4971	2.209151	1.209102
53742	-834.7888	-1180.438	345.6494	1.347897	2.408071
53748	-841.4815	-1186.949	345.4676	1.421932	2.475842
53754	-823.8904	-1169.222	345.3319	1.413551	2.565681
53760	-813.4557	-1159.005	345.5493	1.486474	2.383751
53766	-824.9485	-1170.385	345.4366	1.552678	2.413111
53772	-838.6798	-1184.804	346.1238	1.587808	1.943818
53778	-828.8396	-1174.296	345.4564	1.463041	2.457069
53784	-830.2435	-1176.064	345.8206	1.367661	2.286712
53790	-836.8801	-1183.006	346.1261	1.475167	2.017654
53796	-840.4758	-1186.014	345.5378	1.580256	2.331533
53802	-833.0445	-1178.017	344.9723	1.467951	2.753648
53808	-837.5345	-1182.966	345.4311	1.343906	2.547302
53814	-848.1147	-1194.912	346.7976	1.802268	1.297645
53820	-830.445	-1174.87	344.425	1.227971	3.226506
53826	-842.13	-1186.377	344.247	1.046068	3.438272
53832	-841.7413	-1185.747	344.006	1.155838	3.514861
53838	-844.6097	-1188.448	343.8385	1.208942	3.581447
53844	-844.8274	-1191.031	346.2032	1.876369	1.689834
53850	-843.0882	-1189.728	346.6394	1.982314	1.279832
53856	-842.9872	-1189.181	346.1936	1.746739	1.787539
53862	-849.1649	-1195.37	346.205	1.735335	1.787539
53868	-862.5057	-1208.927	346.4214	1.723904	1.642868
53874	-845.2177	-1191.058	345.8406	1.472402	2.206495
53880	-842.3477	-1188.845	346.4971	2.209151	1.209102
53886	-838.1995	-1184.697	346.4971	2.209151	1.209102
53892	-841.5033	-1188	346.4971	2.209151	1.209102
53898	-841.3734	-1187.871	346.4971	2.209151	1.209102
53904	-831.7814	-1177.191	345.4097	1.628642	2.382152
53910	-828.1834	-1173.841	345.6575	1.385644	2.379109
53916	-827.9313	-1173.67	345.7384	1.470257	2.273667
53922	-817.9453	-1163.85	345.9049	1.584688	2.091417
53928	-817.5486	-1163.056	345.5077	1.378729	2.47777
53934	-829.618	-1174.503	344.8853	1.246459	2.940739
53940	-826.1811	-1170.875	344.694	1.397762	2.964847
53946	-823.6979	-1167.821	344.1227	1.156268	3.446498
53952	-831.482	-1176.72	345.2378	1.305398	2.690609
53958	-829.0219	-1174.101	345.0794	1.301138	2.790059
53964	-837.961	-1181.59	343.6288	1.082746	3.775861
53970	-839.3952	-1183.739	344.3442	1.281022	3.242913
53976	-843.9887	-1187.778	343.7894	1.166386	3.634678
53982	-849.1302	-1193.464	344.3337	1.193766	3.300652
53988	-833.8311	-1178.891	345.0599	1.261092	2.826301
53994	-831.4187	-1178.016	346.5972	1.729764	1.50982
54000	-820.5291	-1167.148	346.6189	1.912916	1.352331
54006	-811.2189	-1157.43	346.2116	1.786241	1.747453
54012	-818.6162	-1164.944	346.3277	1.562516	1.822234
54018	-817.9053	-1164.377	346.4712	1.694486	1.628171
54024	-827.5924	-1173.589	345.9964	1.665239	1.977371
54030	-840.5981	-1184.371	343.7729	1.191099	3.62991
54036	-841.8143	-1185.094	343.2798	0.9480355	4.053109
54042	-855.9936	-1199.678	343.6848	1.052734	3.760874
54048	-843.8402	-1188.439	344.5985	1.320802	3.068189
54054	-835.0537	-1180.109	345.0552	1.462169	2.70644
54060	-846.2236	-1191.949	345.725	1.522691	2.248632
54066	-846.1325	-1190.394	344.2611	1.428889	3.204632
54072	-854.1678	-1198.877	344.7093	1.331874	2.995221
54078	-844.0439	-1188.79	344.7459	1.226815	3.036241
54084	-848.4195	-1193.373	344.9535	1.496148	2.747871
54090	-844.2642	-1190.008	345.7441	1.506747	2.246557
54096	-850.8267	-1196.632	345.8053	1.445558	2.246557
54102	-844.971	-1190.979	346.0084	1.533634	2.056881
54108	-838.1201	-1184.424	346.3036	1.378565	1.963609
54114	-837.4507	-1183.165	345.7141	1.668415	2.16142
54120	-840.3776	-1186.313	345.9358	1.72576	1.9774
54126	-830.4559	-1176.884	346.4281	1.845868	1.549153
54132	-831.8553	-1177.33	345.4745	1.480342	2.434799
54138	-824.7991	-1169.356	344.5571	1.159463	3.188879
54144	-843.7679	-1187.439	343.6709	1.139805	3.718604
54150	-839.6106	-1183.955	344.3442	1.146011	3.322591
54156	-845.422	-1190.438	345.0156	1.308514	2.824422
54162	-841.0552	-1186.485	345.4297	1.566474	2.408782
54168	-838.9972	-1184.57	345.5732	1.46937	2.379455
54174	-824.2626	-1169.878	345.6154	1.534431	2.3113
54180	-826.9502	-1172.28	345.3298	1.331404	2.617888
54186	-832.7954	-1175.686	342.8905	1.215541	4.122527
54192	-837.2476	-1180.149	342.9011	0.9790281	4.250811
54198	-834.292	-1178.364	344.0724	1.305562	3.388539
54204	-840.9368	-1186.866	345.9289	1.692935	2.003974
54210	-841.0265	-1187.52	346.4933	1.724231	1.590595
54216	-834.2971	-1180.648	346.351	1.866562	1.590595
54222	-829.0248	-1175.825	346.7999	1.987533	1.138393
54228	-836.4616	-1183.453	346.9917	1.943002	0.9999387
54234	-827.2315	-1173.99	346.7587	1.936117	1.218874
54240	-836.4963	-1183.068	346.5713	2.123476	1.218874
54246	-839.905	-1186.605	346.6998	1.992444	1.221063
54252	-842.4253	-1188.683	346.2573	1.438563	1.954412
54258	-833.1636	-1178.871	345.7075	1.287122	2.409736
54264	-818.0161	-1164.276	346.2599	1.521703	1.896524
54270	-814.0824	-1158.204	344.1217	1.308578	3.357838
54276	-830.4861	-1175.758	345.2724	1.417345	2.600255
54282	-828.723	-1173.988	345.2653	1.424394	2.600255
54288	-830.1237	-1174.883	344.7595	1.253392	3.012196
54294	-832.7801	-1177.8	345.0201	1.310046	2.820742
54300	-830.5338	-1176.207	345.673	1.438451	2.335717
54306	-829.9848	-1176.041	346.0565	1.593011	1.985468
54312	-825.3964	-1171.355	345.9586	1.304532	2.238686
54318	-824.703	-1170.774	346.0715	1.586593	1.979771
54324	-832.258	-1179.069	346.8109	2.060973	1.060974
54330	-830.0565	-1176.14	346.0838	1.556356	1.991746
54336	-825.5158	-1171.237	345.7214	1.514784	2.25601
54342	-850.2257	-1195.01	344.784	1.150069	3.059397
54348	-841.0161	-1185.651	344.6348	1.150069	3.148278
54354	-836.0612	-1182.176	346.115	1.635427	1.917664
54360	-827.2617	-1173.264	346.0027	1.578225	2.031141
54366	-826.1908	-1172.112	345.921	1.442772	2.173605
54372	-828.7626	-1172.95	344.1873	1.311568	3.317495
54378	-822.9695	-1167.173	344.204	1.294851	3.317495
54384	-818.6761	-1165.007	346.3306	1.573418	1.812702
54390	-841.2442	-1187.791	346.5464	1.892902	1.424617
54396	-839.2	-1185.516	346.3163	1.669572	1.755828
54402	-832.8408	-1178.666	345.8248	1.499107	2.199486
54408	-834.2132	-1180.51	346.2967	1.499107	1.886852
54414	-834.1994	-1180.852	346.6524	1.583928	1.576866
54420	-835.1158	-1181.245	346.1295	1.684411	1.874535
54426	-837.2719	-1183.66	346.3883	1.658688	1.712875
54432	-830.5354	-1176.803	346.2676	1.540781	1.878323
54438	-823.0956	-1169.569	346.4736	1.727912	1.602229
54444	-835.3061	-1181.652	346.3456	1.717222	1.70171
54450	-830.7059	-1177.362	346.6562	1.775563	1.430421
54456	-827.3654	-1174.059	346.6935	1.895267	1.306641
54462	-831.3482	-1178.041	346.6931	1.919515	1.287277
54468	-827.0236	-1173.94	346.9167	1.919515	1.094255
54474	-830.8405	-1177.556	346.7155	2.104213	1.109316
54480	-845.4904	-1192.054	346.5638	1.783994	1.494224
54486	-832.8334	-1179.224	346.3904	1.783994	1.6219
54492	-820.0959	-1166.722	346.6265	1.839461	1.403968
54498	-823.9851	-1170.409	346.4242	1.64188	1.699381
54504	-815.5149	-1162.363	346.8486	1.779999	1.274156
54510	-820.5276	-1167.194	346.6662	1.790342	1.411296
54516	-824.2764	-1170.652	346.376	1.872555	1.567919
54522	-828.1783	-1174.652	346.4741	2.132417	1.292264
54528	-835.6611	-1182.497	346.8356	2.13448	0.9638499
54534	-828.0266	-1174.891	346.8646	1.916973	1.143632
54540	-831.5625	-1177.951	346.389	1.939233	1.508883
54546	-837.2247	-1183.836	346.6108	1.914539	1.35744
54552	-831.8399	-1178.207	346.3667	1.665346	1.723423
54558	-841.8978	-1188.656	346.7584	1.741902	1.377137
54564	-835.9173	-1182.28	346.3624	1.606943	1.767359
54570	-829.2422	-1175.133	345.8905	1.672395	2.043071
54576	-825.3499	-1171.41	346.0603	1.589824	1.985095
54582	-842.5499	-1187.407	344.8575	1.144738	3.018584
54588	-832.2975	-1176.945	344.6479	1.37383	3.006907
54594	-831.254	-1175.98	344.7256	1.242033	3.039276
54600	-825.7227	-1170.446	344.7232	1.287533	3.013495
54606	-833.1255	-1177.004	343.8787	1.195619	3.565836
54612	-831.0567	-1176.078	345.0209	1.18307	2.897175
54618	-829.9544	-1175.911	345.9568	1.402828	2.176279
54624	-824.7671	-1170.033	345.2664	1.358994	2.64002
54630	-830.897	-1175.423	344.5263	1.22483	3.168324
54636	-833.7321	-1177.725	343.9925	1.362687	3.401871
54642	-838.1268	-1183.62	345.4935	1.464102	2.433109
54648	-834.9566	-1181.238	346.2811	1.552252	1.861283
54654	-836.212	-1181.003	344.7908	1.635811	2.761964
54660	-828.072	-1173.069	344.9972	1.42938	2.761964
54666	-836.1203	-1181.2	345.0796	1.313307	2.782505
54672	-839.9698	-1186.102	346.1318	1.670649	1.88231
54678	-838.1544	-1184.463	346.3086	1.493842	1.88231
54684	-838.3253	-1180.294	341.9689	0.9424386	4.79547
54690	-839.8549	-1181.477	341.6225	1.065893	4.919728
54696	-837.497	-1182.151	344.6537	1.198791	3.10808
54702	-844.5077	-1190.889	346.3813	1.792142	1.622591
54708	-855.4259	-1201.993	346.5671	1.655905	1.586604
54714	-838.4048	-1183.574	345.1694	1.289942	2.741965
54720	-833.1481	-1178.743	345.5954	1.470074	2.364947
54726	-833.0346	-1178.853	345.8181	1.34379	2.303588
54732	-843.9842	-1189.357	345.3726	1.322933	2.596654
54738	-833.6691	-1179.183	345.5137	1.075221	2.662451
54744	-838.1291	-1182.384	344.2548	1.083741	3.411628
54750	-841.0267	-1185.015	343.9884	1.463068	3.345345
54756	-826.1647	-1169.727	343.5622	1.234247	3.726845
54762	-823.9349	-1168.973	345.0385	1.418374	2.743477
54768	-820.9082	-1166.253	345.3452	1.434347	2.544476
54774	-836.6399	-1181.93	345.2902	1.4059	2.596274
54780	-831.4126	-1175.402	343.9896	1.199137	3.499208
54786	-832.1296	-1177.727	345.5976	1.356318	2.435383
54792	-832.4217	-1177.625	345.2036	1.437887	2.630073
54798	-833.2927	-1178.863	345.57	1.391014	2.430939
54804	-860.4503	-1206.149	345.6988	1.553542	2.245594
54810	-854.8071	-1199.999	345.1924	1.474416	2.614432
54816	-848.7554	-1194.049	345.2937	1.289212	2.666155
54822	-852.476	-1199.01	346.5335	1.762276	1.53303
54828	-873.6593	-1220.133	346.4737	1.766623	1.573908
54834	-845.7289	-1191.036	345.3068	1.37122	2.607514
54840	-839.6949	-1183.835	344.1404	1.157059	3.435686
54846	-840.1957	-1185.021	344.8249	1.33236	2.925402
54852	-835.1992	-1181.252	346.0528	1.421449	2.101518
54858	-842.7047	-1187.953	345.2478	1.478947	2.577277
54864	-837.3854	-1183.239	345.8536	1.472648	2.197947
54870	-844.972	-1190.781	345.8089	1.393538	2.277681
54876	-852.069	-1197.148	345.079	1.178442	2.864812
54882	-842.1552	-1186.86	344.7052	1.2463	3.048934
54888	-834.3127	-1178.064	343.7517	1.354065	3.547557
54894	-827.0836	-1171.26	344.176	1.251913	3.359187
54900	-831.3752	-1177.019	345.6436	1.658758	2.213387
54906	-822.8279	-1168.331	345.5033	1.609697	2.334765
54912	-849.9918	-1196.241	346.2489	1.597257	1.852485
54918	-827.789	-1173.988	346.1985	1.86385	1.702047
54924	-815.8824	-1162.158	346.2751	1.770307	1.713992
54930	-821.9895	-1168.453	346.4639	1.581528	1.713992
54936	-825.9477	-1171.906	345.9583	1.485525	2.121424
54942	-853.1255	-1198.704	345.5783	1.583482	2.303645
54948	-851.3304	-1196.954	345.6232	1.538562	2.303645
54954	-831.0151	-1175.646	344.6312	1.283589	3.070883
54960	-834.8518	-1178.809	343.9574	1.156958	3.542565
54966	-837.8327	-1180.265	342.4326	0.9518632	4.53048
54972	-819.1355	-1161.493	342.3577	1.023393	4.53238
54978	-824.6251	-1168.428	343.8029	1.251127	3.577641
54984	-816.7241	-1161.881	345.1568	1.194639	2.807792
54990	-829.7593	-1173.67	343.9104	1.00997	3.655178
54996	-817.8187	-1161.697	343.8786	1.146044	3.594686
55002	-819.2953	-1161.461	342.1657	1.039544	4.631051
55008	-808.9422	-1150.426	341.4834	1.049013	5.006487
55014	-823.0804	-1164.619	341.5388	0.9935462	5.006487
55020	-818.7154	-1162.15	343.4347	1.121241	3.865383
55026	-812.9955	-1158.207	345.2114	1.145941	2.804207
55032	-817.8309	-1162.066	344.2346	1.273883	3.311803
55038	-820.1072	-1162.959	342.852	0.9114186	4.316886
55044	-830.7617	-1174.658	343.896	1.285923	3.503158
55050	-836.4379	-1180.317	343.8789	1.038723	3.656777
55056	-829.0621	-1171.143	342.0806	1.068416	4.662573
55062	-823.6361	-1165.881	342.2451	1.115165	4.544074
55068	-821.4029	-1165.91	344.5067	1.237549	3.172435
55074	-828.8753	-1172.739	343.8633	1.119834	3.618833
55080	-835.6815	-1177.517	341.8352	0.9553539	4.862825
55086	-837.5769	-1180.134	342.5576	1.066369	4.395639
55092	-829.4626	-1173.815	344.3522	1.232221	3.267034
55098	-828.7023	-1173.709	345.0064	1.202952	2.893956
55104	-845.2155	-1188.851	343.6356	1.299079	3.646886
55110	-828.3543	-1172.584	344.2297	1.219287	3.34683
55116	-829.2684	-1171.974	342.7059	0.9922929	4.353732
55122	-827.6201	-1171.149	343.5291	0.9741568	3.895617
55128	-816.3328	-1160.498	344.1647	1.231535	3.377805
55134	-815.26	-1159.452	344.1916	1.204584	3.377805
55140	-819.8909	-1165.795	345.9038	1.481359	2.159736
55146	-817.3541	-1163.319	345.9648	1.420324	2.159736
55152	-834.7865	-1180.896	346.1092	1.397286	2.080297
55158	-826.2244	-1172.324	346.0997	1.41611	2.074152
55164	-827.0128	-1170.937	343.9239	1.2773	3.491922
55170	-848.0951	-1194.419	346.3234	1.774734	1.676611
55176	-852.4738	-1198.858	346.3844	1.686383	1.696047
55182	-848.5309	-1193.345	344.8145	1.208966	3.005824
55188	-843.0138	-1186.859	343.8455	1.331023	3.506319
55194	-836.1407	-1180.448	344.3071	1.149137	3.342555
55200	-843.0349	-1187.81	344.7751	1.25351	3.002737
55206	-838.4367	-1183.468	345.0314	1.538582	2.674137
55212	-852.575	-1197.613	345.038	1.460747	2.717839
55218	-854.2947	-1199.406	345.1115	1.480626	2.660481
55224	-855.1414	-1201.371	346.23	1.603735	1.861008
55230	-855.3491	-1200.854	345.5047	1.704609	2.273238
55236	-854.4499	-1200.85	346.4003	1.630762	1.724101
55242	-843.7587	-1190.136	346.3772	1.653912	1.724101
55248	-842.1285	-1187.93	345.8016	1.570553	2.168139
55254	-846.751	-1192.497	345.7458	1.570502	2.204396
55260	-833.7897	-1179.497	345.7073	1.529068	2.255916
55266	-836.3701	-1181.189	344.8188	1.404636	2.885446
55272	-833.3865	-1178.22	344.8331	1.584507	2.767437
55278	-829.1089	-1174.261	345.1518	1.472417	2.640695
55284	-815.6299	-1160.819	345.1894	1.408339	2.657021
55290	-826.6851	-1171.912	345.2272	1.369135	2.657894
55296	-841.7906	-1185.693	343.9021	1.335329	3.470785
55302	-833.1957	-1178.945	345.7494	1.53414	2.225508
55308	-839.33	-1184.735	345.4048	1.568244	2.42336
55314	-858.0378	-1201.867	343.8289	1.191982	3.596907
55320	-831.257	-1177.39	346.1327	1.792522	1.798062
55326	-836.0156	-1182.404	346.3888	1.649973	1.718689
55332	-834.1522	-1179.429	345.2766	1.522253	2.532486
55338	-826.0353	-1170.999	344.9641	1.453183	2.767635
55344	-845.2071	-1189.654	344.4467	1.171457	3.247088
55350	-847.6906	-1191.369	343.6781	1.221445	3.667257
55356	-837.5559	-1182.242	344.6857	1.107304	3.143461
55362	-831.6132	-1176.687	345.0733	1.34993	2.764018
55368	-831.6972	-1177.824	346.1264	1.439042	2.041429
55374	-826.6786	-1172.851	346.1722	1.636768	1.877878
55380	-820.1715	-1165.88	345.7089	1.51522	2.263734
55386	-838.3153	-1184.636	346.3211	1.647245	1.768109
55392	-827.4088	-1173.457	346.0483	1.524583	2.036501
55398	-836.3852	-1181.435	345.0494	1.349102	2.779107
55404	-852.672	-1197.761	345.0893	1.441917	2.69791
55410	-843.4599	-1187.745	344.2852	1.136912	3.362625
55416	-837.2015	-1181.791	344.5896	0.9868641	3.27172
55422	-833.0666	-1176.216	343.1492	1.069659	4.058247
55428	-839.7563	-1183.763	344.0064	1.120924	3.534985
55434	-837.4906	-1182.774	345.2832	1.280015	2.678307
55440	-851.0879	-1195.898	344.81	1.327537	2.937255
55446	-855.7841	-1201.314	345.5295	1.462058	2.411688
55452	-851.5416	-1197.489	345.9477	1.341486	2.221873
55458	-840.7852	-1184.838	344.0527	1.19705	3.463572
55464	-844.0005	-1189.823	345.8229	1.426699	2.247375
55470	-847.2851	-1193.661	346.3755	1.536156	1.807413
55476	-842.9739	-1188.699	345.725	1.56763	2.219679
55482	-855.3719	-1201.832	346.4598	1.746721	1.598591
55488	-850.47	-1197.03	346.5604	1.743475	1.527042
55494	-852.1956	-1195.364	343.1685	1.305813	3.912183
55500	-840.6616	-1186.515	345.8536	1.702585	2.047553
55506	-838.1315	-1183.832	345.7009	1.410057	2.336049
55512	-841.6085	-1187.689	346.0802	1.402167	2.096204
55518	-849.4805	-1195.596	346.1151	1.578036	1.956244
55524	-847.5411	-1193.348	345.8065	1.541758	2.183708
55530	-846.8886	-1191.565	344.6765	1.438969	2.950585
55536	-847.2946	-1192.028	344.7331	1.382354	2.950585
55542	-851.3801	-1196.649	345.269	1.386555	2.621373
55548	-841.8724	-1186.809	344.9364	1.316859	2.867358
55554	-845.794	-1190.397	344.6035	1.325318	3.062498
55560	-847.368	-1191.36	343.9917	1.202788	3.495849
55566	-841.6659	-1185.621	343.955	1.216533	3.509213
55572	-827.9951	-1171.61	343.6149	1.07377	3.789034
55578	-840.831	-1184.925	344.0941	1.183191	3.447452
55584	-838.8007	-1184.47	345.669	1.262461	2.449511
55590	-835.2849	-1180.967	345.6826	1.425487	2.337864
55596	-840.5559	-1185.542	344.986	1.322403	2.833938
55602	-823.2012	-1167.936	344.7351	1.334921	2.977885
55608	-836.6883	-1181.874	345.1857	1.176829	2.801016
55614	-827.0592	-1171.131	344.0717	1.119821	3.497599
55620	-840.8743	-1186.923	346.0486	1.669564	1.939392
55626	-834.5541	-1181.116	346.5617	1.670409	1.579933
55632	-833.8219	-1180.604	346.7818	1.593315	1.473636
55638	-835.9785	-1182.79	346.811	1.964781	1.148754
55644	-838.8994	-1184.044	345.1444	1.329703	2.732912
55650	-823.9918	-1169.057	345.0655	1.44629	2.709878
55656	-826.3021	-1172.352	346.0503	1.65367	1.948997
55662	-836.9521	-1183.292	346.3398	1.762455	1.673706
55668	-818.3838	-1164.843	346.4591	1.878789	1.501673
55674	-828.773	-1175.221	346.4483	1.878789	1.509693
55680	-830.2952	-1176.652	346.357	1.873339	1.581264
55686	-832.2768	-1177.485	345.2082	1.483414	2.59908
55692	-827.3843	-1173.197	345.8131	1.273181	2.351749
55698	-824.1202	-1169.549	345.4292	1.525052	2.435178
55704	-836.7321	-1181.839	345.1072	1.327833	2.756849
55710	-848.9004	-1191.788	342.8876	1.125697	4.175253
55716	-829.5006	-1173.05	343.5499	1.194034	3.75716
55722	-841.1161	-1187.596	346.4804	1.918338	1.455704
55728	-847.3545	-1194.304	346.9492	2.16185	0.8005097
55734	-843.8383	-1188.829	344.9904	1.495809	2.725508
55740	-839.5263	-1184.949	345.4223	1.548496	2.424757
55746	-836.7856	-1182.349	345.5638	1.532316	2.345498
55752	-831.6975	-1177.849	346.1518	1.544325	1.954252
55758	-837.2105	-1183.608	346.3974	1.680304	1.69114
55764	-836.1019	-1182.199	346.0974	1.680736	1.898877
55770	-837.2766	-1183.609	346.3328	1.75829	1.681637
55776	-827.2608	-1173.824	346.5637	1.659314	1.586595
55782	-832.5941	-1179.372	346.7782	1.977449	1.166454
55788	-842.9547	-1189.956	347.0014	1.754245	1.166454
55794	-836.8822	-1183.367	346.485	1.854269	1.500613
55800	-844.088	-1190.586	346.4977	1.858026	1.488265
55806	-847.2677	-1194.151	346.8833	2.027231	1.023764
55812	-840.3468	-1186.712	346.3653	1.730283	1.678416
55818	-842.4836	-1188.998	346.5147	1.629013	1.644018
55824	-854.5308	-1201.61	347.079	1.839615	1.015839
55830	-857.4392	-1204.196	346.7565	1.619472	1.472979
55836	-851.7532	-1198.362	346.6086	1.982074	1.305082
55842	-854.805	-1201.606	346.8014	1.793517	1.301648
55848	-840.5683	-1186.349	345.7811	1.793517	2.035343
55854	-843.242	-1190.205	346.9628	1.78458	1.17368
55860	-825.9147	-1171.528	345.6134	1.59276	2.275285
55866	-833.1348	-1178.605	345.4705	1.602263	2.360343
55872	-823.4221	-1169.478	346.0561	1.512041	2.039618
55878	-812.5264	-1158.052	345.5258	1.33669	2.492781
55884	-841.7688	-1184.902	343.1327	1.169443	4.010713
55890	-843.3726	-1189.939	346.5663	1.651539	1.590337
55896	-849.5868	-1195.87	346.2829	1.935013	1.590337
55902	-844.3003	-1190.831	346.5311	1.805264	1.502809
55908	-837.1601	-1182.945	345.785	1.534983	2.201993
55914	-835.5294	-1180.321	344.7919	1.362746	2.926939
55920	-845.7382	-1190.353	344.6148	1.461297	2.974257
55926	-850.2123	-1195.569	345.357	1.392611	2.563129
55932	-853.0644	-1200.021	346.9565	1.600904	1.331902
55938	-860.7651	-1207.589	346.8238	1.698611	1.359731
55944	-855.1829	-1201.879	346.6958	1.5725	1.553348
55950	-857.8442	-1204.25	346.4055	1.622424	1.726333
55956	-848.5401	-1195.516	346.9756	1.70071	1.234458
55962	-844.0915	-1189.256	345.1641	1.295786	2.741629
55968	-843.9687	-1190.465	346.496	1.562053	1.70508
55974	-838.953	-1185.988	347.0354	1.720758	1.166002
55980	-835.6828	-1182.762	347.0792	1.916407	0.93692
55986	-837.1096	-1184.118	347.0081	2.039238	0.8793212
55992	-840.6127	-1187.59	346.9775	1.843804	1.107827
55998	-823.8113	-1170.982	347.1708	1.994063	0.7220165
56004	-837.0202	-1183.951	346.9309	1.887913	1.11012
56010	-848.4504	-1194.121	345.6707	1.155868	2.515177
56016	-858.697	-1204.127	345.4303	1.39632	2.515177
56022	-841.8521	-1188.228	346.376	1.653126	1.72548
56028	-846.3152	-1192.576	346.2606	1.653126	1.806022
56034	-850.4666	-1197.075	346.6083	1.653126	1.558428
56040	-848.1297	-1191.683	343.5535	1.120914	3.797253
56046	-852.3206	-1196.265	343.944	1.094886	3.586455
56052	-850.7594	-1197.553	346.7938	1.69618	1.38528
56058	-844.0888	-1190.683	346.5942	1.672827	1.554293
56064	-842.4091	-1189.085	346.6756	1.699121	1.473867
56070	-834.82	-1181.369	346.5489	1.612051	1.63164
56076	-841.0922	-1186.903	345.8107	1.435851	2.24937
56082	-848.3991	-1190.632	342.2325	1.057453	4.583566
56088	-846.625	-1190.616	343.9907	1.28696	3.44727
56094	-853.8311	-1198.622	344.7907	1.25642	2.991685
56100	-851.8345	-1194.922	343.0871	1.245221	3.993492
56106	-856.8283	-1200.254	343.4255	1.078301	3.895305
56112	-844.0133	-1190.309	346.2956	1.903536	1.604008
56118	-839.6268	-1186.053	346.4266	1.793319	1.588866
56124	-838.5555	-1184.264	345.7087	1.462549	2.297633
56130	-835.5957	-1180.967	345.371	1.250167	2.642593
56136	-828.9638	-1173.902	344.9378	1.224632	2.922291
56142	-825.5047	-1170.732	345.2269	1.391906	2.644057
56148	-839.283	-1184.62	345.3375	1.387341	2.57848
56154	-835.685	-1180.252	344.5672	1.242721	3.133382
56160	-853.8689	-1198.143	344.2745	1.434128	3.193552
56166	-845.7671	-1190.758	344.9911	1.340106	2.820065
56172	-856.1674	-1201.743	345.5757	1.559852	2.32041
56178	-838.2724	-1184.001	345.7281	1.407431	2.32041
56184	-843.1686	-1189.974	346.8058	1.750122	1.333112
56190	-847.5579	-1193.753	346.1955	1.697211	1.820496
56196	-832.8344	-1179.051	346.2161	1.53896	1.91448
56202	-825.1827	-1171.122	345.9395	1.556096	2.087455
56208	-826.6845	-1173.254	346.569	1.646314	1.592207
56214	-836.6129	-1182.11	345.4969	1.494361	2.41188
56220	-825.7385	-1172.052	346.3137	1.58334	1.817487
56226	-831.1338	-1177.094	345.9605	1.696118	1.980725
56232	-835.6955	-1181.329	345.633	1.573665	2.274954
56238	-829.324	-1174.261	344.9367	1.235377	2.91643
56244	-820.4341	-1166.544	346.1099	1.480141	2.0251
56250	-818.6345	-1164.377	345.7426	1.378822	2.329373
56256	-817.9309	-1163.532	345.6014	1.383147	2.416084
56262	-823.9155	-1168.622	344.7066	1.25054	3.045599
56268	-834.8229	-1180.87	346.0471	1.535515	2.029993
56274	-831.943	-1176.147	344.2037	1.240166	3.349844
56280	-835.7121	-1181.591	345.8793	1.662304	2.057169
56286	-836.4242	-1182.963	346.5393	1.761245	1.529512
56292	-829.9137	-1175.872	345.9581	1.653157	2.010976
56298	-831.7751	-1178.072	346.2967	1.50181	1.885036
56304	-826.5054	-1172.412	345.9068	1.527782	2.127471
56310	-852.134	-1195.54	343.4058	1.036631	3.930451
56316	-855.4311	-1199.581	344.1503	1.060203	3.486474
56322	-830.3932	-1176.119	345.7259	1.233433	2.431967
56328	-841.3033	-1187.078	345.7742	1.575841	2.182499
56334	-831.3664	-1178.213	346.8464	1.465076	1.52138
56340	-842.9201	-1188.982	346.062	1.548543	2.011472
56346	-837.8618	-1183.794	345.9322	1.554743	2.093164
56352	-845.9279	-1192.664	346.7356	1.574162	1.522622
56358	-839.2701	-1185.635	346.3645	1.827587	1.609112
56364	-845.6685	-1192.064	346.3957	1.295963	1.957213
56370	-835.1802	-1178.952	343.7718	1.200177	3.625277
56376	-829.238	-1173.476	344.2383	1.144431	3.385706
56382	-839.5393	-1183.861	344.3212	1.18197	3.314911
56388	-826.1371	-1170.404	344.2672	1.235974	3.314911
56394	-826.9273	-1172.253	345.3258	1.377939	2.591595
56400	-823.3723	-1169.071	345.6987	1.403441	2.341689
56406	-839.4	-1185.196	345.7959	1.534408	2.195341
56412	-849.6423	-1195.162	345.5197	1.427797	2.439459
56418	-847.6449	-1193.508	345.8628	1.244728	2.338251
56424	-843.1336	-1189.31	346.1766	1.634219	1.876651
56430	-836.4849	-1182.477	345.9919	1.471145	2.108871
56436	-841.1727	-1184.5	343.3276	1.057098	3.963512
56442	-831.5407	-1174.347	342.8068	0.870384	4.365597
56448	-835.2655	-1178.823	343.5575	1.405843	3.630273
56454	-848.3887	-1193.269	344.8806	1.215136	2.962471
56460	-838.1342	-1183.531	345.3971	1.302021	2.594418
56466	-830.1824	-1175.555	345.373	1.32614	2.594418
56472	-842.0221	-1187.394	345.3716	1.32614	2.595272
56478	-849.5506	-1195.241	345.69	1.368745	2.369234
56484	-839.7889	-1182.144	342.3556	1.032823	4.528247
56490	-839.9703	-1184.117	344.147	1.197662	3.408044
56496	-849.3989	-1194.598	345.1989	1.408787	2.650936
56502	-850.8629	-1195.83	344.9672	1.542099	2.711355
56508	-834.9998	-1180.197	345.1971	1.452294	2.625202
56514	-829.085	-1172.504	343.4186	1.109149	3.88154
56520	-844.0612	-1187.581	343.52	1.20474	3.768249
56526	-856.1985	-1200.719	344.5202	1.161919	3.209287
56532	-826.7907	-1171.126	344.3349	1.031205	3.395453
56538	-833.7558	-1179.972	346.2167	1.370929	2.026706
56544	-838.0089	-1182.118	344.1088	1.344654	3.344195
56550	-831.5856	-1174.741	343.1558	1.160771	4.002474
56556	-841.1689	-1185.194	344.0256	1.23307	3.458377
56562	-845.5432	-1191.618	346.0749	1.56199	1.993908
56568	-840.0486	-1184.906	344.8577	1.318454	2.913999
56574	-832.2878	-1178.426	346.1381	1.437356	2.034784
56580	-833.7507	-1179.294	345.5437	1.398007	2.443089
56586	-838.1701	-1181.075	342.9046	1.248879	4.095513
56592	-830.1104	-1174.583	344.4731	1.166627	3.234358
56598	-829.1143	-1174.541	345.4267	1.239291	2.614948
56604	-829.4813	-1172.797	343.3157	1.140787	3.922396
56610	-821.3137	-1164.33	343.0165	1.121124	4.104543
56616	-823.672	-1166.965	343.2935	1.231302	3.883259
56622	-835.2668	-1178.734	343.4675	1.116749	3.8491
56628	-840.8809	-1184.648	343.767	0.9025783	3.800034
56634	-843.9594	-1187.319	343.3596	1.181569	3.873844
56640	-838.2759	-1182.847	344.5715	1.453151	3.005124
56646	-834.7874	-1180.641	345.854	1.415638	2.234496
56652	-829.8941	-1175.517	345.6231	1.415638	2.381859
56658	-835.9402	-1181.12	345.1801	1.415638	2.658292
56664	-843.2077	-1187.496	344.288	1.30608	3.261348
56670	-828.5652	-1173.153	344.588	1.134543	3.185296
56676	-820.3098	-1165.654	345.3446	1.444574	2.538478
56682	-829.0003	-1174.426	345.426	1.363235	2.538478
56688	-833.175	-1178.902	345.7269	1.300061	2.389346
56694	-829.3571	-1174.417	345.06	1.364434	2.763285
56700	-836.7315	-1182.524	345.7928	1.625966	2.137796
56706	-837.8757	-1182.833	344.9577	1.39088	2.809522
56712	-835.4239	-1181.244	345.8197	1.680372	2.084572
56718	-829.944	-1174.994	345.0496	1.462969	2.709385
56724	-837.1226	-1181.193	344.0709	1.438664	3.311162
56730	-832.1213	-1178.099	345.9774	1.576397	2.049117
56736	-840.1375	-1185.115	344.9774	1.54597	2.702731
56742	-825.9488	-1171.056	345.1075	1.595249	2.592177
56748	-840.5412	-1186.219	345.6776	1.656662	2.192764
56754	-847.4025	-1193.107	345.704	1.53581	2.253702
56760	-828.2811	-1174.041	345.7603	1.585835	2.185086
56766	-825.97	-1172.119	346.1486	1.592687	1.923799
56772	-840.2818	-1186.262	345.9804	1.536961	2.07315
56778	-841.8616	-1187.229	345.3672	1.381008	2.563975
56784	-823.4266	-1169.605	346.1784	1.813549	1.751623
56790	-821.8729	-1168.698	346.8253	1.821059	1.259444
56796	-829.4201	-1175.89	346.4697	1.820249	1.537341
56802	-837.6081	-1183.998	346.3899	1.571136	1.7732
56808	-822.2287	-1168.795	346.5659	1.748874	1.518903
56814	-830.2594	-1176.424	346.1646	1.629458	1.888019
56820	-837.4976	-1182.584	345.0866	1.294848	2.789513
56826	-857.8658	-1202.97	345.1046	1.366638	2.73469
56832	-850.0049	-1196.336	346.3311	1.471802	1.882031
56838	-841.2988	-1187.353	346.0543	1.591964	1.987628
56844	-826.2844	-1169.718	343.4339	1.219646	3.809219
56850	-837.0997	-1180.548	343.4478	1.16214	3.834303
56856	-840.7752	-1184.939	344.1634	1.229422	3.379805
56862	-824.4556	-1169.57	345.1144	1.377402	2.722101
56868	-831.5948	-1177.594	345.9989	1.29225	2.220635
56874	-823.9272	-1169.635	345.7076	1.479271	2.287624
56880	-817.6403	-1159.367	341.7268	1.16523	4.806226
56886	-826.3162	-1168.994	342.6777	1.07609	4.322325
56892	-820.2856	-1163.77	343.4842	1.058685	3.872845
56898	-826.751	-1171.443	344.6918	1.386319	2.97303
56904	-818.0233	-1163.916	345.8924	1.412521	2.211702
56910	-821.2091	-1166.832	345.6227	1.399707	2.392188
56916	-823.1759	-1169.022	345.846	1.471549	2.203578
56922	-825.1242	-1170.673	345.5487	1.490586	2.381532
56928	-827.0309	-1172.663	345.6325	1.377302	2.400178
56934	-833.7195	-1177.783	344.0635	1.137264	3.492205
56940	-826.0088	-1171.508	345.4992	1.461053	2.431422
56946	-833.8579	-1179.167	345.309	1.460218	2.550926
56952	-832.2395	-1177.61	345.3702	1.379494	2.563086
56958	-838.5395	-1183.532	344.9921	1.312222	2.836442
56964	-832.3205	-1177.287	344.9662	1.634534	2.655194
56970	-829.9084	-1175.88	345.9714	1.527924	2.085063
56976	-844.4447	-1190.412	345.9676	1.624385	2.023778
56982	-844.1805	-1189.769	345.5887	1.661256	2.247179
56988	-849.7509	-1195.606	345.8547	1.602351	2.112751
56994	-835.5064	-1181.388	345.8817	1.564526	2.119856
57000	-836.8757	-1182.449	345.5729	1.835483	2.144588
57006	-837.068	-1182.772	345.7038	1.704618	2.144588
57012	-841.1346	-1186.794	345.6596	1.411873	2.36117
57018	-840.4376	-1185.275	344.8372	1.287607	2.944972
57024	-845.3917	-1189.919	344.5271	1.49783	3.004999
57030	-841.2325	-1187.075	345.8429	1.420048	2.238823
57036	-843.2057	-1189.727	346.5211	1.692893	1.593166
57042	-837.8471	-1184.638	346.7907	1.880206	1.238996
57048	-833.381	-1179.654	346.2731	1.667075	1.787665
57054	-825.5523	-1171.96	346.4079	1.896743	1.526454
57060	-830.3268	-1176.655	346.3284	1.648991	1.761792
57066	-822.4481	-1167.957	345.5084	1.58811	2.345215
57072	-830.7419	-1176.728	345.9865	1.623782	2.011653
57078	-823.1291	-1169.58	346.4509	1.615815	1.698956
57084	-812.572	-1158.985	346.413	1.549592	1.772098
57090	-816.8787	-1162.131	345.2518	1.31034	2.678924
57096	-824.1264	-1170.611	346.4843	1.692416	1.620211
57102	-823.9957	-1170.545	346.5495	1.625457	1.621503
57108	-836.84	-1183.508	346.668	1.592416	1.559176
57114	-835.809	-1180.408	344.5994	1.143656	3.173111
57120	-819.8256	-1164.713	344.8876	1.453815	2.81387
57126	-822.3234	-1168.049	345.7254	1.318853	2.378371
57132	-832.7404	-1177.725	344.9849	1.353527	2.815671
57138	-826.0808	-1172.145	346.064	1.596596	1.978051
57144	-839.328	-1185.191	345.8632	1.755853	2.005803
57150	-837.153	-1183.631	346.4784	1.920362	1.455639
57156	-831.3541	-1177.64	346.2858	1.786271	1.695184
57162	-839.5626	-1185.915	346.3526	1.586187	1.788668
57168	-850.1573	-1196.711	346.5534	1.583542	1.648912
57174	-842.6116	-1187.896	345.2842	1.518702	2.529965
57180	-834.1499	-1179.993	345.8434	1.627547	2.103664
57186	-836.2111	-1181.945	345.7337	1.550137	2.225334
57192	-836.827	-1182.265	345.4376	1.523024	2.4312
57198	-842.5114	-1186.636	344.1244	1.147822	3.450463
57204	-844.1337	-1188.552	344.4187	1.382073	3.138867
57210	-838.9737	-1183.454	344.4808	1.319968	3.138867
57216	-840.0102	-1184.98	344.9694	1.287695	2.865067
57222	-841.6706	-1188.08	346.4097	1.577712	1.754787
57228	-846.322	-1191.682	345.3596	1.554793	2.460251
57234	-845.0784	-1189.685	344.6067	1.340667	3.051402
57240	-836.9274	-1182.846	345.9188	1.506881	2.13332
57246	-846.1513	-1191.631	345.4795	1.518978	2.407295
57252	-838.9941	-1184.532	345.5375	1.556709	2.34671
57258	-852.8653	-1199.188	346.3226	1.635508	1.775202
57264	-834.3691	-1180.139	345.7696	1.676588	2.119919
57270	-837.0934	-1183.739	346.6455	1.578975	1.585496
57276	-826.1954	-1172.003	345.8072	1.481551	2.222163
57282	-832.9175	-1178.921	346.0032	1.500549	2.082134
57288	-840.6561	-1185.616	344.9599	1.375484	2.817534
57294	-830.5164	-1176.788	346.2721	1.503511	1.900598
57300	-830.3172	-1177.148	346.8309	1.621314	1.414601
57306	-844.6334	-1191.241	346.608	1.586281	1.607527
57312	-851.2077	-1196.955	345.7475	1.553828	2.214026
57318	-846.6837	-1192.257	345.5733	1.549414	2.328557
57324	-849.9122	-1194.359	344.4465	1.438337	3.088756
57330	-851.3508	-1194.744	343.3934	1.185813	3.851994
57336	-854.9176	-1198.805	343.8875	1.259972	3.523237
57342	-854.3209	-1199.858	345.5369	1.511548	2.375722
57348	-852.9719	-1199.127	346.1546	1.617793	1.902772
57354	-850.7715	-1196.175	345.4038	1.513231	2.458603
57360	-838.6322	-1183.827	345.1949	1.336385	2.697925
57366	-832.5817	-1176.375	343.7929	1.319208	3.543854
57372	-840.2169	-1185.663	345.4464	1.236004	2.60475
57378	-846.4452	-1191.85	345.4049	1.466604	2.487126
57384	-840.7199	-1185.899	345.1795	1.616516	2.534216
57390	-844.2288	-1190.51	346.2812	1.608397	1.82264
57396	-843.6228	-1189.666	346.0428	1.610582	1.982923
57402	-841.4008	-1186.344	344.9432	1.531598	2.732546
57408	-840.3672	-1185.909	345.542	1.589353	2.323061
57414	-837.3855	-1183.639	346.2535	1.789524	1.715726
57420	-843.7568	-1190.085	346.3285	1.672177	1.745513
57426	-858.5887	-1204.381	345.7925	1.44835	2.253006
57432	-835.6372	-1181.686	346.0487	1.676208	1.934874
57438	-846.0854	-1192.087	346.0015	1.618696	2.005052
57444	-831.0694	-1177.052	345.9827	1.649175	1.997226
57450	-842.0169	-1188.04	346.0231	2.118167	1.645765
57456	-841.3262	-1187.717	346.3913	1.832488	1.58606
57462	-843.2932	-1189.217	345.9236	1.527116	2.116925
57468	-830.5553	-1176.818	346.2629	1.756734	1.732211
57474	-828.0401	-1173.259	345.2194	1.328629	2.687644
57480	-823.0733	-1168.804	345.7308	1.594547	2.198535
57486	-835.1754	-1180.985	345.8093	1.610345	2.137224
57492	-850.7139	-1196.645	345.9311	1.516552	2.118902
57498	-857.7986	-1204.108	346.3092	1.480908	1.890736
57504	-835.2776	-1179.134	343.8562	1.357675	3.484515
57510	-827.9857	-1172.721	344.7354	1.41689	2.928407
57516	-832.4611	-1177.472	345.0106	1.509827	2.704554
57522	-839.6578	-1184.788	345.1306	1.389821	2.704554
57528	-841.0588	-1186.079	345.0202	1.482125	2.715663
57534	-828.1412	-1173.773	345.6322	1.447122	2.35618
57540	-826.9816	-1173.12	346.1381	1.500898	1.992467
57546	-825.7563	-1171.211	345.4545	1.524086	2.41989
57552	-830.2268	-1176.722	346.4952	1.4965	1.75175
57558	-832.5759	-1178.98	346.4039	1.763158	1.627201
57564	-832.006	-1178.61	346.6036	1.700839	1.526597
57570	-850.9739	-1195.037	344.0628	1.13226	3.495512
57576	-841.09	-1184.79	343.6999	1.066297	3.744321
57582	-857.4205	-1202.708	345.2876	1.381128	2.613254
57588	-857.4577	-1203.36	345.9019	1.650169	2.050265
57594	-847.4077	-1193.57	346.1624	1.558182	1.937777
57600	-842.8028	-1189.245	346.4427	1.580752	1.729526
57606	-832.8286	-1179.17	346.3418	1.557621	1.815884
57612	-855.5732	-1200.865	345.2917	1.635	2.452528
57618	-848.0674	-1194.403	346.3356	1.75398	1.6827
57624	-854.7287	-1201.262	346.533	1.994222	1.355939
57630	-832.4079	-1179.145	346.7372	1.944733	1.229753
57636	-823.6496	-1170.057	346.4069	1.733555	1.646357
57642	-828.0838	-1173.991	345.9071	1.440972	2.183789
57648	-834.0979	-1178.416	344.3184	1.436216	3.166276
57654	-842.4072	-1188.094	345.6867	1.442233	2.324615
57660	-844.1876	-1189.451	345.2636	1.548476	2.52421
57666	-847.7245	-1194.129	346.4043	1.764775	1.625724
57672	-833.0655	-1176.877	343.8112	1.15885	3.626426
57678	-838.5021	-1181.773	343.2709	1.107885	3.9669
57684	-836.6169	-1180.443	343.8261	1.244269	3.568125
57690	-843.7499	-1190.839	347.0888	2.013192	0.8124859
57696	-856.3591	-1203.014	346.6552	1.589354	1.570818
57702	-845.0881	-1191.451	346.3624	1.563509	1.797558
57708	-838.0222	-1183.978	345.9561	1.733439	1.958637
57714	-832.0895	-1178.379	346.2893	1.961863	1.565973
57720	-827.8618	-1173.662	345.7999	1.716109	2.074065
57726	-824.5871	-1170.48	345.8931	1.714525	2.01338
57732	-821.1997	-1167.049	345.8492	1.558349	2.145138
57738	-823.1781	-1167.602	344.4237	1.267751	3.203742
57744	-837.2615	-1182.068	344.8068	1.214602	3.007064
57750	-865.2785	-1211.992	346.714	1.569574	1.542114
57756	-854.0756	-1200.354	346.2783	1.857497	1.649721
57762	-827.2351	-1172.437	345.2024	1.397888	2.655483
57768	-832.0826	-1177.262	345.1793	1.182207	2.801684
57774	-828.9498	-1171.485	342.5351	1.153403	4.359202
57780	-843.1917	-1188.353	345.1615	1.40107	2.678712
57786	-844.8998	-1190.867	345.9668	1.452442	2.137524
57792	-839.7539	-1184.534	344.7804	1.395267	2.914264
57798	-849.1223	-1194.499	345.3768	1.266299	2.629088
57804	-842.2518	-1187.72	345.468	1.425445	2.473347
57810	-843.2679	-1188.441	345.1728	1.222428	2.781097
57816	-847.3669	-1192.394	345.0274	1.275104	2.837542
57822	-847.5591	-1192.97	345.4111	1.551173	2.430162
57828	-853.6975	-1199.133	345.4358	1.522193	2.432853
57834	-856.3819	-1201.765	345.3829	1.484721	2.489541
57840	-849.6361	-1195.16	345.5235	1.344145	2.489541
57846	-848.9131	-1194.412	345.4988	1.326818	2.51579
57852	-839.1594	-1182.727	343.5674	1.158245	3.7677
57858	-846.8474	-1191.262	344.4147	1.057113	3.333396
57864	-836.3445	-1182.367	346.0229	1.514498	2.059971
57870	-848.4872	-1193.214	344.7266	1.477114	2.897341
57876	-838.5678	-1183.469	344.9014	1.30232	2.897341
57882	-836.608	-1182.429	345.8214	1.621509	2.122059
57888	-832.6218	-1178.13	345.5079	1.39486	2.467539
57894	-821.4673	-1166.23	344.7629	1.394394	2.925364
57900	-823.3126	-1166.697	343.3847	1.015564	3.95462
57906	-828.5721	-1173.897	345.3248	1.268338	2.659881
57912	-829.4318	-1174.133	344.7012	1.30655	3.01526
57918	-828.2187	-1172.911	344.6927	1.434427	2.943571
57924	-826.6929	-1171.658	344.9652	1.560563	2.701314
57930	-839.6218	-1186.357	346.7352	1.768978	1.374154
57936	-851.4625	-1197.746	346.2833	1.524298	1.878835
57942	-836.036	-1180.573	344.5374	1.341638	3.092246
57948	-833.7912	-1178.605	344.8143	1.420956	2.87827
57954	-832.2434	-1177.517	345.2738	1.467195	2.568444
57960	-844.0267	-1188.695	344.6686	1.361418	3.001911
57966	-848.9608	-1194.627	345.6666	1.548912	2.269258
57972	-824.5154	-1170.082	345.5667	1.301176	2.489367
57978	-837.8474	-1182.88	345.033	1.083847	2.949754
57984	-840.3339	-1185.797	345.463	1.302527	2.55321
57990	-829.6427	-1172.991	343.3487	1.193524	3.873257
57996	-828.1574	-1172.232	344.0748	1.061576	3.529745
58002	-831.0754	-1175.05	343.9746	1.161788	3.529745
58008	-836.207	-1180.262	344.0548	1.081584	3.529745
58014	-838.4967	-1183.355	344.8581	1.154636	3.012277
58020	-836.5855	-1183.15	346.5644	1.598677	1.630096
58026	-836.2655	-1182.298	346.0321	1.351207	2.160932
58032	-826.8943	-1171.093	344.1983	1.316912	3.307859
58038	-830.3708	-1175.034	344.6632	1.234872	3.080865
58044	-824.1139	-1168.407	344.2927	1.269139	3.28035
58050	-829.2604	-1174.062	344.8017	1.42687	2.882289
58056	-831.3936	-1175.374	343.9803	1.303373	3.443767
58062	-836.9529	-1181.429	344.4758	1.370091	3.111976
58068	-841.9191	-1186.44	344.5206	1.40365	3.065228
58074	-863.1976	-1208.717	345.5198	1.407528	2.45209
58080	-856.6263	-1202.819	346.1926	1.495639	1.959525
58086	-841.7504	-1187.085	345.3348	1.512717	2.502127
58092	-847.7574	-1192.222	344.4642	1.400386	3.100864
58098	-845.9986	-1187.534	341.5356	1.013757	4.997027
58104	-842.2708	-1188.181	345.9099	1.398385	2.209549
58110	-845.1897	-1189.979	344.7897	1.486049	2.853731
58116	-843.4799	-1188.782	345.3021	1.461148	2.554654
58122	-843.168	-1187.189	344.0205	1.101546	3.538051
58128	-831.904	-1174.93	343.0255	1.195264	4.057185
58134	-822.7933	-1166.203	343.4101	1.197087	3.835925
58140	-825.3269	-1169.202	343.8754	1.171839	3.581593
58146	-838.1078	-1181.146	343.0381	1.092699	4.108447
58152	-842.9801	-1186.655	343.6746	1.134166	3.71977
58158	-830.2732	-1174.174	343.9007	1.124023	3.594684
58164	-846.1881	-1189.837	343.6486	1.135215	3.734134
58170	-844.0321	-1187.016	342.9836	1.062611	4.156528
58176	-834.4919	-1176.75	342.2577	1.07471	4.559706
58182	-836.9843	-1182.208	345.2233	1.268544	2.722077
58188	-836.0457	-1181.575	345.5296	1.353755	2.479672
58194	-828.1394	-1173.159	345.0199	1.345855	2.799049
58200	-840.713	-1185.69	344.9767	1.221563	2.900641
58206	-850.3107	-1194.241	343.9307	1.387103	3.42376
58212	-868.2975	-1212.831	344.5332	1.505362	2.996809
58218	-862.7139	-1207.249	344.5348	1.342792	3.093065
58224	-829.7564	-1171.199	341.4428	0.9614202	5.077601
58230	-828.3873	-1171.422	343.035	1.245785	4.022919
58236	-818.6169	-1163.04	344.4232	1.077102	3.316637
58242	-825.8843	-1169.466	343.5819	1.207823	3.730746
58248	-833.6452	-1176.788	343.143	1.295914	3.932501
58254	-828.0185	-1172.375	344.3564	1.31786	3.213908
58260	-836.05	-1180.375	344.3249	1.349332	3.213908
58266	-836.2915	-1182.119	345.8277	1.326964	2.308213
58272	-842.2533	-1187.043	344.7892	1.160032	3.050319
58278	-843.7557	-1187.989	344.2335	1.056132	3.440243
58284	-845.9436	-1192.294	346.3503	1.639918	1.752773
58290	-836.6416	-1181.72	345.0783	1.272332	2.808251
58296	-851.1099	-1196.332	345.2221	1.460303	2.604753
58302	-841.1707	-1187.333	346.1622	1.492346	1.982145
58308	-842.037	-1187.823	345.7862	1.537837	2.199361
58314	-848.7844	-1195.381	346.5964	1.727334	1.512196
58320	-846.836	-1192.553	345.7171	1.632848	2.18258
58326	-848.1275	-1194.54	346.4126	1.596915	1.739311
58332	-848.1719	-1193.982	345.8105	1.625968	2.126277
58338	-850.6948	-1195.674	344.9792	1.400498	2.790589
58344	-854.1572	-1199.842	345.6847	1.591166	2.230466
58350	-848.9834	-1194.742	345.7587	1.483219	2.252299
58356	-859.392	-1203.218	343.8261	1.102303	3.650554
58362	-846.2486	-1190.666	344.4171	1.318159	3.177737
58368	-855.8044	-1200.347	344.5429	1.35075	3.083531
58374	-850.4738	-1193.525	343.0508	1.124724	4.082943
58380	-847.9915	-1192.882	344.89	1.305071	2.902556
58386	-843.3723	-1188.095	344.7232	1.375428	2.960732
58392	-826.3233	-1172.313	345.99	1.56726	2.0468
58398	-852.3974	-1198.97	346.5725	1.643802	1.591471
58404	-842.6944	-1188.913	346.2181	1.583787	1.882685
58410	-829.6032	-1176.09	346.487	1.516278	1.743663
58416	-845.1643	-1191.553	346.3882	1.6337	1.730572
58422	-839.0189	-1184.673	345.6537	1.395985	2.374933
58428	-838.2573	-1183.911	345.6537	1.395985	2.374933
58434	-832.5535	-1179.377	346.8238	1.67524	1.378135
58440	-846.5606	-1192.214	345.6537	1.395985	2.374933
58446	-849.9735	-1195.627	345.6537	1.395985	2.374933
58452	-833.5075	-1180.367	346.8593	1.793125	1.254466
58458	-841.306	-1187.865	346.5593	1.553807	1.665928
58464	-845.8406	-1191.494	345.6537	1.395985	2.374933
58470	-842.0558	-1187.71	345.6537	1.395985	2.374933
58476	-847.7949	-1193.449	345.6537	1.395985	2.374933
58482	-850.6343	-1196.288	345.6537	1.395985	2.374933
58488	-854.8277	-1200.481	345.6537	1.395985	2.374933
58494	-852.8398	-1198.494	345.6537	1.395985	2.374933
58500	-852.8238	-1198.477	345.6537	1.395985	2.374933
58506	-853.431	-1199.116	345.6855	1.364248	2.374933
58512	-846.0247	-1192.516	346.4908	1.696769	1.612383
58518	-856.8286	-1203.308	346.4793	1.502554	1.75865
58524	-859.1835	-1205.121	345.9377	1.788633	1.933932
58530	-834.7653	-1179.991	345.2261	1.31881	2.689522
58536	-823.8149	-1169.108	345.2928	1.381706	2.609631
58542	-831.5665	-1175.57	344.0036	1.171973	3.506898
58548	-832.7891	-1177.804	345.0146	1.255835	2.856978
58554	-849.9126	-1195.758	345.8453	1.378959	2.263659
58560	-846.5891	-1192.393	345.8035	1.420736	2.263659
58566	-841.639	-1187.013	345.3743	1.420736	2.53483
58572	-842.0071	-1186.725	344.7175	1.374109	2.964933
58578	-840.0777	-1185.682	345.6038	1.366616	2.42499
58584	-840.2598	-1186.384	346.1243	1.503385	2.00007
58590	-857.5984	-1203.62	346.0214	1.533601	2.048283
58596	-840.4105	-1186.323	345.9127	1.642346	2.048283
58602	-836.1962	-1181.405	345.209	1.492979	2.592678
58608	-829.9935	-1175.838	345.8446	1.58376	2.131571
58614	-836.4943	-1182.868	346.3734	1.656211	1.725177
58620	-835.3823	-1181.259	345.8772	1.623776	2.083977
58626	-828.5744	-1174.971	346.3966	1.844298	1.573494
58632	-822.8805	-1168.808	345.9276	1.552552	2.097657
58638	-820.9459	-1166.868	345.9221	1.601873	2.068816
58644	-833.9397	-1180.358	346.4182	1.668072	1.685087
58650	-846.0475	-1192.789	346.7416	1.666733	1.448316
58656	-826.7307	-1172.961	346.2303	1.709292	1.788091
58662	-838.6632	-1183.745	345.0819	1.225461	2.834552
58668	-839.6597	-1183.752	344.092	1.363552	3.34298
58674	-855.3963	-1199.426	344.0302	1.150928	3.503621
58680	-845.6085	-1191.041	345.433	1.465693	2.47011
58686	-847.6044	-1189.303	341.699	0.9860453	4.921617
58692	-836.6559	-1181.467	344.8114	1.199018	3.013681
58698	-832.9404	-1175.443	342.5021	1.084369	4.416762
58704	-845.2479	-1188.442	343.1941	1.047407	4.045345
58710	-851.9451	-1193.981	342.0361	1.0221	4.71342
58716	-848.7069	-1191.606	342.8991	1.013688	4.232257
58722	-839.1416	-1181.886	342.7439	1.168905	4.232257
58728	-840.0988	-1184.236	344.1376	1.245397	3.385549
58734	-848.1998	-1194.467	346.2674	1.402307	1.971958
58740	-839.2481	-1184.24	344.9923	1.394843	2.786061
58746	-852.7726	-1198.36	345.5869	1.558317	2.314206
58752	-856.0902	-1201.296	345.2055	1.558317	2.554255
58758	-846.5577	-1192.558	346.0006	1.756398	1.913165
58764	-838.8404	-1184.475	345.6347	1.458523	2.347339
58770	-836.057	-1181.491	345.4341	1.569722	2.403951
58776	-838.8198	-1183.415	344.5957	1.348416	3.053369
58782	-833.9414	-1179.684	345.7422	1.34133	2.353457
58788	-833.0215	-1178.728	345.7069	1.386367	2.347275
58794	-833.9702	-1180.088	346.1174	1.568801	1.96091
58800	-853.1195	-1199.216	346.0961	1.771558	1.837727
58806	-842.5652	-1188.257	345.6922	1.564038	2.243094
58812	-837.2349	-1182.927	345.6922	1.564038	2.243094
58818	-829.4941	-1175.186	345.6922	1.564038	2.243094
58824	-838.3852	-1184.625	346.2399	1.853499	1.679995
58830	-829.7483	-1176.199	346.4507	1.642696	1.679995
58836	-841.5445	-1187.841	346.2963	1.642696	1.788478
58842	-833.8037	-1179.464	345.6599	1.525921	2.288269
58848	-827.0879	-1173.479	346.3907	1.626223	1.734074
58854	-833.2494	-1178.494	345.2447	1.567501	2.524178
58860	-836.5167	-1181.846	345.329	1.631799	2.431043
58866	-833.9946	-1179.426	345.4316	1.458365	2.475532
58872	-847.078	-1192.519	345.4406	1.497762	2.445203
58878	-844.7136	-1190.132	345.4188	1.503679	2.455161
58884	-831.0182	-1175.863	344.8446	1.360462	2.896516
58890	-834.0101	-1177.331	343.3206	1.202464	3.884208
58896	-824.5936	-1168.89	344.2964	1.446212	3.173425
58902	-829.7597	-1174.788	345.0284	1.326222	2.805815
58908	-821.9927	-1167.053	345.0607	1.385594	2.74994
58914	-820.1864	-1165.249	345.0626	1.423187	2.725779
58920	-819.1192	-1165.184	346.0651	1.660891	1.934142
58926	-830.7493	-1176.304	345.5542	1.601154	2.307741
58932	-849.6298	-1194.677	345.0468	1.055948	2.958203
58938	-830.0067	-1174.934	344.9268	1.232054	2.924422
58944	-829.8357	-1174.536	344.7002	1.195558	3.082232
58950	-845.7611	-1191.109	345.3476	1.572313	2.456742
58956	-833.8406	-1180.004	346.1637	1.573157	1.926775
58962	-825.7573	-1171.241	345.484	1.567446	2.373803
58968	-823.1612	-1169.146	345.9852	1.509459	2.088107
58974	-824.0301	-1169.66	345.6298	1.60234	2.258612
58980	-823.9998	-1169.71	345.7104	1.629166	2.189322
58986	-823.5658	-1168.88	345.3138	1.454141	2.551698
58992	-837.2302	-1182.128	344.8982	1.295247	2.903564
58998	-845.6867	-1190.69	345.0035	1.314201	2.828299
59004	-848.5394	-1193.649	345.1095	1.280877	2.784079
59010	-832.1564	-1175.019	342.8621	1.208872	4.142436
59016	-823.0957	-1167.146	344.0507	1.243431	3.437649
59022	-824.8664	-1168.988	344.1216	1.172496	3.437649
59028	-826.3672	-1169.863	343.496	1.611375	3.546614
59034	-818.1788	-1163.909	345.7304	1.282478	2.3982
59040	-836.9377	-1182.262	345.3242	1.349406	2.610232
59046	-835.4902	-1181.349	345.8584	1.562882	2.136181
59052	-831.0911	-1176.323	345.2317	1.299096	2.698177
59058	-828.6416	-1174.024	345.3822	1.148662	2.698177
59064	-824.3017	-1168.591	344.2892	1.221354	3.310584
59070	-826.9576	-1170.82	343.8623	0.9576184	3.713282
59076	-828.7	-1173.885	345.1846	1.075213	2.863399
59082	-818.7583	-1164.458	345.6994	1.544863	2.25082
59088	-808.6437	-1154.137	345.4933	1.562622	2.371012
59094	-818.0933	-1163.962	345.8686	1.448898	2.203632
59100	-829.3626	-1174.542	345.1796	1.466471	2.627209
59106	-835.0537	-1179.315	344.2615	1.005718	3.453389
59112	-850.0538	-1194.795	344.7412	1.045337	3.147298
59118	-840.6218	-1185.144	344.5225	1.174801	3.200267
59124	-833.7018	-1176.925	343.223	1.124378	3.984846
59130	-846.4545	-1191.219	344.7649	1.211853	3.033867
59136	-852.1044	-1197.848	345.7441	1.284091	2.388546
59142	-831.7819	-1176.245	344.4635	1.46239	3.064238
59148	-818.7138	-1161.388	342.6738	1.009369	4.362215
59154	-833.9874	-1177.564	343.5769	0.9592871	3.876678
59160	-844.6048	-1188.609	344.0041	0.9755	3.620833
59166	-843.8563	-1187.791	343.9351	1.038995	3.624038
59172	-828.8849	-1172.614	343.7289	1.245247	3.624038
59178	-828.2803	-1172.29	344.0096	1.301558	3.427662
59184	-821.1721	-1167.29	346.118	1.370937	2.091842
59190	-837.221	-1183.669	346.4475	1.672319	1.66113
59196	-832.6357	-1178.42	345.7846	1.279056	2.366099
59202	-840.5471	-1185.958	345.4108	1.249898	2.618226
59208	-831.1419	-1176.087	344.9451	1.249898	2.902628
59214	-863.6113	-1206.969	343.3579	1.167959	3.882645
59220	-832.3784	-1177.198	344.8197	1.280148	2.959964
59226	-829.9321	-1174.762	344.8299	1.269971	2.959964
59232	-839.0169	-1183.968	344.9513	1.1486	2.959964
59238	-852.9389	-1197.961	345.0218	1.277933	2.839176
59244	-844.5783	-1189.542	344.9642	1.335614	2.839176
59250	-833.3001	-1178.211	344.9111	1.286936	2.9008
59256	-845.0876	-1190.713	345.6258	1.380057	2.402652
59262	-847.1926	-1190.636	343.4437	1.333092	3.738229
59268	-835.7868	-1181.171	345.3842	1.425459	2.525731
59274	-827.4425	-1173.219	345.7766	1.425643	2.277763
59280	-867.7932	-1213.098	345.3049	1.405728	2.587319
59286	-855.3548	-1201.295	345.9398	1.54861	2.092236
59292	-844.511	-1190.373	345.8623	1.461329	2.199637
59298	-847.5237	-1192.409	344.8853	1.205669	2.965327
59304	-853.3278	-1198.198	344.8704	1.314982	2.908418
59310	-846.8443	-1191.462	344.618	1.40423	3.006577
59316	-847.2558	-1192.703	345.4475	1.425935	2.485928
59322	-840.6003	-1186.054	345.4534	1.419997	2.485928
59328	-838.5906	-1184.537	345.9465	1.504309	2.116891
59334	-853.7701	-1199.115	345.3452	1.31967	2.615624
59340	-841.2716	-1186.197	344.9256	1.119585	2.992791
59346	-848.6091	-1193.075	344.4663	1.236138	3.197217
59352	-839.4279	-1184.327	344.8994	1.186443	2.968422
59358	-836.2147	-1181.271	345.056	1.389009	2.750749
59364	-840.6841	-1186.493	345.8087	1.205121	2.397643
59370	-844.4407	-1190.156	345.7148	1.29902	2.397643
59376	-826.4899	-1171.426	344.9358	1.325972	2.862209
59382	-825.4619	-1171.436	345.9742	1.419269	2.154326
59388	-828.3603	-1174.25	345.89	1.518145	2.144757
59394	-837.3724	-1183.539	346.167	1.361301	2.065964
59400	-832.0398	-1177.845	345.8055	1.478738	2.225058
59406	-839.843	-1185.011	345.168	1.557197	2.578276
59412	-837.368	-1183.7	346.3316	1.706924	1.718867
59418	-840.8099	-1187.12	346.3105	1.728028	1.718867
59424	-848.0987	-1194.028	345.9292	1.425555	2.179452
59430	-846.1123	-1191.726	345.6136	1.440642	2.37207
59436	-854.9113	-1200.253	345.3421	1.442841	2.541148
59442	-845.133	-1190.748	345.6151	1.488581	2.340655
59448	-841.4245	-1187.72	346.2956	1.629428	1.798209
59454	-848.4648	-1194.153	345.6879	1.629957	2.203374
59460	-846.5034	-1193.052	346.549	1.575299	1.657917
59466	-837.6731	-1183.392	345.7191	1.396283	2.333252
59472	-832.202	-1177.334	345.1323	1.136355	2.858033
59478	-824.0896	-1168.42	344.33	1.136355	3.336618
59484	-856.0443	-1199.766	343.7213	1.190144	3.66036
59490	-831.19	-1176.178	344.9879	1.220637	2.894419
59496	-820.6554	-1166.274	345.6183	1.628474	2.249214
59502	-824.9582	-1170.316	345.358	1.431515	2.538272
59508	-831.656	-1176.924	345.2681	1.431515	2.594122
59514	-830.7589	-1175.088	344.3288	1.271455	3.257673
59520	-826.8463	-1172.613	345.7665	1.38162	2.312373
59526	-840.4008	-1184.277	343.8767	1.220548	3.552519
59532	-856.236	-1201.461	345.2254	1.154145	2.790666
59538	-850.4932	-1195.372	344.8785	1.043029	3.066879
59544	-844.2784	-1188.423	344.1442	1.208925	3.403063
59550	-834.3924	-1177.961	343.5688	1.14439	3.774923
59556	-838.9081	-1182.571	343.6634	1.141187	3.722151
59562	-835.385	-1179.543	344.1575	1.194846	3.403551
59568	-830.0728	-1173.226	343.1529	1.097636	4.040171
59574	-832.2179	-1177.787	345.5689	1.532789	2.341938
59580	-835.588	-1181.799	346.2109	1.758631	1.767241
59586	-849.1972	-1196.132	346.9352	1.886262	1.107765
59592	-840.8987	-1187.271	346.3719	1.66214	1.72203
59598	-843.5787	-1189.726	346.1469	1.534997	1.963803
59604	-833.4205	-1179.245	345.8245	1.516833	2.188143
59610	-834.4571	-1180.006	345.5487	1.584679	2.321805
59616	-826.6859	-1172.485	345.7988	1.349001	2.312595
59622	-828.7451	-1174.919	346.1738	1.509167	1.963089
59628	-827.993	-1173.701	345.7079	1.537721	2.249924
59634	-825.6989	-1170.735	345.0359	1.229209	2.860189
59640	-823.4883	-1168.582	345.0942	1.545861	2.630941
59646	-823.662	-1168.606	344.9445	1.42359	2.797668
59652	-832.6847	-1177.749	345.064	1.320189	2.78783
59658	-831.2959	-1177.458	346.1616	1.685702	1.851679
59664	-844.4369	-1191.636	347.1995	1.929406	0.7760997
59670	-841.8682	-1188.746	346.8782	1.942961	1.107995
59676	-850.1814	-1197.049	346.8674	1.818328	1.226545
59682	-847.7644	-1193.86	346.096	1.443056	2.058864
59688	-848.2599	-1192.099	343.8394	1.093777	3.647753
59694	-856.009	-1203.058	347.0494	1.816903	1.066185
59700	-847.9901	-1192.285	344.2953	1.314768	3.251893
59706	-848.0284	-1191.846	343.8173	1.392116	3.487116
59712	-854.8168	-1200.098	345.2815	1.373937	2.621465
59718	-872.9814	-1219.234	346.2529	1.680681	1.792254
59724	-837.9795	-1184.311	346.3319	1.738497	1.696323
59730	-838.3772	-1184.271	345.8942	1.417889	2.207085
59736	-836.9603	-1183.132	346.1721	1.5218	1.955723
59742	-833.3045	-1179.663	346.3586	1.440111	1.884876
59748	-837.2981	-1183.325	346.0272	1.471316	2.085585
59754	-849.568	-1195.543	345.9751	1.523354	2.085585
59760	-831.5868	-1177.618	346.0316	1.542723	2.035519
59766	-834.1931	-1180.319	346.1256	1.498324	2.00253
59772	-843.3811	-1190.011	346.6294	1.621491	1.566193
59778	-836.9975	-1183.571	346.5731	1.677771	1.566193
59784	-839.9031	-1186.131	346.2283	1.799295	1.726585
59790	-837.515	-1184.356	346.8413	1.683773	1.357674
59796	-838.5651	-1184.652	346.0868	1.451093	2.059607
59802	-826.2287	-1171.591	345.3626	1.420774	2.542113
59808	-834.5473	-1179.063	344.5157	1.421258	3.057631
59814	-836.0797	-1179.353	343.2736	1.215548	3.903687
59820	-832.9677	-1178.096	345.1284	1.477886	2.651754
59826	-826.3057	-1171.573	345.2674	1.338888	2.651754
59832	-816.0833	-1160.412	344.3292	1.351233	3.210265
59838	-824.5128	-1170.015	345.502	1.4997	2.405307
59844	-824.147	-1170.617	346.47	1.4997	1.767125
59850	-830.1189	-1174.9	344.7813	1.560637	2.813559
59856	-828.4699	-1173.568	345.098	1.350526	2.748602
59862	-816.7087	-1163.073	346.3648	1.600536	1.7702
59868	-821.8828	-1168.173	346.2906	1.506238	1.886137
59874	-821.6168	-1167.241	345.6237	1.533439	2.306613
59880	-818.9071	-1165.316	346.4085	1.631853	1.717569
59886	-825.0387	-1170.56	345.5215	1.449309	2.424792
59892	-835.1007	-1181.205	346.1048	1.779055	1.826612
59898	-830.2458	-1175.695	345.4489	1.480217	2.450998
59904	-832.7492	-1178.456	345.7063	1.480217	2.287835
59910	-826.6632	-1172.728	346.0648	1.691228	1.913855
59916	-847.2525	-1193.758	346.5052	1.600594	1.671167
59922	-829.3076	-1175.834	346.5263	1.731067	1.561419
59928	-841.6579	-1188.33	346.6725	1.873157	1.341329
59934	-836.6243	-1183.471	346.8468	1.851177	1.216157
59940	-837.8675	-1184.577	346.7099	1.760382	1.40063
59946	-828.5264	-1174.736	346.2096	1.659172	1.836995
59952	-830.4986	-1177.151	346.6528	1.555004	1.597673
59958	-825.821	-1171.112	345.2911	1.485073	2.546574
59964	-840.9443	-1186.393	345.4487	1.45452	2.467238
59970	-827.1305	-1171.248	344.1176	1.234771	3.403535
59976	-823.5731	-1168.059	344.4863	1.113159	3.258151
59982	-837.9779	-1182.554	344.5764	1.131599	3.193922
59988	-839.8138	-1183.765	343.9516	1.207117	3.516732
59994	-833.8103	-1178.25	344.4397	1.164896	3.255122
60000	-839.4188	-1184.988	345.5692	1.387227	2.433798
60006	-844.309	-1189.647	345.3385	1.524615	2.492365
60012	-834.8116	-1180.842	346.0307	1.662016	1.956504
60018	-829.2568	-1175.865	346.6081	1.767989	1.472872
60024	-828.2029	-1174.887	346.6836	1.758021	1.422802
60030	-838.8244	-1185.426	346.6019	1.821208	1.437012
60036	-831.2504	-1177.776	346.526	1.657982	1.614983
60042	-826.0817	-1172.341	346.2595	1.7622	1.730711
60048	-847.7932	-1192.535	344.7422	1.380107	2.946428
60054	-844.6319	-1188.903	344.2707	1.090739	3.398218
60060	-828.1349	-1171.998	343.8631	1.211123	3.565879
60066	-847.5993	-1192.15	344.5506	1.052368	3.256089
60072	-849.1054	-1190.235	341.1299	0.8837769	5.293729
60078	-847.6493	-1192.582	344.9332	1.160968	2.963396
60084	-843.0502	-1187.686	344.6357	1.351503	3.027614
60090	-841.3185	-1187.438	346.1192	1.420134	2.058635
60096	-858.6336	-1203.962	345.3284	1.263622	2.660547
60102	-841.1944	-1186.427	345.2329	1.376625	2.64981
60108	-843.3675	-1187.436	344.0686	1.220744	3.440441
60114	-835.1217	-1179.268	344.1466	1.118399	3.454668
60120	-833.7542	-1177.688	343.9337	1.048675	3.619254
60126	-823.0394	-1168.337	345.2975	1.227324	2.701851
60132	-828.5962	-1173.315	344.7186	1.221407	3.055811
60138	-825.9821	-1171.067	345.0852	1.221407	2.835004
60144	-826.5253	-1171.232	344.7069	1.153854	3.103138
60150	-855.1007	-1199.607	344.5066	1.219284	3.18334
60156	-867.4225	-1212.599	345.1763	1.297619	2.733054
60162	-853.2287	-1198.855	345.6267	1.364456	2.411946
60168	-839.5047	-1184.85	345.3451	1.259588	2.652752
60174	-838.265	-1183.213	344.9479	1.138817	2.96787
60180	-833.7853	-1178.795	345.0101	1.19205	2.898276
60186	-836.4855	-1181.423	344.938	1.26421	2.898276
60192	-840.935	-1185.268	344.3333	1.266406	3.258036
60198	-829.765	-1173.799	344.0337	1.152553	3.500659
60204	-831.0438	-1173.685	342.6413	0.9576197	4.409756
60210	-842.3534	-1186.893	344.5395	1.134903	3.213828
60216	-854.4531	-1198.41	343.9573	1.106738	3.571827
60222	-840.6907	-1181.428	340.7373	0.9282148	5.485595
60228	-834.0008	-1177.265	343.264	0.919907	4.078154
60234	-834.7906	-1178.575	343.7846	1.299154	3.560338
60240	-826.2879	-1171.284	344.9965	1.308686	2.835874
60246	-839.745	-1185.262	345.5174	1.310563	2.51433
60252	-836.6036	-1181.346	344.742	1.363163	2.956793
60258	-833.3755	-1178.611	345.2352	1.340958	2.670316
60264	-837.4129	-1182.913	345.5004	1.627676	2.325162
60270	-856.0337	-1200.372	344.3383	1.441581	3.151236
60276	-847.328	-1191.445	344.1166	1.173042	3.440237
60282	-842.9916	-1187.347	344.355	1.248102	3.256013
60288	-833.3561	-1179.12	345.7635	1.572125	2.191867
60294	-839.9892	-1185.839	345.8498	1.683077	2.062943
60300	-871.0693	-1214.843	343.7741	1.267244	3.58504
60306	-859.9236	-1204.501	344.5778	1.242719	3.127098
60312	-850.7697	-1196.086	345.3167	1.538499	2.4973
60318	-833.3697	-1178.987	345.6171	1.499026	2.332778
60324	-831.0834	-1177.042	345.9589	1.58547	2.055343
60330	-840.1376	-1185.494	345.3563	1.385109	2.56821
60336	-835.0757	-1180.067	344.9916	1.392091	2.788146
60342	-829.826	-1173.659	343.8326	1.431373	3.455247
60348	-824.9393	-1169.074	344.135	1.321988	3.342122
60354	-821.2613	-1166.566	345.3049	1.674086	2.419637
60360	-827.3833	-1172.107	344.7233	1.678006	2.777437
60366	-823.1133	-1168.888	345.7745	1.566306	2.18851
60372	-821.773	-1167.545	345.7715	1.569262	2.18851
60378	-831.4609	-1177.285	345.8242	1.485002	2.208952
60384	-826.2996	-1172.066	345.7662	1.543008	2.208952
60390	-820.6749	-1166.927	346.2526	1.418374	1.97111
60396	-825.8051	-1169.238	343.4332	1.277292	3.776449
60402	-830.4355	-1175.547	345.1112	1.458531	2.67425
60408	-820.2383	-1165.641	345.4028	1.277989	2.605756
60414	-828.4476	-1173.532	345.0841	1.552528	2.633066
60420	-837.5872	-1183.172	345.5852	1.416545	2.405234
60426	-827.2529	-1171.112	343.8595	1.206466	3.570714
60432	-826.3688	-1171.788	345.4194	1.281493	2.593323
60438	-842.8673	-1188.449	345.5819	1.272567	2.497762
60444	-850.5866	-1195.566	344.9794	1.141745	2.947151
60450	-840.2154	-1185.599	345.384	1.313024	2.595737
60456	-839.7658	-1184.789	345.023	1.217091	2.875321
60462	-844.152	-1189.172	345.02	1.351324	2.795669
60468	-837.0269	-1181.672	344.6452	1.393749	2.996582
60474	-833.0314	-1178.011	344.9801	1.447212	2.761548
60480	-821.3512	-1167.621	346.2697	1.503771	1.90201
60486	-841.0943	-1187.296	346.2021	1.674629	1.831483
60492	-820.5383	-1166.68	346.1416	1.779498	1.800906
60498	-825.2022	-1172.122	346.9203	1.725685	1.259783
60504	-828.07	-1174.658	346.5881	1.782918	1.476717
60510	-837.5923	-1184.425	346.8331	1.901977	1.184395
60516	-838.0258	-1184.901	346.8747	1.749368	1.277844
60522	-832.2672	-1178.292	346.0251	1.771757	1.886138
60528	-840.3927	-1186.294	345.9015	1.515293	2.13913
60534	-840.9714	-1187.942	346.971	1.765998	1.18273
60540	-840.2489	-1186.681	346.4325	1.398041	1.863162
60546	-836.0772	-1182.452	346.3744	1.865181	1.57449
60552	-837.8421	-1184.582	346.7404	1.820516	1.329118
60558	-834.6816	-1180.874	346.1926	1.549375	1.923335
60564	-843.841	-1189.406	345.5646	1.53634	2.342422
60570	-861.8839	-1207.812	345.9277	1.418443	2.185076
60576	-843.9753	-1190.07	346.0943	1.617541	1.943648
60582	-845.6831	-1190.911	345.2282	1.493446	2.580436
60588	-837.3567	-1182.218	344.8611	1.322756	2.909359
60594	-826.3378	-1171.344	345.0063	1.198883	2.896447
60600	-827.0391	-1172.459	345.4202	1.36855	2.538746
60606	-834.2322	-1178.806	344.5736	1.114024	3.206018
60612	-828.6035	-1173.154	344.5505	1.137125	3.206018
60618	-823.8432	-1167.617	343.7737	1.379303	3.520016
60624	-833.6962	-1177.702	344.0061	1.169582	3.506799
60630	-833.4027	-1178.991	345.5879	1.295616	2.479585
60636	-835.9075	-1181.632	345.7243	1.599114	2.199797
60642	-832.0897	-1177.32	345.23	1.376335	2.651754
60648	-825.0854	-1168.459	343.3733	0.9865484	3.977739
60654	-828.1424	-1171.68	343.5372	1.039543	3.853432
60660	-854.7706	-1201.354	346.5829	1.378309	1.77306
60666	-858.5319	-1204.861	346.3289	1.632301	1.77306
60672	-832.9531	-1174.936	341.9831	1.085185	4.707783
60678	-834.8734	-1179.335	344.4621	1.193923	3.224704
60684	-859.0923	-1204.719	345.6266	1.130422	2.558487
60690	-842.2785	-1186.668	344.3891	1.225178	3.24939
60696	-842.1961	-1187.425	345.2294	1.317122	2.688562
60702	-841.8106	-1187.129	345.3187	1.166424	2.726216
60708	-849.8555	-1194.102	344.246	1.089216	3.413561
60714	-853.1356	-1197.466	344.3303	0.9869215	3.424118
60720	-850.4128	-1195.289	344.8762	1.358677	2.87848
60726	-839.2446	-1184.175	344.93	1.3049	2.87848
60732	-840.4428	-1185.066	344.6235	1.305121	3.062616
60738	-843.3576	-1189.222	345.8643	1.369984	2.257212
60744	-851.6965	-1196.064	344.3678	0.990956	3.399788
60750	-841.4939	-1186.854	345.36	1.359736	2.581629
60756	-839.7793	-1184.386	344.6072	1.391812	3.020514
60762	-840.9212	-1186.337	345.4159	1.463622	2.482069
60768	-847.1566	-1193.186	346.0298	1.54342	2.036242
60774	-837.0113	-1182.704	345.6924	1.526107	2.267339
60780	-838.8513	-1184.881	346.0298	1.46081	2.090755
60786	-841.7248	-1187.581	345.8561	1.683962	2.058161
60792	-851.7525	-1197.419	345.6663	1.504525	2.297884
60798	-835.447	-1180.838	345.3911	1.328616	2.581644
60804	-836.4537	-1181.545	345.0915	1.384282	2.731925
60810	-839.7668	-1183.383	343.6159	1.246006	3.689047
60816	-833.1745	-1178.044	344.8697	1.372584	2.874023
60822	-857.2591	-1201.408	344.1489	1.008679	3.517345
60828	-845.8562	-1188.041	342.1853	1.01589	4.63337
60834	-841.2105	-1183.719	342.5081	1.036058	4.440608
60840	-839.5488	-1182.384	342.8354	1.032299	4.25786
60846	-829.1996	-1172.827	343.6279	1.172499	3.7246
60852	-830.8378	-1175.592	344.7541	1.315481	2.978162
60858	-828.3204	-1173.336	345.016	1.339945	2.805062
60864	-835.072	-1180.467	345.3954	1.419664	2.522343
60870	-823.7902	-1168.541	344.7505	1.259998	3.013655
60876	-824.2585	-1168.326	344.0674	1.252028	3.422815
60882	-809.2952	-1155.034	345.7385	1.441417	2.292069
60888	-818.7953	-1164.694	345.8992	1.159317	2.369384
60894	-828.1443	-1174.816	346.672	1.784815	1.41109
60900	-829.9093	-1176.47	346.5603	1.687809	1.568247
60906	-842.6033	-1188.466	345.8629	1.520779	2.160643
60912	-839.8003	-1186.116	346.3152	1.42768	1.922728
60918	-855.2704	-1201.438	346.1679	1.455708	2.002759
60924	-853.1266	-1199.41	346.283	1.599015	1.827866
60930	-835.0449	-1182.013	346.9676	1.856276	1.105491
60936	-845.8684	-1192.766	346.8981	1.66624	1.326386
60942	-843.653	-1189.781	346.1282	1.554705	1.9631
60948	-827.9311	-1173.193	345.2618	1.431391	2.5981
60954	-828.1886	-1171.044	342.8554	1.119168	4.197207
60960	-840.0603	-1186.161	346.1006	1.380485	2.096998
60966	-848.601	-1195.141	346.5402	1.886418	1.434345
60972	-830.132	-1176.63	346.4978	1.689741	1.612406
60978	-834.4253	-1180.413	345.988	1.580153	2.039615
60984	-845.4369	-1191.784	346.3468	1.682815	1.725153
60990	-843.8777	-1189.321	345.4432	1.522671	2.427855
60996	-844.5421	-1190.349	345.8071	1.554838	2.174785
61002	-831.9828	-1178.279	346.2967	1.752663	1.711225
61008	-854.9763	-1201.487	346.5105	1.716077	1.58402
61014	-849.2778	-1194.808	345.5299	1.35595	2.478122
61020	-842.7489	-1186.018	343.2686	1.111031	3.966412
61026	-833.9555	-1178.121	344.1653	1.172981	3.411763
61032	-838.6385	-1181.741	343.1027	1.057007	4.091985
61038	-826.7888	-1172.428	345.6392	1.279591	2.457465
61044	-830.5524	-1175.359	344.8062	1.270716	2.973778
61050	-823.5264	-1168.954	345.4277	1.228435	2.621028
61056	-836.321	-1181.655	345.3341	1.322008	2.621028
61062	-837.8152	-1183.738	345.9229	1.397168	2.201937
61068	-826.4413	-1171.763	345.3214	1.295361	2.645347
61074	-832.257	-1178.081	345.8236	1.381723	2.275835
61080	-825.1197	-1170.851	345.7312	1.550638	2.226598
61086	-829.6369	-1174.68	345.0433	1.420965	2.738952
61092	-836.9893	-1182.628	345.6383	1.47959	2.331661
61098	-833.6029	-1178.781	345.1785	1.476419	2.621763
61104	-847.2054	-1192.039	344.8335	1.619665	2.745741
61110	-833.0923	-1179.111	346.0192	1.549993	2.038933
61116	-831.3789	-1177.985	346.6066	1.507521	1.665232
61122	-835.7571	-1181.829	346.0724	1.503523	2.03448
61128	-836.7066	-1182.701	345.9942	1.47322	2.105966
61134	-835.4435	-1181.486	346.0424	1.386273	2.131313
61140	-835.3722	-1181.34	345.9675	1.496783	2.108067
61146	-828.6109	-1173.996	345.385	1.496783	2.480683
61152	-837.5133	-1183.296	345.7824	1.474076	2.242989
61158	-842.8657	-1188.348	345.4824	1.515655	2.407584
61164	-838.8675	-1185.602	346.7343	1.75157	1.388507
61170	-838.712	-1184.599	345.8871	1.455389	2.18741
61176	-841.9104	-1188.073	346.1624	1.552134	1.941876
61182	-839.3581	-1184.145	344.7868	1.237213	3.005548
61188	-842.7511	-1186.31	343.5588	0.9659253	3.883286
61194	-821.235	-1166.166	344.9308	1.09458	3.004692
61200	-825.0418	-1170.769	345.7275	1.342484	2.36211
61206	-828.3417	-1173.127	344.7849	1.113933	3.080407
61212	-831.5876	-1176.374	344.7864	1.113933	3.079533
61218	-838.5307	-1181.709	343.1785	1.378436	3.864782
61224	-828.9096	-1173.851	344.9416	1.452351	2.781882
61230	-841.9573	-1187.311	345.3537	1.482416	2.50926
61236	-836.7347	-1181.804	345.069	1.390544	2.741835
61242	-851.3472	-1195.874	344.5269	1.259037	3.147664
61248	-837.276	-1182.726	345.4499	1.391056	2.506239
61254	-831.884	-1178.225	346.3411	1.678994	1.731833
61260	-832.8314	-1179.271	346.4393	1.693999	1.65149
61266	-843.4892	-1190.344	346.8551	1.682314	1.347826
61272	-833.991	-1179.985	345.994	1.527231	2.0706
61278	-847.77	-1193.521	345.7506	1.625452	2.165607
61284	-854.1524	-1200.287	346.1347	1.737797	1.834386
61290	-837.1888	-1181.69	344.5017	1.063245	3.278558
61296	-838.0825	-1181.696	343.613	0.9198864	3.878583
61302	-835.3193	-1181.863	346.5436	1.735709	1.54527
61308	-847.1241	-1193.357	346.2329	1.537265	1.904277
61314	-832.8715	-1177.964	345.0924	1.419197	2.709973
61320	-832.3629	-1178.062	345.6991	1.505838	2.276055
61326	-832.32	-1178.624	346.3044	1.555624	1.842987
61332	-847.1184	-1189.268	342.1497	1.22627	4.535263
61338	-838.9138	-1181.95	343.0366	1.143754	4.08022
61344	-841.3156	-1184.61	343.2949	0.9306598	4.054419
61350	-846.1349	-1192.148	346.0136	1.620783	1.995571
61356	-834.7136	-1180.539	345.8258	1.632077	2.112253
61362	-830.7764	-1175.922	345.1455	1.308803	2.745057
61368	-830.5759	-1174.219	343.643	1.128785	3.741091
61374	-843.6634	-1187.45	343.787	1.117212	3.664558
61380	-834.5388	-1180.392	345.8529	1.353386	2.275171
61386	-833.8463	-1179.579	345.7323	1.331204	2.366194
61392	-821.8091	-1166.2	344.391	1.17504	3.27787
61398	-826.4029	-1171.221	344.818	1.251978	2.977939
61404	-835.7459	-1182.216	346.4697	1.437741	1.810374
61410	-858.6916	-1204.279	345.5869	1.385349	2.423853
61416	-849.7174	-1194.713	344.9955	1.092838	2.9669
61422	-843.1517	-1188.623	345.4708	1.263912	2.57235
61428	-844.2019	-1189.655	345.4536	1.487559	2.443454
61434	-842.3663	-1187.8	345.4334	1.322397	2.559279
61440	-836.4522	-1179.752	343.2998	1.270406	3.857163
61446	-828.5618	-1173.475	344.9134	1.269217	2.910069
61452	-838.4001	-1183.543	345.1432	1.407342	2.68605
61458	-831.7	-1177.207	345.5068	1.408374	2.459723
61464	-827.0257	-1173.137	346.1114	1.544408	1.981247
61470	-822.8125	-1169.276	346.4636	1.664395	1.655286
61476	-829.4224	-1175.966	346.5439	1.769603	1.51988
61482	-840.3783	-1185.274	344.8961	1.320253	2.889678
61488	-837.6793	-1182.214	344.5347	1.371797	3.075822
61494	-829.8345	-1174.434	344.5995	1.235342	3.118548
61500	-824.0765	-1169.556	345.4791	1.29891	2.545459
61506	-824.778	-1170.739	345.9613	1.379987	2.188176
61512	-829.1716	-1174.181	345.0095	1.373079	2.788846
61518	-830.0803	-1174.871	344.7912	1.404054	2.902479
61524	-834.511	-1177.015	342.504	1.048961	4.435684
61530	-815.8494	-1159.831	343.9817	1.098504	3.562418
61536	-820.402	-1164.916	344.5138	1.39465	3.074692
61542	-826.5213	-1170.479	343.9581	1.156182	3.542569
61548	-827.2633	-1171.487	344.2234	1.213781	3.353724
61554	-831.2077	-1176.084	344.8765	1.314974	2.904761
61560	-829.0573	-1173.916	344.8583	1.306558	2.920774
61566	-830.9052	-1175.779	344.874	1.290871	2.920774
61572	-830.2868	-1175.288	345.0015	1.490127	2.72223
61578	-829.1458	-1174.161	345.0149	1.401275	2.768341
61584	-840.1502	-1186.495	346.3451	1.423102	1.905586
61590	-835.6839	-1180.86	345.1764	1.261867	2.754876
61596	-847.1931	-1192.596	345.4032	1.318084	2.580659
61602	-853.5241	-1197.964	344.4401	1.303366	3.172901
61608	-858.9762	-1205.054	346.078	1.892791	1.766342
61614	-844.2539	-1190.544	346.2899	1.778622	1.697665
61620	-849.1728	-1195.568	346.3947	1.703005	1.676902
61626	-842.069	-1188.536	346.4674	2.084795	1.336049
61632	-852.6446	-1198.65	346.0053	1.673548	1.965832
61638	-837.238	-1184.041	346.8025	1.673548	1.396096
61644	-825.6696	-1171.553	345.8836	1.604805	2.092211
61650	-818.7933	-1164.403	345.6098	1.549756	2.305102
61656	-818.4323	-1164.67	346.2377	1.752726	1.752678
61662	-831.4007	-1178.301	346.8998	1.726405	1.276117
61668	-836.3719	-1183.146	346.7741	1.852115	1.276117
61674	-838.1962	-1182.988	344.7915	1.452134	2.873189
61680	-846.6978	-1191.142	344.4439	1.117942	3.280348
61686	-847.5438	-1191.237	343.6931	1.206454	3.667246
61692	-845.1238	-1189.917	344.7933	1.254768	2.991062
61698	-845.2398	-1190.957	345.7169	1.282726	2.406612
61704	-847.2169	-1191.588	344.3714	1.027596	3.376198
61710	-842.3766	-1187.653	345.2764	1.180757	2.7433
61716	-837.7547	-1181.947	344.1928	1.117899	3.427958
61722	-839.5621	-1186.027	346.4646	2.031463	1.380476
61728	-839.8597	-1186.222	346.3623	2.021094	1.467321
61734	-834.9944	-1181.179	346.1847	1.74369	1.795817
61740	-853.8681	-1197.646	343.778	1.333196	3.544414
61746	-869.0203	-1213.286	344.2656	1.209546	3.331439
61752	-853.3296	-1199.614	346.2843	1.583633	1.837528
61758	-840.4116	-1186.026	345.614	1.560251	2.295727
61764	-854.1072	-1199.727	345.62	1.563343	2.289894
61770	-839.5366	-1185.803	346.2663	1.459257	1.934447
61776	-832.894	-1178.208	345.3145	1.435555	2.562849
61782	-833.1911	-1178.367	345.1758	1.574186	2.562849
61788	-841.8974	-1187.658	345.7604	1.720368	2.097257
61794	-840.6356	-1186.601	345.9655	1.623243	2.02595
61800	-855.0488	-1200.115	345.0661	1.399068	2.738404
61806	-848.6562	-1193.845	345.1884	1.449089	2.632549
61812	-852.4759	-1198.229	345.7527	1.834438	2.027044
61818	-838.7258	-1184.578	345.8522	1.63933	2.090186
61824	-839.2921	-1184.903	345.6112	1.539562	2.310695
61830	-838.5313	-1183.749	345.2177	1.534472	2.561544
61836	-835.4181	-1180.744	345.3261	1.426064	2.561544
61842	-842.1292	-1188.057	345.9282	1.602557	2.064312
61848	-840.7337	-1186.332	345.5981	1.370579	2.426123
61854	-836.0921	-1182.071	345.9786	1.392118	2.169081
61860	-844.3229	-1189.654	345.3311	1.32651	2.620123
61866	-849.1031	-1192.795	343.6916	1.282991	3.623747
61872	-851.7008	-1194.219	342.5186	1.043776	4.430333
61878	-839.0739	-1183.978	344.904	1.266875	2.917162
61884	-853.9978	-1198.497	344.4992	1.48352	3.030274
61890	-840.3139	-1184.2	343.886	1.21775	3.548749
61896	-834.3757	-1180.004	345.6279	1.369947	2.407716
61902	-833.9267	-1180.655	346.7283	1.881213	1.289813
61908	-857.4632	-1204.116	346.6526	1.93008	1.311604
61914	-853.3168	-1199.46	346.1435	1.529649	1.969652
61920	-842.1225	-1187.996	345.8738	1.60811	2.096486
61926	-843.0938	-1189.318	346.224	1.760385	1.756913
61932	-849.8245	-1195.268	345.443	1.231194	2.60986
61938	-832.6258	-1178.562	345.9361	1.509638	2.12021
61944	-824.2693	-1169.806	345.5363	1.723676	2.240693
61950	-841.6307	-1185.365	343.7341	1.213732	3.639259
61956	-839.4909	-1182.506	343.0149	1.173924	4.075354
61962	-822.5259	-1166.862	344.3361	1.370669	3.194673
61968	-831.8525	-1175.852	343.9992	1.106558	3.547542
61974	-843.6899	-1187.662	343.9718	1.133947	3.547542
61980	-830.4625	-1174.885	344.422	1.29262	3.189986
61986	-826.6806	-1172.147	345.4661	1.469647	2.446818
61992	-827.9495	-1173.721	345.7715	1.385288	2.306839
61998	-835.3141	-1180.493	345.1785	1.443822	2.641899
62004	-841.4126	-1186.595	345.1828	1.539539	2.580041
62010	-867.8266	-1214.328	346.5015	1.529418	1.724261
62016	-847.4549	-1193.767	346.3117	1.729169	1.717222
62022	-837.2416	-1184.044	346.802	1.937566	1.180477
62028	-840.0235	-1186.86	346.8365	1.91344	1.171424
62034	-834.2935	-1180.907	346.6139	1.963155	1.316138
62040	-837.9856	-1184.331	346.3455	1.660872	1.74151
62046	-838.0772	-1184.25	346.1732	1.67603	1.850384
62052	-827.5482	-1173.699	346.1505	1.698765	1.850384
62058	-809.4426	-1155.758	346.315	1.685937	1.74527
62064	-835.5841	-1181.713	346.1291	2.007664	1.648975
62070	-814.1997	-1159.174	344.9744	1.542316	2.706857
62076	-816.5137	-1160.749	344.235	1.429274	3.219851
62082	-822.0863	-1166.321	344.235	1.429274	3.219851
62088	-828.4141	-1173.74	345.3256	1.517431	2.504921
62094	-836.1653	-1181.297	345.132	1.543409	2.609091
62100	-846.7301	-1191.812	345.082	1.345803	2.761215
62106	-851.8148	-1196.066	344.2511	1.346881	3.259005
62112	-836.4591	-1181.516	345.0565	1.528015	2.665175
62118	-833.7429	-1179.177	345.4337	1.363111	2.533772
62124	-836.0146	-1180.776	344.7612	1.266294	3.003416
62130	-849.9287	-1195.361	345.4318	1.52372	2.434393
62136	-827.9349	-1173.416	345.4813	1.362472	2.504481
62142	-843.0749	-1189.033	345.9581	1.53254	2.090742
62148	-841.3964	-1186.752	345.3558	1.450129	2.528082
62154	-840.1604	-1184.69	344.53	1.444591	3.035123
62160	-835.7844	-1179.359	343.5745	1.340513	3.658302
62166	-826.0554	-1170.64	344.5848	1.383473	3.038923
62172	-829.2233	-1171.509	342.2853	1.333452	4.398552
62178	-824.2471	-1169.248	345.0006	1.048193	2.990666
62184	-841.4854	-1184.956	343.4704	1.342841	3.717162
62190	-829.3131	-1175.216	345.9027	1.402981	2.211211
62196	-828.0619	-1172.392	344.3298	1.241677	3.274674
62202	-818.7987	-1163.151	344.352	1.219429	3.274674
62208	-831.7544	-1175.235	343.4805	1.290885	3.741349
62214	-852.4826	-1196.456	343.9734	1.180804	3.519354
62220	-844.1711	-1189.121	344.9501	1.245971	2.901988
62226	-845.8969	-1190.787	344.8898	1.306189	2.901988
62232	-861.5612	-1206.098	344.5367	1.581243	2.949074
62238	-861.4682	-1206.007	344.5387	1.581243	2.947858
62244	-837.1125	-1181.94	344.8275	1.292481	2.947858
62250	-831.8476	-1175.816	343.9684	1.261581	3.475156
62256	-826.1809	-1170.696	344.5152	1.329079	3.112946
62262	-827.1638	-1171.679	344.5152	1.329079	3.112946
62268	-829.941	-1174.567	344.6261	1.298788	3.064834
62274	-829.6184	-1173.923	344.3049	1.457544	3.161625
62280	-826.9575	-1172.706	345.7489	1.486628	2.256459
62286	-824.2949	-1169.779	345.4837	1.476277	2.431561
62292	-842.6254	-1187.183	344.5572	1.434566	3.024863
62298	-845.3089	-1188.406	343.0969	1.160627	4.036203
62304	-848.4019	-1193.397	344.9947	1.285099	2.851303
62310	-840.9303	-1186.467	345.5371	1.285099	2.517922
62316	-844.2446	-1190.271	346.0263	1.549477	2.034565
62322	-850.8492	-1196.141	345.2922	1.554253	2.502803
62328	-852.9888	-1199.32	346.3308	1.821526	1.637826
62334	-845.6023	-1191.231	345.6292	1.338234	2.426906
62340	-835.6203	-1179.785	344.165	1.276574	3.351161
62346	-837.3885	-1181.431	344.0427	1.082517	3.536234
62352	-831.506	-1174.514	343.0079	1.10182	4.120416
62358	-834.0584	-1178.542	344.4835	1.152175	3.236768
62364	-819.0019	-1163.606	344.6042	1.205756	3.13337
62370	-827.4732	-1172.361	344.8883	1.341245	2.88175
62376	-836.9564	-1181.811	344.855	1.237743	2.964241
62382	-832.638	-1177.855	345.2171	1.448026	2.615455
62388	-832.3075	-1177.348	345.0404	1.452721	2.721324
62394	-826.6793	-1171.655	344.9758	1.207075	2.909955
62400	-852.3843	-1198.291	345.9062	1.576433	2.096008
62406	-859.7313	-1205.694	345.963	1.519635	2.096008
62412	-847.2317	-1192.003	344.771	1.63841	2.77247
62418	-854.1366	-1199.87	345.7331	1.507919	2.252883
62424	-851.4833	-1195.779	344.2961	1.048715	3.407943
62430	-853.2478	-1197.606	344.3582	1.178853	3.294963
62436	-861.9055	-1206.81	344.9043	1.330594	2.878472
62442	-845.7809	-1192.065	346.2841	1.761554	1.713877
62448	-850.7481	-1196.994	346.2455	1.761554	1.741038
62454	-832.1472	-1175.32	343.1723	1.062111	4.049354
62460	-834.639	-1177.611	342.9717	1.07728	4.15499
62466	-837.7929	-1181.815	344.0222	0.9517965	3.624098
62472	-836.3569	-1180.249	343.8923	1.194695	3.558456
62478	-836.1267	-1180.035	343.9085	1.09064	3.609524
62484	-829.3254	-1169.382	340.0567	0.8664818	5.892583
62490	-851.4385	-1197.855	346.4166	1.60724	1.729191
62496	-861.9724	-1208.531	346.5586	1.787057	1.495781
62502	-836.9942	-1181.259	344.2651	1.084711	3.405049
62508	-834.3176	-1177.356	343.0385	1.030828	4.143396
62514	-839.0938	-1183.976	344.8822	1.401451	2.848961
62520	-833.801	-1179.466	345.665	1.221373	2.477781
62526	-821.0741	-1165.515	344.441	1.199685	3.233773
62532	-820.1655	-1163.981	343.815	1.251221	3.570544
62538	-825.5425	-1169.357	343.8145	1.251719	3.570544
62544	-824.7942	-1169.183	344.3889	1.139121	3.300313
62550	-832.21	-1177.458	345.2475	1.313435	2.679666
62556	-842.5045	-1187.745	345.2408	1.433946	2.609518
62562	-839.6356	-1183.974	344.3382	1.171349	3.311186
62568	-857.4351	-1201.75	344.3151	1.250002	3.278433
62574	-846.0508	-1191.104	345.053	1.438802	2.722088
62580	-830.0193	-1175.598	345.5783	1.531208	2.336986
62586	-829.695	-1175.403	345.7077	1.500699	2.273813
62592	-830.724	-1176.261	345.5369	1.63371	2.297998
62598	-839.2474	-1184.747	345.4998	1.589021	2.350143
62604	-833.4706	-1178.426	344.955	1.323551	2.852058
62610	-848.9733	-1195.298	346.3247	1.614257	1.788502
62616	-831.466	-1177.467	346.0008	1.529947	2.064327
62622	-832.6947	-1178.614	345.9189	1.529947	2.118179
62628	-840.5698	-1184.478	343.9087	1.214004	3.537696
62634	-830.7131	-1176.075	345.3617	1.465001	2.515135
62640	-828.6673	-1174.411	345.7438	1.537682	2.226828
62646	-840.173	-1186.017	345.8439	1.451201	2.218087
62652	-854.5234	-1200.415	345.8912	1.451201	2.187491
62658	-857.419	-1203.039	345.6204	1.586145	2.275029
62664	-843.0692	-1189.74	346.6711	1.820398	1.384087
62670	-861.3198	-1207.762	346.4417	1.738315	1.617827
62676	-857.2085	-1203.779	346.5705	1.609501	1.617827
62682	-860.6349	-1204.95	344.3153	1.335853	3.227576
62688	-846.9873	-1191.303	344.3153	1.335853	3.227576
62694	-841.3913	-1187.347	345.9555	1.288928	2.250699
62700	-849.8261	-1193.714	343.8881	1.175818	3.571871
62706	-840.7239	-1185.593	344.8689	1.338234	2.895257
62712	-836.7397	-1181.874	345.1343	1.522194	2.620775
62718	-843.7394	-1188.512	344.7729	1.415102	2.906822
62724	-839.2796	-1184.766	345.4859	1.50052	2.414904
62730	-826.0617	-1172.533	346.4716	1.609657	1.68867
62736	-830.9955	-1177.198	346.2025	1.792255	1.749605
62742	-861.5973	-1207.137	345.5395	1.383295	2.454975
62748	-851.734	-1197.148	345.4135	1.537923	2.436957
62754	-821.0493	-1167.26	346.2104	1.650732	1.842243
62760	-829.8248	-1175.226	345.4007	1.553029	2.435497
62766	-828.6664	-1174.135	345.4684	1.488658	2.433418
62772	-829.4982	-1174.788	345.2896	1.432116	2.58045
62778	-817.8055	-1163.821	346.0151	1.590586	2.014686
62784	-822.3916	-1168.648	346.2562	1.690712	1.783001
62790	-842.3807	-1188.75	346.3691	1.577847	1.783001
62796	-837.8416	-1184.429	346.5872	1.944474	1.352382
62802	-835.6612	-1182.452	346.7909	1.7408	1.352382
62808	-830.4216	-1176.55	346.1283	1.687833	1.873026
62814	-819.184	-1165.41	346.2261	1.538609	1.907958
62820	-823.543	-1169.557	346.0136	1.626622	1.991658
62826	-830.0836	-1175.994	345.9101	1.698206	2.012984
62832	-833.1727	-1178.461	345.2881	1.62751	2.459471
62838	-834.3661	-1179.449	345.0828	1.504364	2.663565
62844	-830.3466	-1176.427	346.08	1.670646	1.917466
62850	-851.5243	-1197.367	345.8431	1.598362	2.122964
62856	-856.8449	-1202.334	345.4895	1.562713	2.373319
62862	-848.6895	-1194.045	345.3559	1.542102	2.47053
62868	-845.5388	-1191.395	345.8557	1.570321	2.133046
62874	-848.3205	-1192.44	344.1198	1.166523	3.442223
62880	-847.1673	-1192.405	345.2379	1.476906	2.58468
62886	-844.7521	-1190.083	345.3312	1.153668	2.726342
62892	-840.1052	-1184.83	344.7247	1.354067	2.972632
62898	-838.1627	-1182.997	344.8339	1.244877	2.972632
62904	-829.6016	-1175.586	345.9845	1.515854	2.084367
62910	-831.7299	-1177.543	345.8127	1.516247	2.196187
62916	-837.7513	-1183.167	345.416	1.503464	2.457072
62922	-838.8252	-1184.872	346.0466	1.498704	2.054692
62928	-834.4502	-1180.778	346.3274	1.542376	1.836306
62934	-829.9313	-1175.464	345.5324	1.37063	2.467384
62940	-834.8831	-1180.761	345.8775	1.450644	2.196739
62946	-837.6265	-1183.18	345.553	1.411979	2.428442
62952	-827.3676	-1171.38	344.0122	1.270506	3.444306
62958	-824.27	-1169.332	345.0624	1.268656	2.820187
62964	-833.6853	-1179.085	345.3995	1.439186	2.507602
62970	-836.2779	-1181.201	344.9235	1.343703	2.858933
62976	-840.2788	-1185.816	345.5374	1.346574	2.479292
62982	-855.1416	-1199.511	344.3697	1.445785	3.130117
62988	-851.7914	-1196.363	344.5719	1.243573	3.130117
62994	-839.9556	-1185.926	345.9707	1.472669	2.121706
63000	-847.9581	-1193.684	345.7263	1.358923	2.352437
63006	-837.8786	-1183.108	345.2294	1.56422	2.535745
63012	-846.0208	-1192.279	346.2582	1.499995	1.912414
63018	-836.4132	-1182.081	345.6679	1.499995	2.299749
63024	-849.2542	-1195.455	346.201	1.518345	1.938615
63030	-830.9462	-1177.524	346.5775	1.76239	1.500157
63036	-843.7667	-1190.758	346.9914	1.817737	1.118873
63042	-847.2763	-1193.928	346.652	1.979973	1.271336
63048	-832.5665	-1179.337	346.7704	2.031382	1.125545
63054	-846.2879	-1192.275	345.9868	1.681892	1.972659
63060	-838.2582	-1184.243	345.9848	1.447307	2.129129
63066	-833.8679	-1179.709	345.8408	1.377305	2.267632
63072	-835.5363	-1181.87	346.3334	1.773016	1.67071
63078	-827.583	-1173.337	345.7541	1.472277	2.262336
63084	-834.8466	-1179.619	344.772	1.265194	2.997614
63090	-832.085	-1176.757	344.6721	1.305875	3.033095
63096	-839.332	-1183.516	344.1844	1.25841	3.350439
63102	-834.2423	-1179.012	344.7698	1.23279	3.018372
63108	-827.9984	-1172.333	344.335	1.361671	3.200659
63114	-825.9918	-1172.356	346.3643	1.535346	1.815744
63120	-840.2747	-1185.881	345.6061	1.506774	2.334851
63126	-840.9174	-1187.1	346.1829	1.607908	1.890247
63132	-842.3637	-1188.473	346.1093	1.502296	2.010777
63138	-840.6434	-1186.945	346.3016	1.541734	1.854424
63144	-824.5029	-1170.717	346.2145	1.516733	1.930621
63150	-831.5404	-1177.837	346.2963	1.686495	1.75798
63156	-830.1842	-1176.7	346.5157	1.678648	1.607461
63162	-840.2413	-1187.297	347.0558	1.737326	1.133314
63168	-843.3189	-1190.147	346.8277	2.036869	1.067867
63174	-840.6471	-1187.267	346.6199	1.816111	1.42717
63180	-832.4511	-1178.333	345.8819	1.577924	2.110975
63186	-831.0244	-1176.673	345.6486	1.573906	2.264811
63192	-833.9204	-1180.188	346.2672	1.757132	1.728844
63198	-822.8031	-1169.146	346.3426	1.689983	1.723037
63204	-830.5735	-1177.013	346.4397	1.783829	1.586213
63210	-823.1214	-1169.572	346.451	1.817773	1.553036
63216	-810.3262	-1156.443	346.1171	1.485272	2.016926
63222	-809.6641	-1155.825	346.161	1.688619	1.850134
63228	-810.6185	-1156.794	346.1755	1.760198	1.790794
63234	-834.4192	-1180.017	345.5975	1.425953	2.391556
63240	-837.1555	-1182.483	345.3279	1.67991	2.401422
63246	-835.7832	-1179.312	343.5284	1.310124	3.70254
63252	-850.1302	-1195.381	345.251	1.20486	2.744109
63258	-847.4416	-1192.589	345.1477	1.376535	2.702224
63264	-840.6397	-1186.495	345.8549	1.65272	2.07958
63270	-850.6777	-1195.225	344.5477	1.21463	3.161698
63276	-850.1078	-1195.435	345.3269	1.309519	2.633165
63282	-856.2795	-1202.561	346.281	1.386355	1.973511
63288	-855.098	-1201.63	346.5324	1.475932	1.740147
63294	-841.4482	-1187.926	346.4779	1.988518	1.403587
63300	-843.3674	-1190.157	346.79	1.988518	1.146345
63306	-833.9268	-1180.741	346.8146	1.963895	1.146345
63312	-832.1788	-1178.53	346.3509	1.94454	1.533277
63318	-832.5486	-1179.037	346.4885	1.898212	1.464774
63324	-827.0758	-1173.308	346.2319	1.898212	1.653745
63330	-836.1963	-1182.276	346.0798	1.719796	1.884262
63336	-846.6907	-1192.81	346.119	1.414093	2.062806
63342	-842.8428	-1188.986	346.1431	1.651329	1.887779
63348	-851.4992	-1196.936	345.4373	1.573166	2.399777
63354	-851.2384	-1196.788	345.5498	1.368688	2.457665
63360	-845.305	-1190.457	345.152	1.403473	2.683037
63366	-850.958	-1196.115	345.1566	1.39219	2.687119
63372	-839.0563	-1184.554	345.4975	1.310975	2.526457
63378	-848.2633	-1194.161	345.8979	1.569226	2.106187
63384	-840.176	-1186.129	345.9534	1.241575	2.282418
63390	-826.5266	-1172.629	346.1024	1.762484	1.839657
63396	-833.4048	-1179.917	346.5124	1.419176	1.793653
63402	-843.0059	-1189.02	346.0139	1.237585	2.246144
63408	-824.9978	-1171.085	346.087	1.581049	1.973071
63414	-842.7129	-1189.26	346.5471	1.641122	1.611923
63420	-826.7112	-1171.929	345.2178	1.226151	2.751388
63426	-829.6101	-1174.169	344.5591	1.173337	3.179417
63432	-847.1284	-1191.036	343.9074	1.160741	3.569435
63438	-833.9259	-1179.256	345.3303	1.243055	2.672056
63444	-830.3145	-1175.092	344.7773	1.281827	2.984441
63450	-819.7506	-1165.654	345.9036	1.297656	2.278436
63456	-826.8645	-1171.955	345.0906	1.174011	2.860523
63462	-826.7773	-1171.628	344.8506	1.413963	2.860523
63468	-839.2779	-1184.191	344.9134	1.121789	2.998838
63474	-839.4593	-1184.136	344.6762	1.430063	2.956089
63480	-844.896	-1190.874	345.9783	1.590756	2.039027
63486	-846.4168	-1192.399	345.9823	1.605327	2.026684
63492	-861.3764	-1205.646	344.2691	1.223621	3.321102
63498	-851.049	-1195.949	344.9002	1.205755	2.956302
63504	-855.3194	-1199.117	343.7977	1.271608	3.568772
63510	-843.1017	-1188.754	345.6521	1.387641	2.381261
63516	-837.1385	-1183.131	345.9925	1.572296	2.041825
63522	-829.7182	-1176.089	346.3704	1.629361	1.746148
63528	-824.9757	-1170.223	345.2475	1.308245	2.682888
63534	-835.1173	-1180.233	345.1158	1.351418	2.737143
63540	-834.2766	-1178.146	343.8696	1.279521	3.522278
63546	-835.911	-1179.781	343.8696	1.279521	3.522278
63552	-827.537	-1172.754	345.2169	1.267613	2.726555
63558	-839.1854	-1184.434	345.2488	1.435799	2.603438
63564	-839.7154	-1185.339	345.624	1.375332	2.406796
63570	-826.0997	-1171.969	345.8693	1.672405	2.05712
63576	-826.3534	-1172.905	346.5514	1.769474	1.514328
63582	-840.0312	-1185.381	345.3498	1.397702	2.564409
63588	-841.2183	-1186.151	344.9327	1.355813	2.846019
63594	-822.5481	-1168.434	345.8858	1.5855	2.103449
63600	-831.0709	-1177.743	346.6725	1.5855	1.560923
63606	-828.9925	-1174.652	345.6596	1.642976	2.213246
63612	-824.095	-1170.053	345.9584	1.502766	2.110085
63618	-826.1238	-1171.654	345.5305	1.485306	2.396394
63624	-834.871	-1180.341	345.4705	1.458538	2.451071
63630	-828.4893	-1173.539	345.0494	1.458538	2.71219
63636	-834.7034	-1179.707	345.0035	1.382105	2.78701
63642	-834.3019	-1179.374	345.072	1.313551	2.78701
63648	-834.8981	-1180.437	345.5388	1.256877	2.534426
63654	-823.9266	-1168.756	344.8295	1.344061	2.915525
63660	-819.3162	-1164.659	345.3427	1.533927	2.483901
63666	-826.1487	-1171.076	344.9273	1.535047	2.74012
63672	-838.0268	-1183.828	345.8007	1.377473	2.293199
63678	-835.926	-1181.63	345.7041	1.413015	2.332125
63684	-823.6967	-1169.915	346.2187	1.57414	1.888851
63690	-823.6078	-1170.085	346.4775	1.595854	1.694261
63696	-812.9233	-1158.978	346.0548	1.595854	1.984691
63702	-824.1096	-1170.072	345.9624	1.593786	2.047537
63708	-827.4622	-1173.445	345.9828	1.410142	2.154673
63714	-833.9074	-1178.754	344.8465	1.285084	2.940842
63720	-839.9946	-1185.054	345.059	1.320881	2.79044
63726	-849.206	-1195.106	345.8996	1.364471	2.238095
63732	-852.8525	-1196.268	343.4152	1.166659	3.850484
63738	-836.7018	-1180.943	344.2415	1.022213	3.455432
63744	-817.0861	-1161.52	344.4342	1.279859	3.190366
63750	-836.9667	-1180.215	343.2482	1.23347	3.907994
63756	-831.7063	-1177.257	345.551	1.341794	2.473785
63762	-825.746	-1170.769	345.0227	1.390231	2.770312
63768	-819.5069	-1164.912	345.4048	1.426653	2.512169
63774	-828.3524	-1173.903	345.5509	1.526008	2.357686
63780	-823.6449	-1169.05	345.4048	1.426653	2.512169
63786	-823.4397	-1168.845	345.4048	1.426653	2.512169
63792	-827.9379	-1173.343	345.4048	1.426653	2.512169
63798	-830.1613	-1175.035	344.874	1.27949	2.927686
63804	-832.414	-1178.701	346.2869	1.560328	1.851766
63810	-828.5889	-1175.141	346.552	1.746962	1.530689
63816	-829.6985	-1175.876	346.1776	1.646694	1.86743
63822	-846.3813	-1191.802	345.4209	1.264014	2.603207
63828	-853.7797	-1199.149	345.3691	1.315849	2.603207
63834	-841.2226	-1187.686	346.4629	1.511451	1.763878
63840	-845.0753	-1191.538	346.4629	1.511451	1.763878
63846	-847.4553	-1193.918	346.4629	1.511451	1.763878
63852	-843.5819	-1190.045	346.4629	1.511451	1.763878
63858	-851.6911	-1198.154	346.4629	1.511451	1.763878
63864	-856.083	-1202.546	346.4629	1.511451	1.763878
63870	-847.6934	-1192.04	344.3464	1.406649	3.167217
63876	-847.9943	-1193.293	345.2982	1.533279	2.512101
63882	-827.1503	-1172.698	345.5478	1.46293	2.399562
63888	-824.5807	-1169.799	345.2182	1.332975	2.685665
63894	-820.8734	-1166.098	345.225	1.326217	2.685665
63900	-830.8076	-1176.045	345.2375	1.19809	2.756492
63906	-826.5959	-1170.714	344.1184	1.118554	3.471078
63912	-828.6951	-1172.929	344.2344	1.080778	3.425297
63918	-838.5966	-1183.023	344.4263	1.029748	3.342687
63924	-834.8608	-1177.895	343.0347	0.9320475	4.201658
63930	-825.2837	-1169.853	344.5691	1.322261	3.084861
63936	-828.3293	-1173.37	345.0408	1.283307	2.824378
63942	-846.011	-1192.474	346.4629	1.511451	1.763878
63948	-837.359	-1183.822	346.4629	1.511451	1.763878
63954	-842.9881	-1189.451	346.4629	1.511451	1.763878
63960	-841.9677	-1188.431	346.4629	1.511451	1.763878
63966	-838.8199	-1185.283	346.4629	1.511451	1.763878
63972	-839.285	-1185.748	346.4629	1.511451	1.763878
63978	-845.2806	-1191.743	346.4629	1.511451	1.763878
63984	-847.7082	-1194.171	346.4629	1.511451	1.763878
63990	-840.5189	-1186.499	345.9805	1.450781	2.129618
63996	-846.8695	-1192.462	345.5927	1.47934	2.360771
64002	-852.4609	-1198.116	345.655	1.439258	2.346664
64008	-852.1837	-1196.097	343.9129	1.258012	3.509597
64014	-858.4041	-1203.792	345.3876	1.382053	2.550682
64020	-842.1205	-1186.326	344.2058	1.331449	3.29486
64026	-833.1952	-1177.388	344.1933	1.259473	3.344594
64032	-827.5711	-1171.496	343.9253	1.177615	3.5492
64038	-832.4449	-1176.227	343.7817	1.193897	3.623203
64044	-839.0005	-1182.815	343.8144	1.288216	3.549356
64050	-837.6405	-1181.023	343.3822	1.15071	3.87861
64056	-826.2597	-1169.931	343.6715	1.202334	3.682126
64062	-839.6674	-1184.434	344.7668	1.416689	2.909578
64068	-833.5273	-1179.474	345.9462	1.455307	2.149044
64074	-818.9079	-1163.031	344.1231	1.237481	3.398697
64080	-813.5955	-1157.185	343.5898	1.186765	3.738333
64086	-816.5857	-1160.607	344.0215	1.295476	3.424275
64092	-819.2395	-1163.395	344.1559	1.410676	3.277552
64098	-817.2519	-1162.139	344.8871	1.410676	2.840387
64104	-832.889	-1178.139	345.2498	1.435648	2.602865
64110	-825.2881	-1170.66	345.3719	1.463085	2.509959
64116	-834.4107	-1179.79	345.3789	1.437572	2.521495
64122	-825.7153	-1171.27	345.5548	1.576168	2.323327
64128	-822.4379	-1168.037	345.5992	1.494975	2.346723
64134	-821.1269	-1167.27	346.1431	1.712924	1.84571
64140	-838.0518	-1184.305	346.2534	1.805089	1.704761
64146	-835.7252	-1181.419	345.6935	1.486534	2.292001
64152	-837.7649	-1183.09	345.3251	1.525953	2.499918
64158	-836.1807	-1181.131	344.9507	1.24396	2.902792
64164	-846.6018	-1192.423	345.8207	1.570473	2.155766
64170	-852.0919	-1196.913	344.8215	1.28247	2.957465
64176	-849.9589	-1195.066	345.1076	1.461815	2.674466
64182	-853.104	-1198.771	345.6673	1.574296	2.252547
64188	-842.0286	-1187.513	345.4847	1.540372	2.390554
64194	-844.1587	-1189.785	345.6264	1.448237	2.359121
64200	-830.4836	-1176.084	345.6	1.517159	2.332125
64206	-827.5014	-1172.273	344.7718	1.39975	2.916768
64212	-863.8893	-1210.641	346.7515	1.630697	1.468219
64218	-865.6092	-1212.27	346.6603	1.683633	1.497092
64224	-835.7481	-1180.726	344.9781	1.200007	2.912832
64230	-823.6751	-1168.995	345.3196	1.394308	2.585258
64236	-831.9686	-1177.224	345.2554	1.179318	2.757015
64242	-828.5739	-1173.925	345.3513	1.135751	2.72503
64248	-821.1559	-1165.883	344.727	1.31061	2.997366
64254	-817.3465	-1161.742	344.3951	1.195912	3.263151
64260	-854.5066	-1200.807	346.3	1.543228	1.854514
64266	-851.8171	-1198.126	346.3087	1.538515	1.851772
64272	-839.6234	-1183.932	344.309	1.226872	3.295672
64278	-847.1049	-1192.292	345.1872	1.414737	2.654452
64284	-851.789	-1197.093	345.3044	1.341219	2.627522
64290	-846.7349	-1191.311	344.5765	1.383484	3.043901
64296	-849.593	-1194.388	344.7947	1.360128	2.926841
64302	-835.6336	-1180.627	344.993	1.42717	2.765916
64308	-827.3198	-1172.643	345.3232	1.326622	2.624906
64314	-849.8096	-1194.687	344.8772	1.170472	2.9913
64320	-843.7097	-1186.935	343.2251	1.177413	3.953304
64326	-835.6735	-1179.696	344.0223	1.24162	3.455304
64332	-841.3845	-1186.864	345.4792	1.464029	2.442135
64338	-851.3496	-1196.921	345.5717	1.844519	2.139477
64344	-834.3968	-1180.717	346.3202	1.626482	1.783134
64350	-841.7843	-1186.599	344.8151	1.18065	3.022471
64356	-837.539	-1182.587	345.0477	1.416071	2.739293
64362	-839.7116	-1184.847	345.1356	1.230656	2.798778
64368	-835.1445	-1181.153	346.009	1.61737	2.000947
64374	-847.8681	-1193.733	345.8649	1.671448	2.060619
64380	-853.6527	-1199.124	345.471	1.585406	2.370698
64386	-828.2391	-1173.757	345.5176	1.531699	2.3752
64392	-822.41	-1168.141	345.7308	1.253727	2.416104
64398	-836.0046	-1181.495	345.4907	1.413193	2.466818
64404	-836.4938	-1182.574	346.08	1.79266	1.834299
64410	-832.9585	-1178.085	345.1266	1.40818	2.695738
64416	-832.0031	-1177.062	345.0587	1.420663	2.72971
64422	-832.5085	-1177.25	344.7414	1.415393	2.925676
64428	-830.7003	-1175.309	344.6086	1.209303	3.128645
64434	-833.0447	-1177.2	344.1552	1.210884	3.395505
64440	-827.4856	-1172.801	345.315	1.337241	2.623427
64446	-817.0275	-1162.912	345.884	1.47796	2.174773
64452	-818.1483	-1162.983	344.8349	1.399543	2.878744
64458	-827.1406	-1172.842	345.7013	1.427265	2.324824
64464	-823.7322	-1169.531	345.799	1.329574	2.324824
64470	-822.275	-1168.63	346.3553	1.588646	1.785056
64476	-823.5387	-1169.561	346.022	1.720465	1.923047
64482	-832.8545	-1177.827	344.972	1.365573	2.816206
64488	-828.8646	-1174.593	345.7285	1.365573	2.346766
64494	-826.9683	-1173.692	346.7236	1.887705	1.288304
64500	-844.17	-1189.846	345.6762	1.656705	2.193607
64506	-835.4427	-1181.911	346.4682	1.56005	1.726104
64512	-847.5769	-1192.709	345.1325	1.961577	2.346807
64518	-858.4952	-1205.005	346.5103	1.748584	1.560315
64524	-840.5928	-1186.129	345.5364	1.482357	2.394491
64530	-843.7653	-1189.693	345.9281	1.458578	2.158721
64536	-849.5977	-1193.731	344.1329	1.341591	3.331798
64542	-835.3209	-1181.262	345.941	1.529094	2.104254
64548	-836.5643	-1182.412	345.8472	1.529094	2.16548
64554	-820.6578	-1166.019	345.3613	1.36465	2.577773
64560	-829.4749	-1175.086	345.6108	1.576933	2.287091
64566	-835.4319	-1181.476	346.0437	1.604604	1.986281
64572	-828.5809	-1174.129	345.5479	1.495529	2.378901
64578	-827.0534	-1172.949	345.8951	1.64024	2.061288
64584	-830.7436	-1176.339	345.5955	1.589725	2.288662
64590	-832.213	-1178.35	346.1374	1.395492	2.062908
64596	-831.8758	-1177.43	345.5542	1.57632	2.323633
64602	-827.2892	-1172.303	345.0142	1.516017	2.698569
64608	-839.3068	-1185.186	345.8794	1.488396	2.171019
64614	-861.1779	-1206.465	345.2875	1.480224	2.551854
64620	-848.1073	-1193.346	345.2385	1.238148	2.731397
64626	-847.4466	-1190.522	343.0749	0.915649	4.188163
64632	-844.8133	-1191.052	346.239	1.770939	1.738974
64638	-850.3238	-1197.059	346.7356	1.558907	1.534003
64644	-852.9633	-1198.133	345.1694	1.445439	2.64648
64650	-832.2567	-1178.217	345.9603	1.499848	2.110766
64656	-841.8797	-1187.654	345.7739	1.554844	2.196311
64662	-846.258	-1192.082	345.8243	1.52367	2.183847
64668	-838.1641	-1182.675	344.5106	1.423755	3.059176
64674	-840.2951	-1186.346	346.0509	1.760961	1.875931
64680	-831.9735	-1178.124	346.1505	1.661325	1.875931
64686	-834.5295	-1180.563	346.0336	1.43496	2.105234
64692	-841.0692	-1185.797	344.7278	1.193002	3.067315
64698	-837.4483	-1182.617	345.1688	1.393789	2.678697
64704	-839.6171	-1184.916	345.2985	1.447715	2.565222
64710	-849.9766	-1196.298	346.3218	1.859677	1.616817
64716	-838.8408	-1185.594	346.7537	1.753316	1.371927
64722	-838.711	-1184.531	345.8203	1.375452	2.281931
64728	-843.7853	-1189.542	345.7569	1.569715	2.197713
64734	-831.3896	-1177.26	345.8702	1.456411	2.197713
64740	-834.9246	-1180.236	345.3118	1.328731	2.630634
64746	-833.7342	-1178.29	344.5556	1.296729	3.108131
64752	-834.3867	-1179.609	345.2222	1.410145	2.635719
64758	-838.6423	-1184.432	345.7897	1.432998	2.264674
64764	-846.9147	-1192.095	345.1807	1.379277	2.680255
64770	-858.6822	-1203.392	344.7096	1.213206	3.066118
64776	-835.2196	-1179.472	344.252	1.319091	3.27489
64782	-848.5278	-1194.951	346.4232	1.8631	1.540075
64788	-834.374	-1181.362	346.988	1.885476	1.059435
64794	-831.9066	-1178.567	346.6602	1.864081	1.358296
64800	-835.4356	-1182.342	346.9068	1.864081	1.153075
64806	-843.0409	-1190.001	346.96	1.850951	1.117232
64812	-855.7184	-1199.527	343.8083	1.13334	3.642862
64818	-853.3097	-1197.708	344.3986	1.097559	3.319088
64824	-841.2253	-1186.605	345.3795	1.378182	2.558093
64830	-827.6425	-1171.994	344.3512	1.263788	3.248961
64836	-831.9703	-1177.44	345.4692	1.353107	2.517852
64842	-834.4294	-1180.329	345.8994	1.53686	2.126417
64848	-835.2978	-1181.953	346.6547	1.665642	1.514751
64854	-843.9089	-1188.092	344.1834	1.220484	3.373327
64860	-829.8354	-1174.84	345.0051	1.352503	2.804015
64866	-841.8838	-1187.281	345.397	1.390062	2.53979
64872	-847.3489	-1192.835	345.4861	1.300968	2.53979
64878	-846.3987	-1189.844	343.4451	1.257379	3.781052
64884	-852.4791	-1196.071	343.5919	1.183088	3.73925
64890	-846.0785	-1190.022	343.9438	1.052986	3.610885
64896	-833.8053	-1175.804	341.9986	1.099374	4.69118
64902	-828.8163	-1174.698	345.8821	1.602328	2.09484
64908	-825.5405	-1171.531	345.9905	1.567368	2.046418
64914	-822.0506	-1167.868	345.8169	1.604254	2.136229
64920	-829.1316	-1175.015	345.8837	1.537444	2.136229
64926	-835.1517	-1181.155	346.0028	1.418351	2.136229
64932	-827.5421	-1173.281	345.7386	1.448961	2.28721
64938	-835.2081	-1181.121	345.9132	1.626649	2.058355
64944	-844.9638	-1190.921	345.9569	1.724615	1.964037
64950	-848.1907	-1193.844	345.6532	1.550025	2.277128
64956	-838.1092	-1184.173	346.0638	1.528313	2.023741
64962	-834.8906	-1181.389	346.4986	1.668377	1.627271
64968	-841.8863	-1188.218	346.3319	1.668377	1.745763
64974	-836.7477	-1182.795	346.0475	1.801902	1.850248
64980	-842.7094	-1187.954	345.2447	1.357441	2.654339
64986	-838.8761	-1185.14	346.2635	1.622762	1.824976
64992	-834.3626	-1181.186	346.8232	1.486795	1.522475
64998	-820.7222	-1166.853	346.1304	1.486795	2.007022
65004	-831.3909	-1177.65	346.2588	1.531394	1.890693
65010	-855.249	-1201.097	345.8481	1.744234	2.023535
65016	-836.2149	-1182.314	346.0995	1.747312	1.852035
65022	-841.5478	-1187.696	346.1486	1.515979	1.975388
65028	-827.6711	-1173.043	345.3716	1.527418	2.469911
65034	-825.1851	-1170.076	344.8905	1.282236	2.916047
65040	-839.0972	-1183.245	344.1475	1.41725	3.278624
65046	-828.0354	-1172.235	344.2	1.346998	3.289119
65052	-827.2202	-1171.677	344.457	1.090002	3.289119
65058	-836.1539	-1181.095	344.9412	1.236289	2.913193
65064	-837.3474	-1182.057	344.7092	1.137082	3.111771
65070	-833.423	-1176.656	343.233	0.8804174	4.118324
65076	-835.7202	-1178.495	342.775	0.8558575	4.391747
65082	-822.2475	-1166.445	344.1973	1.028379	3.477624
65088	-824.745	-1170.263	345.5181	1.205976	2.578987
65094	-828.4533	-1172.62	344.1666	1.12692	3.437972
65100	-827.2523	-1172.043	344.7911	1.314631	2.956429
65106	-828.733	-1173.651	344.918	1.187779	2.956429
65112	-832.3669	-1177.921	345.5544	1.240422	2.534978
65118	-836.386	-1181.485	345.0992	1.121834	2.886869
65124	-833.3251	-1177.708	344.383	1.115576	3.317627
65130	-826.3328	-1169.954	343.6212	1.315469	3.645728
65136	-824.5995	-1168.168	343.5686	1.246875	3.715872
65142	-834.6217	-1178.65	344.0286	1.142659	3.509372
65148	-837.0682	-1181.31	344.2422	1.190706	3.356275
65154	-831.2994	-1176.101	344.8017	1.413208	2.890584
65160	-833.9142	-1179.427	345.5133	1.551736	2.365249
65166	-844.4763	-1190.423	345.9467	1.615128	2.043821
65172	-854.2571	-1199.331	345.0734	1.367891	2.752997
65178	-852.7386	-1198.679	345.9409	1.449803	2.156119
65184	-842.2549	-1188.555	346.3005	1.796819	1.677177
65190	-827.0584	-1173.502	346.4435	1.810097	1.564182
65196	-833.5057	-1180.06	346.5542	2.086293	1.264313
65202	-832.4034	-1179.005	346.6015	1.690013	1.536204
65208	-826.4218	-1172.636	346.2146	1.817831	1.723199
65214	-853.0332	-1198.686	345.6526	1.487833	2.317289
65220	-822.0137	-1168.654	346.6404	1.521448	1.630941
65226	-830.4874	-1176.692	346.2049	1.57753	1.895932
65232	-823.1849	-1169.177	345.9919	1.521381	2.075861
65238	-829.204	-1174.849	345.6453	1.521381	2.300531
65244	-830.023	-1175.3	345.2773	1.249751	2.700514
65250	-834.2624	-1179.424	345.1611	1.349333	2.710667
65256	-830.5797	-1176.181	345.6017	1.372291	2.42274
65262	-839.2327	-1184.72	345.4871	1.455275	2.442649
65268	-829.5455	-1174.114	344.5681	1.171564	3.175172
65274	-837.133	-1182.003	344.8703	1.255231	2.944519
65280	-834.9272	-1181	346.073	1.493295	2.040826
65286	-832.7787	-1176.438	343.6596	1.325361	3.617739
65292	-830.8638	-1174.664	343.7998	1.185225	3.617739
65298	-833.6101	-1178.721	345.1112	1.31596	2.761625
65304	-841.0306	-1184.169	343.1383	1.277977	3.945469
65310	-827.0023	-1171.369	344.3669	1.313896	3.210044
65316	-825.3468	-1169.755	344.4081	1.123267	3.298319
65322	-838.4828	-1182.957	344.4742	1.08499	3.281949
65328	-845.9877	-1188.635	342.6469	0.9175364	4.429178
65334	-851.842	-1194.718	342.8764	1.059656	4.219058
65340	-840.8055	-1183.769	342.9637	1.099533	4.146856
65346	-836.9245	-1180.452	343.5277	1.268604	3.726926
65352	-836.418	-1179.7	343.2822	1.040114	3.999216
65358	-836.3058	-1179.903	343.5971	0.9606661	3.86432
65364	-846.036	-1191.675	345.6395	1.334012	2.423089
65370	-847.6693	-1193.635	345.9657	1.502689	2.105372
65376	-845.9705	-1191.6	345.6291	1.45629	2.352315
65382	-854.126	-1200.512	346.386	1.546695	1.792835
65388	-869.1721	-1213.341	344.1693	1.454062	3.244008
65394	-840.3295	-1186.686	346.3566	1.587665	1.784851
65400	-835.0589	-1181.254	346.1954	1.435613	1.997841
65406	-847.1979	-1193.115	345.9167	1.641958	2.045864
65412	-839.2307	-1184.274	345.0438	1.355205	2.778821
65418	-840.4123	-1184.455	344.0428	1.232323	3.44877
65424	-836.0949	-1180.571	344.4763	1.422153	3.080655
65430	-837.6859	-1182.125	344.4389	1.340436	3.151601
65436	-839.7433	-1185.16	345.4169	1.500864	2.458144
65442	-824.7971	-1170.213	345.4163	1.50146	2.458144
65448	-830.2355	-1175.517	345.2818	1.542977	2.516285
65454	-834.7934	-1180.287	345.4938	1.695943	2.285795
65460	-831.7184	-1177.224	345.5058	1.581758	2.350902
65466	-824.2374	-1169.056	344.8187	1.43192	2.868951
65472	-829.4925	-1174.491	344.9985	1.387604	2.786661
65478	-838.6968	-1184.23	345.5336	1.570259	2.340562
65484	-831.1439	-1176.891	345.7475	1.570259	2.203439
65490	-861.4435	-1204.485	343.0418	1.164284	4.065557
65496	-866.5581	-1210.844	344.286	1.016227	3.432911
65502	-845.4644	-1189.504	344.0395	1.481442	3.304464
65508	-840.4158	-1185.516	345.1002	1.219982	2.826774
65514	-836.6345	-1181.733	345.0983	1.21849	2.828851
65520	-836.3189	-1180.295	343.9761	1.204904	3.503695
65526	-840.8024	-1184.63	343.8272	1.353803	3.503695
65532	-835.8615	-1177.816	341.9549	1.093739	4.718731
65538	-849.7006	-1193	343.2992	1.098667	3.955996
65544	-824.684	-1168.988	344.3039	1.081569	3.384128
65550	-843.4891	-1187.238	343.7492	1.369776	3.539866
65556	-853.588	-1198.184	344.596	0.9874646	3.267598
65562	-842.8264	-1185.803	342.9768	1.178325	4.094597
65568	-830.8564	-1176.22	345.3631	1.408818	2.549265
65574	-827.8325	-1172.971	345.139	1.354023	2.721375
65580	-820.8989	-1166.384	345.4854	1.394656	2.481791
65586	-814.9829	-1160.865	345.8817	1.636669	2.072503
65592	-824.1298	-1169.609	345.4789	1.40019	2.482359
65598	-824.334	-1168.317	343.983	1.265479	3.464349
65604	-829.6595	-1174.778	345.1182	1.462326	2.667647
65610	-839.7341	-1184.416	344.6816	1.435475	2.949614
65616	-848.7212	-1193.74	345.0187	1.506001	2.701967
65622	-844.5132	-1189.063	344.55	1.279453	3.12175
65628	-848.573	-1193.969	345.3959	1.371112	2.552318
65634	-835.7709	-1181.146	345.3753	1.482435	2.495741
65640	-830.3443	-1176.615	346.2711	1.46674	1.926164
65646	-835.7989	-1182.208	346.4091	1.80008	1.596681
65652	-827.7839	-1174.212	346.4276	1.781538	1.596681
65658	-825.7351	-1172.313	346.5782	1.653616	1.580194
65664	-816.9425	-1162.818	345.8751	1.490681	2.172319
65670	-827.6049	-1172.833	345.2286	1.702541	2.449744
65676	-833.925	-1180.469	346.5437	1.702541	1.569581
65682	-847.6461	-1194.378	346.732	1.385769	1.662601
65688	-844.8984	-1191.015	346.1162	1.768076	1.826304
65694	-842.8869	-1187.251	344.3638	1.323921	3.205942
65700	-841.809	-1188.317	346.5078	1.481265	1.75358
65706	-843.8338	-1189.681	345.8474	1.534086	2.162101
65712	-843.0081	-1188.786	345.7776	1.505025	2.226121
65718	-842.6344	-1189.219	346.585	1.895881	1.392388
65724	-836.9911	-1181.955	344.9634	1.244311	2.89492
65730	-834.8488	-1178.26	343.4114	0.9642011	3.968702
65736	-837.3901	-1180.826	343.4363	1.371126	3.7205
65742	-830.3487	-1176.168	345.8198	1.449475	2.234741
65748	-835.2541	-1181.087	345.8331	1.616972	2.117332
65754	-839.3795	-1185.07	345.6903	1.615552	2.21114
65760	-823.7628	-1169.386	345.623	1.485357	2.337694
65766	-832.6599	-1178.306	345.6462	1.496416	2.315901
65772	-832.3747	-1178.407	346.0321	1.290855	2.200049
65778	-844.8686	-1189.677	344.8086	1.394783	2.897539
65784	-849.1601	-1195.306	346.146	1.582457	1.932483
65790	-832.8716	-1178.565	345.6938	1.578264	2.23293
65796	-843.5767	-1189.496	345.9193	1.623277	2.056495
65802	-845.6033	-1189.681	344.0776	1.375318	3.344504
65808	-847.8677	-1192.232	344.3644	1.088487	3.344504
65814	-844.9134	-1189.151	344.2379	1.290676	3.3
65820	-842.5215	-1187.424	344.902	1.301624	2.897381
65826	-830.8216	-1174.543	343.7212	1.280822	3.607838
65832	-835.3563	-1180.382	345.0256	1.306097	2.819794
65838	-832.0698	-1177.832	345.7627	1.388429	2.310478
65844	-831.0275	-1176.2	345.1727	1.282768	2.744317
65850	-850.5179	-1196.728	346.2102	1.686378	1.817827
65856	-839.3281	-1185.384	346.0562	1.853543	1.808757
65862	-844.043	-1189.871	345.8278	1.631493	2.11131
65868	-845.8683	-1191.601	345.7322	1.56911	2.214065
65874	-837.2931	-1183.539	346.2456	1.595743	1.855813
65880	-828.5983	-1173.251	344.6526	1.483704	2.938007
65886	-820.3883	-1166.189	345.8009	1.61012	2.142868
65892	-832.8745	-1178.875	346.0007	1.678118	1.96588
65898	-829.6975	-1175.698	346.0007	1.678118	1.96588
65904	-833.6513	-1180.102	346.4511	1.761719	1.594017
65910	-829.2311	-1175.751	346.5195	1.859768	1.470433
65916	-832.2193	-1178.209	345.9901	1.828717	1.871168
65922	-851.8281	-1197.313	345.4852	1.327126	2.524085
65928	-846.1926	-1190.943	344.7501	1.23359	3.029668
65934	-846.6329	-1190.677	344.0441	1.144528	3.499282
65940	-838.0159	-1183.847	345.8309	1.626384	2.112633
65946	-839.2249	-1185.885	346.6603	1.846178	1.37234
65952	-846.8314	-1193.408	346.5769	1.778319	1.488652
65958	-844.3842	-1191.14	346.756	1.808948	1.325891
65964	-852.4218	-1198.48	346.0586	1.561429	2.005166
65970	-834.1573	-1180.107	345.95	1.46172	2.142402
65976	-845.6514	-1190.96	345.3089	1.402019	2.5871
65982	-857.8184	-1204.087	346.2685	1.560211	1.864404
65988	-852.6613	-1198.669	346.0077	1.560211	2.039763
65994	-845.4218	-1191.577	346.1551	1.715297	1.835848
66000	-843.6655	-1189.428	345.7628	1.494516	2.242439
66006	-830.6364	-1176.641	346.0051	1.518627	2.068988
66012	-835.1387	-1181.306	346.1678	1.355918	2.068988
66018	-830.1665	-1174.367	344.2004	1.224308	3.361097
66024	-821.2748	-1167.12	345.8449	1.328487	2.296249
66030	-824.2434	-1169.811	345.5672	1.358231	2.453286
66036	-830.412	-1175.851	345.4391	1.270983	2.587626
66042	-832.7165	-1178.151	345.4342	1.464724	2.469963
66048	-826.6895	-1172.643	345.9531	1.575215	2.065934
66054	-829.9891	-1175.621	345.6319	1.541567	2.296229
66060	-834.3216	-1179.692	345.3708	1.449184	2.519324
66066	-830.2079	-1175.172	344.9642	1.383856	2.809869
66072	-834.9325	-1179.442	344.5094	1.452852	3.04254
66078	-837.3769	-1181.932	344.5549	1.407322	3.04254
66084	-843.964	-1188.538	344.5736	1.388595	3.04254
66090	-836.2518	-1182.194	345.9419	1.47191	2.141062
66096	-835.5223	-1181.268	345.7454	1.401325	2.31328
66102	-818.956	-1164.391	345.4346	1.274323	2.588353
66108	-811.9953	-1157.789	345.7941	1.557082	2.181754
66114	-827.3681	-1172.594	345.2256	1.455798	2.60542
66120	-859.6602	-1206.268	346.6079	1.664754	1.550173
66126	-852.0205	-1198.354	346.3332	1.826584	1.632453
66132	-843.7909	-1189.702	345.911	1.463363	2.16672
66138	-842.1546	-1188.889	346.7341	1.700203	1.428416
66144	-846.2174	-1192.298	346.0808	1.745076	1.866377
66150	-839.1046	-1185.131	346.0262	1.387512	2.141081
66156	-855.6728	-1200.489	344.8161	1.387512	2.897382
66162	-831.7316	-1177.626	345.8945	1.355893	2.246868
66168	-842.1263	-1186.512	344.386	1.195142	3.268996
66174	-834.1835	-1179.334	345.1505	1.260984	2.771203
66180	-831.312	-1174.911	343.5995	1.259382	3.690802
66186	-835.6425	-1179.461	343.8185	1.193974	3.601772
66192	-828.5175	-1173.642	345.1242	1.328135	2.746265
66198	-822.7427	-1167.329	344.586	1.106346	3.203221
66204	-818.8824	-1164.293	345.4101	1.399213	2.525944
66210	-824.6417	-1170.483	345.8413	1.48871	2.195513
66216	-824.4494	-1170.3	345.8502	1.479752	2.195513
66222	-813.3041	-1159.26	345.9556	1.377543	2.193504
66228	-825.6768	-1171.335	345.658	1.430096	2.350585
66234	-820.8046	-1167.221	346.4169	1.693269	1.668081
66240	-836.5142	-1182.411	345.8968	1.684551	2.030885
66246	-836.0679	-1181.469	345.4009	1.498846	2.469394
66252	-830.1294	-1175.114	344.9845	1.271605	2.865623
66258	-828.5304	-1173.012	344.4816	1.418911	3.079425
66264	-827.0891	-1171.672	344.5828	1.119584	3.197253
66270	-859.1594	-1205.34	346.1805	1.584787	1.907576
66276	-844.5192	-1190.181	345.6621	1.31378	2.421565
66282	-834.1325	-1180.562	346.4297	1.511574	1.786886
66288	-829.3014	-1175.467	346.1657	1.571575	1.926535
66294	-841.6482	-1188.004	346.3562	1.787823	1.64379
66300	-844.5472	-1191.05	346.5027	1.798067	1.529364
66306	-837.2445	-1183.596	346.3518	1.748632	1.674962
66312	-828.9853	-1174.448	345.4631	1.36512	2.514169
66318	-842.1262	-1186.541	344.4151	1.33734	3.167594
66324	-843.9975	-1189.185	345.1876	1.232896	2.765713
66330	-835.4821	-1179.705	344.2231	1.203324	3.360084
66336	-855.2126	-1199.698	344.4855	1.517106	3.018387
66342	-855.3802	-1199.931	344.5507	1.402972	3.047635
66348	-848.6978	-1194.93	346.2317	1.575645	1.87899
66354	-855.7718	-1200.458	344.6859	1.319698	3.016583
66360	-839.6913	-1184.912	345.221	1.489133	2.587604
66366	-836.8988	-1182.837	345.9377	1.570861	2.078958
66372	-840.0271	-1186.112	346.085	1.452832	2.059625
66378	-837.6144	-1183.094	345.4791	1.528605	2.401489
66384	-842.466	-1188.082	345.6157	1.701813	2.203575
66390	-833.1615	-1179.142	345.9809	1.595638	2.034061
66396	-848.3918	-1194.269	345.8767	1.715489	2.023647
66402	-830.0814	-1176.807	346.7256	1.568637	1.534164
66408	-830.303	-1175.638	345.3347	1.402881	2.57056
66414	-852.5014	-1199.011	346.5093	1.566413	1.692605
66420	-838.4307	-1183.326	344.895	1.408067	2.837166
66426	-826.5961	-1171.431	344.8352	1.409548	2.872503
66432	-841.0445	-1186.976	345.9318	1.650741	2.03006
66438	-839.1228	-1184.854	345.731	1.507223	2.2547
66444	-832.5876	-1179.01	346.4222	1.415306	1.858406
66450	-833.5582	-1179.7	346.1419	1.561024	1.949698
66456	-818.5119	-1164.721	346.2095	1.608919	1.871449
66462	-821.6607	-1168.105	346.4447	1.841079	1.54047
66468	-811.5411	-1156.608	345.0665	1.442697	2.711455
66474	-818.7117	-1163.7	344.9886	1.352549	2.814065
66480	-817.9433	-1162.926	344.9832	1.443659	2.761834
66486	-833.1129	-1179.461	346.3482	1.542801	1.821652
66492	-838.3723	-1184.331	345.9582	1.402281	2.175755
66498	-828.1208	-1173.077	344.9563	1.29233	2.870161
66504	-858.0037	-1200.318	342.3144	0.9067793	4.622157
66510	-824.2851	-1167.639	343.3542	1.081464	3.934364
66516	-828.4266	-1173.241	344.814	1.27952	2.963763
66522	-820.3885	-1166.225	345.8364	1.577229	2.141181
66528	-830.5761	-1176.436	345.8597	1.530127	2.156697
66534	-831.0716	-1176.538	345.4662	1.364708	2.512486
66540	-833.2079	-1178.83	345.6216	1.540546	2.303429
66546	-832.481	-1176.682	344.2011	1.243489	3.349383
66552	-843.0406	-1187.267	344.2262	1.175119	3.374796
66558	-831.6822	-1174.567	342.8845	1.088589	4.198072
66564	-841.6226	-1187.364	345.741	1.389708	2.323482
66570	-837.7871	-1180.247	342.4599	0.955026	4.513352
66576	-831.0122	-1175.887	344.8746	1.245581	2.947721
66582	-837.269	-1181.4	344.1308	1.341971	3.332802
66588	-829.5191	-1174.532	345.0125	1.545882	2.681285
66594	-832.4329	-1178.515	346.0825	1.575675	1.979689
66600	-834.0363	-1177.415	343.3791	1.268231	3.812826
66606	-849.8607	-1194.714	344.853	1.322827	2.91418
66612	-833.5167	-1179.314	345.7972	1.406237	2.27702
66618	-835.2775	-1179.805	344.527	1.241424	3.158061
66624	-842.376	-1186.283	343.9066	1.184246	3.556258
66630	-840.0792	-1182.853	342.7742	1.187245	4.204708
66636	-838.4876	-1181.638	343.1504	0.9635611	4.118021
66642	-847.9356	-1192.049	344.1132	1.345901	3.340884
66648	-829.758	-1174.478	344.72	1.369689	2.966077
66654	-834.7451	-1180.234	345.4886	1.378714	2.489727
66660	-830.9366	-1175.786	344.8496	1.507828	2.80416
66666	-832.4782	-1178.57	346.0918	1.337796	2.130767
66672	-833.5601	-1177.322	343.7621	1.264846	3.593378
66678	-842.8378	-1187.523	344.6848	1.171964	3.1055
66684	-837.856	-1182.311	344.4551	1.401727	3.1055
66690	-839.7674	-1183.531	343.7637	1.101901	3.686919
66696	-839.8126	-1184.848	345.0349	1.302689	2.816187
66702	-835.2419	-1181.235	345.9928	1.325184	2.203268
66708	-838.1539	-1184.224	346.0698	1.542967	2.009997
66714	-845.8672	-1191.269	345.4019	1.622223	2.391139
66720	-841.8249	-1187.947	346.1226	1.326145	2.118204
66726	-840.6191	-1186.061	345.442	1.255928	2.59518
66732	-834.1514	-1179.702	345.5507	1.307394	2.495504
66738	-832.5671	-1178.096	345.5287	1.302643	2.512236
66744	-848.5813	-1192.154	343.5726	1.066512	3.817542
66750	-841.5348	-1186.531	344.9965	1.297175	2.842874
66756	-838.3573	-1183.349	344.9918	1.301899	2.842874
66762	-834.6517	-1179.912	345.2604	1.544415	2.528763
66768	-837.4515	-1182.712	345.2609	1.37067	2.636198
66774	-839.5254	-1183	343.4747	1.280683	3.750544
66780	-845.035	-1188.307	343.2716	0.9271525	4.069707
66786	-831.0748	-1175.239	344.1644	1.31093	3.331349
66792	-850.8711	-1194.55	343.6788	0.9197763	3.840857
66798	-854.2922	-1197.514	343.2217	1.007891	4.052136
66804	-838.6274	-1184.376	345.7487	1.477357	2.262544
66810	-832.507	-1174.499	341.992	0.7623674	4.882996
66816	-831.6497	-1175.247	343.5974	1.068084	3.802385
66822	-835.5434	-1179.242	343.6989	0.9666053	3.802385
66828	-830.0624	-1172.846	342.7836	1.065218	4.268513
66834	-824.3331	-1168.606	344.2729	1.127215	3.375523
66840	-836.1196	-1180.847	344.7277	1.205634	3.059807
66846	-855.2362	-1199.374	344.1378	1.078831	3.4829
66852	-836.9595	-1181.373	344.4135	1.006598	3.363775
66858	-826.7445	-1171.089	344.3443	1.167607	3.309765
66864	-834.8601	-1178.746	343.8857	1.142915	3.592428
66870	-847.8428	-1192.907	345.0639	1.405466	2.735851
66876	-847.7681	-1193.106	345.338	1.343316	2.60543
66882	-832.1034	-1176.966	344.8621	1.213808	2.974371
66888	-852.8213	-1197.538	344.717	1.287831	3.017052
66894	-844.0552	-1189.456	345.4011	1.318235	2.581916
66900	-847.4193	-1192.215	344.7962	1.312546	2.95463
66906	-843.1161	-1187.837	344.7204	1.621215	2.81378
66912	-833.9612	-1179.195	345.2339	1.645661	2.482039
66918	-837.3879	-1182.99	345.6025	1.518764	2.329502
66924	-843.6505	-1189.72	346.0698	1.535994	2.014639
66930	-840.4509	-1186.012	345.5613	1.531552	2.347582
66936	-825.3846	-1171.431	346.046	1.715381	1.910247
66942	-837.3571	-1183.412	346.0549	1.706456	1.910247
66948	-839.4457	-1185.466	346.0201	1.414064	2.127773
66954	-834.2294	-1180.209	345.9799	1.453245	2.128401
66960	-839.4781	-1185.206	345.7278	1.627786	2.178905
66966	-846.0895	-1191.787	345.6974	1.593889	2.22055
66972	-844.2373	-1189.975	345.7378	1.606897	2.185999
66978	-854.6546	-1199.792	345.1378	1.36309	2.71654
66984	-826.7002	-1172.029	345.329	1.301285	2.636966
66990	-834.2617	-1179.368	345.1068	1.245626	2.807169
66996	-830.907	-1175.451	344.5444	1.209198	3.166862
67002	-821.124	-1165.656	344.5324	1.203356	3.177485
67008	-829.2322	-1172.627	343.3951	0.9820223	3.967832
67014	-830.7254	-1175.403	344.6772	1.392103	2.978321
67020	-831.6362	-1177.599	345.9625	1.586287	2.052422
67026	-826.9631	-1171.677	344.7137	1.460763	2.915
67032	-830.4362	-1176.403	345.9665	1.753946	1.937886
67038	-813.2982	-1158.95	345.6514	1.412355	2.366027
67044	-815.5235	-1160.728	345.2041	1.400497	2.652806
67050	-824.391	-1169.065	344.674	1.265232	3.056286
67056	-831.2924	-1176.015	344.7226	1.322195	2.993053
67062	-834.9826	-1178.564	343.5811	1.319427	3.666675
67068	-841.6894	-1185.928	344.2382	1.319427	3.282843
67074	-842.9414	-1188.091	345.1498	1.493963	2.628655
67080	-835.8788	-1179.446	343.5676	1.299905	3.685809
67086	-844.2549	-1190.231	345.9765	1.27696	2.244894
67092	-837.0236	-1183.183	346.1596	1.427399	2.027121
67098	-845.1369	-1191.301	346.1646	1.422358	2.027121
67104	-838.3409	-1184.438	346.0975	1.888582	1.755689
67110	-831.4099	-1176.416	345.0066	1.532938	2.692821
67116	-843.1559	-1188.642	345.4864	1.413341	2.469457
67122	-827.2343	-1173.369	346.1349	1.544073	1.965757
67128	-829.6425	-1175.789	346.1465	1.575923	1.936537
67134	-835.6935	-1181.509	345.8159	1.526993	2.187179
67140	-837.0203	-1183.376	346.3554	1.518972	1.833152
67146	-834.8947	-1179.681	344.7867	1.133116	3.067876
67152	-840.6794	-1185.487	344.808	1.481618	2.845306
67158	-837.1492	-1181.893	344.744	1.452263	2.901857
67164	-832.1063	-1177.8	345.6937	1.563306	2.242596
67170	-822.9666	-1169.035	346.0685	1.558115	2.000785
67176	-825.6609	-1172.019	346.3584	1.587487	1.783697
67182	-830.3676	-1175.597	345.2297	1.634253	2.491865
67188	-829.7272	-1175.85	346.1231	1.671741	1.887506
67194	-833.442	-1180.065	346.6227	1.722028	1.496498
67200	-847.3934	-1192.792	345.3984	1.366887	2.553355
67206	-855.5411	-1200.98	345.4386	1.458017	2.471356
67212	-842.5697	-1188.571	346.0009	1.510164	2.077319
67218	-837.9295	-1183.788	345.8584	1.507641	2.172134
67224	-843.5522	-1189.535	345.983	1.834698	1.871915
67230	-832.2912	-1178.104	345.8125	1.574575	2.158487
67236	-826.3367	-1172.058	345.7215	1.649896	2.168658
67242	-835.9978	-1182.282	346.2842	1.924811	1.596802
67248	-832.9281	-1179.671	346.7429	1.996332	1.18073
67254	-850.2457	-1196.957	346.711	2.192791	1.030385
67260	-846.8186	-1192.795	345.9765	1.499142	2.100582
67266	-840.3701	-1186.518	346.1482	1.574099	1.936645
67272	-840.476	-1185.879	345.4026	1.616749	2.394139
67278	-851.2955	-1197.303	346.0077	1.796288	1.881294
67284	-858.7438	-1204.739	345.9956	1.720329	1.940946
67290	-842.3263	-1188.175	345.8489	1.424991	2.231732
67296	-844.6067	-1188.873	344.2665	1.299641	3.277806
67302	-848.1916	-1193.108	344.9162	1.480276	2.780377
67308	-846.6369	-1191.985	345.3484	1.506008	2.497819
67314	-856.5045	-1200.661	344.1569	1.231395	3.382463
67320	-842.6589	-1186.421	343.7623	1.411288	3.508041
67326	-854.1521	-1197.901	343.7487	1.424848	3.508041
67332	-844.4974	-1189.813	345.3158	1.259604	2.670774
67338	-851.4401	-1196.702	345.2624	1.313059	2.670774
67344	-839.1166	-1184.264	345.1478	1.427642	2.670774
67350	-840.6542	-1186.039	345.3845	1.530608	2.459773
67356	-836.4465	-1181.834	345.3874	1.340816	2.576361
67362	-823.504	-1169.633	346.1288	1.458729	2.026782
67368	-838.6398	-1185.2	346.56	1.574878	1.650397
67374	-838.1456	-1184.163	346.0171	1.514511	2.06375
67380	-835.3084	-1181.428	346.1197	1.627426	1.919859
67386	-837.598	-1184.294	346.6957	1.939569	1.26865
67392	-844.971	-1191.864	346.8935	1.837344	1.188025
67398	-847.6047	-1194.529	346.9242	1.806613	1.188025
67404	-842.4702	-1188.072	345.6014	1.311605	2.461099
67410	-826.8245	-1171.301	344.4768	1.104526	3.26888
67416	-845.7401	-1189.734	343.9941	1.125365	3.539583
67422	-837.575	-1181.5	343.9246	1.082677	3.604769
67428	-845.6079	-1189.915	344.3075	1.294961	3.256361
67434	-823.1489	-1168.677	345.5277	1.399105	2.45242
67440	-825.5164	-1171.828	346.3117	1.627825	1.788142
67446	-830.9558	-1177.36	346.404	1.737655	1.645473
67452	-828.2451	-1174.782	346.537	1.737655	1.548703
67458	-836.7574	-1183.451	346.6935	1.997135	1.222379
67464	-826.5816	-1173.483	346.9015	1.955133	1.075274
67470	-829.5061	-1176.373	346.8668	2.132791	0.9326511
67476	-845.4844	-1192.652	347.1679	1.945635	0.7972307
67482	-841.588	-1188.359	346.7709	1.708054	1.39388
67488	-830.5906	-1177.004	346.4131	1.624306	1.719634
67494	-838.4693	-1185.174	346.7049	1.753309	1.410005
67500	-855.0397	-1197.987	342.9476	1.07635	4.169202
67506	-857.6242	-1200.941	343.3171	0.8586002	4.082829
67512	-846.2449	-1189.598	343.353	1.053793	3.950902
67518	-845.92	-1190.142	344.2222	0.9269081	3.522323
67524	-834.7412	-1179.001	344.26	1.09356	3.402854
67530	-828.1556	-1173.499	345.3437	1.384062	2.576673
67536	-827.1389	-1171.944	344.8047	1.146658	3.049009
67542	-827.5268	-1172.815	345.2887	1.164818	2.745548
67548	-840.2706	-1185.54	345.2696	1.291597	2.679545
67554	-841.8652	-1186.802	344.9367	1.426467	2.800643
67560	-830.194	-1176.311	346.1174	1.7659	1.826975
67566	-821.3583	-1167.617	346.2588	1.617867	1.831523
67572	-830.9485	-1176.624	345.6758	1.490755	2.300602
67578	-843.1015	-1189.13	346.0281	1.446779	2.101088
67584	-837.0283	-1182.047	345.0188	1.425789	2.750978
67590	-826.6122	-1171.921	345.3087	1.634762	2.441947
67596	-828.0904	-1173.224	345.1338	1.391487	2.701554
67602	-831.5964	-1176.615	345.0181	1.300632	2.827655
67608	-830.1302	-1175.303	345.1731	1.574878	2.564145
67614	-827.9366	-1173.212	345.2758	1.292196	2.675374
67620	-837.8955	-1184.073	346.1776	1.529103	1.947157
67626	-845.2057	-1191.328	346.1223	1.420423	2.056431
67632	-852.3248	-1196.676	344.351	1.297343	3.229255
67638	-854.9048	-1199.009	344.1038	1.288183	3.380313
67644	-852.1722	-1195.989	343.8167	1.575266	3.380313
67650	-849.5045	-1193.895	344.3904	1.455506	3.111997
67656	-841.9082	-1187.247	345.3386	1.459158	2.533138
67662	-846.7902	-1191.751	344.9609	1.319785	2.85076
67668	-845.5052	-1190.388	344.8826	1.398064	2.85076
67674	-831.1687	-1176.13	344.9616	1.510785	2.73401
67680	-819.3596	-1164.899	345.5397	1.353837	2.473343
67686	-825.1273	-1171.356	346.2283	1.801573	1.724955
67692	-827.7959	-1174.005	346.2087	1.727874	1.790154
67698	-826.7848	-1171.276	344.491	1.452499	3.053761
67704	-824.1609	-1168.889	344.728	1.149497	3.093162
67710	-827.7957	-1173.22	345.4246	1.175759	2.655414
67716	-826.6888	-1172.725	346.0359	1.445009	2.097141
67722	-839.3797	-1185.669	346.2894	1.806166	1.678473
67728	-844.5726	-1190.469	345.8962	1.742333	1.992809
67734	-849.2999	-1196.143	346.8432	2.075682	1.015561
67740	-855.3951	-1201.563	346.1679	1.628386	1.886562
67746	-850.8089	-1196.841	346.0323	1.668381	1.95119
67752	-849.3553	-1195.439	346.0837	1.603861	1.959969
67758	-846.2952	-1191.963	345.668	1.51034	2.293094
67764	-852.7668	-1196.496	343.7294	1.10956	3.702307
67770	-836.1567	-1181.926	345.7692	1.681327	2.117065
67776	-833.9151	-1180.111	346.1956	1.80865	1.742978
67782	-826.5495	-1173.073	346.5234	1.73414	1.561311
67788	-825.903	-1172.597	346.6939	1.739253	1.42935
67794	-841.7576	-1188.293	346.5358	1.669252	1.599682
67800	-847.1181	-1193.077	345.9586	1.669252	1.999911
67806	-844.5867	-1190.244	345.6572	1.388289	2.377617
67812	-856.4711	-1200.87	344.3992	1.399553	3.140045
67818	-866.64	-1211.876	345.2363	1.459788	2.596312
67824	-859.0451	-1204.91	345.865	1.82897	1.955707
67830	-852.3171	-1197.505	345.1875	1.286259	2.733154
67836	-845.9883	-1191.121	345.1331	1.340681	2.733154
67842	-838.853	-1184.333	345.4801	1.538384	2.394676
67848	-832.0146	-1177.571	345.5564	1.46209	2.394676
67854	-841.254	-1187.116	345.8624	1.645606	2.07933
67860	-830.9175	-1176.758	345.8401	1.769697	2.011976
67866	-832.0702	-1177.797	345.7272	1.403768	2.323323
67872	-832.8998	-1178.32	345.4201	1.296483	2.583629
67878	-826.3264	-1171.732	345.4054	1.311099	2.583629
67884	-837.2412	-1182.452	345.211	1.154807	2.799037
67890	-836.282	-1181.641	345.3587	1.394488	2.560872
67896	-831.4801	-1176.872	345.3917	1.377809	2.550729
67902	-842.8092	-1187.898	345.0885	1.680982	2.550729
67908	-837.2714	-1183.028	345.7565	1.495226	2.246049
67914	-841.2947	-1187.016	345.7213	1.495226	2.268614
67920	-835.8229	-1181.803	345.9805	1.703603	1.962283
67926	-835.6052	-1181.901	346.296	1.707883	1.743257
67932	-837.8243	-1183.322	345.498	1.654941	2.309318
67938	-836.3291	-1182.001	345.672	1.480949	2.309318
67944	-837.4205	-1183.334	345.9139	1.255199	2.29898
67950	-824.8028	-1170.204	345.4015	1.506773	2.46407
67956	-833.6911	-1179.748	346.0568	1.948705	1.742091
67962	-849.3351	-1196.179	346.8441	2.000223	1.086693
67968	-844.1936	-1190.825	346.6317	1.92845	1.329729
67974	-843.1912	-1190.056	346.865	1.650172	1.365485
67980	-847.4781	-1193.231	345.7529	1.653293	2.145985
67986	-850.9699	-1197.619	346.6494	1.763407	1.444903
67992	-840.9379	-1187.723	346.7853	1.669258	1.412822
67998	-839.943	-1186.582	346.6392	1.759605	1.455583
68004	-849.7271	-1194.067	344.34	1.271337	3.251158
68010	-841.5297	-1186.691	345.161	1.379711	2.692094
68016	-843.369	-1189.156	345.7874	1.436516	2.263863
68022	-846.8179	-1192.248	345.4298	1.331206	2.556019
68028	-850.0305	-1194.589	344.558	1.066198	3.243533
68034	-843.5467	-1189.431	345.8845	1.452227	2.191137
68040	-836.519	-1182.673	346.1541	1.385212	2.058691
68046	-841.5589	-1188.344	346.7851	1.446186	1.580569
68052	-826.0263	-1171.209	345.1824	1.404993	2.663407
68058	-831.9083	-1177.7	345.7919	1.445876	2.254961
68064	-840.4634	-1186.622	346.1586	1.409123	2.039916
68070	-837.3002	-1183.052	345.7514	1.508491	2.240745
68076	-831.2058	-1177.229	346.0231	1.453584	2.09993
68082	-833.6454	-1179.891	346.2455	1.657967	1.813117
68088	-830.7246	-1177.385	346.6604	1.846711	1.371801
68094	-825.3492	-1171.587	346.2382	1.846711	1.68602
68100	-832.9825	-1179.733	346.7507	1.980943	1.18737
68106	-838.7523	-1185.131	346.379	1.632984	1.737545
68112	-845.554	-1191.759	346.2051	1.53796	1.922635
68118	-847.8376	-1193.846	346.0085	1.733507	1.92334
68124	-839.3258	-1185.948	346.6223	1.814194	1.426779
68130	-839.2823	-1185.872	346.5896	1.791034	1.46942
68136	-849.1991	-1195.823	346.6237	2.079203	1.212009
68142	-839.9267	-1186.632	346.7055	1.988508	1.219519
68148	-832.5731	-1179.5	346.9268	1.926253	1.078615
68154	-832.7934	-1179.693	346.8998	1.821844	1.195915
68160	-838.5429	-1184.958	346.415	1.821844	1.576475
68166	-849.3911	-1195.876	346.4846	1.822792	1.524399
68172	-829.1973	-1175.664	346.4666	1.675748	1.644998
68178	-841.3985	-1188.077	346.6785	1.575031	1.564223
68184	-851.6404	-1197.93	346.2897	1.498365	1.89213
68190	-845.7967	-1192.488	346.6913	1.826699	1.36323
68196	-846.1573	-1193.051	346.8932	1.883027	1.148323
68202	-845.9669	-1192.611	346.6444	1.754396	1.455658
68208	-844.3183	-1190.19	345.8715	1.754396	2.001211
68214	-842.1764	-1188.94	346.7637	1.803361	1.324193
68220	-844.6678	-1189.914	345.2467	1.412156	2.619342
68226	-845.6087	-1190.901	345.2922	1.375049	2.614166
68232	-827.6879	-1171.684	343.9966	1.298763	3.436935
68238	-835.8434	-1180.767	344.9239	1.228991	2.928
68244	-836.3513	-1181.341	344.9901	1.40303	2.782378
68250	-834.6282	-1180.047	345.4187	1.397503	2.521686
68256	-842.5162	-1187.79	345.2741	1.542022	2.521686
68262	-836.8526	-1183.188	346.3355	1.44634	1.896353
68268	-820.0594	-1166.36	346.3004	1.636212	1.790165
68274	-837.2424	-1182.254	345.0117	1.270266	2.849997
68280	-828.2001	-1174.582	346.3819	1.760851	1.644713
68286	-825.3167	-1171.625	346.308	1.760851	1.697421
68292	-833.0692	-1177.615	344.5453	1.35656	3.078596
68298	-831.3573	-1175.205	343.8475	1.193308	3.58535
68304	-843.4492	-1187.215	343.7655	1.050136	3.715766
68310	-839.3279	-1183.391	344.063	1.04804	3.54447
68316	-833.5142	-1178.184	344.6696	1.37746	2.991704
68322	-843.0526	-1187.928	344.8756	1.429077	2.836179
68328	-830.3485	-1174.139	343.7901	1.370418	3.515633
68334	-840.008	-1185.133	345.1253	1.229262	2.805906
68340	-835.6565	-1181.607	345.9506	1.434341	2.159886
68346	-827.6279	-1172.375	344.7471	1.385327	2.940376
68352	-832.2212	-1177.742	345.5209	1.433161	2.435295
68358	-824.0413	-1169.971	345.9296	1.576474	2.080564
68364	-824.1656	-1170.629	346.4637	1.648117	1.666861
68370	-840.9784	-1187.267	346.2883	1.700739	1.753605
68376	-841.347	-1187.39	346.0432	1.487546	2.064321
68382	-844.0528	-1189.646	345.593	1.474456	2.363718
68388	-848.3161	-1193.728	345.4119	1.317793	2.575462
68394	-838.6542	-1184.798	346.1442	1.730677	1.83275
68400	-842.9204	-1189.305	346.3847	1.660883	1.713901
68406	-853.4859	-1199.746	346.2603	1.86567	1.656759
68412	-853.2455	-1198.446	345.2009	1.501687	2.592252
68418	-857.0179	-1200.83	343.8122	1.237651	3.580076
68424	-844.8758	-1190.569	345.6931	1.562558	2.24351
68430	-857.1446	-1203.164	346.0192	1.3469	2.172099
68436	-858.0505	-1202.211	344.1605	1.084884	3.46614
68442	-845.1997	-1189.814	344.6143	1.286984	3.078954
68448	-842.6654	-1187.807	345.1415	1.385796	2.700315
68454	-854.8557	-1200.597	345.7413	1.6151	2.178394
68460	-840.3226	-1185.517	345.1943	1.353446	2.687796
68466	-836.6659	-1180.907	344.2413	1.454742	3.201017
68472	-827.9996	-1171.794	343.7947	1.294544	3.557186
68478	-829.7593	-1173.399	343.6399	1.324334	3.629788
68484	-827.1458	-1170.82	343.6745	1.289727	3.629788
68490	-840.9904	-1185.103	344.113	1.128785	3.468255
68496	-833.768	-1177.9	344.1325	1.310341	3.350443
68502	-838.629	-1182.933	344.3039	1.274362	3.270678
68508	-834.6934	-1179.981	345.2879	1.476871	2.553694
68514	-846.2778	-1191.019	344.7412	1.66436	2.774791
68520	-836.038	-1181.365	345.3273	1.61065	2.445422
68526	-829.9003	-1176.422	346.5218	1.767132	1.538097
68532	-849.095	-1195.371	346.2765	1.72941	1.741832
68538	-848.1122	-1193.643	345.5307	1.534871	2.364875
68544	-835.8156	-1181.395	345.579	1.477585	2.370596
68550	-843.258	-1188.956	345.698	1.333496	2.386472
68556	-844.9581	-1190.443	345.4854	1.289049	2.547653
68562	-830.6154	-1176.09	345.4748	1.326907	2.530726
68568	-816.2551	-1162.027	345.7723	1.37267	2.314391
68574	-847.0822	-1193.592	346.5102	1.537704	1.712224
68580	-836.9173	-1182.294	345.3771	1.517512	2.472641
68586	-843.7788	-1189.132	345.3535	1.205729	2.68073
68592	-845.5719	-1190.549	344.977	1.30698	2.848739
68598	-859.5537	-1205.359	345.8055	1.324265	2.32411
68604	-844.4603	-1190.371	345.9109	1.382923	2.218923
68610	-840.7651	-1184.323	343.5583	0.9178114	3.911172
68616	-853.791	-1197.386	343.5949	0.8811967	3.911172
68622	-842.238	-1184.246	342.0079	1.035433	4.721706
68628	-838.1357	-1181.321	343.1854	1.033956	4.057982
68634	-834.7585	-1177.501	342.7428	0.9081135	4.380417
68640	-849.1025	-1194.957	345.8542	1.439893	2.218725
68646	-839.9888	-1185.216	345.2267	1.573953	2.531348
68652	-833.7499	-1179.02	345.2702	1.55145	2.518259
68658	-836.0901	-1180.977	344.8874	1.421044	2.833903
68664	-836.9718	-1182.983	346.0114	1.510036	2.070485
68670	-838.8999	-1184.29	345.3896	1.373322	2.554841
68676	-828.2823	-1174.298	346.0154	1.6475	1.97654
68682	-827.3369	-1173.067	345.7306	1.568404	2.215576
68688	-829.5811	-1173.872	344.2906	1.379947	3.216094
68694	-828.1393	-1172.964	344.8245	1.239626	2.981432
68700	-832.6863	-1177.08	344.3936	1.335228	3.181571
68706	-847.6046	-1192.89	345.2858	1.345736	2.636208
68712	-843.0972	-1187.365	344.2674	1.287081	3.284696
68718	-853.4461	-1197.874	344.4276	1.156129	3.267468
68724	-842.2939	-1187.636	345.3421	1.352954	2.596914
68730	-850.4844	-1196.274	345.7892	1.490525	2.227961
68736	-862.4736	-1208.195	345.7213	1.547601	2.234973
68742	-846.5592	-1191.672	345.1126	1.650257	2.554889
68748	-839.7874	-1185.257	345.4696	1.621834	2.348482
68754	-846.4039	-1189.31	342.9056	1.187338	4.129955
68760	-840.6221	-1183.534	342.9121	1.180897	4.129955
68766	-843.2907	-1185.798	342.5077	0.9929491	4.46514
68772	-840.8967	-1181.633	340.7359	0.7435662	5.587879
68778	-824.7911	-1167.321	342.5295	0.8044134	4.558866
68784	-828.7263	-1171.367	342.6409	1.137474	4.308418
68790	-833.7535	-1176.358	342.6045	0.8727531	4.478312
68796	-851.1259	-1194.113	342.9875	1.007262	4.185756
68802	-843.1968	-1189.431	346.234	1.557128	1.890013
68808	-833.1242	-1178.73	345.6059	1.470477	2.35801
68814	-830.7836	-1176.207	345.4234	1.279362	2.592188
68820	-830.6303	-1175.236	344.6058	1.44254	2.990947
68826	-829.7899	-1175.073	345.2828	1.16399	2.749673
68832	-846.9946	-1191.552	344.5577	1.113939	3.215467
68838	-853.12	-1197.84	344.7198	1.268715	3.026804
68844	-840.4764	-1184.431	343.9545	1.165887	3.539025
68850	-842.0947	-1187.471	345.3765	1.325282	2.592765
68856	-843.4358	-1188.739	345.3036	1.504513	2.526734
68862	-840.1875	-1185.402	345.2146	1.3107	2.701554
68868	-835.6185	-1180.636	345.0176	1.277879	2.841761
68874	-839.9469	-1184.95	345.0027	1.292779	2.841761
68880	-845.8043	-1190.436	344.6316	1.162881	3.142607
68886	-849.8015	-1193.686	343.8842	1.200943	3.559555
68892	-839.0811	-1185.288	346.2071	1.637609	1.853511
68898	-832.3654	-1177.055	344.6893	1.466103	2.926514
68904	-837.4447	-1180.355	342.9103	1.088854	4.183293
68910	-838.8079	-1182.537	343.7294	1.074757	3.722412
68916	-833.7003	-1179.09	345.3898	1.589763	2.419223
68922	-836.8828	-1182.481	345.5979	1.586187	2.289437
68928	-840.3126	-1186.265	345.9525	1.42916	2.161976
68934	-854.3917	-1199.929	345.5373	1.599681	2.319488
68940	-859.3421	-1205.005	345.6627	1.48943	2.309807
68946	-850.6029	-1193.364	342.7611	1.279537	4.159684
68952	-843.4497	-1189.121	345.6716	1.431529	2.341024
68958	-833.4965	-1179.238	345.7411	1.533136	2.231515
68964	-842.4983	-1188.026	345.5277	1.64992	2.293555
68970	-840.2267	-1186.828	346.6014	1.935594	1.34816
68976	-847.2138	-1194.218	347.0043	1.935594	0.9947297
68982	-860.1958	-1207.23	347.0345	2.084869	0.7892993
68988	-861.7172	-1208.552	346.8348	2.088304	1.011406
68994	-836.9133	-1182.699	345.7853	1.423927	2.273279
69000	-842.078	-1186.056	343.9781	1.328807	3.430181
69006	-826.9687	-1173.251	346.2823	1.597238	1.829575
69012	-840.3952	-1185.692	345.2969	1.835553	2.322399
69018	-837.4483	-1183.018	345.5697	1.562664	2.322399
69024	-828.4638	-1174.062	345.5982	1.534217	2.322399
69030	-848.5708	-1194.168	345.5972	1.307262	2.466494
69036	-837.0449	-1182.144	345.0994	1.363613	2.739735
69042	-834.0459	-1178.121	344.0749	0.9972764	3.567091
69048	-840.6858	-1185.738	345.0518	1.313817	2.799159
69054	-831.9737	-1176.712	344.7387	1.422333	2.923095
69060	-839.4745	-1183.666	344.1916	1.354157	3.289871
69066	-824.8283	-1170.367	345.5385	1.600213	2.318389
69072	-813.9155	-1159.131	345.2152	1.418023	2.635194
69078	-836.3823	-1181.842	345.4599	1.229841	2.600235
69084	-833.9345	-1179.224	345.2891	1.400646	2.600235
69090	-829.1093	-1174.464	345.3545	1.335284	2.600235
69096	-816.5486	-1162.911	346.3625	1.528559	1.821638
69102	-839.362	-1185.401	346.0386	1.882355	1.80099
69108	-843.793	-1190.276	346.4828	1.712057	1.607105
69114	-851.0593	-1197.543	346.4837	1.879655	1.482453
69120	-835.489	-1181.052	345.5627	1.488055	2.374292
69126	-839.9876	-1185.79	345.8028	1.467428	2.234114
69132	-834.7482	-1180.381	345.6331	1.655593	2.222217
69138	-831.1712	-1175.48	344.309	1.24153	3.287026
69144	-825.3015	-1169.235	343.933	1.15237	3.559405
69150	-828.4721	-1172.358	343.8862	1.199185	3.559405
69156	-833.6381	-1178.874	345.2355	1.195321	2.759419
69162	-865.1944	-1209.755	344.5603	1.195414	3.165603
69168	-860.5512	-1205.51	344.9584	1.60799	2.676327
69174	-866.9246	-1212.21	345.2856	1.330359	2.64582
69180	-854.7244	-1201.25	346.5259	1.586457	1.666452
69186	-844.9764	-1191.282	346.3052	1.585956	1.821554
69192	-823.6388	-1170.277	346.6384	1.553234	1.609419
69198	-823.3053	-1169.24	345.9342	1.60254	2.060356
69204	-833.6433	-1179.95	346.3068	1.51461	1.869408
69210	-829.4742	-1176.499	347.0244	1.935276	0.9745824
69216	-823.1274	-1169.787	346.6598	2.232479	1.041487
69222	-830.9055	-1177.683	346.7779	2.141558	1.015057
69228	-827.9459	-1174.77	346.8236	1.967947	1.134738
69234	-839.9262	-1186.236	346.3095	1.830707	1.646503
69240	-836.0145	-1181.757	345.7424	1.627646	2.169549
69246	-831.6818	-1176.525	344.8432	1.257431	2.959477
69252	-838.164	-1182.931	344.7669	1.333806	2.959477
69258	-825.142	-1170.766	345.6241	1.363574	2.414109
69264	-853.7576	-1200.164	346.4068	1.554093	1.77325
69270	-842.0223	-1188.392	346.3697	1.591183	1.77325
69276	-843.8682	-1189.42	345.5519	1.377526	2.450773
69282	-834.9175	-1180.142	345.2245	1.534933	2.557007
69288	-834.556	-1179.781	345.2245	1.534933	2.557007
69294	-827.256	-1172.48	345.2245	1.534933	2.557007
69300	-831.6934	-1176.918	345.2245	1.534933	2.557007
69306	-830.5752	-1175.8	345.2245	1.534933	2.557007
69312	-832.986	-1178.21	345.2245	1.534933	2.557007
69318	-831.1709	-1176.395	345.2245	1.534933	2.557007
69324	-834.0763	-1179.301	345.2245	1.534933	2.557007
69330	-841.5348	-1186.759	345.2245	1.534933	2.557007
69336	-836.5045	-1181.729	345.2245	1.534933	2.557007
69342	-840.658	-1186.586	345.9283	1.64504	2.036188
69348	-848.3816	-1194.752	346.3703	1.861883	1.579911
69354	-833.1632	-1178.388	345.2245	1.534933	2.557007
69360	-822.4365	-1167.661	345.2245	1.534933	2.557007
69366	-815.593	-1160.817	345.2245	1.534933	2.557007
69372	-812.4035	-1157.628	345.2245	1.534933	2.557007
69378	-818.7779	-1164.002	345.2245	1.534933	2.557007
69384	-813.1321	-1158.357	345.2245	1.534933	2.557007
69390	-824.7915	-1170.016	345.2245	1.534933	2.557007
69396	-834.6686	-1179.893	345.2245	1.534933	2.557007
69402	-843.8183	-1189.043	345.2245	1.534933	2.557007
69408	-844.5229	-1189.747	345.2245	1.534933	2.557007
69414	-840.9546	-1186.179	345.2245	1.534933	2.557007
69420	-835.9777	-1181.202	345.2245	1.534933	2.557007
69426	-836.4026	-1181.627	345.2245	1.534933	2.557007
69432	-843.7707	-1189.2	345.4288	1.417184	2.50304
69438	-856.2732	-1202.02	345.7471	1.562908	2.208474
69444	-829.5096	-1174.734	345.2245	1.534933	2.557007
69450	-847.8482	-1194.112	346.2639	1.565554	1.863893
69456	-851.7728	-1198.108	346.3353	1.6197	1.777402
69462	-835.6206	-1180.845	345.2245	1.534933	2.557007
69468	-838.1428	-1183.367	345.2245	1.534933	2.557007
69474	-837.8729	-1183.097	345.2245	1.534933	2.557007
69480	-836.6456	-1181.87	345.2245	1.534933	2.557007
69486	-835.2558	-1180.48	345.2245	1.534933	2.557007
69492	-834.0675	-1179.292	345.2245	1.534933	2.557007
69498	-831.7882	-1177.013	345.2245	1.534933	2.557007
69504	-832.0266	-1177.251	345.2245	1.534933	2.557007
69510	-830.247	-1175.471	345.2245	1.534933	2.557007
69516	-837.0578	-1182.282	345.2245	1.534933	2.557007
69522	-830.3738	-1175.598	345.2245	1.534933	2.557007
69528	-828.5986	-1173.823	345.2245	1.534933	2.557007
69534	-859.3829	-1203.177	343.7943	1.291121	3.559406
69540	-835.5989	-1180.823	345.2245	1.534933	2.557007
69546	-832.2236	-1177.448	345.2245	1.534933	2.557007
69552	-840.7512	-1185.976	345.2245	1.534933	2.557007
69558	-835.0524	-1180.277	345.2245	1.534933	2.557007
69564	-844.7635	-1190.488	345.7243	1.470863	2.282349
69570	-842.7909	-1188.015	345.2245	1.534933	2.557007
69576	-839.2904	-1184.515	345.2245	1.534933	2.557007
69582	-835.8435	-1181.068	345.2245	1.534933	2.557007
69588	-839.4864	-1184.711	345.2245	1.534933	2.557007
69594	-839.372	-1184.596	345.2245	1.534933	2.557007
69600	-832.2442	-1177.469	345.2245	1.534933	2.557007
69606	-827.1979	-1172.422	345.2245	1.534933	2.557007
69612	-831.9891	-1177.214	345.2245	1.534933	2.557007
69618	-831.8092	-1177.034	345.2245	1.534933	2.557007
69624	-834.8853	-1180.11	345.2245	1.534933	2.557007
69630	-833.2465	-1178.471	345.2245	1.534933	2.557007
69636	-830.0516	-1175.276	345.2245	1.534933	2.557007
69642	-828.8243	-1174.049	345.2245	1.534933	2.557007
69648	-834.3738	-1179.598	345.2245	1.534933	2.557007
69654	-840.3188	-1186.628	346.3092	1.556539	1.839074
69660	-825.8187	-1171.911	346.092	1.705553	1.885693
69666	-824.6989	-1171.192	346.4932	1.930137	1.436863
69672	-823.9974	-1170.582	346.5848	1.857899	1.421956
69678	-820.3981	-1165.731	345.3325	1.441493	2.547952
69684	-832.7812	-1176.733	343.9522	1.263091	3.4837
69690	-827.5179	-1170.638	343.1204	1.074153	4.072129
69696	-839.2296	-1183.339	344.1098	1.156083	3.454178
69702	-839.3127	-1182.796	343.4828	1.236337	3.77147
69708	-836.4987	-1179.495	342.9959	1.214596	4.063042
69714	-831.2147	-1175.171	343.9562	1.048767	3.606113
69720	-837.8818	-1181.588	343.7058	1.180532	3.674899
69726	-836.8427	-1180.804	343.9617	1.049897	3.602265
69732	-850.9985	-1194.886	343.8874	1.181925	3.568771
69738	-847.1989	-1190.933	343.7342	1.181925	3.657676
69744	-852.7988	-1196.707	343.908	1.0081	3.657676
69750	-840.66	-1184.537	343.8774	1.446121	3.420454
69756	-841.9778	-1185.763	343.7848	1.115905	3.666604
69762	-838.9835	-1181.214	342.2302	1.115905	4.552025
69768	-845.1202	-1188.481	343.3605	1.074199	3.934904
69774	-842.15	-1186.749	344.5994	1.324347	3.06555
69780	-836.4043	-1181.682	345.2779	1.474286	2.561496
69786	-846.3417	-1191.862	345.5201	1.519026	2.381662
69792	-844.3795	-1190.433	346.0531	1.611438	1.975442
69798	-833.2008	-1179.729	346.5278	2.018452	1.340846
69804	-831.0308	-1177.599	346.5679	1.913545	1.391894
69810	-857.0084	-1200.535	343.5268	1.202951	3.765324
69816	-861.9108	-1205.54	343.6293	1.100495	3.765324
69822	-835.9649	-1182.746	346.7808	1.872958	1.253337
69828	-845.7509	-1192.754	347.0029	1.650856	1.253337
69834	-822.3356	-1169.129	346.7933	2.089137	1.050928
69840	-820.2538	-1165.99	345.7362	1.792162	2.06588
69846	-830.1081	-1175.902	345.7935	1.600223	2.154145
69852	-830.3737	-1176.124	345.7504	1.406882	2.306539
69858	-828.0268	-1173.928	345.9011	1.607345	2.079042
69864	-834.9223	-1180.818	345.8953	1.607345	2.082851
69870	-847.5584	-1191.493	343.9343	1.275209	3.487102
69876	-860.1964	-1202.926	342.73	1.156521	4.247183
69882	-832.4011	-1177.854	345.4526	1.569861	2.39217
69888	-817.429	-1162.81	345.3813	1.509122	2.475281
69894	-817.1262	-1161.856	344.7293	1.335159	2.981217
69900	-825.5764	-1169.675	344.0988	1.431693	3.298814
69906	-823.2759	-1167.37	344.0944	1.249816	3.408299
69912	-829.9576	-1174.344	344.3865	0.9576812	3.408299
69918	-831.2696	-1176.113	344.8436	1.248855	2.964441
69924	-830.4495	-1175.846	345.3965	1.311428	2.589
69930	-824.7693	-1169.9	345.1304	1.177305	2.834365
69936	-828.281	-1172.167	343.8858	1.163453	3.580418
69942	-819.1561	-1163.606	344.4499	1.063594	3.308862
69948	-820.3304	-1164.654	344.3235	1.437922	3.162205
69954	-820.8657	-1165.403	344.5372	1.211705	3.169662
69960	-815.1056	-1160.373	345.2674	1.221817	2.72369
69966	-814.8035	-1159.868	345.0647	1.136419	2.89891
69972	-831.7242	-1177.444	345.7194	1.397505	2.332293
69978	-831.3677	-1176.53	345.1622	1.308656	2.734931
69984	-845.3988	-1187.587	342.188	1.037168	4.619889
69990	-820.8718	-1166.084	345.2119	1.61029	2.517944
69996	-836.3953	-1181.572	345.1772	1.214389	2.783339
70002	-844.9202	-1189.743	344.8223	1.310371	2.940212
70008	-830.8968	-1176.441	345.5442	1.3612	2.465885
70014	-828.8711	-1173.781	344.9104	1.388213	2.839876
70020	-829.4992	-1174.194	344.6949	1.320365	3.010756
70026	-829.4166	-1173.792	344.3754	1.273555	3.228902
70032	-836.2442	-1181.534	345.2893	1.208038	2.718688
70038	-835.0327	-1180.111	345.0779	1.306163	2.787945
70044	-836.8397	-1182.104	345.2645	1.360067	2.640499
70050	-830.0806	-1176.05	345.9694	1.56581	2.061366
70056	-827.7302	-1174.013	346.2829	1.704268	1.754939
70062	-840.1592	-1186.05	345.8904	1.535117	2.133405
70068	-837.2038	-1182.298	345.0942	1.597122	2.599248
70074	-854.6177	-1200.64	346.0228	1.699811	1.936452
70080	-843.9117	-1189.842	345.9303	1.840166	1.904069
70086	-848.8012	-1194.095	345.2934	1.605934	2.469694
70092	-850.2351	-1196.015	345.7799	1.87842	1.979557
70098	-844.4736	-1190.794	346.3204	1.746787	1.69862
70104	-846.0158	-1192.138	346.1219	1.886623	1.739989
70110	-846.298	-1192.569	346.2708	1.409687	1.964716
70116	-838.4397	-1185.33	346.8901	1.759135	1.257062
70122	-831.528	-1177.949	346.4209	1.695556	1.663534
70128	-853.052	-1199.956	346.9043	1.776834	1.230395
70134	-841.3259	-1187.924	346.5979	1.749247	1.494689
70140	-836.7986	-1183.126	346.3271	1.761263	1.683594
70146	-841.2674	-1187.499	346.2311	1.577196	1.878334
70152	-847.4172	-1193.382	345.9652	1.83602	1.883182
70158	-837.1198	-1183.376	346.2566	1.776209	1.722921
70164	-828.2181	-1174.992	346.7736	1.90496	1.232543
70170	-861.0214	-1202.773	341.7512	1.060328	4.851128
70176	-835.6928	-1177.558	341.8654	1.215586	4.700638
70182	-847.8072	-1188.842	341.0347	0.9430201	5.313562
70188	-856.1992	-1196.548	340.3489	0.9122992	5.707594
70194	-854.6057	-1200.859	346.2528	1.575275	1.864864
70200	-852.9701	-1197.543	344.5734	1.29454	3.098842
70206	-835.0459	-1179.677	344.6315	1.236451	3.098842
70212	-840.9022	-1186.167	345.2651	1.510931	2.546678
70218	-834.9311	-1180.572	345.6406	1.469507	2.336623
70224	-838.6355	-1184.031	345.3954	1.353665	2.563473
70230	-836.8538	-1182.605	345.751	1.470748	2.265303
70236	-838.0752	-1183.938	345.8626	1.661736	2.06855
70242	-849.6362	-1195.905	346.2684	1.601458	1.83626
70248	-835.7033	-1181.708	346.0045	1.444213	2.118209
70254	-824.1094	-1170.005	345.8956	1.329726	2.262961
70260	-833.3086	-1179.072	345.7635	1.461818	2.262961
70266	-839.8243	-1185.238	345.4133	1.325673	2.569685
70272	-841.7129	-1186.926	345.2133	1.390725	2.653184
70278	-834.5713	-1178.919	344.348	1.111937	3.340386
70284	-843.2968	-1187.927	344.6299	1.225094	3.106563
70290	-832.4705	-1177.986	345.5154	1.268063	2.542057
70296	-837.3648	-1183.314	345.9496	1.423843	2.167359
70302	-831.2523	-1176.926	345.674	1.478355	2.309686
70308	-840.0818	-1185.575	345.4933	1.524723	2.394967
70314	-840.7241	-1186.408	345.6835	1.564859	2.248177
70320	-826.6887	-1172.789	346.1007	1.638895	1.924936
70326	-822.5635	-1168.836	346.2722	1.638895	1.807826
70332	-812.197	-1158.469	346.2722	1.638895	1.807826
70338	-814.7215	-1160.994	346.2722	1.638895	1.807826
70344	-812.7591	-1159.031	346.2722	1.638895	1.807826
70350	-823.6983	-1169.97	346.2722	1.638895	1.807826
70356	-828.6143	-1174.886	346.2722	1.638895	1.807826
70362	-833.7242	-1179.996	346.2722	1.638895	1.807826
70368	-827.984	-1174.256	346.2722	1.638895	1.807826
70374	-818.7484	-1165.021	346.2722	1.638895	1.807826
70380	-824.9458	-1171.218	346.2722	1.638895	1.807826
70386	-823.8591	-1170.131	346.2722	1.638895	1.807826
70392	-827.0027	-1173.275	346.2722	1.638895	1.807826
70398	-831.8867	-1178.159	346.2722	1.638895	1.807826
70404	-835.3927	-1181.665	346.2722	1.638895	1.807826
70410	-823.5914	-1169.864	346.2722	1.638895	1.807826
70416	-824.243	-1170.515	346.2722	1.638895	1.807826
70422	-822.0154	-1168.288	346.2722	1.638895	1.807826
70428	-827.1543	-1173.426	346.2722	1.638895	1.807826
70434	-822.6188	-1168.891	346.2722	1.638895	1.807826
70440	-822.1758	-1168.448	346.2722	1.638895	1.807826
70446	-834.1471	-1180.419	346.2722	1.638895	1.807826
70452	-831.0414	-1177.314	346.2722	1.638895	1.807826
70458	-820.9161	-1167.188	346.2722	1.638895	1.807826
70464	-819.4897	-1165.762	346.2722	1.638895	1.807826
70470	-823.1356	-1169.408	346.2722	1.638895	1.807826
70476	-821.9484	-1168.221	346.2722	1.638895	1.807826
70482	-817.8897	-1164.162	346.2722	1.638895	1.807826
70488	-817.9345	-1164.207	346.2722	1.638895	1.807826
70494	-837.1943	-1181.966	344.7713	1.228506	3.020021
70500	-843.9548	-1190.47	346.5148	2.064615	1.314244
70506	-839.8791	-1186.801	346.9214	2.064615	0.9471055
70512	-827.7708	-1174.725	346.9543	2.064615	0.9115853
70518	-827.2201	-1174.174	346.9543	2.064615	0.9115853
70524	-812.1089	-1158.381	346.2722	1.638895	1.807826
70530	-816.9546	-1163.227	346.2722	1.638895	1.807826
70536	-813.7647	-1160.037	346.2722	1.638895	1.807826
70542	-820.6876	-1166.96	346.2722	1.638895	1.807826
70548	-823.594	-1169.866	346.2722	1.638895	1.807826
70554	-819.2715	-1165.544	346.2722	1.638895	1.807826
70560	-824.4619	-1170.734	346.2722	1.638895	1.807826
70566	-820.9711	-1167.243	346.2722	1.638895	1.807826
70572	-816.4772	-1162.749	346.2722	1.638895	1.807826
70578	-810.7047	-1156.977	346.2722	1.638895	1.807826
70584	-811.3758	-1157.648	346.2722	1.638895	1.807826
70590	-809.0698	-1155.342	346.2722	1.638895	1.807826
70596	-808.7518	-1155.024	346.2722	1.638895	1.807826
70602	-819.9269	-1166.199	346.2722	1.638895	1.807826
70608	-822.6856	-1168.958	346.2722	1.638895	1.807826
70614	-825.5889	-1171.861	346.2722	1.638895	1.807826
70620	-821.7705	-1168.043	346.2722	1.638895	1.807826
70626	-822.3695	-1168.642	346.2722	1.638895	1.807826
70632	-818.9551	-1165.227	346.2722	1.638895	1.807826
70638	-817.636	-1163.908	346.2722	1.638895	1.807826
70644	-824.4689	-1170.741	346.2722	1.638895	1.807826
70650	-831.314	-1177.586	346.2722	1.638895	1.807826
70656	-828.2019	-1174.474	346.2722	1.638895	1.807826
70662	-828.5945	-1174.867	346.2722	1.638895	1.807826
70668	-826.7674	-1173.04	346.2722	1.638895	1.807826
70674	-841.3617	-1186.66	345.2984	1.345311	2.628676
70680	-822.0711	-1168.343	346.2722	1.638895	1.807826
70686	-821.3596	-1167.632	346.2722	1.638895	1.807826
70692	-815.4385	-1161.711	346.2722	1.638895	1.807826
70698	-818.9577	-1165.23	346.2722	1.638895	1.807826
70704	-821.057	-1167.329	346.2722	1.638895	1.807826
70710	-823.323	-1169.595	346.2722	1.638895	1.807826
70716	-815.0783	-1161.351	346.2722	1.638895	1.807826
70722	-813.3515	-1159.624	346.2722	1.638895	1.807826
70728	-814.7224	-1160.995	346.2722	1.638895	1.807826
70734	-819.2384	-1165.511	346.2722	1.638895	1.807826
70740	-810.673	-1156.945	346.2722	1.638895	1.807826
70746	-810.5677	-1156.84	346.2722	1.638895	1.807826
70752	-817.6878	-1163.96	346.2722	1.638895	1.807826
70758	-814.0497	-1160.322	346.2722	1.638895	1.807826
70764	-814.3497	-1160.622	346.2722	1.638895	1.807826
70770	-812.7897	-1159.062	346.2722	1.638895	1.807826
70776	-820.2196	-1166.492	346.2722	1.638895	1.807826
70782	-817.5176	-1163.79	346.2722	1.638895	1.807826
70788	-817.917	-1164.189	346.2722	1.638895	1.807826
70794	-813.9338	-1160.206	346.2722	1.638895	1.807826
70800	-821.3553	-1167.627	346.2722	1.638895	1.807826
70806	-819.3676	-1165.64	346.2722	1.638895	1.807826
70812	-825.8272	-1172.099	346.2722	1.638895	1.807826
70818	-818.6989	-1164.971	346.2722	1.638895	1.807826
70824	-821.2344	-1167.507	346.2722	1.638895	1.807826
70830	-811.9945	-1158.267	346.2722	1.638895	1.807826
70836	-807.4251	-1153.697	346.2722	1.638895	1.807826
70842	-810.0037	-1156.276	346.2722	1.638895	1.807826
70848	-808.7477	-1155.02	346.2722	1.638895	1.807826
70854	-800.4023	-1146.675	346.2722	1.638895	1.807826
70860	-811.9025	-1158.175	346.2722	1.638895	1.807826
70866	-806.5749	-1152.847	346.2722	1.638895	1.807826
70872	-811.3549	-1157.627	346.2722	1.638895	1.807826
70878	-818.1832	-1164.455	346.2722	1.638895	1.807826
70884	-822.6138	-1168.886	346.2722	1.638895	1.807826
70890	-824.0034	-1170.276	346.2722	1.638895	1.807826
70896	-816.4571	-1162.729	346.2722	1.638895	1.807826
70902	-816.4131	-1162.685	346.2722	1.638895	1.807826
70908	-809.8696	-1156.142	346.2722	1.638895	1.807826
70914	-820.1688	-1166.441	346.2722	1.638895	1.807826
70920	-815.5867	-1161.859	346.2722	1.638895	1.807826
70926	-814.6983	-1160.97	346.2722	1.638895	1.807826
70932	-820.3489	-1166.621	346.2722	1.638895	1.807826
70938	-824.6637	-1170.936	346.2722	1.638895	1.807826
70944	-824.2659	-1170.538	346.2722	1.638895	1.807826
70950	-836.4845	-1182.757	346.2722	1.638895	1.807826
70956	-838.5707	-1184.843	346.2722	1.638895	1.807826
70962	-833.2591	-1179.531	346.2722	1.638895	1.807826
70968	-828.7347	-1175.007	346.2722	1.638895	1.807826
70974	-863.0949	-1207.864	344.7689	1.219222	3.027027
70980	-840.0891	-1186.361	346.2722	1.638895	1.807826
70986	-838.4319	-1184.704	346.2722	1.638895	1.807826
70992	-832.2112	-1178.483	346.2722	1.638895	1.807826
70998	-823.904	-1170.176	346.2722	1.638895	1.807826
71004	-826.4246	-1172.697	346.2722	1.638895	1.807826
71010	-817.6239	-1163.896	346.2722	1.638895	1.807826
71016	-821.2993	-1167.572	346.2722	1.638895	1.807826
71022	-825.1188	-1171.391	346.2722	1.638895	1.807826
71028	-824.9438	-1171.216	346.2722	1.638895	1.807826
71034	-820.9144	-1167.187	346.2722	1.638895	1.807826
71040	-820.8601	-1167.132	346.2722	1.638895	1.807826
71046	-818.6908	-1164.963	346.2722	1.638895	1.807826
71052	-819.7225	-1165.995	346.2722	1.638895	1.807826
71058	-833.7905	-1180.063	346.2722	1.638895	1.807826
71064	-832.6642	-1178.936	346.2722	1.638895	1.807826
71070	-838.6489	-1184.921	346.2722	1.638895	1.807826
71076	-836.2368	-1182.509	346.2722	1.638895	1.807826
71082	-827.9407	-1174.213	346.2722	1.638895	1.807826
71088	-826.8452	-1173.117	346.2722	1.638895	1.807826
71094	-819.5823	-1165.855	346.2722	1.638895	1.807826
71100	-820.3286	-1166.601	346.2722	1.638895	1.807826
71106	-820.744	-1167.016	346.2722	1.638895	1.807826
71112	-818.7892	-1165.061	346.2722	1.638895	1.807826
71118	-820.1853	-1166.458	346.2722	1.638895	1.807826
71124	-813.1828	-1159.455	346.2722	1.638895	1.807826
71130	-824.1112	-1170.383	346.2722	1.638895	1.807826
71136	-824.439	-1170.711	346.2722	1.638895	1.807826
71142	-820.9062	-1167.178	346.2722	1.638895	1.807826
71148	-820.0466	-1166.319	346.2722	1.638895	1.807826
71154	-821.5918	-1167.864	346.2722	1.638895	1.807826
71160	-852.7814	-1198.188	345.4067	1.461416	2.48921
71166	-847.5154	-1193.185	345.6692	1.461089	2.323757
71172	-820.499	-1166.771	346.2722	1.638895	1.807826
71178	-825.1825	-1171.455	346.2722	1.638895	1.807826
71184	-822.6117	-1168.884	346.2722	1.638895	1.807826
71190	-824.3926	-1170.665	346.2722	1.638895	1.807826
71196	-822.7004	-1168.973	346.2722	1.638895	1.807826
71202	-818.21	-1164.482	346.2722	1.638895	1.807826
71208	-823.9094	-1170.182	346.2722	1.638895	1.807826
71214	-825.9638	-1172.236	346.2722	1.638895	1.807826
71220	-828.9291	-1175.201	346.2722	1.638895	1.807826
71226	-832.9379	-1179.21	346.2722	1.638895	1.807826
71232	-837.0533	-1183.325	346.2722	1.638895	1.807826
71238	-828.8458	-1175.118	346.2722	1.638895	1.807826
71244	-819.0928	-1165.365	346.2722	1.638895	1.807826
71250	-813.5279	-1159.8	346.2722	1.638895	1.807826
71256	-820.2542	-1166.526	346.2722	1.638895	1.807826
71262	-813.6188	-1159.891	346.2722	1.638895	1.807826
71268	-825.1141	-1171.386	346.2722	1.638895	1.807826
71274	-819.8657	-1166.138	346.2722	1.638895	1.807826
71280	-822.6169	-1168.889	346.2722	1.638895	1.807826
71286	-812.8427	-1159.115	346.2722	1.638895	1.807826
71292	-813.5525	-1159.825	346.2722	1.638895	1.807826
71298	-810.374	-1156.646	346.2722	1.638895	1.807826
71304	-848.7926	-1194.982	346.1889	1.728266	1.803591
71310	-818.6242	-1164.896	346.2722	1.638895	1.807826
71316	-828.4414	-1174.714	346.2722	1.638895	1.807826
71322	-827.6068	-1173.879	346.2722	1.638895	1.807826
71328	-823.1579	-1169.43	346.2722	1.638895	1.807826
71334	-826.1741	-1172.446	346.2722	1.638895	1.807826
71340	-832.0615	-1178.334	346.2722	1.638895	1.807826
71346	-821.0864	-1167.359	346.2722	1.638895	1.807826
71352	-822.8639	-1169.136	346.2722	1.638895	1.807826
71358	-820.9825	-1167.255	346.2722	1.638895	1.807826
71364	-826.5454	-1172.818	346.2722	1.638895	1.807826
71370	-827.4584	-1173.731	346.2722	1.638895	1.807826
71376	-819.9589	-1166.231	346.2722	1.638895	1.807826
71382	-817.9774	-1164.25	346.2722	1.638895	1.807826
71388	-818.9551	-1165.227	346.2722	1.638895	1.807826
71394	-819.6966	-1165.969	346.2722	1.638895	1.807826
71400	-817.0387	-1163.311	346.2722	1.638895	1.807826
71406	-819.2233	-1165.495	346.2722	1.638895	1.807826
71412	-817.3191	-1163.591	346.2722	1.638895	1.807826
71418	-813.1678	-1159.44	346.2722	1.638895	1.807826
71424	-820.1117	-1166.384	346.2722	1.638895	1.807826
71430	-815.5123	-1161.784	346.2722	1.638895	1.807826
71436	-817.5657	-1163.838	346.2722	1.638895	1.807826
71442	-825.3304	-1171.603	346.2722	1.638895	1.807826
71448	-815.9408	-1162.213	346.2722	1.638895	1.807826
71454	-811.0741	-1157.346	346.2722	1.638895	1.807826
71460	-810.3462	-1156.618	346.2722	1.638895	1.807826
71466	-808.6005	-1154.873	346.2722	1.638895	1.807826
71472	-808.385	-1154.657	346.2722	1.638895	1.807826
71478	-820.4711	-1166.743	346.2722	1.638895	1.807826
71484	-822.7813	-1169.054	346.2722	1.638895	1.807826
71490	-826.8406	-1173.113	346.2722	1.638895	1.807826
71496	-824.8276	-1171.1	346.2722	1.638895	1.807826
71502	-824.8578	-1171.13	346.2722	1.638895	1.807826
71508	-814.7772	-1161.049	346.2722	1.638895	1.807826
71514	-814.3297	-1160.602	346.2722	1.638895	1.807826
71520	-816.9234	-1163.196	346.2722	1.638895	1.807826
71526	-821.7552	-1168.027	346.2722	1.638895	1.807826
71532	-807.3488	-1153.621	346.2722	1.638895	1.807826
71538	-817.5201	-1163.792	346.2722	1.638895	1.807826
71544	-813.8863	-1160.158	346.2722	1.638895	1.807826
71550	-814.7591	-1161.031	346.2722	1.638895	1.807826
71556	-818.0128	-1164.285	346.2722	1.638895	1.807826
71562	-825.6089	-1171.881	346.2722	1.638895	1.807826
71568	-838.789	-1185.061	346.2722	1.638895	1.807826
71574	-837.1675	-1183.44	346.2722	1.638895	1.807826
71580	-851.4692	-1197.108	345.6386	1.480675	2.330744
71586	-830.4703	-1175.079	344.6085	1.320902	3.062172
71592	-844.1881	-1190.46	346.2722	1.638895	1.807826
71598	-837.2513	-1183.524	346.2722	1.638895	1.807826
71604	-842.2369	-1186.047	343.8097	1.342404	3.520577
71610	-823.3756	-1169.648	346.2722	1.638895	1.807826
71616	-824.2074	-1170.48	346.2722	1.638895	1.807826
71622	-823.4811	-1169.753	346.2722	1.638895	1.807826
71628	-823.8371	-1170.109	346.2722	1.638895	1.807826
71634	-821.3665	-1167.639	346.2722	1.638895	1.807826
71640	-824.84	-1171.112	346.2722	1.638895	1.807826
71646	-825.3025	-1171.575	346.2722	1.638895	1.807826
71652	-826.6557	-1172.928	346.2722	1.638895	1.807826
71658	-821.0793	-1167.352	346.2722	1.638895	1.807826
71664	-820.3783	-1166.65	346.2722	1.638895	1.807826
71670	-821.3518	-1167.624	346.2722	1.638895	1.807826
71676	-818.7856	-1165.058	346.2722	1.638895	1.807826
71682	-824.1292	-1170.401	346.2722	1.638895	1.807826
71688	-819.162	-1165.434	346.2722	1.638895	1.807826
71694	-816.6935	-1162.966	346.2722	1.638895	1.807826
71700	-816.4383	-1162.711	346.2722	1.638895	1.807826
71706	-823.1727	-1169.445	346.2722	1.638895	1.807826
71712	-827.0139	-1173.286	346.2722	1.638895	1.807826
71718	-827.9656	-1174.238	346.2722	1.638895	1.807826
71724	-819.8479	-1166.12	346.2722	1.638895	1.807826
71730	-818.2068	-1164.479	346.2722	1.638895	1.807826
71736	-820.1331	-1166.405	346.2722	1.638895	1.807826
71742	-819.6013	-1165.873	346.2722	1.638895	1.807826
71748	-810.2366	-1156.509	346.2722	1.638895	1.807826
71754	-816.5288	-1162.801	346.2722	1.638895	1.807826
71760	-827.1496	-1173.422	346.2722	1.638895	1.807826
71766	-824.3301	-1170.602	346.2722	1.638895	1.807826
71772	-824.4488	-1170.721	346.2722	1.638895	1.807826
71778	-825.1674	-1171.44	346.2722	1.638895	1.807826
71784	-826.0472	-1172.319	346.2722	1.638895	1.807826
71790	-825.9871	-1172.259	346.2722	1.638895	1.807826
71796	-825.5863	-1171.859	346.2722	1.638895	1.807826
71802	-832.6446	-1178.917	346.2722	1.638895	1.807826
71808	-822.136	-1168.408	346.2722	1.638895	1.807826
71814	-826.4097	-1172.682	346.2722	1.638895	1.807826
71820	-824.3006	-1170.573	346.2722	1.638895	1.807826
71826	-820.058	-1166.33	346.2722	1.638895	1.807826
71832	-831.6152	-1176.108	344.4928	1.219825	3.191205
71838	-834.05	-1178.436	344.3859	1.326731	3.191205
71844	-833.9493	-1180.222	346.2722	1.638895	1.807826
71850	-838.096	-1184.368	346.2722	1.638895	1.807826
71856	-842.5473	-1188.819	346.2722	1.638895	1.807826
71862	-841.5631	-1187.835	346.2722	1.638895	1.807826
71868	-841.1928	-1187.465	346.2722	1.638895	1.807826
71874	-841.0885	-1187.361	346.2722	1.638895	1.807826
71880	-831.7302	-1178.002	346.2722	1.638895	1.807826
71886	-844.4121	-1190.684	346.2722	1.638895	1.807826
71892	-830.8051	-1177.077	346.2722	1.638895	1.807826
71898	-829.8548	-1176.127	346.2722	1.638895	1.807826
71904	-831.0896	-1177.362	346.2722	1.638895	1.807826
71910	-859.5258	-1202.339	342.8136	1.336413	4.097463
71916	-857.8625	-1201.926	344.0633	1.164665	3.476282
71922	-836.8464	-1183.119	346.2722	1.638895	1.807826
71928	-833.3547	-1179.627	346.2722	1.638895	1.807826
71934	-826.1812	-1172.453	346.2722	1.638895	1.807826
71940	-826.6559	-1172.928	346.2722	1.638895	1.807826
71946	-824.1957	-1170.468	346.2722	1.638895	1.807826
71952	-831.3585	-1177.631	346.2722	1.638895	1.807826
71958	-828.5778	-1174.85	346.2722	1.638895	1.807826
71964	-827.9122	-1174.184	346.2722	1.638895	1.807826
71970	-823.1643	-1169.436	346.2722	1.638895	1.807826
71976	-824.641	-1170.913	346.2722	1.638895	1.807826
71982	-825.5816	-1171.854	346.2722	1.638895	1.807826
71988	-822.3878	-1168.66	346.2722	1.638895	1.807826
71994	-824.4605	-1170.733	346.2722	1.638895	1.807826
72000	-834.7741	-1178.733	343.9591	1.371508	3.416279
72006	-833.155	-1177.717	344.5624	1.361471	3.065497
72012	-832.7918	-1178.127	345.3352	1.258394	2.659617
72018	-832.9431	-1176.306	343.3634	1.258394	3.827532
72024	-826.7779	-1170.04	343.2623	1.069251	3.993918
72030	-837.9338	-1182.228	344.294	1.03233	3.418784
72036	-845.1305	-1190.312	345.1815	1.202049	2.788239
72042	-838.9875	-1183.527	344.54	1.20927	3.169444
72048	-817.1094	-1161.1	343.9907	1.096534	3.558312
72054	-828.7287	-1173.79	345.0611	1.298436	2.802846
72060	-831.4528	-1176.002	344.5489	1.204299	3.16714
72066	-831.3842	-1176.094	344.7102	1.191953	3.078419
72072	-831.1102	-1174.884	343.7741	0.9224866	3.784472
72078	-845.1932	-1188.314	343.1208	1.169043	4.017731
72084	-822.5351	-1168.807	346.2722	1.638895	1.807826
72090	-819.6389	-1165.911	346.2722	1.638895	1.807826
72096	-823.224	-1169.496	346.2722	1.638895	1.807826
72102	-823.9808	-1170.253	346.2722	1.638895	1.807826
72108	-824.0453	-1170.318	346.2722	1.638895	1.807826
72114	-833.9107	-1180.183	346.2722	1.638895	1.807826
72120	-833.6407	-1179.913	346.2722	1.638895	1.807826
72126	-828.1127	-1174.385	346.2722	1.638895	1.807826
72132	-839.4658	-1184.228	344.7625	1.275199	2.997306
72138	-836.7528	-1181.196	344.4428	1.275199	3.188022
72144	-833.1151	-1179.387	346.2722	1.638895	1.807826
72150	-828.4116	-1174.684	346.2722	1.638895	1.807826
72156	-836.9729	-1183.245	346.2722	1.638895	1.807826
72162	-832.5635	-1178.836	346.2722	1.638895	1.807826
72168	-837.8043	-1184.077	346.2722	1.638895	1.807826
72174	-829.8154	-1176.088	346.2722	1.638895	1.807826
72180	-825.047	-1171.319	346.2722	1.638895	1.807826
72186	-822.0327	-1168.305	346.2722	1.638895	1.807826
72192	-817.0568	-1163.329	346.2722	1.638895	1.807826
72198	-822.1255	-1168.398	346.2722	1.638895	1.807826
72204	-846.2526	-1191.953	345.7005	1.404094	2.340115
72210	-838.8464	-1185.119	346.2722	1.638895	1.807826
72216	-844.3945	-1190.667	346.2722	1.638895	1.807826
72222	-844.1422	-1189.179	345.0365	1.114838	2.928988
72228	-845.6952	-1190.504	344.8093	1.180042	3.026296
72234	-829.8553	-1176.128	346.2722	1.638895	1.807826
72240	-836.5529	-1182.825	346.2722	1.638895	1.807826
72246	-835.9637	-1182.236	346.2722	1.638895	1.807826
72252	-837.2027	-1183.475	346.2722	1.638895	1.807826
72258	-831.8038	-1178.076	346.2722	1.638895	1.807826
72264	-842.7503	-1189.023	346.2722	1.638895	1.807826
72270	-832.0057	-1176.332	344.326	1.390475	3.188906
72276	-835.2343	-1179.217	343.9827	1.092721	3.565186
72282	-832.433	-1178.705	346.2722	1.638895	1.807826
72288	-828.1267	-1174.399	346.2722	1.638895	1.807826
72294	-830.7069	-1176.979	346.2722	1.638895	1.807826
72300	-825.8289	-1172.101	346.2722	1.638895	1.807826
72306	-829.4104	-1175.683	346.2722	1.638895	1.807826
72312	-835.7708	-1182.043	346.2722	1.638895	1.807826
72318	-843.7107	-1189.983	346.2722	1.638895	1.807826
72324	-846.5443	-1192.816	346.2722	1.638895	1.807826
72330	-839.8955	-1183.897	344.0015	1.464345	3.336887
72336	-849.8374	-1194.296	344.4587	1.18383	3.232692
72342	-835.9218	-1182.194	346.2722	1.638895	1.807826
72348	-830.3298	-1176.602	346.2722	1.638895	1.807826
72354	-825.6366	-1171.909	346.2722	1.638895	1.807826
72360	-827.4478	-1173.72	346.2722	1.638895	1.807826
72366	-826.1871	-1172.459	346.2722	1.638895	1.807826
72372	-831.2974	-1176.762	345.4647	1.588892	2.372473
72378	-831.7701	-1178.505	346.7345	1.574171	1.523471
72384	-829.5932	-1176.122	346.5292	1.820899	1.492476
72390	-846.7235	-1193.216	346.4927	1.978502	1.399874
72396	-839.6131	-1186.359	346.7463	1.78745	1.350783
72402	-829.9182	-1176.19	346.2722	1.638895	1.807826
72408	-833.6269	-1179.899	346.2722	1.638895	1.807826
72414	-831.0724	-1177.345	346.2722	1.638895	1.807826
72420	-833.1812	-1179.918	346.7366	1.813144	1.33801
72426	-826.0996	-1172.773	346.6732	2.057549	1.188093
72432	-833.6722	-1180.652	346.9795	2.012938	0.9402645
72438	-838.7688	-1185.543	346.7739	2.101226	1.057888
72444	-832.473	-1178.745	346.2722	1.638895	1.807826
72450	-829.0763	-1175.349	346.2722	1.638895	1.807826
72456	-842.1299	-1188.402	346.2722	1.638895	1.807826
72462	-838.992	-1185.512	346.5199	1.688458	1.597295
72468	-855.3754	-1201.839	346.4639	1.811192	1.548342
72474	-846.9228	-1193.166	346.2431	1.713889	1.776007
72480	-844.5683	-1190.625	346.057	1.798938	1.84577
72486	-842.8551	-1188.315	345.4598	1.788341	2.248325
72492	-848.9145	-1195.58	346.6656	2.002317	1.241531
72498	-850.1623	-1196.7	346.5379	1.699899	1.575804
72504	-848.326	-1194.467	346.1413	1.805471	1.78306
72510	-838.1089	-1184.381	346.2719	1.724519	1.748434
72516	-854.0905	-1199.849	345.7585	1.40965	2.299605
72522	-851.5601	-1196.753	345.1932	1.316055	2.711419
72528	-844.1024	-1189.566	345.4634	1.543194	2.402199
72534	-841.153	-1186.41	345.2569	1.690582	2.439468
72540	-838.6051	-1182.639	344.0341	1.428434	3.338847
72546	-832.4457	-1177.477	345.0314	1.21872	2.869257
72552	-842.2465	-1186.835	344.589	1.376353	3.040682
72558	-834.4211	-1179.036	344.6147	1.350669	3.040682
72564	-844.0211	-1188.902	344.8811	1.304588	2.908225
72570	-835.6598	-1180.773	345.1128	1.407769	2.70446
72576	-838.2942	-1182.72	344.4255	1.218477	3.231849
72582	-836.2812	-1181.006	344.7247	1.259104	3.029633
72588	-843.6505	-1189.121	345.4703	1.431993	2.467823
72594	-841.643	-1187.335	345.6922	1.409171	2.342178
72600	-843.1824	-1188.702	345.5192	1.496625	2.396386
72606	-836.7684	-1181.704	344.9358	1.531516	2.737095
72612	-850.7323	-1195.693	344.9606	1.406978	2.797976
72618	-855.3354	-1199.873	344.5378	1.209653	3.170499
72624	-840.8818	-1185.217	344.3357	1.311403	3.230007
72630	-840.2539	-1186.646	346.3923	1.70055	1.680418
72636	-843.6512	-1189.301	345.6494	1.453982	2.340904
72642	-849.24	-1190.502	341.2617	0.8464502	5.241558
72648	-832.6957	-1175.785	343.0896	0.8982625	4.189693
72654	-845.3967	-1188.257	342.8606	0.9489264	4.290757
72660	-828.3814	-1173.099	344.7177	1.32915	2.991833
72666	-835.1632	-1180.27	345.1067	1.433904	2.692196
72672	-840.2293	-1185.284	345.0543	1.394658	2.748349
72678	-837.4693	-1183.152	345.6829	1.353698	2.38324
72684	-836.8615	-1182.79	345.9284	1.494902	2.134834
72690	-846.0433	-1191.95	345.9063	1.511547	2.138394
72696	-845.35	-1189.924	344.5744	1.235914	3.133178
72702	-864.2931	-1209.646	345.353	1.636291	2.413101
72708	-852.4187	-1198.416	345.9971	1.694175	1.957517
72714	-854.1104	-1198.593	344.4829	1.446369	3.06223
72720	-838.675	-1182.589	343.914	1.155076	3.568914
72726	-831.4381	-1176.851	345.4125	1.503223	2.459431
72732	-821.6864	-1167.009	345.3228	1.300643	2.641208
72738	-817.5239	-1163.616	346.0917	1.632184	1.93559
72744	-836.6289	-1182.867	346.2386	1.485218	1.93559
72750	-842.32	-1188.371	346.0505	1.858816	1.809051
72756	-848.6859	-1194.329	345.6432	1.600739	2.251003
72762	-834.6065	-1180.148	345.5414	1.3204	2.493199
72768	-851.556	-1196.055	344.499	1.3204	3.127754
72774	-840.8289	-1185.206	344.3767	1.322771	3.199003
72780	-843.5166	-1188.683	345.1668	1.295826	2.739953
72786	-837.4167	-1182.345	344.9281	1.484406	2.770584
72792	-836.4261	-1181.86	345.4339	1.555125	2.413265
72798	-836.5281	-1182.158	345.63	1.554734	2.289004
72804	-844.8418	-1191.381	346.5395	1.526096	1.699752
72810	-829.7286	-1175.746	346.017	1.52653	2.055889
72816	-836.5301	-1181.378	344.8475	1.20323	2.989482
72822	-834.79	-1178.883	344.0934	1.247597	3.410167
72828	-825.3965	-1171.442	346.0452	1.45898	2.081855
72834	-831.4954	-1177.131	345.6356	1.45898	2.346476
72840	-841.2159	-1185.999	344.7834	1.404921	2.906641
72846	-835.7376	-1180.645	344.9074	1.434062	2.813822
72852	-850.9764	-1196.623	345.6466	1.463015	2.336898
72858	-861.7763	-1208.167	346.3905	1.924057	1.519061
72864	-842.8194	-1187.444	344.6246	1.437228	2.982839
72870	-846.4201	-1191.808	345.3881	1.507561	2.471966
72876	-857.3283	-1202.693	345.3649	1.238512	2.653541
72882	-843.5036	-1190.104	346.6007	1.953578	1.334375
72888	-835.0244	-1181.413	346.3886	1.824011	1.594213
72894	-838.4811	-1185.14	346.6585	1.822136	1.392556
72900	-842.3792	-1187.098	344.7184	1.245192	3.041743
72906	-839.648	-1184.262	344.6138	1.349761	3.041743
72912	-828.2145	-1173.914	345.6996	1.583478	2.225798
72918	-829.3867	-1173.479	344.0926	1.338968	3.357051
72924	-821.7304	-1166.657	344.9266	1.279294	2.896018
72930	-824.3787	-1169.896	345.5176	1.590101	2.338112
72936	-820.5351	-1166.296	345.7606	1.645864	2.145869
72942	-827.1771	-1173.67	346.4934	1.839798	1.505136
72948	-824.0782	-1170.135	346.0573	1.679396	1.926929
72954	-826.0292	-1171.976	345.9468	1.68944	1.994318
72960	-820.1206	-1165.607	345.4866	1.591356	2.357052
72966	-835.018	-1181.218	346.2004	1.808224	1.739939
72972	-835.6692	-1181.45	345.781	1.778342	2.045448
72978	-834.8183	-1180.554	345.7352	1.636145	2.168697
72984	-841.4104	-1186.611	345.2003	1.271986	2.734059
72990	-849.111	-1192.333	343.2223	1.123751	3.985625
72996	-845.7187	-1191.093	345.3743	1.312518	2.602028
73002	-840.7388	-1185.593	344.8545	1.176035	3.001598
73008	-827.5083	-1173.066	345.5574	1.462481	2.393782
73014	-821.4128	-1167.465	346.0526	1.440801	2.08894
73020	-826.8571	-1172.09	345.2327	1.231263	2.739117
73026	-824.4306	-1169.257	344.8268	1.402125	2.882076
73032	-830.72	-1175.884	345.1642	1.361228	2.701494
73038	-825.7155	-1172.372	346.6565	1.437741	1.679414
73044	-828.3994	-1173.932	345.5328	1.71629	2.247687
73050	-825.9371	-1171.818	345.8805	1.575572	2.113449
73056	-833.0415	-1178.881	345.8392	1.616801	2.113449
73062	-837.2044	-1183.572	346.3673	1.833731	1.602593
73068	-828.8923	-1175.354	346.4617	1.811896	1.549427
73074	-827.4953	-1174.3	346.8049	1.675987	1.392398
73080	-838.1524	-1184.839	346.6864	1.794391	1.392398
73086	-845.3468	-1191.887	346.5404	2.024093	1.326197
73092	-848.1388	-1194.215	346.0762	1.785075	1.84216
73098	-848.487	-1194.605	346.1177	1.6796	1.885825
73104	-839.8826	-1186.744	346.8609	2.096742	0.9767053
73110	-835.1832	-1181.895	346.7122	2.168613	1.052419
73116	-833.6438	-1180.359	346.7149	2.129783	1.086362
73122	-838.7397	-1185.439	346.6997	2.00459	1.210787
73128	-821.0638	-1167.759	346.6955	1.934219	1.27323
73134	-820.4124	-1167.041	346.6282	2.001493	1.27323
73140	-823.4693	-1170.134	346.6651	1.964652	1.27323
73146	-824.3511	-1170.596	346.2451	2.010842	1.56249
73152	-816.9834	-1163.48	346.497	1.780603	1.546466
73158	-829.3067	-1175.694	346.3877	1.828706	1.591377
73164	-850.4947	-1196.124	345.6289	1.573735	2.277529
73170	-845.165	-1191.697	346.5323	1.83753	1.477574
73176	-834.006	-1180.419	346.4134	1.899232	1.520538
73182	-836.4354	-1182.903	346.4678	1.738714	1.598589
73188	-831.1175	-1177.751	346.6334	1.712012	1.496011
73194	-840.8632	-1187.429	346.5653	1.872833	1.42549
73200	-845.6216	-1192.253	346.631	1.65788	1.538185
73206	-830.4751	-1177.223	346.7478	2.029076	1.147793
73212	-825.3279	-1172.077	346.7492	2.165543	1.01963
73218	-827.3437	-1174.304	346.9602	1.991868	0.9823878
73224	-837.1159	-1183.943	346.8267	2.235003	0.8624594
73230	-860.3041	-1206.631	346.3264	1.81427	1.646178
73236	-851.3133	-1197.203	345.8898	1.780914	1.971271
73242	-832.3975	-1179.175	346.777	1.931693	1.207036
73248	-838.9525	-1185.354	346.4016	1.631703	1.722541
73254	-839.5981	-1185.999	346.4012	1.624019	1.728257
73260	-849.5555	-1195.779	346.2235	1.612416	1.859492
73266	-845.9	-1191.744	345.8443	1.506887	2.181808
73272	-840.1374	-1186.041	345.9039	1.447198	2.181808
73278	-836.6742	-1182.243	345.5686	1.367036	2.446902
73284	-840.6954	-1186.083	345.3874	1.56682	2.435197
73290	-847.9543	-1194.095	346.1405	1.51794	1.979514
73296	-843.2122	-1188.681	345.4688	1.578891	2.376199
73302	-834.2194	-1180.272	346.0523	1.617296	1.972044
73308	-837.919	-1183.92	346.0011	1.930266	1.793795
73314	-827.4576	-1173.678	346.2203	1.71368	1.792005
73320	-836.1362	-1181.438	345.3015	1.230179	2.69763
73326	-835.1359	-1179.793	344.6568	1.407517	2.981301
73332	-843.044	-1189.077	346.0334	1.54435	2.033262
73338	-853.2713	-1198.695	345.424	1.474166	2.470394
73344	-841.1291	-1184.892	343.7627	1.174741	3.645326
73350	-837.5899	-1181.078	343.488	1.127646	3.831063
73356	-814.4568	-1157.807	343.3506	1.000007	3.983028
73362	-830.8231	-1176.1	345.277	1.263971	2.691949
73368	-830.5272	-1174.075	343.548	1.078386	3.824895
73374	-827.2069	-1172.271	345.0637	1.322679	2.786498
73380	-831.07	-1176.146	345.0759	1.317134	2.782476
73386	-825.9016	-1170.148	344.2462	1.194656	3.35157
73392	-824.6937	-1169.119	344.4256	1.015246	3.35157
73398	-821.2416	-1165.564	344.3223	1.118643	3.35157
73404	-836.0606	-1179.088	343.0279	1.231424	4.035154
73410	-839.9728	-1185.005	345.0318	1.29215	2.824511
73416	-838.7693	-1182.729	343.9594	1.20443	3.513718
73422	-843.1086	-1187.707	344.5982	1.255626	3.107244
73428	-834.9316	-1179.56	344.6282	1.225666	3.107244
73434	-839.8115	-1184.075	344.2631	1.362998	3.24244
73440	-840.4683	-1185.994	345.5259	1.514895	2.380558
73446	-836.4174	-1181.533	345.1152	1.46288	2.669126
73452	-838.1448	-1183.195	345.0502	1.527861	2.669126
73458	-824.7642	-1169.979	345.2147	1.433579	2.625858
73464	-833.612	-1177.325	343.7131	1.362874	3.564909
73470	-825.4974	-1170.188	344.6903	1.363973	2.98737
73476	-821.0418	-1164.5	343.4581	1.084024	3.873282
73482	-827.5042	-1171.754	344.2497	1.193471	3.350219
73488	-823.2271	-1167.94	344.7132	1.132817	3.111906
73494	-833.2906	-1178.562	345.2717	1.30174	2.672025
73500	-858.4288	-1204.944	346.5151	1.889691	1.45107
73506	-856.0658	-1202.851	346.7856	1.849128	1.269083
73512	-838.2074	-1183.489	345.282	1.400501	2.604689
73518	-847.0186	-1190.381	343.3622	1.102578	3.917656
73524	-840.6325	-1185.432	344.7991	1.190685	3.026015
73530	-851.3497	-1196.684	345.3344	1.488398	2.517576
73536	-843.9604	-1189.67	345.7095	1.565499	2.231024
73542	-841.822	-1187.39	345.5682	1.70131	2.234555
73548	-844.7595	-1190.932	346.173	1.760796	1.792073
73554	-833.1982	-1176.872	343.6737	0.9918808	3.802312
73560	-825.366	-1170.983	345.6168	1.29855	2.459641
73566	-832.1863	-1178.921	346.7345	1.552439	1.539572
73572	-837.8978	-1183.853	345.9553	1.493018	2.118492
73578	-831.3921	-1176.823	345.4305	1.328191	2.557497
73584	-840.3894	-1186.259	345.8694	1.690956	2.044755
73590	-865.4018	-1212.113	346.7113	1.713324	1.435892
73596	-848.5829	-1195.187	346.6041	1.777877	1.468418
73602	-838.0111	-1184.757	346.7461	1.724216	1.400583
73608	-848.4328	-1193.666	345.2329	1.354103	2.663666
73614	-871.5943	-1216.961	345.3667	1.63574	2.404841
73620	-856.4708	-1202.966	346.495	1.597478	1.680635
73626	-837.6639	-1184.017	346.3531	1.72588	1.69022
73632	-828.6133	-1174.114	345.5005	1.505335	2.402699
73638	-835.2139	-1180.39	345.1758	1.304622	2.729044
73644	-827.8875	-1172.463	344.5754	1.19067	3.159447
73650	-821.4816	-1166.741	345.259	1.315283	2.671462
73656	-827.0793	-1172.638	345.5584	1.333635	2.47428
73662	-855.0089	-1199.721	344.7117	1.27389	3.028561
73668	-848.1126	-1191.94	343.8278	1.34768	3.50691
73674	-837.0127	-1182.871	345.8579	1.644403	2.08307
73680	-830.1291	-1176.121	345.9924	1.541841	2.06204
73686	-849.8699	-1192.932	343.0617	1.343341	3.951903
73692	-848.8932	-1193.898	345.0047	1.310441	2.829834
73698	-839.2099	-1184.605	345.395	1.383323	2.545261
73704	-846.9197	-1191.805	344.8853	1.314359	2.899767
73710	-834.0417	-1178.705	344.6635	1.53616	2.899767
73716	-843.6229	-1189.942	346.3188	1.803417	1.659445
73722	-852.2472	-1198.264	346.0167	1.83186	1.850818
73728	-844.4261	-1190.983	346.5569	1.693276	1.566698
73734	-851.8104	-1197.725	345.9144	1.65941	2.035853
73740	-854.7471	-1200.931	346.1839	1.794983	1.760712
73746	-857.9728	-1203.51	345.5368	1.662252	2.279796
73752	-836.1125	-1181.7	345.5873	1.611765	2.279796
73758	-836.6288	-1181.778	345.149	1.502243	2.624032
73764	-822.2146	-1168.06	345.8458	1.585997	2.129276
73770	-834.7311	-1181.054	346.3226	1.643217	1.769859
73776	-831.4587	-1178.139	346.6808	1.897456	1.315188
73782	-839.0582	-1185.484	346.4255	1.84228	1.553736
73788	-848.3504	-1194.328	345.9779	1.496914	2.101141
73794	-834.3221	-1179.993	345.6708	1.41679	2.350896
73800	-869.1602	-1215.274	346.1137	1.771425	1.825702
73806	-859.332	-1205.879	346.5466	1.792786	1.500513
73812	-846.7895	-1192.903	346.1133	1.708762	1.868944
73818	-842.3041	-1188.289	345.985	1.60989	2.021878
73824	-832.1503	-1177.863	345.7127	1.640558	2.180423
73830	-831.0908	-1177.371	346.2802	1.764163	1.714738
73836	-832.3524	-1178.681	346.3281	1.748857	1.691709
73842	-831.147	-1177.631	346.4835	1.748857	1.579738
73848	-837.5925	-1184.075	346.4826	1.573006	1.706796
73854	-856.4429	-1201.685	345.242	1.508775	2.562364
73860	-853.1529	-1194.502	341.3496	0.7778066	5.230904
73866	-842.444	-1183.798	341.3541	0.9433407	5.136823
73872	-848.1462	-1189.77	341.6238	1.065074	4.919461
73878	-857.0547	-1198.185	341.1301	1.020294	5.218175
73884	-841.9584	-1187.394	345.4352	1.568757	2.403883
73890	-841.7004	-1187.033	345.3322	1.548824	2.481166
73896	-830.487	-1176.57	346.0835	1.534847	2.006301
73902	-827.5187	-1173.018	345.4989	1.257523	2.558866
73908	-826.0398	-1170.556	344.5159	1.195823	3.191716
73914	-823.4822	-1169.234	345.7517	1.336464	2.350535
73920	-821.0448	-1165.842	344.7974	1.188579	3.028313
73926	-820.4255	-1166.385	345.9593	1.314281	2.231944
73932	-828.0704	-1174.378	346.3074	1.458415	1.90719
73938	-823.4111	-1169.566	346.1554	1.610455	1.90719
73944	-829.8029	-1175.16	345.3573	1.450913	2.526656
73950	-846.1085	-1191.479	345.3703	1.296629	2.614372
73956	-837.3391	-1182.483	345.1442	1.506208	2.624554
73962	-844.5451	-1190.466	345.921	1.295111	2.268869
73968	-855.4211	-1201.181	345.7599	1.521264	2.227047
73974	-840.0172	-1184.559	344.5419	1.321923	3.101315
73980	-841.322	-1186.641	345.319	1.637516	2.433789
73986	-829.5343	-1175.651	346.1163	1.668856	1.894096
73992	-831.2807	-1177.412	346.1314	1.653739	1.894096
73998	-829.0748	-1174.091	345.0166	1.433925	2.747365
74004	-844.0747	-1189.862	345.7875	1.42179	2.273292
74010	-848.7198	-1194.64	345.9204	1.776141	1.953931
74016	-836.8145	-1182.493	345.6785	1.525267	2.276795
74022	-839.8752	-1184.813	344.9375	1.409114	2.810691
74028	-832.8625	-1178.22	345.3579	1.339227	2.595683
74034	-836.4067	-1180.834	344.4277	1.275276	3.196898
74040	-823.1834	-1168.518	345.3342	1.351109	2.602993
74046	-845.3323	-1191.153	345.8203	1.514307	2.192541
74052	-836.4288	-1181.498	345.0697	1.379404	2.748231
74058	-838.3266	-1182.458	344.1312	1.238963	3.393076
74064	-845.954	-1190.114	344.16	1.27731	3.353704
74070	-868.6617	-1213.592	344.9299	1.439125	2.79708
74076	-874.185	-1219.315	345.1304	1.238666	2.79708
74082	-854.5882	-1200.031	345.4429	1.342939	2.540605
74088	-864.5422	-1210.966	346.4235	1.492207	1.804596
74094	-851.847	-1197.337	345.4905	1.480518	2.424663
74100	-867.3286	-1210.767	343.4379	1.183497	3.82773
74106	-863.2967	-1208.429	345.1324	1.239186	2.795519
74112	-877.3903	-1221.697	344.3063	1.194851	3.31611
74118	-870.9036	-1213.172	342.2686	1.046218	4.569581
74124	-849.9327	-1194.47	344.5374	1.166669	3.196265
74130	-844.5081	-1190.052	345.5443	1.451007	2.409342
74136	-835.6012	-1181.388	345.7869	1.513283	2.214767
74142	-828.467	-1173.99	345.5234	1.360978	2.479074
74148	-820.8771	-1165.819	344.9421	1.424215	2.798719
74154	-822.1146	-1168.042	345.9273	1.511502	2.124705
74160	-820.2279	-1165.694	345.4663	1.326354	2.536346
74166	-813.0058	-1158.1	345.0938	1.339288	2.757995
74172	-825.1361	-1170.294	345.1578	1.404856	2.678601
74178	-828.4306	-1173.713	345.2822	1.30554	2.663178
74184	-834.3762	-1179.765	345.3891	1.442295	2.51218
74190	-836.7317	-1181.976	345.2442	1.313729	2.681564
74196	-836.7593	-1181.102	344.3423	1.288417	3.239671
74202	-835.283	-1180.981	345.6976	1.273631	2.424478
74208	-823.0164	-1168.089	345.0724	1.451114	2.702689
74214	-821.2556	-1166.619	345.3633	1.183019	2.688647
74220	-825.5873	-1172.007	346.42	1.506519	1.797116
74226	-823.041	-1168.778	345.7366	1.373457	2.33661
74232	-853.9864	-1199.912	345.9256	1.642052	2.039963
74238	-845.69	-1192.287	346.5968	1.722367	1.515657
74244	-859.3954	-1205.879	346.4833	1.835874	1.515657
74250	-831.1692	-1176.1	344.9306	1.209043	2.936035
74256	-828.7157	-1172.66	343.9445	1.1607	3.547898
74262	-833.4665	-1177.35	343.8837	1.221435	3.547898
74268	-827.3443	-1171.999	344.6551	1.221984	3.093392
74274	-824.9433	-1169.963	345.0196	1.200814	2.887254
74280	-837.768	-1183.139	345.3715	1.519856	2.474681
74286	-831.3284	-1177.251	345.9228	1.415304	2.190256
74292	-847.0193	-1192.58	345.5607	1.548891	2.336935
74298	-842.6233	-1188.622	345.9987	1.31868	2.203664
74304	-830.9919	-1176.366	345.3743	1.337693	2.586476
74310	-836.1804	-1182.54	346.3599	1.538143	1.816817
74316	-820.3638	-1166.248	345.8845	1.556473	2.123311
74322	-840.3912	-1187.235	346.8437	1.797892	1.263455
74328	-836.431	-1183.186	346.7553	1.908832	1.244658
74334	-836.9865	-1183.575	346.5883	1.82209	1.446765
74340	-836.1609	-1182.786	346.6252	2.000372	1.276593
74346	-841.3679	-1188.176	346.8079	1.902084	1.20594
74352	-832.7212	-1179.568	346.8469	1.882349	1.189386
74358	-851.6396	-1198.199	346.5594	1.679397	1.575078
74364	-838.8016	-1185.603	346.8019	1.863418	1.243717
74370	-836.7122	-1182.979	346.2669	1.78662	1.708292
74376	-834.0871	-1180.814	346.7274	1.78662	1.36641
74382	-831.0149	-1177.83	346.815	1.860163	1.235417
74388	-841.7864	-1188.634	346.8476	2.016328	1.068412
74394	-859.8379	-1206.297	346.4593	1.781428	1.573635
74400	-839.2862	-1185.86	346.5738	1.613229	1.612769
74406	-837.9895	-1183.825	345.8353	1.715692	2.050988
74412	-818.8661	-1165.493	346.627	1.715692	1.498032
74418	-824.8084	-1171.424	346.6154	1.832912	1.417665
74424	-813.9165	-1160.495	346.5784	1.822582	1.453946
74430	-840.8662	-1187.07	346.2041	1.753232	1.775721
74436	-841.3034	-1186.821	345.5172	1.575126	2.347918
74442	-837.551	-1184.022	346.4712	1.959067	1.431582
74448	-842.3105	-1188.959	346.6484	1.861983	1.369231
74454	-830.5009	-1176.956	346.4553	1.642531	1.676868
74460	-821.9983	-1167.826	345.8278	1.423213	2.246475
74466	-822.5851	-1167.623	345.0374	1.358398	2.780746
74472	-825.0016	-1170.804	345.802	1.378146	2.291946
74478	-828.4128	-1175.111	346.6982	1.321473	1.732146
74484	-822.9033	-1168.553	345.6498	1.321473	2.424461
74490	-837.3888	-1183.47	346.0815	1.35212	2.128123
74496	-831.227	-1176.932	345.7053	1.296432	2.405269
74502	-824.2312	-1166.84	342.6086	0.9679417	4.422349
74508	-834.1396	-1178.189	344.0492	1.004537	3.577808
74514	-823.9009	-1168.212	344.3112	1.07958	3.381012
74520	-816.4773	-1160.105	343.6274	1.02461	3.810114
74526	-821.0453	-1164.828	343.7823	1.106734	3.673316
74532	-825.9469	-1171.998	346.0511	1.57995	1.997786
74538	-827.1094	-1173.577	346.4675	1.673788	1.645748
74544	-829.9219	-1176.908	346.9863	1.716417	1.212121
74550	-820.3089	-1166.934	346.6252	1.73437	1.48536
74556	-821.2348	-1167.11	345.8749	1.41428	2.221914
74562	-819.7712	-1165.889	346.1174	1.617409	1.928194
74568	-839.2903	-1185.379	346.0885	1.796449	1.825878
74574	-833.3522	-1180.181	346.829	1.796449	1.276702
74580	-834.6027	-1181.344	346.7415	1.816628	1.331353
74586	-845.6329	-1192.579	346.9463	1.804966	1.170281
74592	-834.6286	-1181.301	346.6721	1.785116	1.410727
74598	-831.0881	-1177.762	346.6738	1.783475	1.410727
74604	-827.0544	-1174	346.9451	1.664105	1.290022
74610	-850.4129	-1195.222	344.8095	1.323073	2.940245
74616	-844.1033	-1190.313	346.2099	1.738108	1.782237
74622	-819.1482	-1164.68	345.5321	1.242357	2.547636
74628	-831.1362	-1175.571	344.4352	1.207211	3.232777
74634	-836.7791	-1182.923	346.144	1.435692	2.031979
74640	-836.0071	-1182	345.9931	1.596347	2.025507
74646	-825.4176	-1172.358	346.94	1.825508	1.157832
74652	-836.3084	-1183.038	346.73	1.828862	1.330722
74658	-819.4918	-1166.054	346.5623	1.828862	1.461426
74664	-832.4705	-1179.093	346.6226	1.978351	1.296783
74670	-836.3509	-1182.996	346.6454	1.955486	1.296783
74676	-834.4943	-1179.687	345.1927	1.556685	2.563243
74682	-828.8445	-1174.317	345.4727	1.364642	2.508457
74688	-839.1213	-1184.126	345.0048	1.383178	2.785534
74694	-833.0491	-1177.822	344.7727	1.287861	2.983604
74700	-834.7895	-1179.919	345.1299	1.280475	2.77187
74706	-845.7304	-1191.136	345.4054	1.400788	2.527889
74712	-851.1405	-1195.62	344.4791	1.179603	3.22312
74718	-840.6715	-1185.739	345.0679	1.185852	2.867088
74724	-852.0598	-1198.947	346.8874	1.967968	1.076497
74730	-837.2775	-1183.821	346.5438	2.024612	1.323073
74736	-833.4686	-1180.295	346.8261	1.97502	1.126116
74742	-837.8748	-1184.574	346.6995	2.211238	1.023592
74748	-838.6682	-1185.758	347.0902	1.980766	0.8513633
74754	-843.5096	-1186.068	342.5588	0.8979004	4.489879
74760	-841.1491	-1185.464	344.3152	1.04641	3.398116
74766	-843.1959	-1186.162	342.9656	1.014597	4.19402
74772	-843.0068	-1188.3	345.2931	1.305757	2.656332
74778	-846.4405	-1191.973	345.5326	1.239105	2.549394
74784	-845.1062	-1192.005	346.8988	1.660156	1.330677
74790	-845.0841	-1191.826	346.7417	1.88242	1.277792
74796	-864.1053	-1210.483	346.3777	1.47527	1.847855
74802	-841.232	-1187.123	345.8909	1.574364	2.107391
74808	-845.3992	-1191.558	346.1587	1.5666	1.934609
74814	-847.4554	-1193.399	345.9432	1.8163	1.911473
74820	-839.813	-1185.362	345.5485	1.831814	2.16287
74826	-834.445	-1180.314	345.8691	1.511193	2.16287
74832	-827.0701	-1170.748	343.6778	1.241723	3.655665
74838	-841.1177	-1185.159	344.0412	1.274842	3.424805
74844	-846.601	-1190.825	344.2239	1.188405	3.368353
74850	-846.2467	-1191.522	345.2756	1.19521	2.734979
74856	-833.5132	-1177.508	343.9947	1.065929	3.573793
74862	-830.7031	-1174.604	343.9004	1.160202	3.573793
74868	-828.3904	-1172.88	344.4891	1.268729	3.164347
74874	-838.9872	-1184.239	345.2523	1.331525	2.665605
74880	-828.0872	-1174.269	346.1815	1.747447	1.795466
74886	-826.5398	-1172.905	346.3655	1.856693	1.587204
74892	-834.8894	-1180.21	345.3201	1.531226	2.499704
74898	-832.0817	-1177.51	345.4285	1.451549	2.48179
74904	-843.5009	-1188.842	345.3415	1.27926	2.642837
74910	-837.9195	-1183.242	345.322	1.415004	2.570915
74916	-845.4106	-1190.405	344.994	1.441414	2.756615
74922	-844.5241	-1187.812	343.2881	1.134515	3.941837
74928	-846.5529	-1191.866	345.3128	1.331929	2.628055
74934	-831.8374	-1176.523	344.6851	1.184341	3.097979
74940	-850.6736	-1195.784	345.1104	1.263257	2.794276
74946	-840.239	-1184.629	344.3901	1.238205	3.241099
74952	-848.9332	-1193.333	344.3998	1.081785	3.327631
74958	-830.6639	-1175.943	345.2787	1.226028	2.714197
74964	-828.2519	-1172.961	344.7091	1.268282	3.033478
74970	-842.6704	-1187.368	344.6973	1.352011	2.990366
74976	-836.0967	-1181.224	345.127	1.383786	2.710467
74982	-829.6932	-1175.867	346.1734	1.762841	1.790387
74988	-827.9213	-1174.041	346.1197	1.66866	1.891903
74994	-827.6026	-1173.821	346.2186	1.569815	1.891903
75000	-834.1172	-1179.943	345.8255	1.363839	2.286045
75006	-830.1315	-1175.477	345.3457	1.435952	2.543182
75012	-823.1208	-1168.941	345.8203	1.259314	2.35599
75018	-848.7885	-1194.918	346.1296	1.497619	2.000382
75024	-837.1253	-1183.169	346.0432	1.403697	2.119407
75030	-834.8371	-1180.919	346.0819	1.56994	1.983948
75036	-843.8478	-1190.371	346.523	1.698139	1.58797
75042	-851.3541	-1197.732	346.3776	2.030255	1.448727
75048	-836.9275	-1183.886	346.9584	1.939774	1.035765
75054	-842.914	-1189.805	346.8907	1.953622	1.086751
75060	-843.5257	-1190.084	346.5579	1.743629	1.528742
75066	-844.4203	-1190.968	346.548	1.678539	1.583996
75072	-835.0401	-1181.346	346.3057	1.589925	1.818527
75078	-832.6113	-1179.276	346.6643	1.540137	1.600105
75084	-833.6499	-1179.804	346.1542	1.507648	1.977217
75090	-835.1912	-1181.21	346.0184	1.507648	2.067458
75096	-836.9969	-1182.405	345.4081	1.70136	2.336987
75102	-833.9136	-1179.832	345.9181	1.566	2.09507
75108	-837.9833	-1184.313	346.3298	1.566	1.818373
75114	-832.5655	-1177.17	344.605	1.172065	3.152966
75120	-829.5047	-1170.338	340.8336	1.087908	5.34459
75126	-822.3418	-1167.299	344.9571	1.250376	2.895086
75132	-816.7528	-1162.4	345.6471	1.426417	2.359861
75138	-822.7409	-1168.597	345.8565	1.312288	2.29917
75144	-818.0135	-1163.492	345.4788	1.385469	2.491659
75150	-824.0152	-1170.136	346.1209	1.723323	1.85379
75156	-822.4792	-1168.428	345.9485	1.639223	2.026657
75162	-824.7857	-1171.032	346.2462	1.694068	1.787591
75168	-816.7542	-1163.058	346.3041	1.419557	1.935734
75174	-827.6354	-1173.849	346.2137	1.480574	1.955468
75180	-835.9409	-1182.103	346.1617	1.54866	1.944639
75186	-822.2519	-1168.306	346.0542	1.491042	2.054786
75192	-835.2773	-1180.86	345.5825	1.232847	2.522175
75198	-820.8639	-1166.699	345.8346	1.603052	2.125456
